ARM GAS  C:\Users\user\AppData\Local\Temp\ccynTdHu.s 			page 1


   1              		.cpu cortex-m4
   2              		.arch armv7e-m
   3              		.fpu fpv4-sp-d16
   4              		.eabi_attribute 27, 1
   5              		.eabi_attribute 28, 1
   6              		.eabi_attribute 20, 1
   7              		.eabi_attribute 21, 1
   8              		.eabi_attribute 23, 3
   9              		.eabi_attribute 24, 1
  10              		.eabi_attribute 25, 1
  11              		.eabi_attribute 26, 1
  12              		.eabi_attribute 30, 1
  13              		.eabi_attribute 34, 1
  14              		.eabi_attribute 18, 4
  15              		.file	"heap_4.c"
  16              		.text
  17              	.Ltext0:
  18              		.cfi_sections	.debug_frame
  19              		.file 1 "FreeRTOS/portable/MemMang/heap_4.c"
  20              		.section	.text.prvHeapInit,"ax",%progbits
  21              		.align	1
  22              		.syntax unified
  23              		.thumb
  24              		.thumb_func
  26              	prvHeapInit:
  27              	.LFB145:
   1:FreeRTOS/portable/MemMang/heap_4.c **** /*
   2:FreeRTOS/portable/MemMang/heap_4.c ****  * FreeRTOS Kernel <DEVELOPMENT BRANCH>
   3:FreeRTOS/portable/MemMang/heap_4.c ****  * Copyright (C) 2021 Amazon.com, Inc. or its affiliates. All Rights Reserved.
   4:FreeRTOS/portable/MemMang/heap_4.c ****  *
   5:FreeRTOS/portable/MemMang/heap_4.c ****  * SPDX-License-Identifier: MIT
   6:FreeRTOS/portable/MemMang/heap_4.c ****  *
   7:FreeRTOS/portable/MemMang/heap_4.c ****  * Permission is hereby granted, free of charge, to any person obtaining a copy of
   8:FreeRTOS/portable/MemMang/heap_4.c ****  * this software and associated documentation files (the "Software"), to deal in
   9:FreeRTOS/portable/MemMang/heap_4.c ****  * the Software without restriction, including without limitation the rights to
  10:FreeRTOS/portable/MemMang/heap_4.c ****  * use, copy, modify, merge, publish, distribute, sublicense, and/or sell copies of
  11:FreeRTOS/portable/MemMang/heap_4.c ****  * the Software, and to permit persons to whom the Software is furnished to do so,
  12:FreeRTOS/portable/MemMang/heap_4.c ****  * subject to the following conditions:
  13:FreeRTOS/portable/MemMang/heap_4.c ****  *
  14:FreeRTOS/portable/MemMang/heap_4.c ****  * The above copyright notice and this permission notice shall be included in all
  15:FreeRTOS/portable/MemMang/heap_4.c ****  * copies or substantial portions of the Software.
  16:FreeRTOS/portable/MemMang/heap_4.c ****  *
  17:FreeRTOS/portable/MemMang/heap_4.c ****  * THE SOFTWARE IS PROVIDED "AS IS", WITHOUT WARRANTY OF ANY KIND, EXPRESS OR
  18:FreeRTOS/portable/MemMang/heap_4.c ****  * IMPLIED, INCLUDING BUT NOT LIMITED TO THE WARRANTIES OF MERCHANTABILITY, FITNESS
  19:FreeRTOS/portable/MemMang/heap_4.c ****  * FOR A PARTICULAR PURPOSE AND NONINFRINGEMENT. IN NO EVENT SHALL THE AUTHORS OR
  20:FreeRTOS/portable/MemMang/heap_4.c ****  * COPYRIGHT HOLDERS BE LIABLE FOR ANY CLAIM, DAMAGES OR OTHER LIABILITY, WHETHER
  21:FreeRTOS/portable/MemMang/heap_4.c ****  * IN AN ACTION OF CONTRACT, TORT OR OTHERWISE, ARISING FROM, OUT OF OR IN
  22:FreeRTOS/portable/MemMang/heap_4.c ****  * CONNECTION WITH THE SOFTWARE OR THE USE OR OTHER DEALINGS IN THE SOFTWARE.
  23:FreeRTOS/portable/MemMang/heap_4.c ****  *
  24:FreeRTOS/portable/MemMang/heap_4.c ****  * https://www.FreeRTOS.org
  25:FreeRTOS/portable/MemMang/heap_4.c ****  * https://github.com/FreeRTOS
  26:FreeRTOS/portable/MemMang/heap_4.c ****  *
  27:FreeRTOS/portable/MemMang/heap_4.c ****  */
  28:FreeRTOS/portable/MemMang/heap_4.c **** 
  29:FreeRTOS/portable/MemMang/heap_4.c **** /*
  30:FreeRTOS/portable/MemMang/heap_4.c ****  * A sample implementation of pvPortMalloc() and vPortFree() that combines
  31:FreeRTOS/portable/MemMang/heap_4.c ****  * (coalescences) adjacent memory blocks as they are freed, and in so doing
ARM GAS  C:\Users\user\AppData\Local\Temp\ccynTdHu.s 			page 2


  32:FreeRTOS/portable/MemMang/heap_4.c ****  * limits memory fragmentation.
  33:FreeRTOS/portable/MemMang/heap_4.c ****  *
  34:FreeRTOS/portable/MemMang/heap_4.c ****  * See heap_1.c, heap_2.c and heap_3.c for alternative implementations, and the
  35:FreeRTOS/portable/MemMang/heap_4.c ****  * memory management pages of https://www.FreeRTOS.org for more information.
  36:FreeRTOS/portable/MemMang/heap_4.c ****  */
  37:FreeRTOS/portable/MemMang/heap_4.c **** #include <stdlib.h>
  38:FreeRTOS/portable/MemMang/heap_4.c **** #include <string.h>
  39:FreeRTOS/portable/MemMang/heap_4.c **** 
  40:FreeRTOS/portable/MemMang/heap_4.c **** /* Defining MPU_WRAPPERS_INCLUDED_FROM_API_FILE prevents task.h from redefining
  41:FreeRTOS/portable/MemMang/heap_4.c ****  * all the API functions to use the MPU wrappers.  That should only be done when
  42:FreeRTOS/portable/MemMang/heap_4.c ****  * task.h is included from an application file. */
  43:FreeRTOS/portable/MemMang/heap_4.c **** #define MPU_WRAPPERS_INCLUDED_FROM_API_FILE
  44:FreeRTOS/portable/MemMang/heap_4.c **** 
  45:FreeRTOS/portable/MemMang/heap_4.c **** #include "FreeRTOS.h"
  46:FreeRTOS/portable/MemMang/heap_4.c **** #include "task.h"
  47:FreeRTOS/portable/MemMang/heap_4.c **** 
  48:FreeRTOS/portable/MemMang/heap_4.c **** #undef MPU_WRAPPERS_INCLUDED_FROM_API_FILE
  49:FreeRTOS/portable/MemMang/heap_4.c **** 
  50:FreeRTOS/portable/MemMang/heap_4.c **** #if ( configSUPPORT_DYNAMIC_ALLOCATION == 0 )
  51:FreeRTOS/portable/MemMang/heap_4.c ****     #error This file must not be used if configSUPPORT_DYNAMIC_ALLOCATION is 0
  52:FreeRTOS/portable/MemMang/heap_4.c **** #endif
  53:FreeRTOS/portable/MemMang/heap_4.c **** 
  54:FreeRTOS/portable/MemMang/heap_4.c **** #ifndef configHEAP_CLEAR_MEMORY_ON_FREE
  55:FreeRTOS/portable/MemMang/heap_4.c ****     #define configHEAP_CLEAR_MEMORY_ON_FREE    0
  56:FreeRTOS/portable/MemMang/heap_4.c **** #endif
  57:FreeRTOS/portable/MemMang/heap_4.c **** 
  58:FreeRTOS/portable/MemMang/heap_4.c **** /* Block sizes must not get too small. */
  59:FreeRTOS/portable/MemMang/heap_4.c **** #define heapMINIMUM_BLOCK_SIZE    ( ( size_t ) ( xHeapStructSize << 1 ) )
  60:FreeRTOS/portable/MemMang/heap_4.c **** 
  61:FreeRTOS/portable/MemMang/heap_4.c **** /* Assumes 8bit bytes! */
  62:FreeRTOS/portable/MemMang/heap_4.c **** #define heapBITS_PER_BYTE         ( ( size_t ) 8 )
  63:FreeRTOS/portable/MemMang/heap_4.c **** 
  64:FreeRTOS/portable/MemMang/heap_4.c **** /* Max value that fits in a size_t type. */
  65:FreeRTOS/portable/MemMang/heap_4.c **** #define heapSIZE_MAX              ( ~( ( size_t ) 0 ) )
  66:FreeRTOS/portable/MemMang/heap_4.c **** 
  67:FreeRTOS/portable/MemMang/heap_4.c **** /* Check if multiplying a and b will result in overflow. */
  68:FreeRTOS/portable/MemMang/heap_4.c **** #define heapMULTIPLY_WILL_OVERFLOW( a, b )     ( ( ( a ) > 0 ) && ( ( b ) > ( heapSIZE_MAX / ( a ) 
  69:FreeRTOS/portable/MemMang/heap_4.c **** 
  70:FreeRTOS/portable/MemMang/heap_4.c **** /* Check if adding a and b will result in overflow. */
  71:FreeRTOS/portable/MemMang/heap_4.c **** #define heapADD_WILL_OVERFLOW( a, b )          ( ( a ) > ( heapSIZE_MAX - ( b ) ) )
  72:FreeRTOS/portable/MemMang/heap_4.c **** 
  73:FreeRTOS/portable/MemMang/heap_4.c **** /* Check if the subtraction operation ( a - b ) will result in underflow. */
  74:FreeRTOS/portable/MemMang/heap_4.c **** #define heapSUBTRACT_WILL_UNDERFLOW( a, b )    ( ( a ) < ( b ) )
  75:FreeRTOS/portable/MemMang/heap_4.c **** 
  76:FreeRTOS/portable/MemMang/heap_4.c **** /* MSB of the xBlockSize member of an BlockLink_t structure is used to track
  77:FreeRTOS/portable/MemMang/heap_4.c ****  * the allocation status of a block.  When MSB of the xBlockSize member of
  78:FreeRTOS/portable/MemMang/heap_4.c ****  * an BlockLink_t structure is set then the block belongs to the application.
  79:FreeRTOS/portable/MemMang/heap_4.c ****  * When the bit is free the block is still part of the free heap space. */
  80:FreeRTOS/portable/MemMang/heap_4.c **** #define heapBLOCK_ALLOCATED_BITMASK    ( ( ( size_t ) 1 ) << ( ( sizeof( size_t ) * heapBITS_PER_BY
  81:FreeRTOS/portable/MemMang/heap_4.c **** #define heapBLOCK_SIZE_IS_VALID( xBlockSize )    ( ( ( xBlockSize ) & heapBLOCK_ALLOCATED_BITMASK )
  82:FreeRTOS/portable/MemMang/heap_4.c **** #define heapBLOCK_IS_ALLOCATED( pxBlock )        ( ( ( pxBlock->xBlockSize ) & heapBLOCK_ALLOCATED_
  83:FreeRTOS/portable/MemMang/heap_4.c **** #define heapALLOCATE_BLOCK( pxBlock )            ( ( pxBlock->xBlockSize ) |= heapBLOCK_ALLOCATED_B
  84:FreeRTOS/portable/MemMang/heap_4.c **** #define heapFREE_BLOCK( pxBlock )                ( ( pxBlock->xBlockSize ) &= ~heapBLOCK_ALLOCATED_
  85:FreeRTOS/portable/MemMang/heap_4.c **** 
  86:FreeRTOS/portable/MemMang/heap_4.c **** /*-----------------------------------------------------------*/
  87:FreeRTOS/portable/MemMang/heap_4.c **** 
  88:FreeRTOS/portable/MemMang/heap_4.c **** /* Allocate the memory for the heap. */
ARM GAS  C:\Users\user\AppData\Local\Temp\ccynTdHu.s 			page 3


  89:FreeRTOS/portable/MemMang/heap_4.c **** #if ( configAPPLICATION_ALLOCATED_HEAP == 1 )
  90:FreeRTOS/portable/MemMang/heap_4.c **** 
  91:FreeRTOS/portable/MemMang/heap_4.c **** /* The application writer has already defined the array used for the RTOS
  92:FreeRTOS/portable/MemMang/heap_4.c ****  * heap - probably so it can be placed in a special segment or address. */
  93:FreeRTOS/portable/MemMang/heap_4.c ****     extern uint8_t ucHeap[ configTOTAL_HEAP_SIZE ];
  94:FreeRTOS/portable/MemMang/heap_4.c **** #else
  95:FreeRTOS/portable/MemMang/heap_4.c ****     PRIVILEGED_DATA static uint8_t ucHeap[ configTOTAL_HEAP_SIZE ];
  96:FreeRTOS/portable/MemMang/heap_4.c **** #endif /* configAPPLICATION_ALLOCATED_HEAP */
  97:FreeRTOS/portable/MemMang/heap_4.c **** 
  98:FreeRTOS/portable/MemMang/heap_4.c **** /* Define the linked list structure.  This is used to link free blocks in order
  99:FreeRTOS/portable/MemMang/heap_4.c ****  * of their memory address. */
 100:FreeRTOS/portable/MemMang/heap_4.c **** typedef struct A_BLOCK_LINK
 101:FreeRTOS/portable/MemMang/heap_4.c **** {
 102:FreeRTOS/portable/MemMang/heap_4.c ****     struct A_BLOCK_LINK * pxNextFreeBlock; /**< The next free block in the list. */
 103:FreeRTOS/portable/MemMang/heap_4.c ****     size_t xBlockSize;                     /**< The size of the free block. */
 104:FreeRTOS/portable/MemMang/heap_4.c **** } BlockLink_t;
 105:FreeRTOS/portable/MemMang/heap_4.c **** 
 106:FreeRTOS/portable/MemMang/heap_4.c **** /* Setting configENABLE_HEAP_PROTECTOR to 1 enables heap block pointers
 107:FreeRTOS/portable/MemMang/heap_4.c ****  * protection using an application supplied canary value to catch heap
 108:FreeRTOS/portable/MemMang/heap_4.c ****  * corruption should a heap buffer overflow occur.
 109:FreeRTOS/portable/MemMang/heap_4.c ****  */
 110:FreeRTOS/portable/MemMang/heap_4.c **** #if ( configENABLE_HEAP_PROTECTOR == 1 )
 111:FreeRTOS/portable/MemMang/heap_4.c **** 
 112:FreeRTOS/portable/MemMang/heap_4.c **** /**
 113:FreeRTOS/portable/MemMang/heap_4.c ****  * @brief Application provided function to get a random value to be used as canary.
 114:FreeRTOS/portable/MemMang/heap_4.c ****  *
 115:FreeRTOS/portable/MemMang/heap_4.c ****  * @param pxHeapCanary [out] Output parameter to return the canary value.
 116:FreeRTOS/portable/MemMang/heap_4.c ****  */
 117:FreeRTOS/portable/MemMang/heap_4.c ****     extern void vApplicationGetRandomHeapCanary( portPOINTER_SIZE_TYPE * pxHeapCanary );
 118:FreeRTOS/portable/MemMang/heap_4.c **** 
 119:FreeRTOS/portable/MemMang/heap_4.c **** /* Canary value for protecting internal heap pointers. */
 120:FreeRTOS/portable/MemMang/heap_4.c ****     PRIVILEGED_DATA static portPOINTER_SIZE_TYPE xHeapCanary;
 121:FreeRTOS/portable/MemMang/heap_4.c **** 
 122:FreeRTOS/portable/MemMang/heap_4.c **** /* Macro to load/store BlockLink_t pointers to memory. By XORing the
 123:FreeRTOS/portable/MemMang/heap_4.c ****  * pointers with a random canary value, heap overflows will result
 124:FreeRTOS/portable/MemMang/heap_4.c ****  * in randomly unpredictable pointer values which will be caught by
 125:FreeRTOS/portable/MemMang/heap_4.c ****  * heapVALIDATE_BLOCK_POINTER assert. */
 126:FreeRTOS/portable/MemMang/heap_4.c ****     #define heapPROTECT_BLOCK_POINTER( pxBlock )    ( ( BlockLink_t * ) ( ( ( portPOINTER_SIZE_TYPE
 127:FreeRTOS/portable/MemMang/heap_4.c **** #else
 128:FreeRTOS/portable/MemMang/heap_4.c **** 
 129:FreeRTOS/portable/MemMang/heap_4.c ****     #define heapPROTECT_BLOCK_POINTER( pxBlock )    ( pxBlock )
 130:FreeRTOS/portable/MemMang/heap_4.c **** 
 131:FreeRTOS/portable/MemMang/heap_4.c **** #endif /* configENABLE_HEAP_PROTECTOR */
 132:FreeRTOS/portable/MemMang/heap_4.c **** 
 133:FreeRTOS/portable/MemMang/heap_4.c **** /* Assert that a heap block pointer is within the heap bounds. */
 134:FreeRTOS/portable/MemMang/heap_4.c **** #define heapVALIDATE_BLOCK_POINTER( pxBlock )                          \
 135:FreeRTOS/portable/MemMang/heap_4.c ****     configASSERT( ( ( uint8_t * ) ( pxBlock ) >= &( ucHeap[ 0 ] ) ) && \
 136:FreeRTOS/portable/MemMang/heap_4.c ****                   ( ( uint8_t * ) ( pxBlock ) <= &( ucHeap[ configTOTAL_HEAP_SIZE - 1 ] ) ) )
 137:FreeRTOS/portable/MemMang/heap_4.c **** 
 138:FreeRTOS/portable/MemMang/heap_4.c **** /*-----------------------------------------------------------*/
 139:FreeRTOS/portable/MemMang/heap_4.c **** 
 140:FreeRTOS/portable/MemMang/heap_4.c **** /*
 141:FreeRTOS/portable/MemMang/heap_4.c ****  * Inserts a block of memory that is being freed into the correct position in
 142:FreeRTOS/portable/MemMang/heap_4.c ****  * the list of free memory blocks.  The block being freed will be merged with
 143:FreeRTOS/portable/MemMang/heap_4.c ****  * the block in front it and/or the block behind it if the memory blocks are
 144:FreeRTOS/portable/MemMang/heap_4.c ****  * adjacent to each other.
 145:FreeRTOS/portable/MemMang/heap_4.c ****  */
ARM GAS  C:\Users\user\AppData\Local\Temp\ccynTdHu.s 			page 4


 146:FreeRTOS/portable/MemMang/heap_4.c **** static void prvInsertBlockIntoFreeList( BlockLink_t * pxBlockToInsert ) PRIVILEGED_FUNCTION;
 147:FreeRTOS/portable/MemMang/heap_4.c **** 
 148:FreeRTOS/portable/MemMang/heap_4.c **** /*
 149:FreeRTOS/portable/MemMang/heap_4.c ****  * Called automatically to setup the required heap structures the first time
 150:FreeRTOS/portable/MemMang/heap_4.c ****  * pvPortMalloc() is called.
 151:FreeRTOS/portable/MemMang/heap_4.c ****  */
 152:FreeRTOS/portable/MemMang/heap_4.c **** static void prvHeapInit( void ) PRIVILEGED_FUNCTION;
 153:FreeRTOS/portable/MemMang/heap_4.c **** 
 154:FreeRTOS/portable/MemMang/heap_4.c **** /*-----------------------------------------------------------*/
 155:FreeRTOS/portable/MemMang/heap_4.c **** 
 156:FreeRTOS/portable/MemMang/heap_4.c **** /* The size of the structure placed at the beginning of each allocated memory
 157:FreeRTOS/portable/MemMang/heap_4.c ****  * block must by correctly byte aligned. */
 158:FreeRTOS/portable/MemMang/heap_4.c **** static const size_t xHeapStructSize = ( sizeof( BlockLink_t ) + ( ( size_t ) ( portBYTE_ALIGNMENT -
 159:FreeRTOS/portable/MemMang/heap_4.c **** 
 160:FreeRTOS/portable/MemMang/heap_4.c **** /* Create a couple of list links to mark the start and end of the list. */
 161:FreeRTOS/portable/MemMang/heap_4.c **** PRIVILEGED_DATA static BlockLink_t xStart;
 162:FreeRTOS/portable/MemMang/heap_4.c **** PRIVILEGED_DATA static BlockLink_t * pxEnd = NULL;
 163:FreeRTOS/portable/MemMang/heap_4.c **** 
 164:FreeRTOS/portable/MemMang/heap_4.c **** /* Keeps track of the number of calls to allocate and free memory as well as the
 165:FreeRTOS/portable/MemMang/heap_4.c ****  * number of free bytes remaining, but says nothing about fragmentation. */
 166:FreeRTOS/portable/MemMang/heap_4.c **** PRIVILEGED_DATA static size_t xFreeBytesRemaining = ( size_t ) 0U;
 167:FreeRTOS/portable/MemMang/heap_4.c **** PRIVILEGED_DATA static size_t xMinimumEverFreeBytesRemaining = ( size_t ) 0U;
 168:FreeRTOS/portable/MemMang/heap_4.c **** PRIVILEGED_DATA static size_t xNumberOfSuccessfulAllocations = ( size_t ) 0U;
 169:FreeRTOS/portable/MemMang/heap_4.c **** PRIVILEGED_DATA static size_t xNumberOfSuccessfulFrees = ( size_t ) 0U;
 170:FreeRTOS/portable/MemMang/heap_4.c **** 
 171:FreeRTOS/portable/MemMang/heap_4.c **** /*-----------------------------------------------------------*/
 172:FreeRTOS/portable/MemMang/heap_4.c **** 
 173:FreeRTOS/portable/MemMang/heap_4.c **** void * pvPortMalloc( size_t xWantedSize )
 174:FreeRTOS/portable/MemMang/heap_4.c **** {
 175:FreeRTOS/portable/MemMang/heap_4.c ****     BlockLink_t * pxBlock;
 176:FreeRTOS/portable/MemMang/heap_4.c ****     BlockLink_t * pxPreviousBlock;
 177:FreeRTOS/portable/MemMang/heap_4.c ****     BlockLink_t * pxNewBlockLink;
 178:FreeRTOS/portable/MemMang/heap_4.c ****     void * pvReturn = NULL;
 179:FreeRTOS/portable/MemMang/heap_4.c ****     size_t xAdditionalRequiredSize;
 180:FreeRTOS/portable/MemMang/heap_4.c ****     size_t xAllocatedBlockSize = 0;
 181:FreeRTOS/portable/MemMang/heap_4.c **** 
 182:FreeRTOS/portable/MemMang/heap_4.c ****     if( xWantedSize > 0 )
 183:FreeRTOS/portable/MemMang/heap_4.c ****     {
 184:FreeRTOS/portable/MemMang/heap_4.c ****         /* The wanted size must be increased so it can contain a BlockLink_t
 185:FreeRTOS/portable/MemMang/heap_4.c ****          * structure in addition to the requested amount of bytes. */
 186:FreeRTOS/portable/MemMang/heap_4.c ****         if( heapADD_WILL_OVERFLOW( xWantedSize, xHeapStructSize ) == 0 )
 187:FreeRTOS/portable/MemMang/heap_4.c ****         {
 188:FreeRTOS/portable/MemMang/heap_4.c ****             xWantedSize += xHeapStructSize;
 189:FreeRTOS/portable/MemMang/heap_4.c **** 
 190:FreeRTOS/portable/MemMang/heap_4.c ****             /* Ensure that blocks are always aligned to the required number
 191:FreeRTOS/portable/MemMang/heap_4.c ****              * of bytes. */
 192:FreeRTOS/portable/MemMang/heap_4.c ****             if( ( xWantedSize & portBYTE_ALIGNMENT_MASK ) != 0x00 )
 193:FreeRTOS/portable/MemMang/heap_4.c ****             {
 194:FreeRTOS/portable/MemMang/heap_4.c ****                 /* Byte alignment required. */
 195:FreeRTOS/portable/MemMang/heap_4.c ****                 xAdditionalRequiredSize = portBYTE_ALIGNMENT - ( xWantedSize & portBYTE_ALIGNMENT_M
 196:FreeRTOS/portable/MemMang/heap_4.c **** 
 197:FreeRTOS/portable/MemMang/heap_4.c ****                 if( heapADD_WILL_OVERFLOW( xWantedSize, xAdditionalRequiredSize ) == 0 )
 198:FreeRTOS/portable/MemMang/heap_4.c ****                 {
 199:FreeRTOS/portable/MemMang/heap_4.c ****                     xWantedSize += xAdditionalRequiredSize;
 200:FreeRTOS/portable/MemMang/heap_4.c ****                 }
 201:FreeRTOS/portable/MemMang/heap_4.c ****                 else
 202:FreeRTOS/portable/MemMang/heap_4.c ****                 {
ARM GAS  C:\Users\user\AppData\Local\Temp\ccynTdHu.s 			page 5


 203:FreeRTOS/portable/MemMang/heap_4.c ****                     xWantedSize = 0;
 204:FreeRTOS/portable/MemMang/heap_4.c ****                 }
 205:FreeRTOS/portable/MemMang/heap_4.c ****             }
 206:FreeRTOS/portable/MemMang/heap_4.c ****             else
 207:FreeRTOS/portable/MemMang/heap_4.c ****             {
 208:FreeRTOS/portable/MemMang/heap_4.c ****                 mtCOVERAGE_TEST_MARKER();
 209:FreeRTOS/portable/MemMang/heap_4.c ****             }
 210:FreeRTOS/portable/MemMang/heap_4.c ****         }
 211:FreeRTOS/portable/MemMang/heap_4.c ****         else
 212:FreeRTOS/portable/MemMang/heap_4.c ****         {
 213:FreeRTOS/portable/MemMang/heap_4.c ****             xWantedSize = 0;
 214:FreeRTOS/portable/MemMang/heap_4.c ****         }
 215:FreeRTOS/portable/MemMang/heap_4.c ****     }
 216:FreeRTOS/portable/MemMang/heap_4.c ****     else
 217:FreeRTOS/portable/MemMang/heap_4.c ****     {
 218:FreeRTOS/portable/MemMang/heap_4.c ****         mtCOVERAGE_TEST_MARKER();
 219:FreeRTOS/portable/MemMang/heap_4.c ****     }
 220:FreeRTOS/portable/MemMang/heap_4.c **** 
 221:FreeRTOS/portable/MemMang/heap_4.c ****     vTaskSuspendAll();
 222:FreeRTOS/portable/MemMang/heap_4.c ****     {
 223:FreeRTOS/portable/MemMang/heap_4.c ****         /* If this is the first call to malloc then the heap will require
 224:FreeRTOS/portable/MemMang/heap_4.c ****          * initialisation to setup the list of free blocks. */
 225:FreeRTOS/portable/MemMang/heap_4.c ****         if( pxEnd == NULL )
 226:FreeRTOS/portable/MemMang/heap_4.c ****         {
 227:FreeRTOS/portable/MemMang/heap_4.c ****             prvHeapInit();
 228:FreeRTOS/portable/MemMang/heap_4.c ****         }
 229:FreeRTOS/portable/MemMang/heap_4.c ****         else
 230:FreeRTOS/portable/MemMang/heap_4.c ****         {
 231:FreeRTOS/portable/MemMang/heap_4.c ****             mtCOVERAGE_TEST_MARKER();
 232:FreeRTOS/portable/MemMang/heap_4.c ****         }
 233:FreeRTOS/portable/MemMang/heap_4.c **** 
 234:FreeRTOS/portable/MemMang/heap_4.c ****         /* Check the block size we are trying to allocate is not so large that the
 235:FreeRTOS/portable/MemMang/heap_4.c ****          * top bit is set.  The top bit of the block size member of the BlockLink_t
 236:FreeRTOS/portable/MemMang/heap_4.c ****          * structure is used to determine who owns the block - the application or
 237:FreeRTOS/portable/MemMang/heap_4.c ****          * the kernel, so it must be free. */
 238:FreeRTOS/portable/MemMang/heap_4.c ****         if( heapBLOCK_SIZE_IS_VALID( xWantedSize ) != 0 )
 239:FreeRTOS/portable/MemMang/heap_4.c ****         {
 240:FreeRTOS/portable/MemMang/heap_4.c ****             if( ( xWantedSize > 0 ) && ( xWantedSize <= xFreeBytesRemaining ) )
 241:FreeRTOS/portable/MemMang/heap_4.c ****             {
 242:FreeRTOS/portable/MemMang/heap_4.c ****                 /* Traverse the list from the start (lowest address) block until
 243:FreeRTOS/portable/MemMang/heap_4.c ****                  * one of adequate size is found. */
 244:FreeRTOS/portable/MemMang/heap_4.c ****                 pxPreviousBlock = &xStart;
 245:FreeRTOS/portable/MemMang/heap_4.c ****                 pxBlock = heapPROTECT_BLOCK_POINTER( xStart.pxNextFreeBlock );
 246:FreeRTOS/portable/MemMang/heap_4.c ****                 heapVALIDATE_BLOCK_POINTER( pxBlock );
 247:FreeRTOS/portable/MemMang/heap_4.c **** 
 248:FreeRTOS/portable/MemMang/heap_4.c ****                 while( ( pxBlock->xBlockSize < xWantedSize ) && ( pxBlock->pxNextFreeBlock != heapP
 249:FreeRTOS/portable/MemMang/heap_4.c ****                 {
 250:FreeRTOS/portable/MemMang/heap_4.c ****                     pxPreviousBlock = pxBlock;
 251:FreeRTOS/portable/MemMang/heap_4.c ****                     pxBlock = heapPROTECT_BLOCK_POINTER( pxBlock->pxNextFreeBlock );
 252:FreeRTOS/portable/MemMang/heap_4.c ****                     heapVALIDATE_BLOCK_POINTER( pxBlock );
 253:FreeRTOS/portable/MemMang/heap_4.c ****                 }
 254:FreeRTOS/portable/MemMang/heap_4.c **** 
 255:FreeRTOS/portable/MemMang/heap_4.c ****                 /* If the end marker was reached then a block of adequate size
 256:FreeRTOS/portable/MemMang/heap_4.c ****                  * was not found. */
 257:FreeRTOS/portable/MemMang/heap_4.c ****                 if( pxBlock != pxEnd )
 258:FreeRTOS/portable/MemMang/heap_4.c ****                 {
 259:FreeRTOS/portable/MemMang/heap_4.c ****                     /* Return the memory space pointed to - jumping over the
ARM GAS  C:\Users\user\AppData\Local\Temp\ccynTdHu.s 			page 6


 260:FreeRTOS/portable/MemMang/heap_4.c ****                      * BlockLink_t structure at its start. */
 261:FreeRTOS/portable/MemMang/heap_4.c ****                     pvReturn = ( void * ) ( ( ( uint8_t * ) heapPROTECT_BLOCK_POINTER( pxPreviousBl
 262:FreeRTOS/portable/MemMang/heap_4.c ****                     heapVALIDATE_BLOCK_POINTER( pvReturn );
 263:FreeRTOS/portable/MemMang/heap_4.c **** 
 264:FreeRTOS/portable/MemMang/heap_4.c ****                     /* This block is being returned for use so must be taken out
 265:FreeRTOS/portable/MemMang/heap_4.c ****                      * of the list of free blocks. */
 266:FreeRTOS/portable/MemMang/heap_4.c ****                     pxPreviousBlock->pxNextFreeBlock = pxBlock->pxNextFreeBlock;
 267:FreeRTOS/portable/MemMang/heap_4.c **** 
 268:FreeRTOS/portable/MemMang/heap_4.c ****                     /* If the block is larger than required it can be split into
 269:FreeRTOS/portable/MemMang/heap_4.c ****                      * two. */
 270:FreeRTOS/portable/MemMang/heap_4.c ****                     configASSERT( heapSUBTRACT_WILL_UNDERFLOW( pxBlock->xBlockSize, xWantedSize ) =
 271:FreeRTOS/portable/MemMang/heap_4.c **** 
 272:FreeRTOS/portable/MemMang/heap_4.c ****                     if( ( pxBlock->xBlockSize - xWantedSize ) > heapMINIMUM_BLOCK_SIZE )
 273:FreeRTOS/portable/MemMang/heap_4.c ****                     {
 274:FreeRTOS/portable/MemMang/heap_4.c ****                         /* This block is to be split into two.  Create a new
 275:FreeRTOS/portable/MemMang/heap_4.c ****                          * block following the number of bytes requested. The void
 276:FreeRTOS/portable/MemMang/heap_4.c ****                          * cast is used to prevent byte alignment warnings from the
 277:FreeRTOS/portable/MemMang/heap_4.c ****                          * compiler. */
 278:FreeRTOS/portable/MemMang/heap_4.c ****                         pxNewBlockLink = ( void * ) ( ( ( uint8_t * ) pxBlock ) + xWantedSize );
 279:FreeRTOS/portable/MemMang/heap_4.c ****                         configASSERT( ( ( ( size_t ) pxNewBlockLink ) & portBYTE_ALIGNMENT_MASK ) =
 280:FreeRTOS/portable/MemMang/heap_4.c **** 
 281:FreeRTOS/portable/MemMang/heap_4.c ****                         /* Calculate the sizes of two blocks split from the
 282:FreeRTOS/portable/MemMang/heap_4.c ****                          * single block. */
 283:FreeRTOS/portable/MemMang/heap_4.c ****                         pxNewBlockLink->xBlockSize = pxBlock->xBlockSize - xWantedSize;
 284:FreeRTOS/portable/MemMang/heap_4.c ****                         pxBlock->xBlockSize = xWantedSize;
 285:FreeRTOS/portable/MemMang/heap_4.c **** 
 286:FreeRTOS/portable/MemMang/heap_4.c ****                         /* Insert the new block into the list of free blocks. */
 287:FreeRTOS/portable/MemMang/heap_4.c ****                         pxNewBlockLink->pxNextFreeBlock = pxPreviousBlock->pxNextFreeBlock;
 288:FreeRTOS/portable/MemMang/heap_4.c ****                         pxPreviousBlock->pxNextFreeBlock = heapPROTECT_BLOCK_POINTER( pxNewBlockLin
 289:FreeRTOS/portable/MemMang/heap_4.c ****                     }
 290:FreeRTOS/portable/MemMang/heap_4.c ****                     else
 291:FreeRTOS/portable/MemMang/heap_4.c ****                     {
 292:FreeRTOS/portable/MemMang/heap_4.c ****                         mtCOVERAGE_TEST_MARKER();
 293:FreeRTOS/portable/MemMang/heap_4.c ****                     }
 294:FreeRTOS/portable/MemMang/heap_4.c **** 
 295:FreeRTOS/portable/MemMang/heap_4.c ****                     xFreeBytesRemaining -= pxBlock->xBlockSize;
 296:FreeRTOS/portable/MemMang/heap_4.c **** 
 297:FreeRTOS/portable/MemMang/heap_4.c ****                     if( xFreeBytesRemaining < xMinimumEverFreeBytesRemaining )
 298:FreeRTOS/portable/MemMang/heap_4.c ****                     {
 299:FreeRTOS/portable/MemMang/heap_4.c ****                         xMinimumEverFreeBytesRemaining = xFreeBytesRemaining;
 300:FreeRTOS/portable/MemMang/heap_4.c ****                     }
 301:FreeRTOS/portable/MemMang/heap_4.c ****                     else
 302:FreeRTOS/portable/MemMang/heap_4.c ****                     {
 303:FreeRTOS/portable/MemMang/heap_4.c ****                         mtCOVERAGE_TEST_MARKER();
 304:FreeRTOS/portable/MemMang/heap_4.c ****                     }
 305:FreeRTOS/portable/MemMang/heap_4.c **** 
 306:FreeRTOS/portable/MemMang/heap_4.c ****                     xAllocatedBlockSize = pxBlock->xBlockSize;
 307:FreeRTOS/portable/MemMang/heap_4.c **** 
 308:FreeRTOS/portable/MemMang/heap_4.c ****                     /* The block is being returned - it is allocated and owned
 309:FreeRTOS/portable/MemMang/heap_4.c ****                      * by the application and has no "next" block. */
 310:FreeRTOS/portable/MemMang/heap_4.c ****                     heapALLOCATE_BLOCK( pxBlock );
 311:FreeRTOS/portable/MemMang/heap_4.c ****                     pxBlock->pxNextFreeBlock = heapPROTECT_BLOCK_POINTER( NULL );
 312:FreeRTOS/portable/MemMang/heap_4.c ****                     xNumberOfSuccessfulAllocations++;
 313:FreeRTOS/portable/MemMang/heap_4.c ****                 }
 314:FreeRTOS/portable/MemMang/heap_4.c ****                 else
 315:FreeRTOS/portable/MemMang/heap_4.c ****                 {
 316:FreeRTOS/portable/MemMang/heap_4.c ****                     mtCOVERAGE_TEST_MARKER();
ARM GAS  C:\Users\user\AppData\Local\Temp\ccynTdHu.s 			page 7


 317:FreeRTOS/portable/MemMang/heap_4.c ****                 }
 318:FreeRTOS/portable/MemMang/heap_4.c ****             }
 319:FreeRTOS/portable/MemMang/heap_4.c ****             else
 320:FreeRTOS/portable/MemMang/heap_4.c ****             {
 321:FreeRTOS/portable/MemMang/heap_4.c ****                 mtCOVERAGE_TEST_MARKER();
 322:FreeRTOS/portable/MemMang/heap_4.c ****             }
 323:FreeRTOS/portable/MemMang/heap_4.c ****         }
 324:FreeRTOS/portable/MemMang/heap_4.c ****         else
 325:FreeRTOS/portable/MemMang/heap_4.c ****         {
 326:FreeRTOS/portable/MemMang/heap_4.c ****             mtCOVERAGE_TEST_MARKER();
 327:FreeRTOS/portable/MemMang/heap_4.c ****         }
 328:FreeRTOS/portable/MemMang/heap_4.c **** 
 329:FreeRTOS/portable/MemMang/heap_4.c ****         traceMALLOC( pvReturn, xAllocatedBlockSize );
 330:FreeRTOS/portable/MemMang/heap_4.c **** 
 331:FreeRTOS/portable/MemMang/heap_4.c ****         /* Prevent compiler warnings when trace macros are not used. */
 332:FreeRTOS/portable/MemMang/heap_4.c ****         ( void ) xAllocatedBlockSize;
 333:FreeRTOS/portable/MemMang/heap_4.c ****     }
 334:FreeRTOS/portable/MemMang/heap_4.c ****     ( void ) xTaskResumeAll();
 335:FreeRTOS/portable/MemMang/heap_4.c **** 
 336:FreeRTOS/portable/MemMang/heap_4.c ****     #if ( configUSE_MALLOC_FAILED_HOOK == 1 )
 337:FreeRTOS/portable/MemMang/heap_4.c ****     {
 338:FreeRTOS/portable/MemMang/heap_4.c ****         if( pvReturn == NULL )
 339:FreeRTOS/portable/MemMang/heap_4.c ****         {
 340:FreeRTOS/portable/MemMang/heap_4.c ****             vApplicationMallocFailedHook();
 341:FreeRTOS/portable/MemMang/heap_4.c ****         }
 342:FreeRTOS/portable/MemMang/heap_4.c ****         else
 343:FreeRTOS/portable/MemMang/heap_4.c ****         {
 344:FreeRTOS/portable/MemMang/heap_4.c ****             mtCOVERAGE_TEST_MARKER();
 345:FreeRTOS/portable/MemMang/heap_4.c ****         }
 346:FreeRTOS/portable/MemMang/heap_4.c ****     }
 347:FreeRTOS/portable/MemMang/heap_4.c ****     #endif /* if ( configUSE_MALLOC_FAILED_HOOK == 1 ) */
 348:FreeRTOS/portable/MemMang/heap_4.c **** 
 349:FreeRTOS/portable/MemMang/heap_4.c ****     configASSERT( ( ( ( size_t ) pvReturn ) & ( size_t ) portBYTE_ALIGNMENT_MASK ) == 0 );
 350:FreeRTOS/portable/MemMang/heap_4.c ****     return pvReturn;
 351:FreeRTOS/portable/MemMang/heap_4.c **** }
 352:FreeRTOS/portable/MemMang/heap_4.c **** /*-----------------------------------------------------------*/
 353:FreeRTOS/portable/MemMang/heap_4.c **** 
 354:FreeRTOS/portable/MemMang/heap_4.c **** void vPortFree( void * pv )
 355:FreeRTOS/portable/MemMang/heap_4.c **** {
 356:FreeRTOS/portable/MemMang/heap_4.c ****     uint8_t * puc = ( uint8_t * ) pv;
 357:FreeRTOS/portable/MemMang/heap_4.c ****     BlockLink_t * pxLink;
 358:FreeRTOS/portable/MemMang/heap_4.c **** 
 359:FreeRTOS/portable/MemMang/heap_4.c ****     if( pv != NULL )
 360:FreeRTOS/portable/MemMang/heap_4.c ****     {
 361:FreeRTOS/portable/MemMang/heap_4.c ****         /* The memory being freed will have an BlockLink_t structure immediately
 362:FreeRTOS/portable/MemMang/heap_4.c ****          * before it. */
 363:FreeRTOS/portable/MemMang/heap_4.c ****         puc -= xHeapStructSize;
 364:FreeRTOS/portable/MemMang/heap_4.c **** 
 365:FreeRTOS/portable/MemMang/heap_4.c ****         /* This casting is to keep the compiler from issuing warnings. */
 366:FreeRTOS/portable/MemMang/heap_4.c ****         pxLink = ( void * ) puc;
 367:FreeRTOS/portable/MemMang/heap_4.c **** 
 368:FreeRTOS/portable/MemMang/heap_4.c ****         heapVALIDATE_BLOCK_POINTER( pxLink );
 369:FreeRTOS/portable/MemMang/heap_4.c ****         configASSERT( heapBLOCK_IS_ALLOCATED( pxLink ) != 0 );
 370:FreeRTOS/portable/MemMang/heap_4.c ****         configASSERT( pxLink->pxNextFreeBlock == heapPROTECT_BLOCK_POINTER( NULL ) );
 371:FreeRTOS/portable/MemMang/heap_4.c **** 
 372:FreeRTOS/portable/MemMang/heap_4.c ****         if( heapBLOCK_IS_ALLOCATED( pxLink ) != 0 )
 373:FreeRTOS/portable/MemMang/heap_4.c ****         {
ARM GAS  C:\Users\user\AppData\Local\Temp\ccynTdHu.s 			page 8


 374:FreeRTOS/portable/MemMang/heap_4.c ****             if( pxLink->pxNextFreeBlock == heapPROTECT_BLOCK_POINTER( NULL ) )
 375:FreeRTOS/portable/MemMang/heap_4.c ****             {
 376:FreeRTOS/portable/MemMang/heap_4.c ****                 /* The block is being returned to the heap - it is no longer
 377:FreeRTOS/portable/MemMang/heap_4.c ****                  * allocated. */
 378:FreeRTOS/portable/MemMang/heap_4.c ****                 heapFREE_BLOCK( pxLink );
 379:FreeRTOS/portable/MemMang/heap_4.c ****                 #if ( configHEAP_CLEAR_MEMORY_ON_FREE == 1 )
 380:FreeRTOS/portable/MemMang/heap_4.c ****                 {
 381:FreeRTOS/portable/MemMang/heap_4.c ****                     /* Check for underflow as this can occur if xBlockSize is
 382:FreeRTOS/portable/MemMang/heap_4.c ****                      * overwritten in a heap block. */
 383:FreeRTOS/portable/MemMang/heap_4.c ****                     if( heapSUBTRACT_WILL_UNDERFLOW( pxLink->xBlockSize, xHeapStructSize ) == 0 )
 384:FreeRTOS/portable/MemMang/heap_4.c ****                     {
 385:FreeRTOS/portable/MemMang/heap_4.c ****                         ( void ) memset( puc + xHeapStructSize, 0, pxLink->xBlockSize - xHeapStruct
 386:FreeRTOS/portable/MemMang/heap_4.c ****                     }
 387:FreeRTOS/portable/MemMang/heap_4.c ****                 }
 388:FreeRTOS/portable/MemMang/heap_4.c ****                 #endif
 389:FreeRTOS/portable/MemMang/heap_4.c **** 
 390:FreeRTOS/portable/MemMang/heap_4.c ****                 vTaskSuspendAll();
 391:FreeRTOS/portable/MemMang/heap_4.c ****                 {
 392:FreeRTOS/portable/MemMang/heap_4.c ****                     /* Add this block to the list of free blocks. */
 393:FreeRTOS/portable/MemMang/heap_4.c ****                     xFreeBytesRemaining += pxLink->xBlockSize;
 394:FreeRTOS/portable/MemMang/heap_4.c ****                     traceFREE( pv, pxLink->xBlockSize );
 395:FreeRTOS/portable/MemMang/heap_4.c ****                     prvInsertBlockIntoFreeList( ( ( BlockLink_t * ) pxLink ) );
 396:FreeRTOS/portable/MemMang/heap_4.c ****                     xNumberOfSuccessfulFrees++;
 397:FreeRTOS/portable/MemMang/heap_4.c ****                 }
 398:FreeRTOS/portable/MemMang/heap_4.c ****                 ( void ) xTaskResumeAll();
 399:FreeRTOS/portable/MemMang/heap_4.c ****             }
 400:FreeRTOS/portable/MemMang/heap_4.c ****             else
 401:FreeRTOS/portable/MemMang/heap_4.c ****             {
 402:FreeRTOS/portable/MemMang/heap_4.c ****                 mtCOVERAGE_TEST_MARKER();
 403:FreeRTOS/portable/MemMang/heap_4.c ****             }
 404:FreeRTOS/portable/MemMang/heap_4.c ****         }
 405:FreeRTOS/portable/MemMang/heap_4.c ****         else
 406:FreeRTOS/portable/MemMang/heap_4.c ****         {
 407:FreeRTOS/portable/MemMang/heap_4.c ****             mtCOVERAGE_TEST_MARKER();
 408:FreeRTOS/portable/MemMang/heap_4.c ****         }
 409:FreeRTOS/portable/MemMang/heap_4.c ****     }
 410:FreeRTOS/portable/MemMang/heap_4.c **** }
 411:FreeRTOS/portable/MemMang/heap_4.c **** /*-----------------------------------------------------------*/
 412:FreeRTOS/portable/MemMang/heap_4.c **** 
 413:FreeRTOS/portable/MemMang/heap_4.c **** size_t xPortGetFreeHeapSize( void )
 414:FreeRTOS/portable/MemMang/heap_4.c **** {
 415:FreeRTOS/portable/MemMang/heap_4.c ****     return xFreeBytesRemaining;
 416:FreeRTOS/portable/MemMang/heap_4.c **** }
 417:FreeRTOS/portable/MemMang/heap_4.c **** /*-----------------------------------------------------------*/
 418:FreeRTOS/portable/MemMang/heap_4.c **** 
 419:FreeRTOS/portable/MemMang/heap_4.c **** size_t xPortGetMinimumEverFreeHeapSize( void )
 420:FreeRTOS/portable/MemMang/heap_4.c **** {
 421:FreeRTOS/portable/MemMang/heap_4.c ****     return xMinimumEverFreeBytesRemaining;
 422:FreeRTOS/portable/MemMang/heap_4.c **** }
 423:FreeRTOS/portable/MemMang/heap_4.c **** /*-----------------------------------------------------------*/
 424:FreeRTOS/portable/MemMang/heap_4.c **** 
 425:FreeRTOS/portable/MemMang/heap_4.c **** void xPortResetHeapMinimumEverFreeHeapSize( void )
 426:FreeRTOS/portable/MemMang/heap_4.c **** {
 427:FreeRTOS/portable/MemMang/heap_4.c ****     xMinimumEverFreeBytesRemaining = xFreeBytesRemaining;
 428:FreeRTOS/portable/MemMang/heap_4.c **** }
 429:FreeRTOS/portable/MemMang/heap_4.c **** /*-----------------------------------------------------------*/
 430:FreeRTOS/portable/MemMang/heap_4.c **** 
ARM GAS  C:\Users\user\AppData\Local\Temp\ccynTdHu.s 			page 9


 431:FreeRTOS/portable/MemMang/heap_4.c **** void vPortInitialiseBlocks( void )
 432:FreeRTOS/portable/MemMang/heap_4.c **** {
 433:FreeRTOS/portable/MemMang/heap_4.c ****     /* This just exists to keep the linker quiet. */
 434:FreeRTOS/portable/MemMang/heap_4.c **** }
 435:FreeRTOS/portable/MemMang/heap_4.c **** /*-----------------------------------------------------------*/
 436:FreeRTOS/portable/MemMang/heap_4.c **** 
 437:FreeRTOS/portable/MemMang/heap_4.c **** void * pvPortCalloc( size_t xNum,
 438:FreeRTOS/portable/MemMang/heap_4.c ****                      size_t xSize )
 439:FreeRTOS/portable/MemMang/heap_4.c **** {
 440:FreeRTOS/portable/MemMang/heap_4.c ****     void * pv = NULL;
 441:FreeRTOS/portable/MemMang/heap_4.c **** 
 442:FreeRTOS/portable/MemMang/heap_4.c ****     if( heapMULTIPLY_WILL_OVERFLOW( xNum, xSize ) == 0 )
 443:FreeRTOS/portable/MemMang/heap_4.c ****     {
 444:FreeRTOS/portable/MemMang/heap_4.c ****         pv = pvPortMalloc( xNum * xSize );
 445:FreeRTOS/portable/MemMang/heap_4.c **** 
 446:FreeRTOS/portable/MemMang/heap_4.c ****         if( pv != NULL )
 447:FreeRTOS/portable/MemMang/heap_4.c ****         {
 448:FreeRTOS/portable/MemMang/heap_4.c ****             ( void ) memset( pv, 0, xNum * xSize );
 449:FreeRTOS/portable/MemMang/heap_4.c ****         }
 450:FreeRTOS/portable/MemMang/heap_4.c ****     }
 451:FreeRTOS/portable/MemMang/heap_4.c **** 
 452:FreeRTOS/portable/MemMang/heap_4.c ****     return pv;
 453:FreeRTOS/portable/MemMang/heap_4.c **** }
 454:FreeRTOS/portable/MemMang/heap_4.c **** /*-----------------------------------------------------------*/
 455:FreeRTOS/portable/MemMang/heap_4.c **** 
 456:FreeRTOS/portable/MemMang/heap_4.c **** static void prvHeapInit( void ) /* PRIVILEGED_FUNCTION */
 457:FreeRTOS/portable/MemMang/heap_4.c **** {
  28              		.loc 1 457 1 view -0
  29              		.cfi_startproc
  30              		@ args = 0, pretend = 0, frame = 0
  31              		@ frame_needed = 0, uses_anonymous_args = 0
  32              		@ link register save eliminated.
 458:FreeRTOS/portable/MemMang/heap_4.c ****     BlockLink_t * pxFirstFreeBlock;
  33              		.loc 1 458 5 view .LVU1
 459:FreeRTOS/portable/MemMang/heap_4.c ****     portPOINTER_SIZE_TYPE uxStartAddress, uxEndAddress;
  34              		.loc 1 459 5 view .LVU2
 460:FreeRTOS/portable/MemMang/heap_4.c ****     size_t xTotalHeapSize = configTOTAL_HEAP_SIZE;
  35              		.loc 1 460 5 view .LVU3
  36              	.LVL0:
 461:FreeRTOS/portable/MemMang/heap_4.c **** 
 462:FreeRTOS/portable/MemMang/heap_4.c ****     /* Ensure the heap starts on a correctly aligned boundary. */
 463:FreeRTOS/portable/MemMang/heap_4.c ****     uxStartAddress = ( portPOINTER_SIZE_TYPE ) ucHeap;
  37              		.loc 1 463 5 view .LVU4
  38              		.loc 1 463 20 is_stmt 0 view .LVU5
  39 0000 104A     		ldr	r2, .L4
  40              	.LVL1:
 464:FreeRTOS/portable/MemMang/heap_4.c **** 
 465:FreeRTOS/portable/MemMang/heap_4.c ****     if( ( uxStartAddress & portBYTE_ALIGNMENT_MASK ) != 0 )
  41              		.loc 1 465 5 is_stmt 1 view .LVU6
  42              		.loc 1 465 7 is_stmt 0 view .LVU7
  43 0002 12F0070F 		tst	r2, #7
  44 0006 1AD0     		beq	.L3
 466:FreeRTOS/portable/MemMang/heap_4.c ****     {
 467:FreeRTOS/portable/MemMang/heap_4.c ****         uxStartAddress += ( portBYTE_ALIGNMENT - 1 );
  45              		.loc 1 467 9 is_stmt 1 view .LVU8
  46              		.loc 1 467 24 is_stmt 0 view .LVU9
  47 0008 D11D     		adds	r1, r2, #7
ARM GAS  C:\Users\user\AppData\Local\Temp\ccynTdHu.s 			page 10


  48              	.LVL2:
 468:FreeRTOS/portable/MemMang/heap_4.c ****         uxStartAddress &= ~( ( portPOINTER_SIZE_TYPE ) portBYTE_ALIGNMENT_MASK );
  49              		.loc 1 468 9 is_stmt 1 view .LVU10
  50              		.loc 1 468 24 is_stmt 0 view .LVU11
  51 000a 21F00701 		bic	r1, r1, #7
  52              	.LVL3:
 469:FreeRTOS/portable/MemMang/heap_4.c ****         xTotalHeapSize -= ( size_t ) ( uxStartAddress - ( portPOINTER_SIZE_TYPE ) ucHeap );
  53              		.loc 1 469 9 is_stmt 1 view .LVU12
  54              		.loc 1 469 24 is_stmt 0 view .LVU13
  55 000e C1F57053 		rsb	r3, r1, #15360
  56 0012 1344     		add	r3, r3, r2
  57              	.LVL4:
 468:FreeRTOS/portable/MemMang/heap_4.c ****         uxStartAddress &= ~( ( portPOINTER_SIZE_TYPE ) portBYTE_ALIGNMENT_MASK );
  58              		.loc 1 468 24 view .LVU14
  59 0014 0A46     		mov	r2, r1
  60              	.LVL5:
  61              	.L2:
 470:FreeRTOS/portable/MemMang/heap_4.c ****     }
 471:FreeRTOS/portable/MemMang/heap_4.c **** 
 472:FreeRTOS/portable/MemMang/heap_4.c ****     #if ( configENABLE_HEAP_PROTECTOR == 1 )
 473:FreeRTOS/portable/MemMang/heap_4.c ****     {
 474:FreeRTOS/portable/MemMang/heap_4.c ****         vApplicationGetRandomHeapCanary( &( xHeapCanary ) );
 475:FreeRTOS/portable/MemMang/heap_4.c ****     }
 476:FreeRTOS/portable/MemMang/heap_4.c ****     #endif
 477:FreeRTOS/portable/MemMang/heap_4.c **** 
 478:FreeRTOS/portable/MemMang/heap_4.c ****     /* xStart is used to hold a pointer to the first item in the list of free
 479:FreeRTOS/portable/MemMang/heap_4.c ****      * blocks.  The void cast is used to prevent compiler warnings. */
 480:FreeRTOS/portable/MemMang/heap_4.c ****     xStart.pxNextFreeBlock = ( void * ) heapPROTECT_BLOCK_POINTER( uxStartAddress );
  62              		.loc 1 480 5 is_stmt 1 view .LVU15
  63              		.loc 1 480 28 is_stmt 0 view .LVU16
  64 0016 0C48     		ldr	r0, .L4+4
  65 0018 0260     		str	r2, [r0]
 481:FreeRTOS/portable/MemMang/heap_4.c ****     xStart.xBlockSize = ( size_t ) 0;
  66              		.loc 1 481 5 is_stmt 1 view .LVU17
  67              		.loc 1 481 23 is_stmt 0 view .LVU18
  68 001a 0021     		movs	r1, #0
  69 001c 4160     		str	r1, [r0, #4]
 482:FreeRTOS/portable/MemMang/heap_4.c **** 
 483:FreeRTOS/portable/MemMang/heap_4.c ****     /* pxEnd is used to mark the end of the list of free blocks and is inserted
 484:FreeRTOS/portable/MemMang/heap_4.c ****      * at the end of the heap space. */
 485:FreeRTOS/portable/MemMang/heap_4.c ****     uxEndAddress = uxStartAddress + ( portPOINTER_SIZE_TYPE ) xTotalHeapSize;
  70              		.loc 1 485 5 is_stmt 1 view .LVU19
  71              		.loc 1 485 18 is_stmt 0 view .LVU20
  72 001e 1344     		add	r3, r3, r2
  73              	.LVL6:
 486:FreeRTOS/portable/MemMang/heap_4.c ****     uxEndAddress -= ( portPOINTER_SIZE_TYPE ) xHeapStructSize;
  74              		.loc 1 486 5 is_stmt 1 view .LVU21
  75              		.loc 1 486 18 is_stmt 0 view .LVU22
  76 0020 083B     		subs	r3, r3, #8
  77              	.LVL7:
 487:FreeRTOS/portable/MemMang/heap_4.c ****     uxEndAddress &= ~( ( portPOINTER_SIZE_TYPE ) portBYTE_ALIGNMENT_MASK );
  78              		.loc 1 487 5 is_stmt 1 view .LVU23
  79              		.loc 1 487 18 is_stmt 0 view .LVU24
  80 0022 23F00703 		bic	r3, r3, #7
  81              	.LVL8:
 488:FreeRTOS/portable/MemMang/heap_4.c ****     pxEnd = ( BlockLink_t * ) uxEndAddress;
  82              		.loc 1 488 5 is_stmt 1 view .LVU25
ARM GAS  C:\Users\user\AppData\Local\Temp\ccynTdHu.s 			page 11


  83              		.loc 1 488 11 is_stmt 0 view .LVU26
  84 0026 0948     		ldr	r0, .L4+8
  85 0028 0360     		str	r3, [r0]
 489:FreeRTOS/portable/MemMang/heap_4.c ****     pxEnd->xBlockSize = 0;
  86              		.loc 1 489 5 is_stmt 1 view .LVU27
  87              		.loc 1 489 23 is_stmt 0 view .LVU28
  88 002a 5960     		str	r1, [r3, #4]
 490:FreeRTOS/portable/MemMang/heap_4.c ****     pxEnd->pxNextFreeBlock = heapPROTECT_BLOCK_POINTER( NULL );
  89              		.loc 1 490 5 is_stmt 1 view .LVU29
  90              		.loc 1 490 28 is_stmt 0 view .LVU30
  91 002c 1960     		str	r1, [r3]
 491:FreeRTOS/portable/MemMang/heap_4.c **** 
 492:FreeRTOS/portable/MemMang/heap_4.c ****     /* To start with there is a single free block that is sized to take up the
 493:FreeRTOS/portable/MemMang/heap_4.c ****      * entire heap space, minus the space taken by pxEnd. */
 494:FreeRTOS/portable/MemMang/heap_4.c ****     pxFirstFreeBlock = ( BlockLink_t * ) uxStartAddress;
  92              		.loc 1 494 5 is_stmt 1 view .LVU31
  93              	.LVL9:
 495:FreeRTOS/portable/MemMang/heap_4.c ****     pxFirstFreeBlock->xBlockSize = ( size_t ) ( uxEndAddress - ( portPOINTER_SIZE_TYPE ) pxFirstFre
  94              		.loc 1 495 5 view .LVU32
  95              		.loc 1 495 62 is_stmt 0 view .LVU33
  96 002e 991A     		subs	r1, r3, r2
  97              		.loc 1 495 34 view .LVU34
  98 0030 5160     		str	r1, [r2, #4]
 496:FreeRTOS/portable/MemMang/heap_4.c ****     pxFirstFreeBlock->pxNextFreeBlock = heapPROTECT_BLOCK_POINTER( pxEnd );
  99              		.loc 1 496 5 is_stmt 1 view .LVU35
 100              		.loc 1 496 39 is_stmt 0 view .LVU36
 101 0032 1360     		str	r3, [r2]
 497:FreeRTOS/portable/MemMang/heap_4.c **** 
 498:FreeRTOS/portable/MemMang/heap_4.c ****     /* Only one block exists - and it covers the entire usable heap space. */
 499:FreeRTOS/portable/MemMang/heap_4.c ****     xMinimumEverFreeBytesRemaining = pxFirstFreeBlock->xBlockSize;
 102              		.loc 1 499 5 is_stmt 1 view .LVU37
 103              		.loc 1 499 36 is_stmt 0 view .LVU38
 104 0034 064B     		ldr	r3, .L4+12
 105              	.LVL10:
 106              		.loc 1 499 36 view .LVU39
 107 0036 1960     		str	r1, [r3]
 500:FreeRTOS/portable/MemMang/heap_4.c ****     xFreeBytesRemaining = pxFirstFreeBlock->xBlockSize;
 108              		.loc 1 500 5 is_stmt 1 view .LVU40
 109              		.loc 1 500 25 is_stmt 0 view .LVU41
 110 0038 064B     		ldr	r3, .L4+16
 111 003a 1960     		str	r1, [r3]
 501:FreeRTOS/portable/MemMang/heap_4.c **** }
 112              		.loc 1 501 1 view .LVU42
 113 003c 7047     		bx	lr
 114              	.LVL11:
 115              	.L3:
 460:FreeRTOS/portable/MemMang/heap_4.c **** 
 116              		.loc 1 460 12 view .LVU43
 117 003e 4FF47053 		mov	r3, #15360
 118 0042 E8E7     		b	.L2
 119              	.L5:
 120              		.align	2
 121              	.L4:
 122 0044 00000000 		.word	ucHeap
 123 0048 00000000 		.word	xStart
 124 004c 00000000 		.word	pxEnd
 125 0050 00000000 		.word	xMinimumEverFreeBytesRemaining
ARM GAS  C:\Users\user\AppData\Local\Temp\ccynTdHu.s 			page 12


 126 0054 00000000 		.word	xFreeBytesRemaining
 127              		.cfi_endproc
 128              	.LFE145:
 130              		.section	.text.prvInsertBlockIntoFreeList,"ax",%progbits
 131              		.align	1
 132              		.syntax unified
 133              		.thumb
 134              		.thumb_func
 136              	prvInsertBlockIntoFreeList:
 137              	.LVL12:
 138              	.LFB146:
 502:FreeRTOS/portable/MemMang/heap_4.c **** /*-----------------------------------------------------------*/
 503:FreeRTOS/portable/MemMang/heap_4.c **** 
 504:FreeRTOS/portable/MemMang/heap_4.c **** static void prvInsertBlockIntoFreeList( BlockLink_t * pxBlockToInsert ) /* PRIVILEGED_FUNCTION */
 505:FreeRTOS/portable/MemMang/heap_4.c **** {
 139              		.loc 1 505 1 is_stmt 1 view -0
 140              		.cfi_startproc
 141              		@ args = 0, pretend = 0, frame = 0
 142              		@ frame_needed = 0, uses_anonymous_args = 0
 143              		@ link register save eliminated.
 506:FreeRTOS/portable/MemMang/heap_4.c ****     BlockLink_t * pxIterator;
 144              		.loc 1 506 5 view .LVU45
 507:FreeRTOS/portable/MemMang/heap_4.c ****     uint8_t * puc;
 145              		.loc 1 507 5 view .LVU46
 508:FreeRTOS/portable/MemMang/heap_4.c **** 
 509:FreeRTOS/portable/MemMang/heap_4.c ****     /* Iterate through the list until a block is found that has a higher address
 510:FreeRTOS/portable/MemMang/heap_4.c ****      * than the block being inserted. */
 511:FreeRTOS/portable/MemMang/heap_4.c ****     for( pxIterator = &xStart; heapPROTECT_BLOCK_POINTER( pxIterator->pxNextFreeBlock ) < pxBlockTo
 146              		.loc 1 511 5 view .LVU47
 147              		.loc 1 511 21 is_stmt 0 view .LVU48
 148 0000 144B     		ldr	r3, .L15
 149              	.LVL13:
 150              	.L7:
 151              		.loc 1 511 89 is_stmt 1 discriminator 1 view .LVU49
 152 0002 1A46     		mov	r2, r3
 153              		.loc 1 511 32 is_stmt 0 discriminator 1 view .LVU50
 154 0004 1B68     		ldr	r3, [r3]
 155              	.LVL14:
 156              		.loc 1 511 89 discriminator 1 view .LVU51
 157 0006 8342     		cmp	r3, r0
 158 0008 FBD3     		bcc	.L7
 512:FreeRTOS/portable/MemMang/heap_4.c ****     {
 513:FreeRTOS/portable/MemMang/heap_4.c ****         /* Nothing to do here, just iterate to the right position. */
 514:FreeRTOS/portable/MemMang/heap_4.c ****     }
 515:FreeRTOS/portable/MemMang/heap_4.c **** 
 516:FreeRTOS/portable/MemMang/heap_4.c ****     if( pxIterator != &xStart )
 159              		.loc 1 516 5 is_stmt 1 view .LVU52
 517:FreeRTOS/portable/MemMang/heap_4.c ****     {
 518:FreeRTOS/portable/MemMang/heap_4.c ****         heapVALIDATE_BLOCK_POINTER( pxIterator );
 160              		.loc 1 518 49 view .LVU53
 519:FreeRTOS/portable/MemMang/heap_4.c ****     }
 520:FreeRTOS/portable/MemMang/heap_4.c **** 
 521:FreeRTOS/portable/MemMang/heap_4.c ****     /* Do the block being inserted, and the block it is being inserted after
 522:FreeRTOS/portable/MemMang/heap_4.c ****      * make a contiguous block of memory? */
 523:FreeRTOS/portable/MemMang/heap_4.c ****     puc = ( uint8_t * ) pxIterator;
 161              		.loc 1 523 5 view .LVU54
 162              	.LVL15:
ARM GAS  C:\Users\user\AppData\Local\Temp\ccynTdHu.s 			page 13


 524:FreeRTOS/portable/MemMang/heap_4.c **** 
 525:FreeRTOS/portable/MemMang/heap_4.c ****     if( ( puc + pxIterator->xBlockSize ) == ( uint8_t * ) pxBlockToInsert )
 163              		.loc 1 525 5 view .LVU55
 164              		.loc 1 525 27 is_stmt 0 view .LVU56
 165 000a 5168     		ldr	r1, [r2, #4]
 166              		.loc 1 525 15 view .LVU57
 167 000c 02EB010C 		add	ip, r2, r1
 168              		.loc 1 525 7 view .LVU58
 169 0010 8445     		cmp	ip, r0
 170 0012 09D0     		beq	.L13
 171              	.L8:
 526:FreeRTOS/portable/MemMang/heap_4.c ****     {
 527:FreeRTOS/portable/MemMang/heap_4.c ****         pxIterator->xBlockSize += pxBlockToInsert->xBlockSize;
 528:FreeRTOS/portable/MemMang/heap_4.c ****         pxBlockToInsert = pxIterator;
 529:FreeRTOS/portable/MemMang/heap_4.c ****     }
 530:FreeRTOS/portable/MemMang/heap_4.c ****     else
 531:FreeRTOS/portable/MemMang/heap_4.c ****     {
 532:FreeRTOS/portable/MemMang/heap_4.c ****         mtCOVERAGE_TEST_MARKER();
 172              		.loc 1 532 33 is_stmt 1 view .LVU59
 533:FreeRTOS/portable/MemMang/heap_4.c ****     }
 534:FreeRTOS/portable/MemMang/heap_4.c **** 
 535:FreeRTOS/portable/MemMang/heap_4.c ****     /* Do the block being inserted, and the block it is being inserted before
 536:FreeRTOS/portable/MemMang/heap_4.c ****      * make a contiguous block of memory? */
 537:FreeRTOS/portable/MemMang/heap_4.c ****     puc = ( uint8_t * ) pxBlockToInsert;
 173              		.loc 1 537 5 view .LVU60
 174              	.LVL16:
 538:FreeRTOS/portable/MemMang/heap_4.c **** 
 539:FreeRTOS/portable/MemMang/heap_4.c ****     if( ( puc + pxBlockToInsert->xBlockSize ) == ( uint8_t * ) heapPROTECT_BLOCK_POINTER( pxIterato
 175              		.loc 1 539 5 view .LVU61
 176              		.loc 1 539 32 is_stmt 0 view .LVU62
 177 0014 4168     		ldr	r1, [r0, #4]
 178              		.loc 1 539 15 view .LVU63
 179 0016 00EB010C 		add	ip, r0, r1
 180              		.loc 1 539 7 view .LVU64
 181 001a 6345     		cmp	r3, ip
 182 001c 09D0     		beq	.L14
 540:FreeRTOS/portable/MemMang/heap_4.c ****     {
 541:FreeRTOS/portable/MemMang/heap_4.c ****         if( heapPROTECT_BLOCK_POINTER( pxIterator->pxNextFreeBlock ) != pxEnd )
 542:FreeRTOS/portable/MemMang/heap_4.c ****         {
 543:FreeRTOS/portable/MemMang/heap_4.c ****             /* Form one big block from the two blocks. */
 544:FreeRTOS/portable/MemMang/heap_4.c ****             pxBlockToInsert->xBlockSize += heapPROTECT_BLOCK_POINTER( pxIterator->pxNextFreeBlock )
 545:FreeRTOS/portable/MemMang/heap_4.c ****             pxBlockToInsert->pxNextFreeBlock = heapPROTECT_BLOCK_POINTER( pxIterator->pxNextFreeBlo
 546:FreeRTOS/portable/MemMang/heap_4.c ****         }
 547:FreeRTOS/portable/MemMang/heap_4.c ****         else
 548:FreeRTOS/portable/MemMang/heap_4.c ****         {
 549:FreeRTOS/portable/MemMang/heap_4.c ****             pxBlockToInsert->pxNextFreeBlock = heapPROTECT_BLOCK_POINTER( pxEnd );
 550:FreeRTOS/portable/MemMang/heap_4.c ****         }
 551:FreeRTOS/portable/MemMang/heap_4.c ****     }
 552:FreeRTOS/portable/MemMang/heap_4.c ****     else
 553:FreeRTOS/portable/MemMang/heap_4.c ****     {
 554:FreeRTOS/portable/MemMang/heap_4.c ****         pxBlockToInsert->pxNextFreeBlock = pxIterator->pxNextFreeBlock;
 183              		.loc 1 554 9 is_stmt 1 view .LVU65
 184              		.loc 1 554 42 is_stmt 0 view .LVU66
 185 001e 0360     		str	r3, [r0]
 186              	.L11:
 555:FreeRTOS/portable/MemMang/heap_4.c ****     }
 556:FreeRTOS/portable/MemMang/heap_4.c **** 
ARM GAS  C:\Users\user\AppData\Local\Temp\ccynTdHu.s 			page 14


 557:FreeRTOS/portable/MemMang/heap_4.c ****     /* If the block being inserted plugged a gap, so was merged with the block
 558:FreeRTOS/portable/MemMang/heap_4.c ****      * before and the block after, then it's pxNextFreeBlock pointer will have
 559:FreeRTOS/portable/MemMang/heap_4.c ****      * already been set, and should not be set here as that would make it point
 560:FreeRTOS/portable/MemMang/heap_4.c ****      * to itself. */
 561:FreeRTOS/portable/MemMang/heap_4.c ****     if( pxIterator != pxBlockToInsert )
 187              		.loc 1 561 5 is_stmt 1 view .LVU67
 188              		.loc 1 561 7 is_stmt 0 view .LVU68
 189 0020 9042     		cmp	r0, r2
 190 0022 00D0     		beq	.L6
 562:FreeRTOS/portable/MemMang/heap_4.c ****     {
 563:FreeRTOS/portable/MemMang/heap_4.c ****         pxIterator->pxNextFreeBlock = heapPROTECT_BLOCK_POINTER( pxBlockToInsert );
 191              		.loc 1 563 9 is_stmt 1 view .LVU69
 192              		.loc 1 563 37 is_stmt 0 view .LVU70
 193 0024 1060     		str	r0, [r2]
 564:FreeRTOS/portable/MemMang/heap_4.c ****     }
 565:FreeRTOS/portable/MemMang/heap_4.c ****     else
 566:FreeRTOS/portable/MemMang/heap_4.c ****     {
 567:FreeRTOS/portable/MemMang/heap_4.c ****         mtCOVERAGE_TEST_MARKER();
 194              		.loc 1 567 33 is_stmt 1 view .LVU71
 195              	.L6:
 568:FreeRTOS/portable/MemMang/heap_4.c ****     }
 569:FreeRTOS/portable/MemMang/heap_4.c **** }
 196              		.loc 1 569 1 is_stmt 0 view .LVU72
 197 0026 7047     		bx	lr
 198              	.LVL17:
 199              	.L13:
 527:FreeRTOS/portable/MemMang/heap_4.c ****         pxBlockToInsert = pxIterator;
 200              		.loc 1 527 9 is_stmt 1 view .LVU73
 527:FreeRTOS/portable/MemMang/heap_4.c ****         pxBlockToInsert = pxIterator;
 201              		.loc 1 527 50 is_stmt 0 view .LVU74
 202 0028 4068     		ldr	r0, [r0, #4]
 203              	.LVL18:
 527:FreeRTOS/portable/MemMang/heap_4.c ****         pxBlockToInsert = pxIterator;
 204              		.loc 1 527 32 view .LVU75
 205 002a 0144     		add	r1, r1, r0
 206 002c 5160     		str	r1, [r2, #4]
 528:FreeRTOS/portable/MemMang/heap_4.c ****     }
 207              		.loc 1 528 9 is_stmt 1 view .LVU76
 208              	.LVL19:
 528:FreeRTOS/portable/MemMang/heap_4.c ****     }
 209              		.loc 1 528 25 is_stmt 0 view .LVU77
 210 002e 1046     		mov	r0, r2
 211 0030 F0E7     		b	.L8
 212              	.LVL20:
 213              	.L14:
 541:FreeRTOS/portable/MemMang/heap_4.c ****         {
 214              		.loc 1 541 9 is_stmt 1 view .LVU78
 541:FreeRTOS/portable/MemMang/heap_4.c ****         {
 215              		.loc 1 541 70 is_stmt 0 view .LVU79
 216 0032 DFF824C0 		ldr	ip, .L15+4
 217 0036 DCF800C0 		ldr	ip, [ip]
 541:FreeRTOS/portable/MemMang/heap_4.c ****         {
 218              		.loc 1 541 11 view .LVU80
 219 003a 6345     		cmp	r3, ip
 220 003c 06D0     		beq	.L10
 544:FreeRTOS/portable/MemMang/heap_4.c ****             pxBlockToInsert->pxNextFreeBlock = heapPROTECT_BLOCK_POINTER( pxIterator->pxNextFreeBlo
 221              		.loc 1 544 13 is_stmt 1 view .LVU81
ARM GAS  C:\Users\user\AppData\Local\Temp\ccynTdHu.s 			page 15


 544:FreeRTOS/portable/MemMang/heap_4.c ****             pxBlockToInsert->pxNextFreeBlock = heapPROTECT_BLOCK_POINTER( pxIterator->pxNextFreeBlo
 222              		.loc 1 544 100 is_stmt 0 view .LVU82
 223 003e 5B68     		ldr	r3, [r3, #4]
 544:FreeRTOS/portable/MemMang/heap_4.c ****             pxBlockToInsert->pxNextFreeBlock = heapPROTECT_BLOCK_POINTER( pxIterator->pxNextFreeBlo
 224              		.loc 1 544 41 view .LVU83
 225 0040 1944     		add	r1, r1, r3
 226 0042 4160     		str	r1, [r0, #4]
 545:FreeRTOS/portable/MemMang/heap_4.c ****         }
 227              		.loc 1 545 13 is_stmt 1 view .LVU84
 545:FreeRTOS/portable/MemMang/heap_4.c ****         }
 228              		.loc 1 545 48 is_stmt 0 view .LVU85
 229 0044 1368     		ldr	r3, [r2]
 545:FreeRTOS/portable/MemMang/heap_4.c ****         }
 230              		.loc 1 545 104 view .LVU86
 231 0046 1B68     		ldr	r3, [r3]
 545:FreeRTOS/portable/MemMang/heap_4.c ****         }
 232              		.loc 1 545 46 view .LVU87
 233 0048 0360     		str	r3, [r0]
 234 004a E9E7     		b	.L11
 235              	.L10:
 549:FreeRTOS/portable/MemMang/heap_4.c ****         }
 236              		.loc 1 549 13 is_stmt 1 view .LVU88
 549:FreeRTOS/portable/MemMang/heap_4.c ****         }
 237              		.loc 1 549 46 is_stmt 0 view .LVU89
 238 004c C0F800C0 		str	ip, [r0]
 239 0050 E6E7     		b	.L11
 240              	.L16:
 241 0052 00BF     		.align	2
 242              	.L15:
 243 0054 00000000 		.word	xStart
 244 0058 00000000 		.word	pxEnd
 245              		.cfi_endproc
 246              	.LFE146:
 248              		.section	.text.pvPortMalloc,"ax",%progbits
 249              		.align	1
 250              		.global	pvPortMalloc
 251              		.syntax unified
 252              		.thumb
 253              		.thumb_func
 255              	pvPortMalloc:
 256              	.LVL21:
 257              	.LFB138:
 174:FreeRTOS/portable/MemMang/heap_4.c ****     BlockLink_t * pxBlock;
 258              		.loc 1 174 1 is_stmt 1 view -0
 259              		.cfi_startproc
 260              		@ args = 0, pretend = 0, frame = 0
 261              		@ frame_needed = 0, uses_anonymous_args = 0
 174:FreeRTOS/portable/MemMang/heap_4.c ****     BlockLink_t * pxBlock;
 262              		.loc 1 174 1 is_stmt 0 view .LVU91
 263 0000 38B5     		push	{r3, r4, r5, lr}
 264              	.LCFI0:
 265              		.cfi_def_cfa_offset 16
 266              		.cfi_offset 3, -16
 267              		.cfi_offset 4, -12
 268              		.cfi_offset 5, -8
 269              		.cfi_offset 14, -4
 175:FreeRTOS/portable/MemMang/heap_4.c ****     BlockLink_t * pxPreviousBlock;
ARM GAS  C:\Users\user\AppData\Local\Temp\ccynTdHu.s 			page 16


 270              		.loc 1 175 5 is_stmt 1 view .LVU92
 176:FreeRTOS/portable/MemMang/heap_4.c ****     BlockLink_t * pxNewBlockLink;
 271              		.loc 1 176 5 view .LVU93
 177:FreeRTOS/portable/MemMang/heap_4.c ****     void * pvReturn = NULL;
 272              		.loc 1 177 5 view .LVU94
 178:FreeRTOS/portable/MemMang/heap_4.c ****     size_t xAdditionalRequiredSize;
 273              		.loc 1 178 5 view .LVU95
 274              	.LVL22:
 179:FreeRTOS/portable/MemMang/heap_4.c ****     size_t xAllocatedBlockSize = 0;
 275              		.loc 1 179 5 view .LVU96
 180:FreeRTOS/portable/MemMang/heap_4.c **** 
 276              		.loc 1 180 5 view .LVU97
 182:FreeRTOS/portable/MemMang/heap_4.c ****     {
 277              		.loc 1 182 5 view .LVU98
 182:FreeRTOS/portable/MemMang/heap_4.c ****     {
 278              		.loc 1 182 7 is_stmt 0 view .LVU99
 279 0002 0446     		mov	r4, r0
 280 0004 70B1     		cbz	r0, .L18
 186:FreeRTOS/portable/MemMang/heap_4.c ****         {
 281              		.loc 1 186 9 is_stmt 1 view .LVU100
 186:FreeRTOS/portable/MemMang/heap_4.c ****         {
 282              		.loc 1 186 11 is_stmt 0 view .LVU101
 283 0006 10F1090F 		cmn	r0, #9
 284 000a 0AD8     		bhi	.L25
 188:FreeRTOS/portable/MemMang/heap_4.c **** 
 285              		.loc 1 188 13 is_stmt 1 view .LVU102
 188:FreeRTOS/portable/MemMang/heap_4.c **** 
 286              		.loc 1 188 25 is_stmt 0 view .LVU103
 287 000c 0834     		adds	r4, r4, #8
 288              	.LVL23:
 192:FreeRTOS/portable/MemMang/heap_4.c ****             {
 289              		.loc 1 192 13 is_stmt 1 view .LVU104
 192:FreeRTOS/portable/MemMang/heap_4.c ****             {
 290              		.loc 1 192 15 is_stmt 0 view .LVU105
 291 000e 14F00703 		ands	r3, r4, #7
 292 0012 07D0     		beq	.L18
 195:FreeRTOS/portable/MemMang/heap_4.c **** 
 293              		.loc 1 195 17 is_stmt 1 view .LVU106
 195:FreeRTOS/portable/MemMang/heap_4.c **** 
 294              		.loc 1 195 41 is_stmt 0 view .LVU107
 295 0014 C3F10802 		rsb	r2, r3, #8
 296              	.LVL24:
 197:FreeRTOS/portable/MemMang/heap_4.c ****                 {
 297              		.loc 1 197 17 is_stmt 1 view .LVU108
 197:FreeRTOS/portable/MemMang/heap_4.c ****                 {
 298              		.loc 1 197 21 is_stmt 0 view .LVU109
 299 0018 093B     		subs	r3, r3, #9
 197:FreeRTOS/portable/MemMang/heap_4.c ****                 {
 300              		.loc 1 197 19 view .LVU110
 301 001a A342     		cmp	r3, r4
 302 001c 13D3     		bcc	.L26
 199:FreeRTOS/portable/MemMang/heap_4.c ****                 }
 303              		.loc 1 199 21 is_stmt 1 view .LVU111
 199:FreeRTOS/portable/MemMang/heap_4.c ****                 }
 304              		.loc 1 199 33 is_stmt 0 view .LVU112
 305 001e 1444     		add	r4, r4, r2
 306              	.LVL25:
ARM GAS  C:\Users\user\AppData\Local\Temp\ccynTdHu.s 			page 17


 199:FreeRTOS/portable/MemMang/heap_4.c ****                 }
 307              		.loc 1 199 33 view .LVU113
 308 0020 00E0     		b	.L18
 309              	.LVL26:
 310              	.L25:
 213:FreeRTOS/portable/MemMang/heap_4.c ****         }
 311              		.loc 1 213 25 view .LVU114
 312 0022 0024     		movs	r4, #0
 313              	.LVL27:
 314              	.L18:
 218:FreeRTOS/portable/MemMang/heap_4.c ****     }
 315              		.loc 1 218 33 is_stmt 1 view .LVU115
 221:FreeRTOS/portable/MemMang/heap_4.c ****     {
 316              		.loc 1 221 5 view .LVU116
 317 0024 FFF7FEFF 		bl	vTaskSuspendAll
 318              	.LVL28:
 225:FreeRTOS/portable/MemMang/heap_4.c ****         {
 319              		.loc 1 225 9 view .LVU117
 225:FreeRTOS/portable/MemMang/heap_4.c ****         {
 320              		.loc 1 225 19 is_stmt 0 view .LVU118
 321 0028 284B     		ldr	r3, .L34
 322 002a 1B68     		ldr	r3, [r3]
 225:FreeRTOS/portable/MemMang/heap_4.c ****         {
 323              		.loc 1 225 11 view .LVU119
 324 002c 6BB1     		cbz	r3, .L33
 325              	.L19:
 231:FreeRTOS/portable/MemMang/heap_4.c ****         }
 326              		.loc 1 231 37 is_stmt 1 view .LVU120
 238:FreeRTOS/portable/MemMang/heap_4.c ****         {
 327              		.loc 1 238 9 view .LVU121
 238:FreeRTOS/portable/MemMang/heap_4.c ****         {
 328              		.loc 1 238 11 is_stmt 0 view .LVU122
 329 002e 002C     		cmp	r4, #0
 330 0030 41DB     		blt	.L27
 240:FreeRTOS/portable/MemMang/heap_4.c ****             {
 331              		.loc 1 240 13 is_stmt 1 view .LVU123
 240:FreeRTOS/portable/MemMang/heap_4.c ****             {
 332              		.loc 1 240 15 is_stmt 0 view .LVU124
 333 0032 002C     		cmp	r4, #0
 334 0034 42D0     		beq	.L28
 240:FreeRTOS/portable/MemMang/heap_4.c ****             {
 335              		.loc 1 240 54 discriminator 1 view .LVU125
 336 0036 264B     		ldr	r3, .L34+4
 337 0038 D3F800C0 		ldr	ip, [r3]
 240:FreeRTOS/portable/MemMang/heap_4.c ****             {
 338              		.loc 1 240 37 discriminator 1 view .LVU126
 339 003c A445     		cmp	ip, r4
 340 003e 3FD3     		bcc	.L29
 244:FreeRTOS/portable/MemMang/heap_4.c ****                 pxBlock = heapPROTECT_BLOCK_POINTER( xStart.pxNextFreeBlock );
 341              		.loc 1 244 17 is_stmt 1 view .LVU127
 342              	.LVL29:
 245:FreeRTOS/portable/MemMang/heap_4.c ****                 heapVALIDATE_BLOCK_POINTER( pxBlock );
 343              		.loc 1 245 17 view .LVU128
 245:FreeRTOS/portable/MemMang/heap_4.c ****                 heapVALIDATE_BLOCK_POINTER( pxBlock );
 344              		.loc 1 245 25 is_stmt 0 view .LVU129
 345 0040 2449     		ldr	r1, .L34+8
 346 0042 0B68     		ldr	r3, [r1]
ARM GAS  C:\Users\user\AppData\Local\Temp\ccynTdHu.s 			page 18


 347              	.LVL30:
 246:FreeRTOS/portable/MemMang/heap_4.c **** 
 348              		.loc 1 246 54 is_stmt 1 view .LVU130
 248:FreeRTOS/portable/MemMang/heap_4.c ****                 {
 349              		.loc 1 248 17 view .LVU131
 248:FreeRTOS/portable/MemMang/heap_4.c ****                 {
 350              		.loc 1 248 22 is_stmt 0 view .LVU132
 351 0044 06E0     		b	.L22
 352              	.LVL31:
 353              	.L26:
 203:FreeRTOS/portable/MemMang/heap_4.c ****                 }
 354              		.loc 1 203 33 view .LVU133
 355 0046 0024     		movs	r4, #0
 356              	.LVL32:
 203:FreeRTOS/portable/MemMang/heap_4.c ****                 }
 357              		.loc 1 203 33 view .LVU134
 358 0048 ECE7     		b	.L18
 359              	.LVL33:
 360              	.L33:
 227:FreeRTOS/portable/MemMang/heap_4.c ****         }
 361              		.loc 1 227 13 is_stmt 1 view .LVU135
 362 004a FFF7FEFF 		bl	prvHeapInit
 363              	.LVL34:
 364 004e EEE7     		b	.L19
 365              	.LVL35:
 366              	.L30:
 250:FreeRTOS/portable/MemMang/heap_4.c ****                     pxBlock = heapPROTECT_BLOCK_POINTER( pxBlock->pxNextFreeBlock );
 367              		.loc 1 250 37 is_stmt 0 view .LVU136
 368 0050 1946     		mov	r1, r3
 369              	.LVL36:
 251:FreeRTOS/portable/MemMang/heap_4.c ****                     heapVALIDATE_BLOCK_POINTER( pxBlock );
 370              		.loc 1 251 29 view .LVU137
 371 0052 1346     		mov	r3, r2
 372              	.LVL37:
 373              	.L22:
 252:FreeRTOS/portable/MemMang/heap_4.c ****                 }
 374              		.loc 1 252 58 is_stmt 1 view .LVU138
 248:FreeRTOS/portable/MemMang/heap_4.c ****                 {
 375              		.loc 1 248 62 view .LVU139
 248:FreeRTOS/portable/MemMang/heap_4.c ****                 {
 376              		.loc 1 248 33 is_stmt 0 view .LVU140
 377 0054 5A68     		ldr	r2, [r3, #4]
 248:FreeRTOS/portable/MemMang/heap_4.c ****                 {
 378              		.loc 1 248 62 view .LVU141
 379 0056 A242     		cmp	r2, r4
 380 0058 02D2     		bcs	.L21
 248:FreeRTOS/portable/MemMang/heap_4.c ****                 {
 381              		.loc 1 248 74 discriminator 1 view .LVU142
 382 005a 1A68     		ldr	r2, [r3]
 248:FreeRTOS/portable/MemMang/heap_4.c ****                 {
 383              		.loc 1 248 62 discriminator 1 view .LVU143
 384 005c 002A     		cmp	r2, #0
 385 005e F7D1     		bne	.L30
 386              	.L21:
 257:FreeRTOS/portable/MemMang/heap_4.c ****                 {
 387              		.loc 1 257 17 is_stmt 1 view .LVU144
 257:FreeRTOS/portable/MemMang/heap_4.c ****                 {
ARM GAS  C:\Users\user\AppData\Local\Temp\ccynTdHu.s 			page 19


 388              		.loc 1 257 29 is_stmt 0 view .LVU145
 389 0060 1A4A     		ldr	r2, .L34
 390 0062 1268     		ldr	r2, [r2]
 257:FreeRTOS/portable/MemMang/heap_4.c ****                 {
 391              		.loc 1 257 19 view .LVU146
 392 0064 9A42     		cmp	r2, r3
 393 0066 2ED0     		beq	.L31
 261:FreeRTOS/portable/MemMang/heap_4.c ****                     heapVALIDATE_BLOCK_POINTER( pvReturn );
 394              		.loc 1 261 21 is_stmt 1 view .LVU147
 261:FreeRTOS/portable/MemMang/heap_4.c ****                     heapVALIDATE_BLOCK_POINTER( pvReturn );
 395              		.loc 1 261 61 is_stmt 0 view .LVU148
 396 0068 0A68     		ldr	r2, [r1]
 261:FreeRTOS/portable/MemMang/heap_4.c ****                     heapVALIDATE_BLOCK_POINTER( pvReturn );
 397              		.loc 1 261 30 view .LVU149
 398 006a 0832     		adds	r2, r2, #8
 399 006c 1546     		mov	r5, r2
 400              	.LVL38:
 262:FreeRTOS/portable/MemMang/heap_4.c **** 
 401              		.loc 1 262 59 is_stmt 1 view .LVU150
 266:FreeRTOS/portable/MemMang/heap_4.c **** 
 402              		.loc 1 266 21 view .LVU151
 266:FreeRTOS/portable/MemMang/heap_4.c **** 
 403              		.loc 1 266 63 is_stmt 0 view .LVU152
 404 006e 1A68     		ldr	r2, [r3]
 405              	.LVL39:
 266:FreeRTOS/portable/MemMang/heap_4.c **** 
 406              		.loc 1 266 54 view .LVU153
 407 0070 0A60     		str	r2, [r1]
 270:FreeRTOS/portable/MemMang/heap_4.c **** 
 408              		.loc 1 270 105 is_stmt 1 view .LVU154
 272:FreeRTOS/portable/MemMang/heap_4.c ****                     {
 409              		.loc 1 272 21 view .LVU155
 272:FreeRTOS/portable/MemMang/heap_4.c ****                     {
 410              		.loc 1 272 34 is_stmt 0 view .LVU156
 411 0072 5868     		ldr	r0, [r3, #4]
 272:FreeRTOS/portable/MemMang/heap_4.c ****                     {
 412              		.loc 1 272 47 view .LVU157
 413 0074 001B     		subs	r0, r0, r4
 272:FreeRTOS/portable/MemMang/heap_4.c ****                     {
 414              		.loc 1 272 23 view .LVU158
 415 0076 1028     		cmp	r0, #16
 416 0078 05D9     		bls	.L23
 278:FreeRTOS/portable/MemMang/heap_4.c ****                         configASSERT( ( ( ( size_t ) pxNewBlockLink ) & portBYTE_ALIGNMENT_MASK ) =
 417              		.loc 1 278 25 is_stmt 1 view .LVU159
 278:FreeRTOS/portable/MemMang/heap_4.c ****                         configASSERT( ( ( ( size_t ) pxNewBlockLink ) & portBYTE_ALIGNMENT_MASK ) =
 418              		.loc 1 278 40 is_stmt 0 view .LVU160
 419 007a 1A19     		adds	r2, r3, r4
 420              	.LVL40:
 279:FreeRTOS/portable/MemMang/heap_4.c **** 
 421              		.loc 1 279 105 is_stmt 1 view .LVU161
 283:FreeRTOS/portable/MemMang/heap_4.c ****                         pxBlock->xBlockSize = xWantedSize;
 422              		.loc 1 283 25 view .LVU162
 283:FreeRTOS/portable/MemMang/heap_4.c ****                         pxBlock->xBlockSize = xWantedSize;
 423              		.loc 1 283 52 is_stmt 0 view .LVU163
 424 007c 5060     		str	r0, [r2, #4]
 284:FreeRTOS/portable/MemMang/heap_4.c **** 
 425              		.loc 1 284 25 is_stmt 1 view .LVU164
ARM GAS  C:\Users\user\AppData\Local\Temp\ccynTdHu.s 			page 20


 284:FreeRTOS/portable/MemMang/heap_4.c **** 
 426              		.loc 1 284 45 is_stmt 0 view .LVU165
 427 007e 5C60     		str	r4, [r3, #4]
 287:FreeRTOS/portable/MemMang/heap_4.c ****                         pxPreviousBlock->pxNextFreeBlock = heapPROTECT_BLOCK_POINTER( pxNewBlockLin
 428              		.loc 1 287 25 is_stmt 1 view .LVU166
 287:FreeRTOS/portable/MemMang/heap_4.c ****                         pxPreviousBlock->pxNextFreeBlock = heapPROTECT_BLOCK_POINTER( pxNewBlockLin
 429              		.loc 1 287 74 is_stmt 0 view .LVU167
 430 0080 0868     		ldr	r0, [r1]
 287:FreeRTOS/portable/MemMang/heap_4.c ****                         pxPreviousBlock->pxNextFreeBlock = heapPROTECT_BLOCK_POINTER( pxNewBlockLin
 431              		.loc 1 287 57 view .LVU168
 432 0082 1851     		str	r0, [r3, r4]
 288:FreeRTOS/portable/MemMang/heap_4.c ****                     }
 433              		.loc 1 288 25 is_stmt 1 view .LVU169
 288:FreeRTOS/portable/MemMang/heap_4.c ****                     }
 434              		.loc 1 288 58 is_stmt 0 view .LVU170
 435 0084 0A60     		str	r2, [r1]
 436              	.LVL41:
 437              	.L23:
 292:FreeRTOS/portable/MemMang/heap_4.c ****                     }
 438              		.loc 1 292 49 is_stmt 1 view .LVU171
 295:FreeRTOS/portable/MemMang/heap_4.c **** 
 439              		.loc 1 295 21 view .LVU172
 295:FreeRTOS/portable/MemMang/heap_4.c **** 
 440              		.loc 1 295 51 is_stmt 0 view .LVU173
 441 0086 5968     		ldr	r1, [r3, #4]
 442              	.LVL42:
 295:FreeRTOS/portable/MemMang/heap_4.c **** 
 443              		.loc 1 295 41 view .LVU174
 444 0088 ACEB0102 		sub	r2, ip, r1
 445 008c 1048     		ldr	r0, .L34+4
 446 008e 0260     		str	r2, [r0]
 297:FreeRTOS/portable/MemMang/heap_4.c ****                     {
 447              		.loc 1 297 21 is_stmt 1 view .LVU175
 297:FreeRTOS/portable/MemMang/heap_4.c ****                     {
 448              		.loc 1 297 45 is_stmt 0 view .LVU176
 449 0090 1148     		ldr	r0, .L34+12
 450 0092 0068     		ldr	r0, [r0]
 297:FreeRTOS/portable/MemMang/heap_4.c ****                     {
 451              		.loc 1 297 23 view .LVU177
 452 0094 8242     		cmp	r2, r0
 453 0096 01D2     		bcs	.L24
 299:FreeRTOS/portable/MemMang/heap_4.c ****                     }
 454              		.loc 1 299 25 is_stmt 1 view .LVU178
 299:FreeRTOS/portable/MemMang/heap_4.c ****                     }
 455              		.loc 1 299 56 is_stmt 0 view .LVU179
 456 0098 0F48     		ldr	r0, .L34+12
 457 009a 0260     		str	r2, [r0]
 458              	.L24:
 303:FreeRTOS/portable/MemMang/heap_4.c ****                     }
 459              		.loc 1 303 49 is_stmt 1 view .LVU180
 306:FreeRTOS/portable/MemMang/heap_4.c **** 
 460              		.loc 1 306 21 view .LVU181
 461              	.LVL43:
 310:FreeRTOS/portable/MemMang/heap_4.c ****                     pxBlock->pxNextFreeBlock = heapPROTECT_BLOCK_POINTER( NULL );
 462              		.loc 1 310 21 view .LVU182
 463 009c 41F00041 		orr	r1, r1, #-2147483648
 464              	.LVL44:
ARM GAS  C:\Users\user\AppData\Local\Temp\ccynTdHu.s 			page 21


 310:FreeRTOS/portable/MemMang/heap_4.c ****                     pxBlock->pxNextFreeBlock = heapPROTECT_BLOCK_POINTER( NULL );
 465              		.loc 1 310 21 is_stmt 0 view .LVU183
 466 00a0 5960     		str	r1, [r3, #4]
 467              	.LVL45:
 311:FreeRTOS/portable/MemMang/heap_4.c ****                     xNumberOfSuccessfulAllocations++;
 468              		.loc 1 311 21 is_stmt 1 view .LVU184
 311:FreeRTOS/portable/MemMang/heap_4.c ****                     xNumberOfSuccessfulAllocations++;
 469              		.loc 1 311 46 is_stmt 0 view .LVU185
 470 00a2 0022     		movs	r2, #0
 471 00a4 1A60     		str	r2, [r3]
 312:FreeRTOS/portable/MemMang/heap_4.c ****                 }
 472              		.loc 1 312 21 is_stmt 1 view .LVU186
 312:FreeRTOS/portable/MemMang/heap_4.c ****                 }
 473              		.loc 1 312 51 is_stmt 0 view .LVU187
 474 00a6 0D4A     		ldr	r2, .L34+16
 475 00a8 1368     		ldr	r3, [r2]
 476              	.LVL46:
 312:FreeRTOS/portable/MemMang/heap_4.c ****                 }
 477              		.loc 1 312 51 view .LVU188
 478 00aa 0133     		adds	r3, r3, #1
 479 00ac 1360     		str	r3, [r2]
 480              	.LVL47:
 481              	.L20:
 326:FreeRTOS/portable/MemMang/heap_4.c ****         }
 482              		.loc 1 326 37 is_stmt 1 view .LVU189
 329:FreeRTOS/portable/MemMang/heap_4.c **** 
 483              		.loc 1 329 53 view .LVU190
 332:FreeRTOS/portable/MemMang/heap_4.c ****     }
 484              		.loc 1 332 9 view .LVU191
 334:FreeRTOS/portable/MemMang/heap_4.c **** 
 485              		.loc 1 334 5 view .LVU192
 334:FreeRTOS/portable/MemMang/heap_4.c **** 
 486              		.loc 1 334 14 is_stmt 0 view .LVU193
 487 00ae FFF7FEFF 		bl	xTaskResumeAll
 488              	.LVL48:
 349:FreeRTOS/portable/MemMang/heap_4.c ****     return pvReturn;
 489              		.loc 1 349 90 is_stmt 1 view .LVU194
 350:FreeRTOS/portable/MemMang/heap_4.c **** }
 490              		.loc 1 350 5 view .LVU195
 351:FreeRTOS/portable/MemMang/heap_4.c **** /*-----------------------------------------------------------*/
 491              		.loc 1 351 1 is_stmt 0 view .LVU196
 492 00b2 2846     		mov	r0, r5
 493 00b4 38BD     		pop	{r3, r4, r5, pc}
 494              	.LVL49:
 495              	.L27:
 178:FreeRTOS/portable/MemMang/heap_4.c ****     size_t xAdditionalRequiredSize;
 496              		.loc 1 178 12 view .LVU197
 497 00b6 0023     		movs	r3, #0
 498 00b8 1D46     		mov	r5, r3
 499 00ba F8E7     		b	.L20
 500              	.L28:
 501 00bc 2546     		mov	r5, r4
 502 00be F6E7     		b	.L20
 503              	.L29:
 178:FreeRTOS/portable/MemMang/heap_4.c ****     size_t xAdditionalRequiredSize;
 504              		.loc 1 178 12 view .LVU198
 505 00c0 0023     		movs	r3, #0
ARM GAS  C:\Users\user\AppData\Local\Temp\ccynTdHu.s 			page 22


 506 00c2 1D46     		mov	r5, r3
 507 00c4 F3E7     		b	.L20
 508              	.LVL50:
 509              	.L31:
 178:FreeRTOS/portable/MemMang/heap_4.c ****     size_t xAdditionalRequiredSize;
 510              		.loc 1 178 12 view .LVU199
 511 00c6 0023     		movs	r3, #0
 512              	.LVL51:
 178:FreeRTOS/portable/MemMang/heap_4.c ****     size_t xAdditionalRequiredSize;
 513              		.loc 1 178 12 view .LVU200
 514 00c8 1D46     		mov	r5, r3
 515 00ca F0E7     		b	.L20
 516              	.L35:
 517              		.align	2
 518              	.L34:
 519 00cc 00000000 		.word	pxEnd
 520 00d0 00000000 		.word	xFreeBytesRemaining
 521 00d4 00000000 		.word	xStart
 522 00d8 00000000 		.word	xMinimumEverFreeBytesRemaining
 523 00dc 00000000 		.word	xNumberOfSuccessfulAllocations
 524              		.cfi_endproc
 525              	.LFE138:
 527              		.section	.text.vPortFree,"ax",%progbits
 528              		.align	1
 529              		.global	vPortFree
 530              		.syntax unified
 531              		.thumb
 532              		.thumb_func
 534              	vPortFree:
 535              	.LVL52:
 536              	.LFB139:
 355:FreeRTOS/portable/MemMang/heap_4.c ****     uint8_t * puc = ( uint8_t * ) pv;
 537              		.loc 1 355 1 is_stmt 1 view -0
 538              		.cfi_startproc
 539              		@ args = 0, pretend = 0, frame = 0
 540              		@ frame_needed = 0, uses_anonymous_args = 0
 356:FreeRTOS/portable/MemMang/heap_4.c ****     BlockLink_t * pxLink;
 541              		.loc 1 356 5 view .LVU202
 357:FreeRTOS/portable/MemMang/heap_4.c **** 
 542              		.loc 1 357 5 view .LVU203
 359:FreeRTOS/portable/MemMang/heap_4.c ****     {
 543              		.loc 1 359 5 view .LVU204
 359:FreeRTOS/portable/MemMang/heap_4.c ****     {
 544              		.loc 1 359 7 is_stmt 0 view .LVU205
 545 0000 18B3     		cbz	r0, .L39
 355:FreeRTOS/portable/MemMang/heap_4.c ****     uint8_t * puc = ( uint8_t * ) pv;
 546              		.loc 1 355 1 view .LVU206
 547 0002 38B5     		push	{r3, r4, r5, lr}
 548              	.LCFI1:
 549              		.cfi_def_cfa_offset 16
 550              		.cfi_offset 3, -16
 551              		.cfi_offset 4, -12
 552              		.cfi_offset 5, -8
 553              		.cfi_offset 14, -4
 554 0004 0446     		mov	r4, r0
 363:FreeRTOS/portable/MemMang/heap_4.c **** 
 555              		.loc 1 363 9 is_stmt 1 view .LVU207
ARM GAS  C:\Users\user\AppData\Local\Temp\ccynTdHu.s 			page 23


 363:FreeRTOS/portable/MemMang/heap_4.c **** 
 556              		.loc 1 363 13 is_stmt 0 view .LVU208
 557 0006 A0F10803 		sub	r3, r0, #8
 558 000a 1D46     		mov	r5, r3
 559              	.LVL53:
 366:FreeRTOS/portable/MemMang/heap_4.c **** 
 560              		.loc 1 366 9 is_stmt 1 view .LVU209
 368:FreeRTOS/portable/MemMang/heap_4.c ****         configASSERT( heapBLOCK_IS_ALLOCATED( pxLink ) != 0 );
 561              		.loc 1 368 45 view .LVU210
 369:FreeRTOS/portable/MemMang/heap_4.c ****         configASSERT( pxLink->pxNextFreeBlock == heapPROTECT_BLOCK_POINTER( NULL ) );
 562              		.loc 1 369 62 view .LVU211
 370:FreeRTOS/portable/MemMang/heap_4.c **** 
 563              		.loc 1 370 85 view .LVU212
 372:FreeRTOS/portable/MemMang/heap_4.c ****         {
 564              		.loc 1 372 9 view .LVU213
 372:FreeRTOS/portable/MemMang/heap_4.c ****         {
 565              		.loc 1 372 13 is_stmt 0 view .LVU214
 566 000c 50F8043C 		ldr	r3, [r0, #-4]
 567              	.LVL54:
 372:FreeRTOS/portable/MemMang/heap_4.c ****         {
 568              		.loc 1 372 11 view .LVU215
 569 0010 002B     		cmp	r3, #0
 570 0012 00DB     		blt	.L42
 571              	.LVL55:
 572              	.L36:
 410:FreeRTOS/portable/MemMang/heap_4.c **** /*-----------------------------------------------------------*/
 573              		.loc 1 410 1 view .LVU216
 574 0014 38BD     		pop	{r3, r4, r5, pc}
 575              	.LVL56:
 576              	.L42:
 374:FreeRTOS/portable/MemMang/heap_4.c ****             {
 577              		.loc 1 374 13 is_stmt 1 view .LVU217
 374:FreeRTOS/portable/MemMang/heap_4.c ****             {
 578              		.loc 1 374 23 is_stmt 0 view .LVU218
 579 0016 50F8082C 		ldr	r2, [r0, #-8]
 374:FreeRTOS/portable/MemMang/heap_4.c ****             {
 580              		.loc 1 374 15 view .LVU219
 581 001a 002A     		cmp	r2, #0
 582 001c FAD1     		bne	.L36
 378:FreeRTOS/portable/MemMang/heap_4.c ****                 #if ( configHEAP_CLEAR_MEMORY_ON_FREE == 1 )
 583              		.loc 1 378 17 is_stmt 1 view .LVU220
 584 001e 23F00043 		bic	r3, r3, #-2147483648
 585 0022 40F8043C 		str	r3, [r0, #-4]
 390:FreeRTOS/portable/MemMang/heap_4.c ****                 {
 586              		.loc 1 390 17 view .LVU221
 587 0026 FFF7FEFF 		bl	vTaskSuspendAll
 588              	.LVL57:
 393:FreeRTOS/portable/MemMang/heap_4.c ****                     traceFREE( pv, pxLink->xBlockSize );
 589              		.loc 1 393 21 view .LVU222
 393:FreeRTOS/portable/MemMang/heap_4.c ****                     traceFREE( pv, pxLink->xBlockSize );
 590              		.loc 1 393 50 is_stmt 0 view .LVU223
 591 002a 54F8041C 		ldr	r1, [r4, #-4]
 393:FreeRTOS/portable/MemMang/heap_4.c ****                     traceFREE( pv, pxLink->xBlockSize );
 592              		.loc 1 393 41 view .LVU224
 593 002e 074A     		ldr	r2, .L43
 594 0030 1368     		ldr	r3, [r2]
 595 0032 0B44     		add	r3, r3, r1
ARM GAS  C:\Users\user\AppData\Local\Temp\ccynTdHu.s 			page 24


 596 0034 1360     		str	r3, [r2]
 394:FreeRTOS/portable/MemMang/heap_4.c ****                     prvInsertBlockIntoFreeList( ( ( BlockLink_t * ) pxLink ) );
 597              		.loc 1 394 56 is_stmt 1 view .LVU225
 395:FreeRTOS/portable/MemMang/heap_4.c ****                     xNumberOfSuccessfulFrees++;
 598              		.loc 1 395 21 view .LVU226
 599 0036 2846     		mov	r0, r5
 600 0038 FFF7FEFF 		bl	prvInsertBlockIntoFreeList
 601              	.LVL58:
 396:FreeRTOS/portable/MemMang/heap_4.c ****                 }
 602              		.loc 1 396 21 view .LVU227
 396:FreeRTOS/portable/MemMang/heap_4.c ****                 }
 603              		.loc 1 396 45 is_stmt 0 view .LVU228
 604 003c 044A     		ldr	r2, .L43+4
 605 003e 1368     		ldr	r3, [r2]
 606 0040 0133     		adds	r3, r3, #1
 607 0042 1360     		str	r3, [r2]
 398:FreeRTOS/portable/MemMang/heap_4.c ****             }
 608              		.loc 1 398 17 is_stmt 1 view .LVU229
 398:FreeRTOS/portable/MemMang/heap_4.c ****             }
 609              		.loc 1 398 26 is_stmt 0 view .LVU230
 610 0044 FFF7FEFF 		bl	xTaskResumeAll
 611              	.LVL59:
 407:FreeRTOS/portable/MemMang/heap_4.c ****         }
 612              		.loc 1 407 37 is_stmt 1 view .LVU231
 410:FreeRTOS/portable/MemMang/heap_4.c **** /*-----------------------------------------------------------*/
 613              		.loc 1 410 1 is_stmt 0 view .LVU232
 614 0048 E4E7     		b	.L36
 615              	.LVL60:
 616              	.L39:
 617              	.LCFI2:
 618              		.cfi_def_cfa_offset 0
 619              		.cfi_restore 3
 620              		.cfi_restore 4
 621              		.cfi_restore 5
 622              		.cfi_restore 14
 410:FreeRTOS/portable/MemMang/heap_4.c **** /*-----------------------------------------------------------*/
 623              		.loc 1 410 1 view .LVU233
 624 004a 7047     		bx	lr
 625              	.L44:
 626              		.align	2
 627              	.L43:
 628 004c 00000000 		.word	xFreeBytesRemaining
 629 0050 00000000 		.word	xNumberOfSuccessfulFrees
 630              		.cfi_endproc
 631              	.LFE139:
 633              		.section	.text.xPortGetFreeHeapSize,"ax",%progbits
 634              		.align	1
 635              		.global	xPortGetFreeHeapSize
 636              		.syntax unified
 637              		.thumb
 638              		.thumb_func
 640              	xPortGetFreeHeapSize:
 641              	.LFB140:
 414:FreeRTOS/portable/MemMang/heap_4.c ****     return xFreeBytesRemaining;
 642              		.loc 1 414 1 is_stmt 1 view -0
 643              		.cfi_startproc
 644              		@ args = 0, pretend = 0, frame = 0
ARM GAS  C:\Users\user\AppData\Local\Temp\ccynTdHu.s 			page 25


 645              		@ frame_needed = 0, uses_anonymous_args = 0
 646              		@ link register save eliminated.
 415:FreeRTOS/portable/MemMang/heap_4.c **** }
 647              		.loc 1 415 5 view .LVU235
 416:FreeRTOS/portable/MemMang/heap_4.c **** /*-----------------------------------------------------------*/
 648              		.loc 1 416 1 is_stmt 0 view .LVU236
 649 0000 014B     		ldr	r3, .L46
 650 0002 1868     		ldr	r0, [r3]
 651 0004 7047     		bx	lr
 652              	.L47:
 653 0006 00BF     		.align	2
 654              	.L46:
 655 0008 00000000 		.word	xFreeBytesRemaining
 656              		.cfi_endproc
 657              	.LFE140:
 659              		.section	.text.xPortGetMinimumEverFreeHeapSize,"ax",%progbits
 660              		.align	1
 661              		.global	xPortGetMinimumEverFreeHeapSize
 662              		.syntax unified
 663              		.thumb
 664              		.thumb_func
 666              	xPortGetMinimumEverFreeHeapSize:
 667              	.LFB141:
 420:FreeRTOS/portable/MemMang/heap_4.c ****     return xMinimumEverFreeBytesRemaining;
 668              		.loc 1 420 1 is_stmt 1 view -0
 669              		.cfi_startproc
 670              		@ args = 0, pretend = 0, frame = 0
 671              		@ frame_needed = 0, uses_anonymous_args = 0
 672              		@ link register save eliminated.
 421:FreeRTOS/portable/MemMang/heap_4.c **** }
 673              		.loc 1 421 5 view .LVU238
 422:FreeRTOS/portable/MemMang/heap_4.c **** /*-----------------------------------------------------------*/
 674              		.loc 1 422 1 is_stmt 0 view .LVU239
 675 0000 014B     		ldr	r3, .L49
 676 0002 1868     		ldr	r0, [r3]
 677 0004 7047     		bx	lr
 678              	.L50:
 679 0006 00BF     		.align	2
 680              	.L49:
 681 0008 00000000 		.word	xMinimumEverFreeBytesRemaining
 682              		.cfi_endproc
 683              	.LFE141:
 685              		.section	.text.xPortResetHeapMinimumEverFreeHeapSize,"ax",%progbits
 686              		.align	1
 687              		.global	xPortResetHeapMinimumEverFreeHeapSize
 688              		.syntax unified
 689              		.thumb
 690              		.thumb_func
 692              	xPortResetHeapMinimumEverFreeHeapSize:
 693              	.LFB142:
 426:FreeRTOS/portable/MemMang/heap_4.c ****     xMinimumEverFreeBytesRemaining = xFreeBytesRemaining;
 694              		.loc 1 426 1 is_stmt 1 view -0
 695              		.cfi_startproc
 696              		@ args = 0, pretend = 0, frame = 0
 697              		@ frame_needed = 0, uses_anonymous_args = 0
 698              		@ link register save eliminated.
 427:FreeRTOS/portable/MemMang/heap_4.c **** }
ARM GAS  C:\Users\user\AppData\Local\Temp\ccynTdHu.s 			page 26


 699              		.loc 1 427 5 view .LVU241
 427:FreeRTOS/portable/MemMang/heap_4.c **** }
 700              		.loc 1 427 36 is_stmt 0 view .LVU242
 701 0000 024B     		ldr	r3, .L52
 702 0002 1A68     		ldr	r2, [r3]
 703 0004 024B     		ldr	r3, .L52+4
 704 0006 1A60     		str	r2, [r3]
 428:FreeRTOS/portable/MemMang/heap_4.c **** /*-----------------------------------------------------------*/
 705              		.loc 1 428 1 view .LVU243
 706 0008 7047     		bx	lr
 707              	.L53:
 708 000a 00BF     		.align	2
 709              	.L52:
 710 000c 00000000 		.word	xFreeBytesRemaining
 711 0010 00000000 		.word	xMinimumEverFreeBytesRemaining
 712              		.cfi_endproc
 713              	.LFE142:
 715              		.section	.text.vPortInitialiseBlocks,"ax",%progbits
 716              		.align	1
 717              		.global	vPortInitialiseBlocks
 718              		.syntax unified
 719              		.thumb
 720              		.thumb_func
 722              	vPortInitialiseBlocks:
 723              	.LFB143:
 432:FreeRTOS/portable/MemMang/heap_4.c ****     /* This just exists to keep the linker quiet. */
 724              		.loc 1 432 1 is_stmt 1 view -0
 725              		.cfi_startproc
 726              		@ args = 0, pretend = 0, frame = 0
 727              		@ frame_needed = 0, uses_anonymous_args = 0
 728              		@ link register save eliminated.
 434:FreeRTOS/portable/MemMang/heap_4.c **** /*-----------------------------------------------------------*/
 729              		.loc 1 434 1 view .LVU245
 730 0000 7047     		bx	lr
 731              		.cfi_endproc
 732              	.LFE143:
 734              		.section	.text.pvPortCalloc,"ax",%progbits
 735              		.align	1
 736              		.global	pvPortCalloc
 737              		.syntax unified
 738              		.thumb
 739              		.thumb_func
 741              	pvPortCalloc:
 742              	.LVL61:
 743              	.LFB144:
 439:FreeRTOS/portable/MemMang/heap_4.c ****     void * pv = NULL;
 744              		.loc 1 439 1 view -0
 745              		.cfi_startproc
 746              		@ args = 0, pretend = 0, frame = 0
 747              		@ frame_needed = 0, uses_anonymous_args = 0
 439:FreeRTOS/portable/MemMang/heap_4.c ****     void * pv = NULL;
 748              		.loc 1 439 1 is_stmt 0 view .LVU247
 749 0000 38B5     		push	{r3, r4, r5, lr}
 750              	.LCFI3:
 751              		.cfi_def_cfa_offset 16
 752              		.cfi_offset 3, -16
 753              		.cfi_offset 4, -12
ARM GAS  C:\Users\user\AppData\Local\Temp\ccynTdHu.s 			page 27


 754              		.cfi_offset 5, -8
 755              		.cfi_offset 14, -4
 440:FreeRTOS/portable/MemMang/heap_4.c **** 
 756              		.loc 1 440 5 is_stmt 1 view .LVU248
 757              	.LVL62:
 442:FreeRTOS/portable/MemMang/heap_4.c ****     {
 758              		.loc 1 442 5 view .LVU249
 442:FreeRTOS/portable/MemMang/heap_4.c ****     {
 759              		.loc 1 442 9 is_stmt 0 view .LVU250
 760 0002 0346     		mov	r3, r0
 761 0004 20B1     		cbz	r0, .L56
 762 0006 0022     		movs	r2, #0
 763 0008 A1FB00C0 		umull	ip, r0, r1, r0
 764              	.LVL63:
 442:FreeRTOS/portable/MemMang/heap_4.c ****     {
 765              		.loc 1 442 9 view .LVU251
 766 000c 70B9     		cbnz	r0, .L62
 767              	.L57:
 442:FreeRTOS/portable/MemMang/heap_4.c ****     {
 768              		.loc 1 442 9 discriminator 1 view .LVU252
 769 000e 7AB9     		cbnz	r2, .L60
 770              	.L56:
 444:FreeRTOS/portable/MemMang/heap_4.c **** 
 771              		.loc 1 444 9 is_stmt 1 view .LVU253
 444:FreeRTOS/portable/MemMang/heap_4.c **** 
 772              		.loc 1 444 14 is_stmt 0 view .LVU254
 773 0010 01FB03F3 		mul	r3, r1, r3
 774              	.LVL64:
 444:FreeRTOS/portable/MemMang/heap_4.c **** 
 775              		.loc 1 444 14 view .LVU255
 776 0014 1C46     		mov	r4, r3
 777 0016 1846     		mov	r0, r3
 778 0018 FFF7FEFF 		bl	pvPortMalloc
 779              	.LVL65:
 446:FreeRTOS/portable/MemMang/heap_4.c ****         {
 780              		.loc 1 446 9 is_stmt 1 view .LVU256
 446:FreeRTOS/portable/MemMang/heap_4.c ****         {
 781              		.loc 1 446 11 is_stmt 0 view .LVU257
 782 001c 0546     		mov	r5, r0
 783 001e 18B1     		cbz	r0, .L55
 448:FreeRTOS/portable/MemMang/heap_4.c ****         }
 784              		.loc 1 448 13 is_stmt 1 view .LVU258
 448:FreeRTOS/portable/MemMang/heap_4.c ****         }
 785              		.loc 1 448 22 is_stmt 0 view .LVU259
 786 0020 2246     		mov	r2, r4
 787 0022 0021     		movs	r1, #0
 788 0024 FFF7FEFF 		bl	memset
 789              	.LVL66:
 790              	.L55:
 453:FreeRTOS/portable/MemMang/heap_4.c **** /*-----------------------------------------------------------*/
 791              		.loc 1 453 1 view .LVU260
 792 0028 2846     		mov	r0, r5
 793 002a 38BD     		pop	{r3, r4, r5, pc}
 794              	.LVL67:
 795              	.L62:
 453:FreeRTOS/portable/MemMang/heap_4.c **** /*-----------------------------------------------------------*/
 796              		.loc 1 453 1 view .LVU261
ARM GAS  C:\Users\user\AppData\Local\Temp\ccynTdHu.s 			page 28


 797 002c 0122     		movs	r2, #1
 798 002e EEE7     		b	.L57
 799              	.L60:
 440:FreeRTOS/portable/MemMang/heap_4.c **** 
 800              		.loc 1 440 12 view .LVU262
 801 0030 0023     		movs	r3, #0
 802              	.LVL68:
 440:FreeRTOS/portable/MemMang/heap_4.c **** 
 803              		.loc 1 440 12 view .LVU263
 804 0032 1D46     		mov	r5, r3
 452:FreeRTOS/portable/MemMang/heap_4.c **** }
 805              		.loc 1 452 5 is_stmt 1 view .LVU264
 452:FreeRTOS/portable/MemMang/heap_4.c **** }
 806              		.loc 1 452 12 is_stmt 0 view .LVU265
 807 0034 F8E7     		b	.L55
 808              		.cfi_endproc
 809              	.LFE144:
 811              		.section	.text.vPortGetHeapStats,"ax",%progbits
 812              		.align	1
 813              		.global	vPortGetHeapStats
 814              		.syntax unified
 815              		.thumb
 816              		.thumb_func
 818              	vPortGetHeapStats:
 819              	.LVL69:
 820              	.LFB147:
 570:FreeRTOS/portable/MemMang/heap_4.c **** /*-----------------------------------------------------------*/
 571:FreeRTOS/portable/MemMang/heap_4.c **** 
 572:FreeRTOS/portable/MemMang/heap_4.c **** void vPortGetHeapStats( HeapStats_t * pxHeapStats )
 573:FreeRTOS/portable/MemMang/heap_4.c **** {
 821              		.loc 1 573 1 is_stmt 1 view -0
 822              		.cfi_startproc
 823              		@ args = 0, pretend = 0, frame = 0
 824              		@ frame_needed = 0, uses_anonymous_args = 0
 825              		.loc 1 573 1 is_stmt 0 view .LVU267
 826 0000 F8B5     		push	{r3, r4, r5, r6, r7, lr}
 827              	.LCFI4:
 828              		.cfi_def_cfa_offset 24
 829              		.cfi_offset 3, -24
 830              		.cfi_offset 4, -20
 831              		.cfi_offset 5, -16
 832              		.cfi_offset 6, -12
 833              		.cfi_offset 7, -8
 834              		.cfi_offset 14, -4
 835 0002 0746     		mov	r7, r0
 574:FreeRTOS/portable/MemMang/heap_4.c ****     BlockLink_t * pxBlock;
 836              		.loc 1 574 5 is_stmt 1 view .LVU268
 575:FreeRTOS/portable/MemMang/heap_4.c ****     size_t xBlocks = 0, xMaxSize = 0, xMinSize = SIZE_MAX;
 837              		.loc 1 575 5 view .LVU269
 838              	.LVL70:
 576:FreeRTOS/portable/MemMang/heap_4.c **** 
 577:FreeRTOS/portable/MemMang/heap_4.c ****     vTaskSuspendAll();
 839              		.loc 1 577 5 view .LVU270
 840 0004 FFF7FEFF 		bl	vTaskSuspendAll
 841              	.LVL71:
 578:FreeRTOS/portable/MemMang/heap_4.c ****     {
 579:FreeRTOS/portable/MemMang/heap_4.c ****         pxBlock = heapPROTECT_BLOCK_POINTER( xStart.pxNextFreeBlock );
ARM GAS  C:\Users\user\AppData\Local\Temp\ccynTdHu.s 			page 29


 842              		.loc 1 579 9 view .LVU271
 843              		.loc 1 579 17 is_stmt 0 view .LVU272
 844 0008 174B     		ldr	r3, .L74
 845 000a 1B68     		ldr	r3, [r3]
 846              	.LVL72:
 580:FreeRTOS/portable/MemMang/heap_4.c **** 
 581:FreeRTOS/portable/MemMang/heap_4.c ****         /* pxBlock will be NULL if the heap has not been initialised.  The heap
 582:FreeRTOS/portable/MemMang/heap_4.c ****          * is initialised automatically when the first allocation is made. */
 583:FreeRTOS/portable/MemMang/heap_4.c ****         if( pxBlock != NULL )
 847              		.loc 1 583 9 is_stmt 1 view .LVU273
 848              		.loc 1 583 11 is_stmt 0 view .LVU274
 849 000c 23B1     		cbz	r3, .L73
 575:FreeRTOS/portable/MemMang/heap_4.c **** 
 850              		.loc 1 575 39 view .LVU275
 851 000e 4FF0FF36 		mov	r6, #-1
 575:FreeRTOS/portable/MemMang/heap_4.c **** 
 852              		.loc 1 575 25 view .LVU276
 853 0012 0025     		movs	r5, #0
 575:FreeRTOS/portable/MemMang/heap_4.c **** 
 854              		.loc 1 575 12 view .LVU277
 855 0014 2C46     		mov	r4, r5
 856 0016 1AE0     		b	.L64
 857              	.L73:
 575:FreeRTOS/portable/MemMang/heap_4.c **** 
 858              		.loc 1 575 39 view .LVU278
 859 0018 4FF0FF36 		mov	r6, #-1
 575:FreeRTOS/portable/MemMang/heap_4.c **** 
 860              		.loc 1 575 25 view .LVU279
 861 001c 1D46     		mov	r5, r3
 575:FreeRTOS/portable/MemMang/heap_4.c **** 
 862              		.loc 1 575 12 view .LVU280
 863 001e 1C46     		mov	r4, r3
 864              	.LVL73:
 865              	.L65:
 584:FreeRTOS/portable/MemMang/heap_4.c ****         {
 585:FreeRTOS/portable/MemMang/heap_4.c ****             while( pxBlock != pxEnd )
 586:FreeRTOS/portable/MemMang/heap_4.c ****             {
 587:FreeRTOS/portable/MemMang/heap_4.c ****                 /* Increment the number of blocks and record the largest block seen
 588:FreeRTOS/portable/MemMang/heap_4.c ****                  * so far. */
 589:FreeRTOS/portable/MemMang/heap_4.c ****                 xBlocks++;
 590:FreeRTOS/portable/MemMang/heap_4.c **** 
 591:FreeRTOS/portable/MemMang/heap_4.c ****                 if( pxBlock->xBlockSize > xMaxSize )
 592:FreeRTOS/portable/MemMang/heap_4.c ****                 {
 593:FreeRTOS/portable/MemMang/heap_4.c ****                     xMaxSize = pxBlock->xBlockSize;
 594:FreeRTOS/portable/MemMang/heap_4.c ****                 }
 595:FreeRTOS/portable/MemMang/heap_4.c **** 
 596:FreeRTOS/portable/MemMang/heap_4.c ****                 if( pxBlock->xBlockSize < xMinSize )
 597:FreeRTOS/portable/MemMang/heap_4.c ****                 {
 598:FreeRTOS/portable/MemMang/heap_4.c ****                     xMinSize = pxBlock->xBlockSize;
 599:FreeRTOS/portable/MemMang/heap_4.c ****                 }
 600:FreeRTOS/portable/MemMang/heap_4.c **** 
 601:FreeRTOS/portable/MemMang/heap_4.c ****                 /* Move to the next block in the chain until the last block is
 602:FreeRTOS/portable/MemMang/heap_4.c ****                  * reached. */
 603:FreeRTOS/portable/MemMang/heap_4.c ****                 pxBlock = heapPROTECT_BLOCK_POINTER( pxBlock->pxNextFreeBlock );
 604:FreeRTOS/portable/MemMang/heap_4.c ****             }
 605:FreeRTOS/portable/MemMang/heap_4.c ****         }
 606:FreeRTOS/portable/MemMang/heap_4.c ****     }
ARM GAS  C:\Users\user\AppData\Local\Temp\ccynTdHu.s 			page 30


 607:FreeRTOS/portable/MemMang/heap_4.c ****     ( void ) xTaskResumeAll();
 866              		.loc 1 607 5 is_stmt 1 view .LVU281
 867              		.loc 1 607 14 is_stmt 0 view .LVU282
 868 0020 FFF7FEFF 		bl	xTaskResumeAll
 869              	.LVL74:
 608:FreeRTOS/portable/MemMang/heap_4.c **** 
 609:FreeRTOS/portable/MemMang/heap_4.c ****     pxHeapStats->xSizeOfLargestFreeBlockInBytes = xMaxSize;
 870              		.loc 1 609 5 is_stmt 1 view .LVU283
 871              		.loc 1 609 49 is_stmt 0 view .LVU284
 872 0024 7D60     		str	r5, [r7, #4]
 610:FreeRTOS/portable/MemMang/heap_4.c ****     pxHeapStats->xSizeOfSmallestFreeBlockInBytes = xMinSize;
 873              		.loc 1 610 5 is_stmt 1 view .LVU285
 874              		.loc 1 610 50 is_stmt 0 view .LVU286
 875 0026 BE60     		str	r6, [r7, #8]
 611:FreeRTOS/portable/MemMang/heap_4.c ****     pxHeapStats->xNumberOfFreeBlocks = xBlocks;
 876              		.loc 1 611 5 is_stmt 1 view .LVU287
 877              		.loc 1 611 38 is_stmt 0 view .LVU288
 878 0028 FC60     		str	r4, [r7, #12]
 612:FreeRTOS/portable/MemMang/heap_4.c **** 
 613:FreeRTOS/portable/MemMang/heap_4.c ****     taskENTER_CRITICAL();
 879              		.loc 1 613 5 is_stmt 1 view .LVU289
 880 002a FFF7FEFF 		bl	vPortEnterCritical
 881              	.LVL75:
 614:FreeRTOS/portable/MemMang/heap_4.c ****     {
 615:FreeRTOS/portable/MemMang/heap_4.c ****         pxHeapStats->xAvailableHeapSpaceInBytes = xFreeBytesRemaining;
 882              		.loc 1 615 9 view .LVU290
 883              		.loc 1 615 49 is_stmt 0 view .LVU291
 884 002e 0F4B     		ldr	r3, .L74+4
 885 0030 1B68     		ldr	r3, [r3]
 886 0032 3B60     		str	r3, [r7]
 616:FreeRTOS/portable/MemMang/heap_4.c ****         pxHeapStats->xNumberOfSuccessfulAllocations = xNumberOfSuccessfulAllocations;
 887              		.loc 1 616 9 is_stmt 1 view .LVU292
 888              		.loc 1 616 53 is_stmt 0 view .LVU293
 889 0034 0E4B     		ldr	r3, .L74+8
 890 0036 1B68     		ldr	r3, [r3]
 891 0038 7B61     		str	r3, [r7, #20]
 617:FreeRTOS/portable/MemMang/heap_4.c ****         pxHeapStats->xNumberOfSuccessfulFrees = xNumberOfSuccessfulFrees;
 892              		.loc 1 617 9 is_stmt 1 view .LVU294
 893              		.loc 1 617 47 is_stmt 0 view .LVU295
 894 003a 0E4B     		ldr	r3, .L74+12
 895 003c 1B68     		ldr	r3, [r3]
 896 003e BB61     		str	r3, [r7, #24]
 618:FreeRTOS/portable/MemMang/heap_4.c ****         pxHeapStats->xMinimumEverFreeBytesRemaining = xMinimumEverFreeBytesRemaining;
 897              		.loc 1 618 9 is_stmt 1 view .LVU296
 898              		.loc 1 618 53 is_stmt 0 view .LVU297
 899 0040 0D4B     		ldr	r3, .L74+16
 900 0042 1B68     		ldr	r3, [r3]
 901 0044 3B61     		str	r3, [r7, #16]
 619:FreeRTOS/portable/MemMang/heap_4.c ****     }
 620:FreeRTOS/portable/MemMang/heap_4.c ****     taskEXIT_CRITICAL();
 902              		.loc 1 620 5 is_stmt 1 view .LVU298
 903 0046 FFF7FEFF 		bl	vPortExitCritical
 904              	.LVL76:
 621:FreeRTOS/portable/MemMang/heap_4.c **** }
 905              		.loc 1 621 1 is_stmt 0 view .LVU299
 906 004a F8BD     		pop	{r3, r4, r5, r6, r7, pc}
 907              	.LVL77:
ARM GAS  C:\Users\user\AppData\Local\Temp\ccynTdHu.s 			page 31


 908              	.L67:
 603:FreeRTOS/portable/MemMang/heap_4.c ****             }
 909              		.loc 1 603 17 is_stmt 1 view .LVU300
 603:FreeRTOS/portable/MemMang/heap_4.c ****             }
 910              		.loc 1 603 25 is_stmt 0 view .LVU301
 911 004c 1B68     		ldr	r3, [r3]
 912              	.LVL78:
 913              	.L64:
 585:FreeRTOS/portable/MemMang/heap_4.c ****             {
 914              		.loc 1 585 28 is_stmt 1 view .LVU302
 915 004e 0B4A     		ldr	r2, .L74+20
 916 0050 1268     		ldr	r2, [r2]
 917 0052 9A42     		cmp	r2, r3
 918 0054 E4D0     		beq	.L65
 589:FreeRTOS/portable/MemMang/heap_4.c **** 
 919              		.loc 1 589 17 view .LVU303
 589:FreeRTOS/portable/MemMang/heap_4.c **** 
 920              		.loc 1 589 24 is_stmt 0 view .LVU304
 921 0056 0134     		adds	r4, r4, #1
 922              	.LVL79:
 591:FreeRTOS/portable/MemMang/heap_4.c ****                 {
 923              		.loc 1 591 17 is_stmt 1 view .LVU305
 591:FreeRTOS/portable/MemMang/heap_4.c ****                 {
 924              		.loc 1 591 28 is_stmt 0 view .LVU306
 925 0058 5A68     		ldr	r2, [r3, #4]
 591:FreeRTOS/portable/MemMang/heap_4.c ****                 {
 926              		.loc 1 591 19 view .LVU307
 927 005a AA42     		cmp	r2, r5
 928 005c 00D9     		bls	.L66
 593:FreeRTOS/portable/MemMang/heap_4.c ****                 }
 929              		.loc 1 593 30 view .LVU308
 930 005e 1546     		mov	r5, r2
 931              	.LVL80:
 932              	.L66:
 596:FreeRTOS/portable/MemMang/heap_4.c ****                 {
 933              		.loc 1 596 17 is_stmt 1 view .LVU309
 596:FreeRTOS/portable/MemMang/heap_4.c ****                 {
 934              		.loc 1 596 19 is_stmt 0 view .LVU310
 935 0060 B242     		cmp	r2, r6
 936 0062 F3D2     		bcs	.L67
 598:FreeRTOS/portable/MemMang/heap_4.c ****                 }
 937              		.loc 1 598 30 view .LVU311
 938 0064 1646     		mov	r6, r2
 939              	.LVL81:
 598:FreeRTOS/portable/MemMang/heap_4.c ****                 }
 940              		.loc 1 598 30 view .LVU312
 941 0066 F1E7     		b	.L67
 942              	.L75:
 943              		.align	2
 944              	.L74:
 945 0068 00000000 		.word	xStart
 946 006c 00000000 		.word	xFreeBytesRemaining
 947 0070 00000000 		.word	xNumberOfSuccessfulAllocations
 948 0074 00000000 		.word	xNumberOfSuccessfulFrees
 949 0078 00000000 		.word	xMinimumEverFreeBytesRemaining
 950 007c 00000000 		.word	pxEnd
 951              		.cfi_endproc
ARM GAS  C:\Users\user\AppData\Local\Temp\ccynTdHu.s 			page 32


 952              	.LFE147:
 954              		.section	.text.vPortHeapResetState,"ax",%progbits
 955              		.align	1
 956              		.global	vPortHeapResetState
 957              		.syntax unified
 958              		.thumb
 959              		.thumb_func
 961              	vPortHeapResetState:
 962              	.LFB148:
 622:FreeRTOS/portable/MemMang/heap_4.c **** /*-----------------------------------------------------------*/
 623:FreeRTOS/portable/MemMang/heap_4.c **** 
 624:FreeRTOS/portable/MemMang/heap_4.c **** /*
 625:FreeRTOS/portable/MemMang/heap_4.c ****  * Reset the state in this file. This state is normally initialized at start up.
 626:FreeRTOS/portable/MemMang/heap_4.c ****  * This function must be called by the application before restarting the
 627:FreeRTOS/portable/MemMang/heap_4.c ****  * scheduler.
 628:FreeRTOS/portable/MemMang/heap_4.c ****  */
 629:FreeRTOS/portable/MemMang/heap_4.c **** void vPortHeapResetState( void )
 630:FreeRTOS/portable/MemMang/heap_4.c **** {
 963              		.loc 1 630 1 is_stmt 1 view -0
 964              		.cfi_startproc
 965              		@ args = 0, pretend = 0, frame = 0
 966              		@ frame_needed = 0, uses_anonymous_args = 0
 967              		@ link register save eliminated.
 631:FreeRTOS/portable/MemMang/heap_4.c ****     pxEnd = NULL;
 968              		.loc 1 631 5 view .LVU314
 969              		.loc 1 631 11 is_stmt 0 view .LVU315
 970 0000 0023     		movs	r3, #0
 971 0002 054A     		ldr	r2, .L77
 972 0004 1360     		str	r3, [r2]
 632:FreeRTOS/portable/MemMang/heap_4.c **** 
 633:FreeRTOS/portable/MemMang/heap_4.c ****     xFreeBytesRemaining = ( size_t ) 0U;
 973              		.loc 1 633 5 is_stmt 1 view .LVU316
 974              		.loc 1 633 25 is_stmt 0 view .LVU317
 975 0006 054A     		ldr	r2, .L77+4
 976 0008 1360     		str	r3, [r2]
 634:FreeRTOS/portable/MemMang/heap_4.c ****     xMinimumEverFreeBytesRemaining = ( size_t ) 0U;
 977              		.loc 1 634 5 is_stmt 1 view .LVU318
 978              		.loc 1 634 36 is_stmt 0 view .LVU319
 979 000a 054A     		ldr	r2, .L77+8
 980 000c 1360     		str	r3, [r2]
 635:FreeRTOS/portable/MemMang/heap_4.c ****     xNumberOfSuccessfulAllocations = ( size_t ) 0U;
 981              		.loc 1 635 5 is_stmt 1 view .LVU320
 982              		.loc 1 635 36 is_stmt 0 view .LVU321
 983 000e 054A     		ldr	r2, .L77+12
 984 0010 1360     		str	r3, [r2]
 636:FreeRTOS/portable/MemMang/heap_4.c ****     xNumberOfSuccessfulFrees = ( size_t ) 0U;
 985              		.loc 1 636 5 is_stmt 1 view .LVU322
 986              		.loc 1 636 30 is_stmt 0 view .LVU323
 987 0012 054A     		ldr	r2, .L77+16
 988 0014 1360     		str	r3, [r2]
 637:FreeRTOS/portable/MemMang/heap_4.c **** }
 989              		.loc 1 637 1 view .LVU324
 990 0016 7047     		bx	lr
 991              	.L78:
 992              		.align	2
 993              	.L77:
 994 0018 00000000 		.word	pxEnd
ARM GAS  C:\Users\user\AppData\Local\Temp\ccynTdHu.s 			page 33


 995 001c 00000000 		.word	xFreeBytesRemaining
 996 0020 00000000 		.word	xMinimumEverFreeBytesRemaining
 997 0024 00000000 		.word	xNumberOfSuccessfulAllocations
 998 0028 00000000 		.word	xNumberOfSuccessfulFrees
 999              		.cfi_endproc
 1000              	.LFE148:
 1002              		.section	.bss.xNumberOfSuccessfulFrees,"aw",%nobits
 1003              		.align	2
 1006              	xNumberOfSuccessfulFrees:
 1007 0000 00000000 		.space	4
 1008              		.section	.bss.xNumberOfSuccessfulAllocations,"aw",%nobits
 1009              		.align	2
 1012              	xNumberOfSuccessfulAllocations:
 1013 0000 00000000 		.space	4
 1014              		.section	.bss.xMinimumEverFreeBytesRemaining,"aw",%nobits
 1015              		.align	2
 1018              	xMinimumEverFreeBytesRemaining:
 1019 0000 00000000 		.space	4
 1020              		.section	.bss.xFreeBytesRemaining,"aw",%nobits
 1021              		.align	2
 1024              	xFreeBytesRemaining:
 1025 0000 00000000 		.space	4
 1026              		.section	.bss.pxEnd,"aw",%nobits
 1027              		.align	2
 1030              	pxEnd:
 1031 0000 00000000 		.space	4
 1032              		.section	.bss.xStart,"aw",%nobits
 1033              		.align	2
 1036              	xStart:
 1037 0000 00000000 		.space	8
 1037      00000000 
 1038              		.section	.bss.ucHeap,"aw",%nobits
 1039              		.align	2
 1042              	ucHeap:
 1043 0000 00000000 		.space	15360
 1043      00000000 
 1043      00000000 
 1043      00000000 
 1043      00000000 
 1044              		.text
 1045              	.Letext0:
 1046              		.file 2 "C:/arm-gnu-toolchain-15.3.rel1-mingw-w64-i686-arm-none-eabi/lib/gcc/arm-none-eabi/15.3.1/
 1047              		.file 3 "C:/arm-gnu-toolchain-15.3.rel1-mingw-w64-i686-arm-none-eabi/arm-none-eabi/include/machine
 1048              		.file 4 "C:/arm-gnu-toolchain-15.3.rel1-mingw-w64-i686-arm-none-eabi/arm-none-eabi/include/sys/_st
 1049              		.file 5 "FreeRTOS/portable/GCC/ARM_CM4F/portmacro.h"
 1050              		.file 6 "FreeRTOS/inc/portable.h"
 1051              		.file 7 "FreeRTOS/inc/task.h"
 1052              		.file 8 "C:/arm-gnu-toolchain-15.3.rel1-mingw-w64-i686-arm-none-eabi/arm-none-eabi/include/string.
 1053              		.file 9 "<built-in>"
ARM GAS  C:\Users\user\AppData\Local\Temp\ccynTdHu.s 			page 34


DEFINED SYMBOLS
                            *ABS*:00000000 heap_4.c
C:\Users\user\AppData\Local\Temp\ccynTdHu.s:21     .text.prvHeapInit:00000000 $t
C:\Users\user\AppData\Local\Temp\ccynTdHu.s:26     .text.prvHeapInit:00000000 prvHeapInit
C:\Users\user\AppData\Local\Temp\ccynTdHu.s:122    .text.prvHeapInit:00000044 $d
C:\Users\user\AppData\Local\Temp\ccynTdHu.s:1042   .bss.ucHeap:00000000 ucHeap
C:\Users\user\AppData\Local\Temp\ccynTdHu.s:1036   .bss.xStart:00000000 xStart
C:\Users\user\AppData\Local\Temp\ccynTdHu.s:1030   .bss.pxEnd:00000000 pxEnd
C:\Users\user\AppData\Local\Temp\ccynTdHu.s:1018   .bss.xMinimumEverFreeBytesRemaining:00000000 xMinimumEverFreeBytesRemaining
C:\Users\user\AppData\Local\Temp\ccynTdHu.s:1024   .bss.xFreeBytesRemaining:00000000 xFreeBytesRemaining
C:\Users\user\AppData\Local\Temp\ccynTdHu.s:131    .text.prvInsertBlockIntoFreeList:00000000 $t
C:\Users\user\AppData\Local\Temp\ccynTdHu.s:136    .text.prvInsertBlockIntoFreeList:00000000 prvInsertBlockIntoFreeList
C:\Users\user\AppData\Local\Temp\ccynTdHu.s:243    .text.prvInsertBlockIntoFreeList:00000054 $d
C:\Users\user\AppData\Local\Temp\ccynTdHu.s:249    .text.pvPortMalloc:00000000 $t
C:\Users\user\AppData\Local\Temp\ccynTdHu.s:255    .text.pvPortMalloc:00000000 pvPortMalloc
C:\Users\user\AppData\Local\Temp\ccynTdHu.s:519    .text.pvPortMalloc:000000cc $d
C:\Users\user\AppData\Local\Temp\ccynTdHu.s:1012   .bss.xNumberOfSuccessfulAllocations:00000000 xNumberOfSuccessfulAllocations
C:\Users\user\AppData\Local\Temp\ccynTdHu.s:528    .text.vPortFree:00000000 $t
C:\Users\user\AppData\Local\Temp\ccynTdHu.s:534    .text.vPortFree:00000000 vPortFree
C:\Users\user\AppData\Local\Temp\ccynTdHu.s:628    .text.vPortFree:0000004c $d
C:\Users\user\AppData\Local\Temp\ccynTdHu.s:1006   .bss.xNumberOfSuccessfulFrees:00000000 xNumberOfSuccessfulFrees
C:\Users\user\AppData\Local\Temp\ccynTdHu.s:634    .text.xPortGetFreeHeapSize:00000000 $t
C:\Users\user\AppData\Local\Temp\ccynTdHu.s:640    .text.xPortGetFreeHeapSize:00000000 xPortGetFreeHeapSize
C:\Users\user\AppData\Local\Temp\ccynTdHu.s:655    .text.xPortGetFreeHeapSize:00000008 $d
C:\Users\user\AppData\Local\Temp\ccynTdHu.s:660    .text.xPortGetMinimumEverFreeHeapSize:00000000 $t
C:\Users\user\AppData\Local\Temp\ccynTdHu.s:666    .text.xPortGetMinimumEverFreeHeapSize:00000000 xPortGetMinimumEverFreeHeapSize
C:\Users\user\AppData\Local\Temp\ccynTdHu.s:681    .text.xPortGetMinimumEverFreeHeapSize:00000008 $d
C:\Users\user\AppData\Local\Temp\ccynTdHu.s:686    .text.xPortResetHeapMinimumEverFreeHeapSize:00000000 $t
C:\Users\user\AppData\Local\Temp\ccynTdHu.s:692    .text.xPortResetHeapMinimumEverFreeHeapSize:00000000 xPortResetHeapMinimumEverFreeHeapSize
C:\Users\user\AppData\Local\Temp\ccynTdHu.s:710    .text.xPortResetHeapMinimumEverFreeHeapSize:0000000c $d
C:\Users\user\AppData\Local\Temp\ccynTdHu.s:716    .text.vPortInitialiseBlocks:00000000 $t
C:\Users\user\AppData\Local\Temp\ccynTdHu.s:722    .text.vPortInitialiseBlocks:00000000 vPortInitialiseBlocks
C:\Users\user\AppData\Local\Temp\ccynTdHu.s:735    .text.pvPortCalloc:00000000 $t
C:\Users\user\AppData\Local\Temp\ccynTdHu.s:741    .text.pvPortCalloc:00000000 pvPortCalloc
C:\Users\user\AppData\Local\Temp\ccynTdHu.s:812    .text.vPortGetHeapStats:00000000 $t
C:\Users\user\AppData\Local\Temp\ccynTdHu.s:818    .text.vPortGetHeapStats:00000000 vPortGetHeapStats
C:\Users\user\AppData\Local\Temp\ccynTdHu.s:945    .text.vPortGetHeapStats:00000068 $d
C:\Users\user\AppData\Local\Temp\ccynTdHu.s:955    .text.vPortHeapResetState:00000000 $t
C:\Users\user\AppData\Local\Temp\ccynTdHu.s:961    .text.vPortHeapResetState:00000000 vPortHeapResetState
C:\Users\user\AppData\Local\Temp\ccynTdHu.s:994    .text.vPortHeapResetState:00000018 $d
C:\Users\user\AppData\Local\Temp\ccynTdHu.s:1003   .bss.xNumberOfSuccessfulFrees:00000000 $d
C:\Users\user\AppData\Local\Temp\ccynTdHu.s:1009   .bss.xNumberOfSuccessfulAllocations:00000000 $d
C:\Users\user\AppData\Local\Temp\ccynTdHu.s:1015   .bss.xMinimumEverFreeBytesRemaining:00000000 $d
C:\Users\user\AppData\Local\Temp\ccynTdHu.s:1021   .bss.xFreeBytesRemaining:00000000 $d
C:\Users\user\AppData\Local\Temp\ccynTdHu.s:1027   .bss.pxEnd:00000000 $d
C:\Users\user\AppData\Local\Temp\ccynTdHu.s:1033   .bss.xStart:00000000 $d
C:\Users\user\AppData\Local\Temp\ccynTdHu.s:1039   .bss.ucHeap:00000000 $d

UNDEFINED SYMBOLS
vTaskSuspendAll
xTaskResumeAll
memset
vPortEnterCritical
vPortExitCritical
