ARM GAS  C:\Users\user\AppData\Local\Temp\ccuZOZlR.s 			page 1


   1              		.cpu cortex-m4
   2              		.arch armv7e-m
   3              		.fpu fpv4-sp-d16
   4              		.eabi_attribute 27, 1
   5              		.eabi_attribute 28, 1
   6              		.eabi_attribute 20, 1
   7              		.eabi_attribute 21, 1
   8              		.eabi_attribute 23, 3
   9              		.eabi_attribute 24, 1
  10              		.eabi_attribute 25, 1
  11              		.eabi_attribute 26, 1
  12              		.eabi_attribute 30, 1
  13              		.eabi_attribute 34, 1
  14              		.eabi_attribute 18, 4
  15              		.file	"stm32f4xx_hal_rcc_ex.c"
  16              		.text
  17              	.Ltext0:
  18              		.cfi_sections	.debug_frame
  19              		.file 1 "Drivers/STM32F4xx_HAL_Driver/Src/stm32f4xx_hal_rcc_ex.c"
  20              		.section	.text.HAL_RCCEx_PeriphCLKConfig,"ax",%progbits
  21              		.align	1
  22              		.global	HAL_RCCEx_PeriphCLKConfig
  23              		.syntax unified
  24              		.thumb
  25              		.thumb_func
  27              	HAL_RCCEx_PeriphCLKConfig:
  28              	.LVL0:
  29              	.LFB134:
   1:Drivers/STM32F4xx_HAL_Driver/Src/stm32f4xx_hal_rcc_ex.c **** /**
   2:Drivers/STM32F4xx_HAL_Driver/Src/stm32f4xx_hal_rcc_ex.c ****   ******************************************************************************
   3:Drivers/STM32F4xx_HAL_Driver/Src/stm32f4xx_hal_rcc_ex.c ****   * @file    stm32f4xx_hal_rcc_ex.c
   4:Drivers/STM32F4xx_HAL_Driver/Src/stm32f4xx_hal_rcc_ex.c ****   * @author  MCD Application Team
   5:Drivers/STM32F4xx_HAL_Driver/Src/stm32f4xx_hal_rcc_ex.c ****   * @brief   Extension RCC HAL module driver.
   6:Drivers/STM32F4xx_HAL_Driver/Src/stm32f4xx_hal_rcc_ex.c ****   *          This file provides firmware functions to manage the following
   7:Drivers/STM32F4xx_HAL_Driver/Src/stm32f4xx_hal_rcc_ex.c ****   *          functionalities RCC extension peripheral:
   8:Drivers/STM32F4xx_HAL_Driver/Src/stm32f4xx_hal_rcc_ex.c ****   *           + Extended Peripheral Control functions
   9:Drivers/STM32F4xx_HAL_Driver/Src/stm32f4xx_hal_rcc_ex.c ****   *
  10:Drivers/STM32F4xx_HAL_Driver/Src/stm32f4xx_hal_rcc_ex.c ****   ******************************************************************************
  11:Drivers/STM32F4xx_HAL_Driver/Src/stm32f4xx_hal_rcc_ex.c ****   * @attention
  12:Drivers/STM32F4xx_HAL_Driver/Src/stm32f4xx_hal_rcc_ex.c ****   *
  13:Drivers/STM32F4xx_HAL_Driver/Src/stm32f4xx_hal_rcc_ex.c ****   * Copyright (c) 2017 STMicroelectronics.
  14:Drivers/STM32F4xx_HAL_Driver/Src/stm32f4xx_hal_rcc_ex.c ****   * All rights reserved.
  15:Drivers/STM32F4xx_HAL_Driver/Src/stm32f4xx_hal_rcc_ex.c ****   *
  16:Drivers/STM32F4xx_HAL_Driver/Src/stm32f4xx_hal_rcc_ex.c ****   * This software is licensed under terms that can be found in the LICENSE file in
  17:Drivers/STM32F4xx_HAL_Driver/Src/stm32f4xx_hal_rcc_ex.c ****   * the root directory of this software component.
  18:Drivers/STM32F4xx_HAL_Driver/Src/stm32f4xx_hal_rcc_ex.c ****   * If no LICENSE file comes with this software, it is provided AS-IS.
  19:Drivers/STM32F4xx_HAL_Driver/Src/stm32f4xx_hal_rcc_ex.c ****   ******************************************************************************
  20:Drivers/STM32F4xx_HAL_Driver/Src/stm32f4xx_hal_rcc_ex.c ****   */
  21:Drivers/STM32F4xx_HAL_Driver/Src/stm32f4xx_hal_rcc_ex.c **** 
  22:Drivers/STM32F4xx_HAL_Driver/Src/stm32f4xx_hal_rcc_ex.c **** /* Includes ------------------------------------------------------------------*/
  23:Drivers/STM32F4xx_HAL_Driver/Src/stm32f4xx_hal_rcc_ex.c **** #include "stm32f4xx_hal.h"
  24:Drivers/STM32F4xx_HAL_Driver/Src/stm32f4xx_hal_rcc_ex.c **** 
  25:Drivers/STM32F4xx_HAL_Driver/Src/stm32f4xx_hal_rcc_ex.c **** /** @addtogroup STM32F4xx_HAL_Driver
  26:Drivers/STM32F4xx_HAL_Driver/Src/stm32f4xx_hal_rcc_ex.c ****   * @{
  27:Drivers/STM32F4xx_HAL_Driver/Src/stm32f4xx_hal_rcc_ex.c ****   */
  28:Drivers/STM32F4xx_HAL_Driver/Src/stm32f4xx_hal_rcc_ex.c **** 
  29:Drivers/STM32F4xx_HAL_Driver/Src/stm32f4xx_hal_rcc_ex.c **** /** @defgroup RCCEx RCCEx
ARM GAS  C:\Users\user\AppData\Local\Temp\ccuZOZlR.s 			page 2


  30:Drivers/STM32F4xx_HAL_Driver/Src/stm32f4xx_hal_rcc_ex.c ****   * @brief RCCEx HAL module driver
  31:Drivers/STM32F4xx_HAL_Driver/Src/stm32f4xx_hal_rcc_ex.c ****   * @{
  32:Drivers/STM32F4xx_HAL_Driver/Src/stm32f4xx_hal_rcc_ex.c ****   */
  33:Drivers/STM32F4xx_HAL_Driver/Src/stm32f4xx_hal_rcc_ex.c **** 
  34:Drivers/STM32F4xx_HAL_Driver/Src/stm32f4xx_hal_rcc_ex.c **** #ifdef HAL_RCC_MODULE_ENABLED
  35:Drivers/STM32F4xx_HAL_Driver/Src/stm32f4xx_hal_rcc_ex.c **** 
  36:Drivers/STM32F4xx_HAL_Driver/Src/stm32f4xx_hal_rcc_ex.c **** /* Private typedef -----------------------------------------------------------*/
  37:Drivers/STM32F4xx_HAL_Driver/Src/stm32f4xx_hal_rcc_ex.c **** /* Private define ------------------------------------------------------------*/
  38:Drivers/STM32F4xx_HAL_Driver/Src/stm32f4xx_hal_rcc_ex.c **** /** @addtogroup RCCEx_Private_Constants
  39:Drivers/STM32F4xx_HAL_Driver/Src/stm32f4xx_hal_rcc_ex.c ****   * @{
  40:Drivers/STM32F4xx_HAL_Driver/Src/stm32f4xx_hal_rcc_ex.c ****   */
  41:Drivers/STM32F4xx_HAL_Driver/Src/stm32f4xx_hal_rcc_ex.c **** /**
  42:Drivers/STM32F4xx_HAL_Driver/Src/stm32f4xx_hal_rcc_ex.c ****   * @}
  43:Drivers/STM32F4xx_HAL_Driver/Src/stm32f4xx_hal_rcc_ex.c ****   */
  44:Drivers/STM32F4xx_HAL_Driver/Src/stm32f4xx_hal_rcc_ex.c **** /* Private macro -------------------------------------------------------------*/
  45:Drivers/STM32F4xx_HAL_Driver/Src/stm32f4xx_hal_rcc_ex.c **** /* Private variables ---------------------------------------------------------*/
  46:Drivers/STM32F4xx_HAL_Driver/Src/stm32f4xx_hal_rcc_ex.c **** /* Private function prototypes -----------------------------------------------*/
  47:Drivers/STM32F4xx_HAL_Driver/Src/stm32f4xx_hal_rcc_ex.c **** /* Private functions ---------------------------------------------------------*/
  48:Drivers/STM32F4xx_HAL_Driver/Src/stm32f4xx_hal_rcc_ex.c **** /** @defgroup RCCEx_Exported_Functions RCCEx Exported Functions
  49:Drivers/STM32F4xx_HAL_Driver/Src/stm32f4xx_hal_rcc_ex.c ****   *  @{
  50:Drivers/STM32F4xx_HAL_Driver/Src/stm32f4xx_hal_rcc_ex.c ****   */
  51:Drivers/STM32F4xx_HAL_Driver/Src/stm32f4xx_hal_rcc_ex.c **** 
  52:Drivers/STM32F4xx_HAL_Driver/Src/stm32f4xx_hal_rcc_ex.c **** /** @defgroup RCCEx_Exported_Functions_Group1 Extended Peripheral Control functions
  53:Drivers/STM32F4xx_HAL_Driver/Src/stm32f4xx_hal_rcc_ex.c ****   *  @brief  Extended Peripheral Control functions
  54:Drivers/STM32F4xx_HAL_Driver/Src/stm32f4xx_hal_rcc_ex.c ****   *
  55:Drivers/STM32F4xx_HAL_Driver/Src/stm32f4xx_hal_rcc_ex.c **** @verbatim
  56:Drivers/STM32F4xx_HAL_Driver/Src/stm32f4xx_hal_rcc_ex.c ****  ===============================================================================
  57:Drivers/STM32F4xx_HAL_Driver/Src/stm32f4xx_hal_rcc_ex.c ****                 ##### Extended Peripheral Control functions  #####
  58:Drivers/STM32F4xx_HAL_Driver/Src/stm32f4xx_hal_rcc_ex.c ****  ===============================================================================
  59:Drivers/STM32F4xx_HAL_Driver/Src/stm32f4xx_hal_rcc_ex.c ****     [..]
  60:Drivers/STM32F4xx_HAL_Driver/Src/stm32f4xx_hal_rcc_ex.c ****     This subsection provides a set of functions allowing to control the RCC Clocks
  61:Drivers/STM32F4xx_HAL_Driver/Src/stm32f4xx_hal_rcc_ex.c ****     frequencies.
  62:Drivers/STM32F4xx_HAL_Driver/Src/stm32f4xx_hal_rcc_ex.c ****     [..]
  63:Drivers/STM32F4xx_HAL_Driver/Src/stm32f4xx_hal_rcc_ex.c ****     (@) Important note: Care must be taken when HAL_RCCEx_PeriphCLKConfig() is used to
  64:Drivers/STM32F4xx_HAL_Driver/Src/stm32f4xx_hal_rcc_ex.c ****         select the RTC clock source; in this case the Backup domain will be reset in
  65:Drivers/STM32F4xx_HAL_Driver/Src/stm32f4xx_hal_rcc_ex.c ****         order to modify the RTC Clock source, as consequence RTC registers (including
  66:Drivers/STM32F4xx_HAL_Driver/Src/stm32f4xx_hal_rcc_ex.c ****         the backup registers) and RCC_BDCR register are set to their reset values.
  67:Drivers/STM32F4xx_HAL_Driver/Src/stm32f4xx_hal_rcc_ex.c **** 
  68:Drivers/STM32F4xx_HAL_Driver/Src/stm32f4xx_hal_rcc_ex.c **** @endverbatim
  69:Drivers/STM32F4xx_HAL_Driver/Src/stm32f4xx_hal_rcc_ex.c ****   * @{
  70:Drivers/STM32F4xx_HAL_Driver/Src/stm32f4xx_hal_rcc_ex.c ****   */
  71:Drivers/STM32F4xx_HAL_Driver/Src/stm32f4xx_hal_rcc_ex.c **** 
  72:Drivers/STM32F4xx_HAL_Driver/Src/stm32f4xx_hal_rcc_ex.c **** #if defined(STM32F446xx)
  73:Drivers/STM32F4xx_HAL_Driver/Src/stm32f4xx_hal_rcc_ex.c **** /**
  74:Drivers/STM32F4xx_HAL_Driver/Src/stm32f4xx_hal_rcc_ex.c ****   * @brief  Initializes the RCC extended peripherals clocks according to the specified
  75:Drivers/STM32F4xx_HAL_Driver/Src/stm32f4xx_hal_rcc_ex.c ****   *         parameters in the RCC_PeriphCLKInitTypeDef.
  76:Drivers/STM32F4xx_HAL_Driver/Src/stm32f4xx_hal_rcc_ex.c ****   * @param  PeriphClkInit pointer to an RCC_PeriphCLKInitTypeDef structure that
  77:Drivers/STM32F4xx_HAL_Driver/Src/stm32f4xx_hal_rcc_ex.c ****   *         contains the configuration information for the Extended Peripherals
  78:Drivers/STM32F4xx_HAL_Driver/Src/stm32f4xx_hal_rcc_ex.c ****   *         clocks(I2S, SAI, LTDC RTC and TIM).
  79:Drivers/STM32F4xx_HAL_Driver/Src/stm32f4xx_hal_rcc_ex.c ****   *
  80:Drivers/STM32F4xx_HAL_Driver/Src/stm32f4xx_hal_rcc_ex.c ****   * @note   Care must be taken when HAL_RCCEx_PeriphCLKConfig() is used to select
  81:Drivers/STM32F4xx_HAL_Driver/Src/stm32f4xx_hal_rcc_ex.c ****   *         the RTC clock source; in this case the Backup domain will be reset in
  82:Drivers/STM32F4xx_HAL_Driver/Src/stm32f4xx_hal_rcc_ex.c ****   *         order to modify the RTC Clock source, as consequence RTC registers (including
  83:Drivers/STM32F4xx_HAL_Driver/Src/stm32f4xx_hal_rcc_ex.c ****   *         the backup registers) and RCC_BDCR register are set to their reset values.
  84:Drivers/STM32F4xx_HAL_Driver/Src/stm32f4xx_hal_rcc_ex.c ****   *
  85:Drivers/STM32F4xx_HAL_Driver/Src/stm32f4xx_hal_rcc_ex.c ****   * @retval HAL status
  86:Drivers/STM32F4xx_HAL_Driver/Src/stm32f4xx_hal_rcc_ex.c ****   */
ARM GAS  C:\Users\user\AppData\Local\Temp\ccuZOZlR.s 			page 3


  87:Drivers/STM32F4xx_HAL_Driver/Src/stm32f4xx_hal_rcc_ex.c **** HAL_StatusTypeDef HAL_RCCEx_PeriphCLKConfig(RCC_PeriphCLKInitTypeDef  *PeriphClkInit)
  88:Drivers/STM32F4xx_HAL_Driver/Src/stm32f4xx_hal_rcc_ex.c **** {
  30              		.loc 1 88 1 view -0
  31              		.cfi_startproc
  32              		@ args = 0, pretend = 0, frame = 8
  33              		@ frame_needed = 0, uses_anonymous_args = 0
  34              		.loc 1 88 1 is_stmt 0 view .LVU1
  35 0000 F0B5     		push	{r4, r5, r6, r7, lr}
  36              	.LCFI0:
  37              		.cfi_def_cfa_offset 20
  38              		.cfi_offset 4, -20
  39              		.cfi_offset 5, -16
  40              		.cfi_offset 6, -12
  41              		.cfi_offset 7, -8
  42              		.cfi_offset 14, -4
  43 0002 83B0     		sub	sp, sp, #12
  44              	.LCFI1:
  45              		.cfi_def_cfa_offset 32
  46 0004 0446     		mov	r4, r0
  89:Drivers/STM32F4xx_HAL_Driver/Src/stm32f4xx_hal_rcc_ex.c ****   uint32_t tickstart = 0U;
  47              		.loc 1 89 3 is_stmt 1 view .LVU2
  48              	.LVL1:
  90:Drivers/STM32F4xx_HAL_Driver/Src/stm32f4xx_hal_rcc_ex.c ****   uint32_t tmpreg1 = 0U;
  49              		.loc 1 90 3 view .LVU3
  91:Drivers/STM32F4xx_HAL_Driver/Src/stm32f4xx_hal_rcc_ex.c ****   uint32_t plli2sp = 0U;
  50              		.loc 1 91 3 view .LVU4
  92:Drivers/STM32F4xx_HAL_Driver/Src/stm32f4xx_hal_rcc_ex.c ****   uint32_t plli2sq = 0U;
  51              		.loc 1 92 3 view .LVU5
  93:Drivers/STM32F4xx_HAL_Driver/Src/stm32f4xx_hal_rcc_ex.c ****   uint32_t plli2sr = 0U;
  52              		.loc 1 93 3 view .LVU6
  94:Drivers/STM32F4xx_HAL_Driver/Src/stm32f4xx_hal_rcc_ex.c ****   uint32_t pllsaip = 0U;
  53              		.loc 1 94 3 view .LVU7
  95:Drivers/STM32F4xx_HAL_Driver/Src/stm32f4xx_hal_rcc_ex.c ****   uint32_t pllsaiq = 0U;
  54              		.loc 1 95 3 view .LVU8
  96:Drivers/STM32F4xx_HAL_Driver/Src/stm32f4xx_hal_rcc_ex.c ****   uint32_t plli2sused = 0U;
  55              		.loc 1 96 3 view .LVU9
  97:Drivers/STM32F4xx_HAL_Driver/Src/stm32f4xx_hal_rcc_ex.c ****   uint32_t pllsaiused = 0U;
  56              		.loc 1 97 3 view .LVU10
  98:Drivers/STM32F4xx_HAL_Driver/Src/stm32f4xx_hal_rcc_ex.c **** 
  99:Drivers/STM32F4xx_HAL_Driver/Src/stm32f4xx_hal_rcc_ex.c ****   /* Check the peripheral clock selection parameters */
 100:Drivers/STM32F4xx_HAL_Driver/Src/stm32f4xx_hal_rcc_ex.c ****   assert_param(IS_RCC_PERIPHCLOCK(PeriphClkInit->PeriphClockSelection));
  57              		.loc 1 100 3 view .LVU11
 101:Drivers/STM32F4xx_HAL_Driver/Src/stm32f4xx_hal_rcc_ex.c **** 
 102:Drivers/STM32F4xx_HAL_Driver/Src/stm32f4xx_hal_rcc_ex.c ****   /*------------------------ I2S APB1 configuration --------------------------*/
 103:Drivers/STM32F4xx_HAL_Driver/Src/stm32f4xx_hal_rcc_ex.c ****   if (((PeriphClkInit->PeriphClockSelection) & RCC_PERIPHCLK_I2S_APB1) == (RCC_PERIPHCLK_I2S_APB1))
  58              		.loc 1 103 3 view .LVU12
  59              		.loc 1 103 22 is_stmt 0 view .LVU13
  60 0006 0568     		ldr	r5, [r0]
  61              		.loc 1 103 6 view .LVU14
  62 0008 15F00105 		ands	r5, r5, #1
  63 000c 0BD0     		beq	.L2
 104:Drivers/STM32F4xx_HAL_Driver/Src/stm32f4xx_hal_rcc_ex.c ****   {
 105:Drivers/STM32F4xx_HAL_Driver/Src/stm32f4xx_hal_rcc_ex.c ****     /* Check the parameters */
 106:Drivers/STM32F4xx_HAL_Driver/Src/stm32f4xx_hal_rcc_ex.c ****     assert_param(IS_RCC_I2SAPB1CLKSOURCE(PeriphClkInit->I2sApb1ClockSelection));
  64              		.loc 1 106 5 is_stmt 1 view .LVU15
 107:Drivers/STM32F4xx_HAL_Driver/Src/stm32f4xx_hal_rcc_ex.c **** 
 108:Drivers/STM32F4xx_HAL_Driver/Src/stm32f4xx_hal_rcc_ex.c ****     /* Configure I2S Clock source */
ARM GAS  C:\Users\user\AppData\Local\Temp\ccuZOZlR.s 			page 4


 109:Drivers/STM32F4xx_HAL_Driver/Src/stm32f4xx_hal_rcc_ex.c ****     __HAL_RCC_I2S_APB1_CONFIG(PeriphClkInit->I2sApb1ClockSelection);
  65              		.loc 1 109 5 view .LVU16
  66 000e 974A     		ldr	r2, .L72
  67 0010 D2F88C30 		ldr	r3, [r2, #140]
  68 0014 23F0C063 		bic	r3, r3, #100663296
  69 0018 816B     		ldr	r1, [r0, #56]
  70 001a 0B43     		orrs	r3, r3, r1
  71 001c C2F88C30 		str	r3, [r2, #140]
 110:Drivers/STM32F4xx_HAL_Driver/Src/stm32f4xx_hal_rcc_ex.c ****     /* Enable the PLLI2S when it's used as clock source for I2S */
 111:Drivers/STM32F4xx_HAL_Driver/Src/stm32f4xx_hal_rcc_ex.c ****     if (PeriphClkInit->I2sApb1ClockSelection == RCC_I2SAPB1CLKSOURCE_PLLI2S)
  72              		.loc 1 111 5 view .LVU17
  73              		.loc 1 111 22 is_stmt 0 view .LVU18
  74 0020 836B     		ldr	r3, [r0, #56]
  75              		.loc 1 111 8 view .LVU19
  76 0022 03B1     		cbz	r3, .L2
  96:Drivers/STM32F4xx_HAL_Driver/Src/stm32f4xx_hal_rcc_ex.c ****   uint32_t pllsaiused = 0U;
  77              		.loc 1 96 12 view .LVU20
  78 0024 0025     		movs	r5, #0
  79              	.L2:
  80              	.LVL2:
 112:Drivers/STM32F4xx_HAL_Driver/Src/stm32f4xx_hal_rcc_ex.c ****     {
 113:Drivers/STM32F4xx_HAL_Driver/Src/stm32f4xx_hal_rcc_ex.c ****       plli2sused = 1U;
 114:Drivers/STM32F4xx_HAL_Driver/Src/stm32f4xx_hal_rcc_ex.c ****     }
 115:Drivers/STM32F4xx_HAL_Driver/Src/stm32f4xx_hal_rcc_ex.c ****   }
 116:Drivers/STM32F4xx_HAL_Driver/Src/stm32f4xx_hal_rcc_ex.c ****   /*--------------------------------------------------------------------------*/
 117:Drivers/STM32F4xx_HAL_Driver/Src/stm32f4xx_hal_rcc_ex.c **** 
 118:Drivers/STM32F4xx_HAL_Driver/Src/stm32f4xx_hal_rcc_ex.c ****   /*---------------------------- I2S APB2 configuration ----------------------*/
 119:Drivers/STM32F4xx_HAL_Driver/Src/stm32f4xx_hal_rcc_ex.c ****   if (((PeriphClkInit->PeriphClockSelection) & RCC_PERIPHCLK_I2S_APB2) == (RCC_PERIPHCLK_I2S_APB2))
  81              		.loc 1 119 3 is_stmt 1 view .LVU21
  82              		.loc 1 119 22 is_stmt 0 view .LVU22
  83 0026 2368     		ldr	r3, [r4]
  84              		.loc 1 119 6 view .LVU23
  85 0028 13F0020F 		tst	r3, #2
  86 002c 0BD0     		beq	.L3
 120:Drivers/STM32F4xx_HAL_Driver/Src/stm32f4xx_hal_rcc_ex.c ****   {
 121:Drivers/STM32F4xx_HAL_Driver/Src/stm32f4xx_hal_rcc_ex.c ****     /* Check the parameters */
 122:Drivers/STM32F4xx_HAL_Driver/Src/stm32f4xx_hal_rcc_ex.c ****     assert_param(IS_RCC_I2SAPB2CLKSOURCE(PeriphClkInit->I2sApb2ClockSelection));
  87              		.loc 1 122 5 is_stmt 1 view .LVU24
 123:Drivers/STM32F4xx_HAL_Driver/Src/stm32f4xx_hal_rcc_ex.c **** 
 124:Drivers/STM32F4xx_HAL_Driver/Src/stm32f4xx_hal_rcc_ex.c ****     /* Configure I2S Clock source */
 125:Drivers/STM32F4xx_HAL_Driver/Src/stm32f4xx_hal_rcc_ex.c ****     __HAL_RCC_I2S_APB2_CONFIG(PeriphClkInit->I2sApb2ClockSelection);
  88              		.loc 1 125 5 view .LVU25
  89 002e 8F4A     		ldr	r2, .L72
  90 0030 D2F88C30 		ldr	r3, [r2, #140]
  91 0034 23F0C053 		bic	r3, r3, #402653184
  92 0038 E16B     		ldr	r1, [r4, #60]
  93 003a 0B43     		orrs	r3, r3, r1
  94 003c C2F88C30 		str	r3, [r2, #140]
 126:Drivers/STM32F4xx_HAL_Driver/Src/stm32f4xx_hal_rcc_ex.c ****     /* Enable the PLLI2S when it's used as clock source for I2S */
 127:Drivers/STM32F4xx_HAL_Driver/Src/stm32f4xx_hal_rcc_ex.c ****     if (PeriphClkInit->I2sApb2ClockSelection == RCC_I2SAPB2CLKSOURCE_PLLI2S)
  95              		.loc 1 127 5 view .LVU26
  96              		.loc 1 127 22 is_stmt 0 view .LVU27
  97 0040 E36B     		ldr	r3, [r4, #60]
  98              		.loc 1 127 8 view .LVU28
  99 0042 03B9     		cbnz	r3, .L3
 128:Drivers/STM32F4xx_HAL_Driver/Src/stm32f4xx_hal_rcc_ex.c ****     {
 129:Drivers/STM32F4xx_HAL_Driver/Src/stm32f4xx_hal_rcc_ex.c ****       plli2sused = 1U;
ARM GAS  C:\Users\user\AppData\Local\Temp\ccuZOZlR.s 			page 5


 100              		.loc 1 129 18 view .LVU29
 101 0044 0125     		movs	r5, #1
 102              	.LVL3:
 103              	.L3:
 130:Drivers/STM32F4xx_HAL_Driver/Src/stm32f4xx_hal_rcc_ex.c ****     }
 131:Drivers/STM32F4xx_HAL_Driver/Src/stm32f4xx_hal_rcc_ex.c ****   }
 132:Drivers/STM32F4xx_HAL_Driver/Src/stm32f4xx_hal_rcc_ex.c ****   /*--------------------------------------------------------------------------*/
 133:Drivers/STM32F4xx_HAL_Driver/Src/stm32f4xx_hal_rcc_ex.c **** 
 134:Drivers/STM32F4xx_HAL_Driver/Src/stm32f4xx_hal_rcc_ex.c ****   /*--------------------------- SAI1 configuration ---------------------------*/
 135:Drivers/STM32F4xx_HAL_Driver/Src/stm32f4xx_hal_rcc_ex.c ****   if (((PeriphClkInit->PeriphClockSelection) & RCC_PERIPHCLK_SAI1) == (RCC_PERIPHCLK_SAI1))
 104              		.loc 1 135 3 is_stmt 1 view .LVU30
 105              		.loc 1 135 22 is_stmt 0 view .LVU31
 106 0046 2368     		ldr	r3, [r4]
 107              		.loc 1 135 6 view .LVU32
 108 0048 13F00403 		ands	r3, r3, #4
 109 004c 1F46     		mov	r7, r3
 110 004e 10D0     		beq	.L4
 136:Drivers/STM32F4xx_HAL_Driver/Src/stm32f4xx_hal_rcc_ex.c ****   {
 137:Drivers/STM32F4xx_HAL_Driver/Src/stm32f4xx_hal_rcc_ex.c ****     /* Check the parameters */
 138:Drivers/STM32F4xx_HAL_Driver/Src/stm32f4xx_hal_rcc_ex.c ****     assert_param(IS_RCC_SAI1CLKSOURCE(PeriphClkInit->Sai1ClockSelection));
 111              		.loc 1 138 5 is_stmt 1 view .LVU33
 139:Drivers/STM32F4xx_HAL_Driver/Src/stm32f4xx_hal_rcc_ex.c **** 
 140:Drivers/STM32F4xx_HAL_Driver/Src/stm32f4xx_hal_rcc_ex.c ****     /* Configure SAI1 Clock source */
 141:Drivers/STM32F4xx_HAL_Driver/Src/stm32f4xx_hal_rcc_ex.c ****     __HAL_RCC_SAI1_CONFIG(PeriphClkInit->Sai1ClockSelection);
 112              		.loc 1 141 5 view .LVU34
 113 0050 864A     		ldr	r2, .L72
 114 0052 D2F88C30 		ldr	r3, [r2, #140]
 115 0056 23F44013 		bic	r3, r3, #3145728
 116 005a 216B     		ldr	r1, [r4, #48]
 117 005c 0B43     		orrs	r3, r3, r1
 118 005e C2F88C30 		str	r3, [r2, #140]
 142:Drivers/STM32F4xx_HAL_Driver/Src/stm32f4xx_hal_rcc_ex.c ****     /* Enable the PLLI2S when it's used as clock source for SAI */
 143:Drivers/STM32F4xx_HAL_Driver/Src/stm32f4xx_hal_rcc_ex.c ****     if (PeriphClkInit->Sai1ClockSelection == RCC_SAI1CLKSOURCE_PLLI2S)
 119              		.loc 1 143 5 view .LVU35
 120              		.loc 1 143 22 is_stmt 0 view .LVU36
 121 0062 236B     		ldr	r3, [r4, #48]
 122              		.loc 1 143 8 view .LVU37
 123 0064 B3F5801F 		cmp	r3, #1048576
 124 0068 7AD0     		beq	.L59
 125              	.LVL4:
 126              	.L5:
 144:Drivers/STM32F4xx_HAL_Driver/Src/stm32f4xx_hal_rcc_ex.c ****     {
 145:Drivers/STM32F4xx_HAL_Driver/Src/stm32f4xx_hal_rcc_ex.c ****       plli2sused = 1U;
 146:Drivers/STM32F4xx_HAL_Driver/Src/stm32f4xx_hal_rcc_ex.c ****     }
 147:Drivers/STM32F4xx_HAL_Driver/Src/stm32f4xx_hal_rcc_ex.c ****     /* Enable the PLLSAI when it's used as clock source for SAI */
 148:Drivers/STM32F4xx_HAL_Driver/Src/stm32f4xx_hal_rcc_ex.c ****     if (PeriphClkInit->Sai1ClockSelection == RCC_SAI1CLKSOURCE_PLLSAI)
 127              		.loc 1 148 5 is_stmt 1 view .LVU38
 128              		.loc 1 148 8 is_stmt 0 view .LVU39
 129 006a 002B     		cmp	r3, #0
 130 006c 7AD0     		beq	.L47
  97:Drivers/STM32F4xx_HAL_Driver/Src/stm32f4xx_hal_rcc_ex.c **** 
 131              		.loc 1 97 12 view .LVU40
 132 006e 0023     		movs	r3, #0
 133 0070 1F46     		mov	r7, r3
 134              	.L4:
 135              	.LVL5:
 149:Drivers/STM32F4xx_HAL_Driver/Src/stm32f4xx_hal_rcc_ex.c ****     {
ARM GAS  C:\Users\user\AppData\Local\Temp\ccuZOZlR.s 			page 6


 150:Drivers/STM32F4xx_HAL_Driver/Src/stm32f4xx_hal_rcc_ex.c ****       pllsaiused = 1U;
 151:Drivers/STM32F4xx_HAL_Driver/Src/stm32f4xx_hal_rcc_ex.c ****     }
 152:Drivers/STM32F4xx_HAL_Driver/Src/stm32f4xx_hal_rcc_ex.c ****   }
 153:Drivers/STM32F4xx_HAL_Driver/Src/stm32f4xx_hal_rcc_ex.c ****   /*--------------------------------------------------------------------------*/
 154:Drivers/STM32F4xx_HAL_Driver/Src/stm32f4xx_hal_rcc_ex.c **** 
 155:Drivers/STM32F4xx_HAL_Driver/Src/stm32f4xx_hal_rcc_ex.c ****   /*-------------------------- SAI2 configuration ----------------------------*/
 156:Drivers/STM32F4xx_HAL_Driver/Src/stm32f4xx_hal_rcc_ex.c ****   if (((PeriphClkInit->PeriphClockSelection) & RCC_PERIPHCLK_SAI2) == (RCC_PERIPHCLK_SAI2))
 136              		.loc 1 156 3 is_stmt 1 view .LVU41
 137              		.loc 1 156 22 is_stmt 0 view .LVU42
 138 0072 2368     		ldr	r3, [r4]
 139              		.loc 1 156 6 view .LVU43
 140 0074 13F0080F 		tst	r3, #8
 141 0078 0FD0     		beq	.L6
 157:Drivers/STM32F4xx_HAL_Driver/Src/stm32f4xx_hal_rcc_ex.c ****   {
 158:Drivers/STM32F4xx_HAL_Driver/Src/stm32f4xx_hal_rcc_ex.c ****     /* Check the parameters */
 159:Drivers/STM32F4xx_HAL_Driver/Src/stm32f4xx_hal_rcc_ex.c ****     assert_param(IS_RCC_SAI2CLKSOURCE(PeriphClkInit->Sai2ClockSelection));
 142              		.loc 1 159 5 is_stmt 1 view .LVU44
 160:Drivers/STM32F4xx_HAL_Driver/Src/stm32f4xx_hal_rcc_ex.c **** 
 161:Drivers/STM32F4xx_HAL_Driver/Src/stm32f4xx_hal_rcc_ex.c ****     /* Configure SAI2 Clock source */
 162:Drivers/STM32F4xx_HAL_Driver/Src/stm32f4xx_hal_rcc_ex.c ****     __HAL_RCC_SAI2_CONFIG(PeriphClkInit->Sai2ClockSelection);
 143              		.loc 1 162 5 view .LVU45
 144 007a 7C4A     		ldr	r2, .L72
 145 007c D2F88C30 		ldr	r3, [r2, #140]
 146 0080 23F44003 		bic	r3, r3, #12582912
 147 0084 616B     		ldr	r1, [r4, #52]
 148 0086 0B43     		orrs	r3, r3, r1
 149 0088 C2F88C30 		str	r3, [r2, #140]
 163:Drivers/STM32F4xx_HAL_Driver/Src/stm32f4xx_hal_rcc_ex.c **** 
 164:Drivers/STM32F4xx_HAL_Driver/Src/stm32f4xx_hal_rcc_ex.c ****     /* Enable the PLLI2S when it's used as clock source for SAI */
 165:Drivers/STM32F4xx_HAL_Driver/Src/stm32f4xx_hal_rcc_ex.c ****     if (PeriphClkInit->Sai2ClockSelection == RCC_SAI2CLKSOURCE_PLLI2S)
 150              		.loc 1 165 5 view .LVU46
 151              		.loc 1 165 22 is_stmt 0 view .LVU47
 152 008c 636B     		ldr	r3, [r4, #52]
 153              		.loc 1 165 8 view .LVU48
 154 008e B3F5800F 		cmp	r3, #4194304
 155 0092 6AD0     		beq	.L60
 156              	.LVL6:
 157              	.L7:
 166:Drivers/STM32F4xx_HAL_Driver/Src/stm32f4xx_hal_rcc_ex.c ****     {
 167:Drivers/STM32F4xx_HAL_Driver/Src/stm32f4xx_hal_rcc_ex.c ****       plli2sused = 1U;
 168:Drivers/STM32F4xx_HAL_Driver/Src/stm32f4xx_hal_rcc_ex.c ****     }
 169:Drivers/STM32F4xx_HAL_Driver/Src/stm32f4xx_hal_rcc_ex.c ****     /* Enable the PLLSAI when it's used as clock source for SAI */
 170:Drivers/STM32F4xx_HAL_Driver/Src/stm32f4xx_hal_rcc_ex.c ****     if (PeriphClkInit->Sai2ClockSelection == RCC_SAI2CLKSOURCE_PLLSAI)
 158              		.loc 1 170 5 is_stmt 1 view .LVU49
 159              		.loc 1 170 8 is_stmt 0 view .LVU50
 160 0094 0BB9     		cbnz	r3, .L6
 171:Drivers/STM32F4xx_HAL_Driver/Src/stm32f4xx_hal_rcc_ex.c ****     {
 172:Drivers/STM32F4xx_HAL_Driver/Src/stm32f4xx_hal_rcc_ex.c ****       pllsaiused = 1U;
 161              		.loc 1 172 18 view .LVU51
 162 0096 0123     		movs	r3, #1
 163 0098 1F46     		mov	r7, r3
 164              	.LVL7:
 165              	.L6:
 173:Drivers/STM32F4xx_HAL_Driver/Src/stm32f4xx_hal_rcc_ex.c ****     }
 174:Drivers/STM32F4xx_HAL_Driver/Src/stm32f4xx_hal_rcc_ex.c ****   }
 175:Drivers/STM32F4xx_HAL_Driver/Src/stm32f4xx_hal_rcc_ex.c ****   /*--------------------------------------------------------------------------*/
 176:Drivers/STM32F4xx_HAL_Driver/Src/stm32f4xx_hal_rcc_ex.c **** 
ARM GAS  C:\Users\user\AppData\Local\Temp\ccuZOZlR.s 			page 7


 177:Drivers/STM32F4xx_HAL_Driver/Src/stm32f4xx_hal_rcc_ex.c ****   /*----------------------------- RTC configuration --------------------------*/
 178:Drivers/STM32F4xx_HAL_Driver/Src/stm32f4xx_hal_rcc_ex.c ****   if (((PeriphClkInit->PeriphClockSelection) & RCC_PERIPHCLK_RTC) == (RCC_PERIPHCLK_RTC))
 166              		.loc 1 178 3 is_stmt 1 view .LVU52
 167              		.loc 1 178 22 is_stmt 0 view .LVU53
 168 009a 2368     		ldr	r3, [r4]
 169              		.loc 1 178 6 view .LVU54
 170 009c 13F0200F 		tst	r3, #32
 171 00a0 65D1     		bne	.L61
 172              	.LVL8:
 173              	.L8:
 179:Drivers/STM32F4xx_HAL_Driver/Src/stm32f4xx_hal_rcc_ex.c ****   {
 180:Drivers/STM32F4xx_HAL_Driver/Src/stm32f4xx_hal_rcc_ex.c ****     /* Check for RTC Parameters used to output RTCCLK */
 181:Drivers/STM32F4xx_HAL_Driver/Src/stm32f4xx_hal_rcc_ex.c ****     assert_param(IS_RCC_RTCCLKSOURCE(PeriphClkInit->RTCClockSelection));
 182:Drivers/STM32F4xx_HAL_Driver/Src/stm32f4xx_hal_rcc_ex.c **** 
 183:Drivers/STM32F4xx_HAL_Driver/Src/stm32f4xx_hal_rcc_ex.c ****     /* Enable Power Clock*/
 184:Drivers/STM32F4xx_HAL_Driver/Src/stm32f4xx_hal_rcc_ex.c ****     __HAL_RCC_PWR_CLK_ENABLE();
 185:Drivers/STM32F4xx_HAL_Driver/Src/stm32f4xx_hal_rcc_ex.c **** 
 186:Drivers/STM32F4xx_HAL_Driver/Src/stm32f4xx_hal_rcc_ex.c ****     /* Enable write access to Backup domain */
 187:Drivers/STM32F4xx_HAL_Driver/Src/stm32f4xx_hal_rcc_ex.c ****     PWR->CR |= PWR_CR_DBP;
 188:Drivers/STM32F4xx_HAL_Driver/Src/stm32f4xx_hal_rcc_ex.c **** 
 189:Drivers/STM32F4xx_HAL_Driver/Src/stm32f4xx_hal_rcc_ex.c ****     /* Get tick */
 190:Drivers/STM32F4xx_HAL_Driver/Src/stm32f4xx_hal_rcc_ex.c ****     tickstart = HAL_GetTick();
 191:Drivers/STM32F4xx_HAL_Driver/Src/stm32f4xx_hal_rcc_ex.c **** 
 192:Drivers/STM32F4xx_HAL_Driver/Src/stm32f4xx_hal_rcc_ex.c ****     while ((PWR->CR & PWR_CR_DBP) == RESET)
 193:Drivers/STM32F4xx_HAL_Driver/Src/stm32f4xx_hal_rcc_ex.c ****     {
 194:Drivers/STM32F4xx_HAL_Driver/Src/stm32f4xx_hal_rcc_ex.c ****       if ((HAL_GetTick() - tickstart) > RCC_DBP_TIMEOUT_VALUE)
 195:Drivers/STM32F4xx_HAL_Driver/Src/stm32f4xx_hal_rcc_ex.c ****       {
 196:Drivers/STM32F4xx_HAL_Driver/Src/stm32f4xx_hal_rcc_ex.c ****         return HAL_TIMEOUT;
 197:Drivers/STM32F4xx_HAL_Driver/Src/stm32f4xx_hal_rcc_ex.c ****       }
 198:Drivers/STM32F4xx_HAL_Driver/Src/stm32f4xx_hal_rcc_ex.c ****     }
 199:Drivers/STM32F4xx_HAL_Driver/Src/stm32f4xx_hal_rcc_ex.c ****     /* Reset the Backup domain only if the RTC Clock source selection is modified from reset value 
 200:Drivers/STM32F4xx_HAL_Driver/Src/stm32f4xx_hal_rcc_ex.c ****     tmpreg1 = (RCC->BDCR & RCC_BDCR_RTCSEL);
 201:Drivers/STM32F4xx_HAL_Driver/Src/stm32f4xx_hal_rcc_ex.c ****     if ((tmpreg1 != 0x00000000U) && ((tmpreg1) != (PeriphClkInit->RTCClockSelection & RCC_BDCR_RTCS
 202:Drivers/STM32F4xx_HAL_Driver/Src/stm32f4xx_hal_rcc_ex.c ****     {
 203:Drivers/STM32F4xx_HAL_Driver/Src/stm32f4xx_hal_rcc_ex.c ****       /* Store the content of BDCR register before the reset of Backup Domain */
 204:Drivers/STM32F4xx_HAL_Driver/Src/stm32f4xx_hal_rcc_ex.c ****       tmpreg1 = (RCC->BDCR & ~(RCC_BDCR_RTCSEL));
 205:Drivers/STM32F4xx_HAL_Driver/Src/stm32f4xx_hal_rcc_ex.c ****       /* RTC Clock selection can be changed only if the Backup Domain is reset */
 206:Drivers/STM32F4xx_HAL_Driver/Src/stm32f4xx_hal_rcc_ex.c ****       __HAL_RCC_BACKUPRESET_FORCE();
 207:Drivers/STM32F4xx_HAL_Driver/Src/stm32f4xx_hal_rcc_ex.c ****       __HAL_RCC_BACKUPRESET_RELEASE();
 208:Drivers/STM32F4xx_HAL_Driver/Src/stm32f4xx_hal_rcc_ex.c ****       /* Restore the Content of BDCR register */
 209:Drivers/STM32F4xx_HAL_Driver/Src/stm32f4xx_hal_rcc_ex.c ****       RCC->BDCR = tmpreg1;
 210:Drivers/STM32F4xx_HAL_Driver/Src/stm32f4xx_hal_rcc_ex.c **** 
 211:Drivers/STM32F4xx_HAL_Driver/Src/stm32f4xx_hal_rcc_ex.c ****       /* Wait for LSE reactivation if LSE was enable prior to Backup Domain reset */
 212:Drivers/STM32F4xx_HAL_Driver/Src/stm32f4xx_hal_rcc_ex.c ****       if (HAL_IS_BIT_SET(RCC->BDCR, RCC_BDCR_LSEON))
 213:Drivers/STM32F4xx_HAL_Driver/Src/stm32f4xx_hal_rcc_ex.c ****       {
 214:Drivers/STM32F4xx_HAL_Driver/Src/stm32f4xx_hal_rcc_ex.c ****         /* Get tick */
 215:Drivers/STM32F4xx_HAL_Driver/Src/stm32f4xx_hal_rcc_ex.c ****         tickstart = HAL_GetTick();
 216:Drivers/STM32F4xx_HAL_Driver/Src/stm32f4xx_hal_rcc_ex.c **** 
 217:Drivers/STM32F4xx_HAL_Driver/Src/stm32f4xx_hal_rcc_ex.c ****         /* Wait till LSE is ready */
 218:Drivers/STM32F4xx_HAL_Driver/Src/stm32f4xx_hal_rcc_ex.c ****         while (__HAL_RCC_GET_FLAG(RCC_FLAG_LSERDY) == RESET)
 219:Drivers/STM32F4xx_HAL_Driver/Src/stm32f4xx_hal_rcc_ex.c ****         {
 220:Drivers/STM32F4xx_HAL_Driver/Src/stm32f4xx_hal_rcc_ex.c ****           if ((HAL_GetTick() - tickstart) > RCC_LSE_TIMEOUT_VALUE)
 221:Drivers/STM32F4xx_HAL_Driver/Src/stm32f4xx_hal_rcc_ex.c ****           {
 222:Drivers/STM32F4xx_HAL_Driver/Src/stm32f4xx_hal_rcc_ex.c ****             return HAL_TIMEOUT;
 223:Drivers/STM32F4xx_HAL_Driver/Src/stm32f4xx_hal_rcc_ex.c ****           }
 224:Drivers/STM32F4xx_HAL_Driver/Src/stm32f4xx_hal_rcc_ex.c ****         }
 225:Drivers/STM32F4xx_HAL_Driver/Src/stm32f4xx_hal_rcc_ex.c ****       }
ARM GAS  C:\Users\user\AppData\Local\Temp\ccuZOZlR.s 			page 8


 226:Drivers/STM32F4xx_HAL_Driver/Src/stm32f4xx_hal_rcc_ex.c ****     }
 227:Drivers/STM32F4xx_HAL_Driver/Src/stm32f4xx_hal_rcc_ex.c ****     __HAL_RCC_RTC_CONFIG(PeriphClkInit->RTCClockSelection);
 174              		.loc 1 227 5 is_stmt 1 view .LVU55
 228:Drivers/STM32F4xx_HAL_Driver/Src/stm32f4xx_hal_rcc_ex.c ****   }
 229:Drivers/STM32F4xx_HAL_Driver/Src/stm32f4xx_hal_rcc_ex.c ****   /*--------------------------------------------------------------------------*/
 230:Drivers/STM32F4xx_HAL_Driver/Src/stm32f4xx_hal_rcc_ex.c **** 
 231:Drivers/STM32F4xx_HAL_Driver/Src/stm32f4xx_hal_rcc_ex.c ****   /*---------------------------- TIM configuration ---------------------------*/
 232:Drivers/STM32F4xx_HAL_Driver/Src/stm32f4xx_hal_rcc_ex.c ****   if (((PeriphClkInit->PeriphClockSelection) & RCC_PERIPHCLK_TIM) == (RCC_PERIPHCLK_TIM))
 175              		.loc 1 232 3 view .LVU56
 176              		.loc 1 232 22 is_stmt 0 view .LVU57
 177 00a2 2368     		ldr	r3, [r4]
 178              		.loc 1 232 6 view .LVU58
 179 00a4 13F0100F 		tst	r3, #16
 180 00a8 04D0     		beq	.L17
 233:Drivers/STM32F4xx_HAL_Driver/Src/stm32f4xx_hal_rcc_ex.c ****   {
 234:Drivers/STM32F4xx_HAL_Driver/Src/stm32f4xx_hal_rcc_ex.c ****     /* Configure Timer Prescaler */
 235:Drivers/STM32F4xx_HAL_Driver/Src/stm32f4xx_hal_rcc_ex.c ****     __HAL_RCC_TIMCLKPRESCALER(PeriphClkInit->TIMPresSelection);
 181              		.loc 1 235 5 is_stmt 1 view .LVU59
 182 00aa 94F85820 		ldrb	r2, [r4, #88]	@ zero_extendqisi2
 183 00ae 704B     		ldr	r3, .L72+4
 184 00b0 C3F8E021 		str	r2, [r3, #480]
 185              	.L17:
 236:Drivers/STM32F4xx_HAL_Driver/Src/stm32f4xx_hal_rcc_ex.c ****   }
 237:Drivers/STM32F4xx_HAL_Driver/Src/stm32f4xx_hal_rcc_ex.c ****   /*--------------------------------------------------------------------------*/
 238:Drivers/STM32F4xx_HAL_Driver/Src/stm32f4xx_hal_rcc_ex.c **** 
 239:Drivers/STM32F4xx_HAL_Driver/Src/stm32f4xx_hal_rcc_ex.c ****   /*---------------------------- FMPI2C1 Configuration -----------------------*/
 240:Drivers/STM32F4xx_HAL_Driver/Src/stm32f4xx_hal_rcc_ex.c ****   if (((PeriphClkInit->PeriphClockSelection) & RCC_PERIPHCLK_FMPI2C1) == RCC_PERIPHCLK_FMPI2C1)
 186              		.loc 1 240 3 view .LVU60
 187              		.loc 1 240 22 is_stmt 0 view .LVU61
 188 00b4 2368     		ldr	r3, [r4]
 189              		.loc 1 240 6 view .LVU62
 190 00b6 13F0800F 		tst	r3, #128
 191 00ba 08D0     		beq	.L18
 241:Drivers/STM32F4xx_HAL_Driver/Src/stm32f4xx_hal_rcc_ex.c ****   {
 242:Drivers/STM32F4xx_HAL_Driver/Src/stm32f4xx_hal_rcc_ex.c ****     /* Check the parameters */
 243:Drivers/STM32F4xx_HAL_Driver/Src/stm32f4xx_hal_rcc_ex.c ****     assert_param(IS_RCC_FMPI2C1CLKSOURCE(PeriphClkInit->Fmpi2c1ClockSelection));
 192              		.loc 1 243 5 is_stmt 1 view .LVU63
 244:Drivers/STM32F4xx_HAL_Driver/Src/stm32f4xx_hal_rcc_ex.c **** 
 245:Drivers/STM32F4xx_HAL_Driver/Src/stm32f4xx_hal_rcc_ex.c ****     /* Configure the FMPI2C1 clock source */
 246:Drivers/STM32F4xx_HAL_Driver/Src/stm32f4xx_hal_rcc_ex.c ****     __HAL_RCC_FMPI2C1_CONFIG(PeriphClkInit->Fmpi2c1ClockSelection);
 193              		.loc 1 246 5 view .LVU64
 194 00bc 6B4A     		ldr	r2, .L72
 195 00be D2F89430 		ldr	r3, [r2, #148]
 196 00c2 23F44003 		bic	r3, r3, #12582912
 197 00c6 E16C     		ldr	r1, [r4, #76]
 198 00c8 0B43     		orrs	r3, r3, r1
 199 00ca C2F89430 		str	r3, [r2, #148]
 200              	.L18:
 247:Drivers/STM32F4xx_HAL_Driver/Src/stm32f4xx_hal_rcc_ex.c ****   }
 248:Drivers/STM32F4xx_HAL_Driver/Src/stm32f4xx_hal_rcc_ex.c ****   /*--------------------------------------------------------------------------*/
 249:Drivers/STM32F4xx_HAL_Driver/Src/stm32f4xx_hal_rcc_ex.c **** 
 250:Drivers/STM32F4xx_HAL_Driver/Src/stm32f4xx_hal_rcc_ex.c ****   /*------------------------------ CEC Configuration -------------------------*/
 251:Drivers/STM32F4xx_HAL_Driver/Src/stm32f4xx_hal_rcc_ex.c ****   if (((PeriphClkInit->PeriphClockSelection) & RCC_PERIPHCLK_CEC) == RCC_PERIPHCLK_CEC)
 201              		.loc 1 251 3 view .LVU65
 202              		.loc 1 251 22 is_stmt 0 view .LVU66
 203 00ce 2368     		ldr	r3, [r4]
 204              		.loc 1 251 6 view .LVU67
ARM GAS  C:\Users\user\AppData\Local\Temp\ccuZOZlR.s 			page 9


 205 00d0 13F0400F 		tst	r3, #64
 206 00d4 08D0     		beq	.L19
 252:Drivers/STM32F4xx_HAL_Driver/Src/stm32f4xx_hal_rcc_ex.c ****   {
 253:Drivers/STM32F4xx_HAL_Driver/Src/stm32f4xx_hal_rcc_ex.c ****     /* Check the parameters */
 254:Drivers/STM32F4xx_HAL_Driver/Src/stm32f4xx_hal_rcc_ex.c ****     assert_param(IS_RCC_CECCLKSOURCE(PeriphClkInit->CecClockSelection));
 207              		.loc 1 254 5 is_stmt 1 view .LVU68
 255:Drivers/STM32F4xx_HAL_Driver/Src/stm32f4xx_hal_rcc_ex.c **** 
 256:Drivers/STM32F4xx_HAL_Driver/Src/stm32f4xx_hal_rcc_ex.c ****     /* Configure the CEC clock source */
 257:Drivers/STM32F4xx_HAL_Driver/Src/stm32f4xx_hal_rcc_ex.c ****     __HAL_RCC_CEC_CONFIG(PeriphClkInit->CecClockSelection);
 208              		.loc 1 257 5 view .LVU69
 209 00d6 654A     		ldr	r2, .L72
 210 00d8 D2F89430 		ldr	r3, [r2, #148]
 211 00dc 23F08063 		bic	r3, r3, #67108864
 212 00e0 A16C     		ldr	r1, [r4, #72]
 213 00e2 0B43     		orrs	r3, r3, r1
 214 00e4 C2F89430 		str	r3, [r2, #148]
 215              	.L19:
 258:Drivers/STM32F4xx_HAL_Driver/Src/stm32f4xx_hal_rcc_ex.c ****   }
 259:Drivers/STM32F4xx_HAL_Driver/Src/stm32f4xx_hal_rcc_ex.c ****   /*--------------------------------------------------------------------------*/
 260:Drivers/STM32F4xx_HAL_Driver/Src/stm32f4xx_hal_rcc_ex.c **** 
 261:Drivers/STM32F4xx_HAL_Driver/Src/stm32f4xx_hal_rcc_ex.c ****   /*----------------------------- CLK48 Configuration ------------------------*/
 262:Drivers/STM32F4xx_HAL_Driver/Src/stm32f4xx_hal_rcc_ex.c ****   if (((PeriphClkInit->PeriphClockSelection) & RCC_PERIPHCLK_CLK48) == RCC_PERIPHCLK_CLK48)
 216              		.loc 1 262 3 view .LVU70
 217              		.loc 1 262 22 is_stmt 0 view .LVU71
 218 00e8 2368     		ldr	r3, [r4]
 219              		.loc 1 262 6 view .LVU72
 220 00ea 13F4807F 		tst	r3, #256
 221 00ee 0DD0     		beq	.L20
 263:Drivers/STM32F4xx_HAL_Driver/Src/stm32f4xx_hal_rcc_ex.c ****   {
 264:Drivers/STM32F4xx_HAL_Driver/Src/stm32f4xx_hal_rcc_ex.c ****     /* Check the parameters */
 265:Drivers/STM32F4xx_HAL_Driver/Src/stm32f4xx_hal_rcc_ex.c ****     assert_param(IS_RCC_CLK48CLKSOURCE(PeriphClkInit->Clk48ClockSelection));
 222              		.loc 1 265 5 is_stmt 1 view .LVU73
 266:Drivers/STM32F4xx_HAL_Driver/Src/stm32f4xx_hal_rcc_ex.c **** 
 267:Drivers/STM32F4xx_HAL_Driver/Src/stm32f4xx_hal_rcc_ex.c ****     /* Configure the CLK48 clock source */
 268:Drivers/STM32F4xx_HAL_Driver/Src/stm32f4xx_hal_rcc_ex.c ****     __HAL_RCC_CLK48_CONFIG(PeriphClkInit->Clk48ClockSelection);
 223              		.loc 1 268 5 view .LVU74
 224 00f0 5E4A     		ldr	r2, .L72
 225 00f2 D2F89430 		ldr	r3, [r2, #148]
 226 00f6 23F00063 		bic	r3, r3, #134217728
 227 00fa 616D     		ldr	r1, [r4, #84]
 228 00fc 0B43     		orrs	r3, r3, r1
 229 00fe C2F89430 		str	r3, [r2, #148]
 269:Drivers/STM32F4xx_HAL_Driver/Src/stm32f4xx_hal_rcc_ex.c **** 
 270:Drivers/STM32F4xx_HAL_Driver/Src/stm32f4xx_hal_rcc_ex.c ****     /* Enable the PLLSAI when it's used as clock source for CLK48 */
 271:Drivers/STM32F4xx_HAL_Driver/Src/stm32f4xx_hal_rcc_ex.c ****     if (PeriphClkInit->Clk48ClockSelection == RCC_CLK48CLKSOURCE_PLLSAIP)
 230              		.loc 1 271 5 view .LVU75
 231              		.loc 1 271 22 is_stmt 0 view .LVU76
 232 0102 636D     		ldr	r3, [r4, #84]
 233              		.loc 1 271 8 view .LVU77
 234 0104 B3F1006F 		cmp	r3, #134217728
 235 0108 00F09A80 		beq	.L62
 236              	.LVL9:
 237              	.L20:
 272:Drivers/STM32F4xx_HAL_Driver/Src/stm32f4xx_hal_rcc_ex.c ****     {
 273:Drivers/STM32F4xx_HAL_Driver/Src/stm32f4xx_hal_rcc_ex.c ****       pllsaiused = 1U;
 274:Drivers/STM32F4xx_HAL_Driver/Src/stm32f4xx_hal_rcc_ex.c ****     }
 275:Drivers/STM32F4xx_HAL_Driver/Src/stm32f4xx_hal_rcc_ex.c ****   }
ARM GAS  C:\Users\user\AppData\Local\Temp\ccuZOZlR.s 			page 10


 276:Drivers/STM32F4xx_HAL_Driver/Src/stm32f4xx_hal_rcc_ex.c ****   /*--------------------------------------------------------------------------*/
 277:Drivers/STM32F4xx_HAL_Driver/Src/stm32f4xx_hal_rcc_ex.c **** 
 278:Drivers/STM32F4xx_HAL_Driver/Src/stm32f4xx_hal_rcc_ex.c ****   /*----------------------------- SDIO Configuration -------------------------*/
 279:Drivers/STM32F4xx_HAL_Driver/Src/stm32f4xx_hal_rcc_ex.c ****   if (((PeriphClkInit->PeriphClockSelection) & RCC_PERIPHCLK_SDIO) == RCC_PERIPHCLK_SDIO)
 238              		.loc 1 279 3 is_stmt 1 view .LVU78
 239              		.loc 1 279 22 is_stmt 0 view .LVU79
 240 010c 2368     		ldr	r3, [r4]
 241              		.loc 1 279 6 view .LVU80
 242 010e 13F4007F 		tst	r3, #512
 243 0112 08D0     		beq	.L21
 280:Drivers/STM32F4xx_HAL_Driver/Src/stm32f4xx_hal_rcc_ex.c ****   {
 281:Drivers/STM32F4xx_HAL_Driver/Src/stm32f4xx_hal_rcc_ex.c ****     /* Check the parameters */
 282:Drivers/STM32F4xx_HAL_Driver/Src/stm32f4xx_hal_rcc_ex.c ****     assert_param(IS_RCC_SDIOCLKSOURCE(PeriphClkInit->SdioClockSelection));
 244              		.loc 1 282 5 is_stmt 1 view .LVU81
 283:Drivers/STM32F4xx_HAL_Driver/Src/stm32f4xx_hal_rcc_ex.c **** 
 284:Drivers/STM32F4xx_HAL_Driver/Src/stm32f4xx_hal_rcc_ex.c ****     /* Configure the SDIO clock source */
 285:Drivers/STM32F4xx_HAL_Driver/Src/stm32f4xx_hal_rcc_ex.c ****     __HAL_RCC_SDIO_CONFIG(PeriphClkInit->SdioClockSelection);
 245              		.loc 1 285 5 view .LVU82
 246 0114 554A     		ldr	r2, .L72
 247 0116 D2F89430 		ldr	r3, [r2, #148]
 248 011a 23F08053 		bic	r3, r3, #268435456
 249 011e 616C     		ldr	r1, [r4, #68]
 250 0120 0B43     		orrs	r3, r3, r1
 251 0122 C2F89430 		str	r3, [r2, #148]
 252              	.L21:
 286:Drivers/STM32F4xx_HAL_Driver/Src/stm32f4xx_hal_rcc_ex.c ****   }
 287:Drivers/STM32F4xx_HAL_Driver/Src/stm32f4xx_hal_rcc_ex.c ****   /*--------------------------------------------------------------------------*/
 288:Drivers/STM32F4xx_HAL_Driver/Src/stm32f4xx_hal_rcc_ex.c **** 
 289:Drivers/STM32F4xx_HAL_Driver/Src/stm32f4xx_hal_rcc_ex.c ****   /*------------------------------ SPDIFRX Configuration ---------------------*/
 290:Drivers/STM32F4xx_HAL_Driver/Src/stm32f4xx_hal_rcc_ex.c ****   if (((PeriphClkInit->PeriphClockSelection) & RCC_PERIPHCLK_SPDIFRX) == RCC_PERIPHCLK_SPDIFRX)
 253              		.loc 1 290 3 view .LVU83
 254              		.loc 1 290 22 is_stmt 0 view .LVU84
 255 0126 2368     		ldr	r3, [r4]
 256              		.loc 1 290 6 view .LVU85
 257 0128 13F4806F 		tst	r3, #1024
 258 012c 0CD0     		beq	.L22
 291:Drivers/STM32F4xx_HAL_Driver/Src/stm32f4xx_hal_rcc_ex.c ****   {
 292:Drivers/STM32F4xx_HAL_Driver/Src/stm32f4xx_hal_rcc_ex.c ****     /* Check the parameters */
 293:Drivers/STM32F4xx_HAL_Driver/Src/stm32f4xx_hal_rcc_ex.c ****     assert_param(IS_RCC_SPDIFRXCLKSOURCE(PeriphClkInit->SpdifClockSelection));
 259              		.loc 1 293 5 is_stmt 1 view .LVU86
 294:Drivers/STM32F4xx_HAL_Driver/Src/stm32f4xx_hal_rcc_ex.c **** 
 295:Drivers/STM32F4xx_HAL_Driver/Src/stm32f4xx_hal_rcc_ex.c ****     /* Configure the SPDIFRX clock source */
 296:Drivers/STM32F4xx_HAL_Driver/Src/stm32f4xx_hal_rcc_ex.c ****     __HAL_RCC_SPDIFRX_CONFIG(PeriphClkInit->SpdifClockSelection);
 260              		.loc 1 296 5 view .LVU87
 261 012e 4F4A     		ldr	r2, .L72
 262 0130 D2F89430 		ldr	r3, [r2, #148]
 263 0134 23F00053 		bic	r3, r3, #536870912
 264 0138 216D     		ldr	r1, [r4, #80]
 265 013a 0B43     		orrs	r3, r3, r1
 266 013c C2F89430 		str	r3, [r2, #148]
 297:Drivers/STM32F4xx_HAL_Driver/Src/stm32f4xx_hal_rcc_ex.c ****     /* Enable the PLLI2S when it's used as clock source for SPDIFRX */
 298:Drivers/STM32F4xx_HAL_Driver/Src/stm32f4xx_hal_rcc_ex.c ****     if (PeriphClkInit->SpdifClockSelection == RCC_SPDIFRXCLKSOURCE_PLLI2SP)
 267              		.loc 1 298 5 view .LVU88
 268              		.loc 1 298 22 is_stmt 0 view .LVU89
 269 0140 236D     		ldr	r3, [r4, #80]
 270              		.loc 1 298 8 view .LVU90
 271 0142 B3F1005F 		cmp	r3, #536870912
ARM GAS  C:\Users\user\AppData\Local\Temp\ccuZOZlR.s 			page 11


 272 0146 7ED0     		beq	.L23
 273              	.L22:
 299:Drivers/STM32F4xx_HAL_Driver/Src/stm32f4xx_hal_rcc_ex.c ****     {
 300:Drivers/STM32F4xx_HAL_Driver/Src/stm32f4xx_hal_rcc_ex.c ****       plli2sused = 1U;
 301:Drivers/STM32F4xx_HAL_Driver/Src/stm32f4xx_hal_rcc_ex.c ****     }
 302:Drivers/STM32F4xx_HAL_Driver/Src/stm32f4xx_hal_rcc_ex.c ****   }
 303:Drivers/STM32F4xx_HAL_Driver/Src/stm32f4xx_hal_rcc_ex.c ****   /*--------------------------------------------------------------------------*/
 304:Drivers/STM32F4xx_HAL_Driver/Src/stm32f4xx_hal_rcc_ex.c **** 
 305:Drivers/STM32F4xx_HAL_Driver/Src/stm32f4xx_hal_rcc_ex.c ****   /*---------------------------- PLLI2S Configuration ------------------------*/
 306:Drivers/STM32F4xx_HAL_Driver/Src/stm32f4xx_hal_rcc_ex.c ****   /* PLLI2S is configured when a peripheral will use it as source clock : SAI1, SAI2, I2S on APB1,
 307:Drivers/STM32F4xx_HAL_Driver/Src/stm32f4xx_hal_rcc_ex.c ****      I2S on APB2 or SPDIFRX */
 308:Drivers/STM32F4xx_HAL_Driver/Src/stm32f4xx_hal_rcc_ex.c ****   if ((plli2sused == 1U) || (PeriphClkInit->PeriphClockSelection == RCC_PERIPHCLK_PLLI2S))
 274              		.loc 1 308 3 is_stmt 1 view .LVU91
 275              		.loc 1 308 6 is_stmt 0 view .LVU92
 276 0148 002D     		cmp	r5, #0
 277 014a 7CD1     		bne	.L23
 278              		.loc 1 308 43 discriminator 1 view .LVU93
 279 014c 2368     		ldr	r3, [r4]
 280              		.loc 1 308 26 discriminator 1 view .LVU94
 281 014e B3F5006F 		cmp	r3, #2048
 282 0152 78D0     		beq	.L23
 283              	.LVL10:
 284              	.L24:
 309:Drivers/STM32F4xx_HAL_Driver/Src/stm32f4xx_hal_rcc_ex.c ****   {
 310:Drivers/STM32F4xx_HAL_Driver/Src/stm32f4xx_hal_rcc_ex.c ****     /* Disable the PLLI2S */
 311:Drivers/STM32F4xx_HAL_Driver/Src/stm32f4xx_hal_rcc_ex.c ****     __HAL_RCC_PLLI2S_DISABLE();
 312:Drivers/STM32F4xx_HAL_Driver/Src/stm32f4xx_hal_rcc_ex.c ****     /* Get tick */
 313:Drivers/STM32F4xx_HAL_Driver/Src/stm32f4xx_hal_rcc_ex.c ****     tickstart = HAL_GetTick();
 314:Drivers/STM32F4xx_HAL_Driver/Src/stm32f4xx_hal_rcc_ex.c ****     /* Wait till PLLI2S is disabled */
 315:Drivers/STM32F4xx_HAL_Driver/Src/stm32f4xx_hal_rcc_ex.c ****     while (__HAL_RCC_GET_FLAG(RCC_FLAG_PLLI2SRDY)  != RESET)
 316:Drivers/STM32F4xx_HAL_Driver/Src/stm32f4xx_hal_rcc_ex.c ****     {
 317:Drivers/STM32F4xx_HAL_Driver/Src/stm32f4xx_hal_rcc_ex.c ****       if ((HAL_GetTick() - tickstart) > PLLI2S_TIMEOUT_VALUE)
 318:Drivers/STM32F4xx_HAL_Driver/Src/stm32f4xx_hal_rcc_ex.c ****       {
 319:Drivers/STM32F4xx_HAL_Driver/Src/stm32f4xx_hal_rcc_ex.c ****         /* return in case of Timeout detected */
 320:Drivers/STM32F4xx_HAL_Driver/Src/stm32f4xx_hal_rcc_ex.c ****         return HAL_TIMEOUT;
 321:Drivers/STM32F4xx_HAL_Driver/Src/stm32f4xx_hal_rcc_ex.c ****       }
 322:Drivers/STM32F4xx_HAL_Driver/Src/stm32f4xx_hal_rcc_ex.c ****     }
 323:Drivers/STM32F4xx_HAL_Driver/Src/stm32f4xx_hal_rcc_ex.c **** 
 324:Drivers/STM32F4xx_HAL_Driver/Src/stm32f4xx_hal_rcc_ex.c ****     /* check for common PLLI2S Parameters */
 325:Drivers/STM32F4xx_HAL_Driver/Src/stm32f4xx_hal_rcc_ex.c ****     assert_param(IS_RCC_PLLI2SM_VALUE(PeriphClkInit->PLLI2S.PLLI2SM));
 326:Drivers/STM32F4xx_HAL_Driver/Src/stm32f4xx_hal_rcc_ex.c ****     assert_param(IS_RCC_PLLI2SN_VALUE(PeriphClkInit->PLLI2S.PLLI2SN));
 327:Drivers/STM32F4xx_HAL_Driver/Src/stm32f4xx_hal_rcc_ex.c **** 
 328:Drivers/STM32F4xx_HAL_Driver/Src/stm32f4xx_hal_rcc_ex.c ****     /*------ In Case of PLLI2S is selected as source clock for I2S -----------*/
 329:Drivers/STM32F4xx_HAL_Driver/Src/stm32f4xx_hal_rcc_ex.c ****     if (((((PeriphClkInit->PeriphClockSelection) & RCC_PERIPHCLK_I2S_APB1) == RCC_PERIPHCLK_I2S_APB
 330:Drivers/STM32F4xx_HAL_Driver/Src/stm32f4xx_hal_rcc_ex.c ****          && (PeriphClkInit->I2sApb1ClockSelection == RCC_I2SAPB1CLKSOURCE_PLLI2S)) ||
 331:Drivers/STM32F4xx_HAL_Driver/Src/stm32f4xx_hal_rcc_ex.c ****         ((((PeriphClkInit->PeriphClockSelection) & RCC_PERIPHCLK_I2S_APB2) == RCC_PERIPHCLK_I2S_APB
 332:Drivers/STM32F4xx_HAL_Driver/Src/stm32f4xx_hal_rcc_ex.c ****     {
 333:Drivers/STM32F4xx_HAL_Driver/Src/stm32f4xx_hal_rcc_ex.c ****       /* check for Parameters */
 334:Drivers/STM32F4xx_HAL_Driver/Src/stm32f4xx_hal_rcc_ex.c ****       assert_param(IS_RCC_PLLI2SR_VALUE(PeriphClkInit->PLLI2S.PLLI2SR));
 335:Drivers/STM32F4xx_HAL_Driver/Src/stm32f4xx_hal_rcc_ex.c **** 
 336:Drivers/STM32F4xx_HAL_Driver/Src/stm32f4xx_hal_rcc_ex.c ****       /* Read PLLI2SP/PLLI2SQ value from PLLI2SCFGR register (this value is not needed for I2S conf
 337:Drivers/STM32F4xx_HAL_Driver/Src/stm32f4xx_hal_rcc_ex.c ****       plli2sp = ((((RCC->PLLI2SCFGR & RCC_PLLI2SCFGR_PLLI2SP) >> RCC_PLLI2SCFGR_PLLI2SP_Pos) + 1U) 
 338:Drivers/STM32F4xx_HAL_Driver/Src/stm32f4xx_hal_rcc_ex.c ****       plli2sq = ((RCC->PLLI2SCFGR & RCC_PLLI2SCFGR_PLLI2SQ) >> RCC_PLLI2SCFGR_PLLI2SQ_Pos);
 339:Drivers/STM32F4xx_HAL_Driver/Src/stm32f4xx_hal_rcc_ex.c ****       /* Configure the PLLI2S division factors */
 340:Drivers/STM32F4xx_HAL_Driver/Src/stm32f4xx_hal_rcc_ex.c ****       /* PLLI2S_VCO = f(VCO clock) = f(PLLI2S clock input) * (PLLI2SN/PLLI2SM) */
 341:Drivers/STM32F4xx_HAL_Driver/Src/stm32f4xx_hal_rcc_ex.c ****       /* I2SCLK = f(PLLI2S clock output) = f(VCO clock) / PLLI2SR */
 342:Drivers/STM32F4xx_HAL_Driver/Src/stm32f4xx_hal_rcc_ex.c ****       __HAL_RCC_PLLI2S_CONFIG(PeriphClkInit->PLLI2S.PLLI2SM, PeriphClkInit->PLLI2S.PLLI2SN, plli2sp
ARM GAS  C:\Users\user\AppData\Local\Temp\ccuZOZlR.s 			page 12


 343:Drivers/STM32F4xx_HAL_Driver/Src/stm32f4xx_hal_rcc_ex.c ****                               PeriphClkInit->PLLI2S.PLLI2SR);
 344:Drivers/STM32F4xx_HAL_Driver/Src/stm32f4xx_hal_rcc_ex.c ****     }
 345:Drivers/STM32F4xx_HAL_Driver/Src/stm32f4xx_hal_rcc_ex.c **** 
 346:Drivers/STM32F4xx_HAL_Driver/Src/stm32f4xx_hal_rcc_ex.c ****     /*------- In Case of PLLI2S is selected as source clock for SAI ----------*/
 347:Drivers/STM32F4xx_HAL_Driver/Src/stm32f4xx_hal_rcc_ex.c ****     if (((((PeriphClkInit->PeriphClockSelection) & RCC_PERIPHCLK_SAI1) == RCC_PERIPHCLK_SAI1)
 348:Drivers/STM32F4xx_HAL_Driver/Src/stm32f4xx_hal_rcc_ex.c ****          && (PeriphClkInit->Sai1ClockSelection == RCC_SAI1CLKSOURCE_PLLI2S)) ||
 349:Drivers/STM32F4xx_HAL_Driver/Src/stm32f4xx_hal_rcc_ex.c ****         ((((PeriphClkInit->PeriphClockSelection) & RCC_PERIPHCLK_SAI2) == RCC_PERIPHCLK_SAI2) && (P
 350:Drivers/STM32F4xx_HAL_Driver/Src/stm32f4xx_hal_rcc_ex.c ****     {
 351:Drivers/STM32F4xx_HAL_Driver/Src/stm32f4xx_hal_rcc_ex.c ****       /* Check for PLLI2S Parameters */
 352:Drivers/STM32F4xx_HAL_Driver/Src/stm32f4xx_hal_rcc_ex.c ****       assert_param(IS_RCC_PLLI2SQ_VALUE(PeriphClkInit->PLLI2S.PLLI2SQ));
 353:Drivers/STM32F4xx_HAL_Driver/Src/stm32f4xx_hal_rcc_ex.c ****       /* Check for PLLI2S/DIVQ parameters */
 354:Drivers/STM32F4xx_HAL_Driver/Src/stm32f4xx_hal_rcc_ex.c ****       assert_param(IS_RCC_PLLI2S_DIVQ_VALUE(PeriphClkInit->PLLI2SDivQ));
 355:Drivers/STM32F4xx_HAL_Driver/Src/stm32f4xx_hal_rcc_ex.c **** 
 356:Drivers/STM32F4xx_HAL_Driver/Src/stm32f4xx_hal_rcc_ex.c ****       /* Read PLLI2SP/PLLI2SR value from PLLI2SCFGR register (this value is not needed for SAI conf
 357:Drivers/STM32F4xx_HAL_Driver/Src/stm32f4xx_hal_rcc_ex.c ****       plli2sp = ((((RCC->PLLI2SCFGR & RCC_PLLI2SCFGR_PLLI2SP) >> RCC_PLLI2SCFGR_PLLI2SP_Pos) + 1U) 
 358:Drivers/STM32F4xx_HAL_Driver/Src/stm32f4xx_hal_rcc_ex.c ****       plli2sr = ((RCC->PLLI2SCFGR & RCC_PLLI2SCFGR_PLLI2SR) >> RCC_PLLI2SCFGR_PLLI2SR_Pos);
 359:Drivers/STM32F4xx_HAL_Driver/Src/stm32f4xx_hal_rcc_ex.c ****       /* Configure the PLLI2S division factors */
 360:Drivers/STM32F4xx_HAL_Driver/Src/stm32f4xx_hal_rcc_ex.c ****       /* PLLI2S_VCO Input  = PLL_SOURCE/PLLI2SM */
 361:Drivers/STM32F4xx_HAL_Driver/Src/stm32f4xx_hal_rcc_ex.c ****       /* PLLI2S_VCO Output = PLLI2S_VCO Input * PLLI2SN */
 362:Drivers/STM32F4xx_HAL_Driver/Src/stm32f4xx_hal_rcc_ex.c ****       /* SAI_CLK(first level) = PLLI2S_VCO Output/PLLI2SQ */
 363:Drivers/STM32F4xx_HAL_Driver/Src/stm32f4xx_hal_rcc_ex.c ****       __HAL_RCC_PLLI2S_CONFIG(PeriphClkInit->PLLI2S.PLLI2SM, PeriphClkInit->PLLI2S.PLLI2SN, plli2sp
 364:Drivers/STM32F4xx_HAL_Driver/Src/stm32f4xx_hal_rcc_ex.c ****                               PeriphClkInit->PLLI2S.PLLI2SQ, plli2sr);
 365:Drivers/STM32F4xx_HAL_Driver/Src/stm32f4xx_hal_rcc_ex.c **** 
 366:Drivers/STM32F4xx_HAL_Driver/Src/stm32f4xx_hal_rcc_ex.c ****       /* SAI_CLK_x = SAI_CLK(first level)/PLLI2SDIVQ */
 367:Drivers/STM32F4xx_HAL_Driver/Src/stm32f4xx_hal_rcc_ex.c ****       __HAL_RCC_PLLI2S_PLLSAICLKDIVQ_CONFIG(PeriphClkInit->PLLI2SDivQ);
 368:Drivers/STM32F4xx_HAL_Driver/Src/stm32f4xx_hal_rcc_ex.c ****     }
 369:Drivers/STM32F4xx_HAL_Driver/Src/stm32f4xx_hal_rcc_ex.c **** 
 370:Drivers/STM32F4xx_HAL_Driver/Src/stm32f4xx_hal_rcc_ex.c ****     /*------ In Case of PLLI2S is selected as source clock for SPDIFRX -------*/
 371:Drivers/STM32F4xx_HAL_Driver/Src/stm32f4xx_hal_rcc_ex.c ****     if ((((PeriphClkInit->PeriphClockSelection) & RCC_PERIPHCLK_SPDIFRX) == RCC_PERIPHCLK_SPDIFRX)
 372:Drivers/STM32F4xx_HAL_Driver/Src/stm32f4xx_hal_rcc_ex.c ****         && (PeriphClkInit->SpdifClockSelection == RCC_SPDIFRXCLKSOURCE_PLLI2SP))
 373:Drivers/STM32F4xx_HAL_Driver/Src/stm32f4xx_hal_rcc_ex.c ****     {
 374:Drivers/STM32F4xx_HAL_Driver/Src/stm32f4xx_hal_rcc_ex.c ****       /* check for Parameters */
 375:Drivers/STM32F4xx_HAL_Driver/Src/stm32f4xx_hal_rcc_ex.c ****       assert_param(IS_RCC_PLLI2SP_VALUE(PeriphClkInit->PLLI2S.PLLI2SP));
 376:Drivers/STM32F4xx_HAL_Driver/Src/stm32f4xx_hal_rcc_ex.c ****       /* Read PLLI2SR value from PLLI2SCFGR register (this value is not need for SAI configuration)
 377:Drivers/STM32F4xx_HAL_Driver/Src/stm32f4xx_hal_rcc_ex.c ****       plli2sq = ((((RCC->PLLI2SCFGR & RCC_PLLI2SCFGR_PLLI2SP) >> RCC_PLLI2SCFGR_PLLI2SP_Pos) + 1U) 
 378:Drivers/STM32F4xx_HAL_Driver/Src/stm32f4xx_hal_rcc_ex.c ****       plli2sr = ((RCC->PLLI2SCFGR & RCC_PLLI2SCFGR_PLLI2SR) >> RCC_PLLI2SCFGR_PLLI2SR_Pos);
 379:Drivers/STM32F4xx_HAL_Driver/Src/stm32f4xx_hal_rcc_ex.c ****       /* Configure the PLLI2S division factors */
 380:Drivers/STM32F4xx_HAL_Driver/Src/stm32f4xx_hal_rcc_ex.c ****       /* PLLI2S_VCO = f(VCO clock) = f(PLLI2S clock input) * (PLLI2SN/PLLI2SM) */
 381:Drivers/STM32F4xx_HAL_Driver/Src/stm32f4xx_hal_rcc_ex.c ****       /* SPDIFRXCLK = f(PLLI2S clock output) = f(VCO clock) / PLLI2SP */
 382:Drivers/STM32F4xx_HAL_Driver/Src/stm32f4xx_hal_rcc_ex.c ****       __HAL_RCC_PLLI2S_CONFIG(PeriphClkInit->PLLI2S.PLLI2SM, PeriphClkInit->PLLI2S.PLLI2SN, PeriphC
 383:Drivers/STM32F4xx_HAL_Driver/Src/stm32f4xx_hal_rcc_ex.c ****                               plli2sq, plli2sr);
 384:Drivers/STM32F4xx_HAL_Driver/Src/stm32f4xx_hal_rcc_ex.c ****     }
 385:Drivers/STM32F4xx_HAL_Driver/Src/stm32f4xx_hal_rcc_ex.c **** 
 386:Drivers/STM32F4xx_HAL_Driver/Src/stm32f4xx_hal_rcc_ex.c ****     /*----------------- In Case of PLLI2S is just selected  -----------------*/
 387:Drivers/STM32F4xx_HAL_Driver/Src/stm32f4xx_hal_rcc_ex.c ****     if ((PeriphClkInit->PeriphClockSelection & RCC_PERIPHCLK_PLLI2S) == RCC_PERIPHCLK_PLLI2S)
 388:Drivers/STM32F4xx_HAL_Driver/Src/stm32f4xx_hal_rcc_ex.c ****     {
 389:Drivers/STM32F4xx_HAL_Driver/Src/stm32f4xx_hal_rcc_ex.c ****       /* Check for Parameters */
 390:Drivers/STM32F4xx_HAL_Driver/Src/stm32f4xx_hal_rcc_ex.c ****       assert_param(IS_RCC_PLLI2SP_VALUE(PeriphClkInit->PLLI2S.PLLI2SP));
 391:Drivers/STM32F4xx_HAL_Driver/Src/stm32f4xx_hal_rcc_ex.c ****       assert_param(IS_RCC_PLLI2SR_VALUE(PeriphClkInit->PLLI2S.PLLI2SR));
 392:Drivers/STM32F4xx_HAL_Driver/Src/stm32f4xx_hal_rcc_ex.c ****       assert_param(IS_RCC_PLLI2SQ_VALUE(PeriphClkInit->PLLI2S.PLLI2SQ));
 393:Drivers/STM32F4xx_HAL_Driver/Src/stm32f4xx_hal_rcc_ex.c **** 
 394:Drivers/STM32F4xx_HAL_Driver/Src/stm32f4xx_hal_rcc_ex.c ****       /* Configure the PLLI2S division factors */
 395:Drivers/STM32F4xx_HAL_Driver/Src/stm32f4xx_hal_rcc_ex.c ****       /* PLLI2S_VCO = f(VCO clock) = f(PLLI2S clock input) * (PLLI2SN/PLLI2SM) */
 396:Drivers/STM32F4xx_HAL_Driver/Src/stm32f4xx_hal_rcc_ex.c ****       __HAL_RCC_PLLI2S_CONFIG(PeriphClkInit->PLLI2S.PLLI2SM, PeriphClkInit->PLLI2S.PLLI2SN, PeriphC
 397:Drivers/STM32F4xx_HAL_Driver/Src/stm32f4xx_hal_rcc_ex.c ****                               PeriphClkInit->PLLI2S.PLLI2SQ, PeriphClkInit->PLLI2S.PLLI2SR);
 398:Drivers/STM32F4xx_HAL_Driver/Src/stm32f4xx_hal_rcc_ex.c ****     }
 399:Drivers/STM32F4xx_HAL_Driver/Src/stm32f4xx_hal_rcc_ex.c **** 
ARM GAS  C:\Users\user\AppData\Local\Temp\ccuZOZlR.s 			page 13


 400:Drivers/STM32F4xx_HAL_Driver/Src/stm32f4xx_hal_rcc_ex.c ****     /* Enable the PLLI2S */
 401:Drivers/STM32F4xx_HAL_Driver/Src/stm32f4xx_hal_rcc_ex.c ****     __HAL_RCC_PLLI2S_ENABLE();
 402:Drivers/STM32F4xx_HAL_Driver/Src/stm32f4xx_hal_rcc_ex.c ****     /* Get tick */
 403:Drivers/STM32F4xx_HAL_Driver/Src/stm32f4xx_hal_rcc_ex.c ****     tickstart = HAL_GetTick();
 404:Drivers/STM32F4xx_HAL_Driver/Src/stm32f4xx_hal_rcc_ex.c ****     /* Wait till PLLI2S is ready */
 405:Drivers/STM32F4xx_HAL_Driver/Src/stm32f4xx_hal_rcc_ex.c ****     while (__HAL_RCC_GET_FLAG(RCC_FLAG_PLLI2SRDY)  == RESET)
 406:Drivers/STM32F4xx_HAL_Driver/Src/stm32f4xx_hal_rcc_ex.c ****     {
 407:Drivers/STM32F4xx_HAL_Driver/Src/stm32f4xx_hal_rcc_ex.c ****       if ((HAL_GetTick() - tickstart) > PLLI2S_TIMEOUT_VALUE)
 408:Drivers/STM32F4xx_HAL_Driver/Src/stm32f4xx_hal_rcc_ex.c ****       {
 409:Drivers/STM32F4xx_HAL_Driver/Src/stm32f4xx_hal_rcc_ex.c ****         /* return in case of Timeout detected */
 410:Drivers/STM32F4xx_HAL_Driver/Src/stm32f4xx_hal_rcc_ex.c ****         return HAL_TIMEOUT;
 411:Drivers/STM32F4xx_HAL_Driver/Src/stm32f4xx_hal_rcc_ex.c ****       }
 412:Drivers/STM32F4xx_HAL_Driver/Src/stm32f4xx_hal_rcc_ex.c ****     }
 413:Drivers/STM32F4xx_HAL_Driver/Src/stm32f4xx_hal_rcc_ex.c ****   }
 414:Drivers/STM32F4xx_HAL_Driver/Src/stm32f4xx_hal_rcc_ex.c ****   /*--------------------------------------------------------------------------*/
 415:Drivers/STM32F4xx_HAL_Driver/Src/stm32f4xx_hal_rcc_ex.c **** 
 416:Drivers/STM32F4xx_HAL_Driver/Src/stm32f4xx_hal_rcc_ex.c ****   /*----------------------------- PLLSAI Configuration -----------------------*/
 417:Drivers/STM32F4xx_HAL_Driver/Src/stm32f4xx_hal_rcc_ex.c ****   /* PLLSAI is configured when a peripheral will use it as source clock : SAI1, SAI2, CLK48 or SDIO
 418:Drivers/STM32F4xx_HAL_Driver/Src/stm32f4xx_hal_rcc_ex.c ****   if (pllsaiused == 1U)
 285              		.loc 1 418 3 is_stmt 1 view .LVU95
 286              		.loc 1 418 6 is_stmt 0 view .LVU96
 287 0154 012F     		cmp	r7, #1
 288 0156 00F02681 		beq	.L63
 419:Drivers/STM32F4xx_HAL_Driver/Src/stm32f4xx_hal_rcc_ex.c ****   {
 420:Drivers/STM32F4xx_HAL_Driver/Src/stm32f4xx_hal_rcc_ex.c ****     /* Disable PLLSAI Clock */
 421:Drivers/STM32F4xx_HAL_Driver/Src/stm32f4xx_hal_rcc_ex.c ****     __HAL_RCC_PLLSAI_DISABLE();
 422:Drivers/STM32F4xx_HAL_Driver/Src/stm32f4xx_hal_rcc_ex.c ****     /* Get tick */
 423:Drivers/STM32F4xx_HAL_Driver/Src/stm32f4xx_hal_rcc_ex.c ****     tickstart = HAL_GetTick();
 424:Drivers/STM32F4xx_HAL_Driver/Src/stm32f4xx_hal_rcc_ex.c ****     /* Wait till PLLSAI is disabled */
 425:Drivers/STM32F4xx_HAL_Driver/Src/stm32f4xx_hal_rcc_ex.c ****     while (__HAL_RCC_PLLSAI_GET_FLAG() != RESET)
 426:Drivers/STM32F4xx_HAL_Driver/Src/stm32f4xx_hal_rcc_ex.c ****     {
 427:Drivers/STM32F4xx_HAL_Driver/Src/stm32f4xx_hal_rcc_ex.c ****       if ((HAL_GetTick() - tickstart) > PLLSAI_TIMEOUT_VALUE)
 428:Drivers/STM32F4xx_HAL_Driver/Src/stm32f4xx_hal_rcc_ex.c ****       {
 429:Drivers/STM32F4xx_HAL_Driver/Src/stm32f4xx_hal_rcc_ex.c ****         /* return in case of Timeout detected */
 430:Drivers/STM32F4xx_HAL_Driver/Src/stm32f4xx_hal_rcc_ex.c ****         return HAL_TIMEOUT;
 431:Drivers/STM32F4xx_HAL_Driver/Src/stm32f4xx_hal_rcc_ex.c ****       }
 432:Drivers/STM32F4xx_HAL_Driver/Src/stm32f4xx_hal_rcc_ex.c ****     }
 433:Drivers/STM32F4xx_HAL_Driver/Src/stm32f4xx_hal_rcc_ex.c **** 
 434:Drivers/STM32F4xx_HAL_Driver/Src/stm32f4xx_hal_rcc_ex.c ****     /* Check the PLLSAI division factors */
 435:Drivers/STM32F4xx_HAL_Driver/Src/stm32f4xx_hal_rcc_ex.c ****     assert_param(IS_RCC_PLLSAIM_VALUE(PeriphClkInit->PLLSAI.PLLSAIM));
 436:Drivers/STM32F4xx_HAL_Driver/Src/stm32f4xx_hal_rcc_ex.c ****     assert_param(IS_RCC_PLLSAIN_VALUE(PeriphClkInit->PLLSAI.PLLSAIN));
 437:Drivers/STM32F4xx_HAL_Driver/Src/stm32f4xx_hal_rcc_ex.c **** 
 438:Drivers/STM32F4xx_HAL_Driver/Src/stm32f4xx_hal_rcc_ex.c ****     /*------ In Case of PLLSAI is selected as source clock for SAI -----------*/
 439:Drivers/STM32F4xx_HAL_Driver/Src/stm32f4xx_hal_rcc_ex.c ****     if (((((PeriphClkInit->PeriphClockSelection) & RCC_PERIPHCLK_SAI1) == RCC_PERIPHCLK_SAI1)
 440:Drivers/STM32F4xx_HAL_Driver/Src/stm32f4xx_hal_rcc_ex.c ****          && (PeriphClkInit->Sai1ClockSelection == RCC_SAI1CLKSOURCE_PLLSAI)) ||
 441:Drivers/STM32F4xx_HAL_Driver/Src/stm32f4xx_hal_rcc_ex.c ****         ((((PeriphClkInit->PeriphClockSelection) & RCC_PERIPHCLK_SAI2) == RCC_PERIPHCLK_SAI2) && (P
 442:Drivers/STM32F4xx_HAL_Driver/Src/stm32f4xx_hal_rcc_ex.c ****     {
 443:Drivers/STM32F4xx_HAL_Driver/Src/stm32f4xx_hal_rcc_ex.c ****       /* check for PLLSAIQ Parameter */
 444:Drivers/STM32F4xx_HAL_Driver/Src/stm32f4xx_hal_rcc_ex.c ****       assert_param(IS_RCC_PLLSAIQ_VALUE(PeriphClkInit->PLLSAI.PLLSAIQ));
 445:Drivers/STM32F4xx_HAL_Driver/Src/stm32f4xx_hal_rcc_ex.c ****       /* check for PLLSAI/DIVQ Parameter */
 446:Drivers/STM32F4xx_HAL_Driver/Src/stm32f4xx_hal_rcc_ex.c ****       assert_param(IS_RCC_PLLSAI_DIVQ_VALUE(PeriphClkInit->PLLSAIDivQ));
 447:Drivers/STM32F4xx_HAL_Driver/Src/stm32f4xx_hal_rcc_ex.c **** 
 448:Drivers/STM32F4xx_HAL_Driver/Src/stm32f4xx_hal_rcc_ex.c ****       /* Read PLLSAIP value from PLLSAICFGR register (this value is not needed for SAI configuratio
 449:Drivers/STM32F4xx_HAL_Driver/Src/stm32f4xx_hal_rcc_ex.c ****       pllsaip = ((((RCC->PLLSAICFGR & RCC_PLLSAICFGR_PLLSAIP) >> RCC_PLLSAICFGR_PLLSAIP_Pos) + 1U) 
 450:Drivers/STM32F4xx_HAL_Driver/Src/stm32f4xx_hal_rcc_ex.c ****       /* PLLSAI_VCO Input  = PLL_SOURCE/PLLM */
 451:Drivers/STM32F4xx_HAL_Driver/Src/stm32f4xx_hal_rcc_ex.c ****       /* PLLSAI_VCO Output = PLLSAI_VCO Input * PLLSAIN */
 452:Drivers/STM32F4xx_HAL_Driver/Src/stm32f4xx_hal_rcc_ex.c ****       /* SAI_CLK(first level) = PLLSAI_VCO Output/PLLSAIQ */
ARM GAS  C:\Users\user\AppData\Local\Temp\ccuZOZlR.s 			page 14


 453:Drivers/STM32F4xx_HAL_Driver/Src/stm32f4xx_hal_rcc_ex.c ****       __HAL_RCC_PLLSAI_CONFIG(PeriphClkInit->PLLSAI.PLLSAIM, PeriphClkInit->PLLSAI.PLLSAIN, pllsaip
 454:Drivers/STM32F4xx_HAL_Driver/Src/stm32f4xx_hal_rcc_ex.c ****                               PeriphClkInit->PLLSAI.PLLSAIQ, 0U);
 455:Drivers/STM32F4xx_HAL_Driver/Src/stm32f4xx_hal_rcc_ex.c **** 
 456:Drivers/STM32F4xx_HAL_Driver/Src/stm32f4xx_hal_rcc_ex.c ****       /* SAI_CLK_x = SAI_CLK(first level)/PLLSAIDIVQ */
 457:Drivers/STM32F4xx_HAL_Driver/Src/stm32f4xx_hal_rcc_ex.c ****       __HAL_RCC_PLLSAI_PLLSAICLKDIVQ_CONFIG(PeriphClkInit->PLLSAIDivQ);
 458:Drivers/STM32F4xx_HAL_Driver/Src/stm32f4xx_hal_rcc_ex.c ****     }
 459:Drivers/STM32F4xx_HAL_Driver/Src/stm32f4xx_hal_rcc_ex.c **** 
 460:Drivers/STM32F4xx_HAL_Driver/Src/stm32f4xx_hal_rcc_ex.c ****     /*------ In Case of PLLSAI is selected as source clock for CLK48 ---------*/
 461:Drivers/STM32F4xx_HAL_Driver/Src/stm32f4xx_hal_rcc_ex.c ****     /* In Case of PLLI2S is selected as source clock for CLK48 */
 462:Drivers/STM32F4xx_HAL_Driver/Src/stm32f4xx_hal_rcc_ex.c ****     if ((((PeriphClkInit->PeriphClockSelection) & RCC_PERIPHCLK_CLK48) == RCC_PERIPHCLK_CLK48)
 463:Drivers/STM32F4xx_HAL_Driver/Src/stm32f4xx_hal_rcc_ex.c ****         && (PeriphClkInit->Clk48ClockSelection == RCC_CLK48CLKSOURCE_PLLSAIP))
 464:Drivers/STM32F4xx_HAL_Driver/Src/stm32f4xx_hal_rcc_ex.c ****     {
 465:Drivers/STM32F4xx_HAL_Driver/Src/stm32f4xx_hal_rcc_ex.c ****       /* check for Parameters */
 466:Drivers/STM32F4xx_HAL_Driver/Src/stm32f4xx_hal_rcc_ex.c ****       assert_param(IS_RCC_PLLSAIP_VALUE(PeriphClkInit->PLLSAI.PLLSAIP));
 467:Drivers/STM32F4xx_HAL_Driver/Src/stm32f4xx_hal_rcc_ex.c ****       /* Read PLLSAIQ value from PLLI2SCFGR register (this value is not need for SAI configuration)
 468:Drivers/STM32F4xx_HAL_Driver/Src/stm32f4xx_hal_rcc_ex.c ****       pllsaiq = ((RCC->PLLSAICFGR & RCC_PLLSAICFGR_PLLSAIQ) >> RCC_PLLSAICFGR_PLLSAIQ_Pos);
 469:Drivers/STM32F4xx_HAL_Driver/Src/stm32f4xx_hal_rcc_ex.c ****       /* Configure the PLLSAI division factors */
 470:Drivers/STM32F4xx_HAL_Driver/Src/stm32f4xx_hal_rcc_ex.c ****       /* PLLSAI_VCO = f(VCO clock) = f(PLLSAI clock input) * (PLLI2SN/PLLSAIM) */
 471:Drivers/STM32F4xx_HAL_Driver/Src/stm32f4xx_hal_rcc_ex.c ****       /* 48CLK = f(PLLSAI clock output) = f(VCO clock) / PLLSAIP */
 472:Drivers/STM32F4xx_HAL_Driver/Src/stm32f4xx_hal_rcc_ex.c ****       __HAL_RCC_PLLSAI_CONFIG(PeriphClkInit->PLLSAI.PLLSAIM, PeriphClkInit->PLLSAI.PLLSAIN, PeriphC
 473:Drivers/STM32F4xx_HAL_Driver/Src/stm32f4xx_hal_rcc_ex.c ****                               pllsaiq, 0U);
 474:Drivers/STM32F4xx_HAL_Driver/Src/stm32f4xx_hal_rcc_ex.c ****     }
 475:Drivers/STM32F4xx_HAL_Driver/Src/stm32f4xx_hal_rcc_ex.c **** 
 476:Drivers/STM32F4xx_HAL_Driver/Src/stm32f4xx_hal_rcc_ex.c ****     /* Enable PLLSAI Clock */
 477:Drivers/STM32F4xx_HAL_Driver/Src/stm32f4xx_hal_rcc_ex.c ****     __HAL_RCC_PLLSAI_ENABLE();
 478:Drivers/STM32F4xx_HAL_Driver/Src/stm32f4xx_hal_rcc_ex.c ****     /* Get tick */
 479:Drivers/STM32F4xx_HAL_Driver/Src/stm32f4xx_hal_rcc_ex.c ****     tickstart = HAL_GetTick();
 480:Drivers/STM32F4xx_HAL_Driver/Src/stm32f4xx_hal_rcc_ex.c ****     /* Wait till PLLSAI is ready */
 481:Drivers/STM32F4xx_HAL_Driver/Src/stm32f4xx_hal_rcc_ex.c ****     while (__HAL_RCC_PLLSAI_GET_FLAG() == RESET)
 482:Drivers/STM32F4xx_HAL_Driver/Src/stm32f4xx_hal_rcc_ex.c ****     {
 483:Drivers/STM32F4xx_HAL_Driver/Src/stm32f4xx_hal_rcc_ex.c ****       if ((HAL_GetTick() - tickstart) > PLLSAI_TIMEOUT_VALUE)
 484:Drivers/STM32F4xx_HAL_Driver/Src/stm32f4xx_hal_rcc_ex.c ****       {
 485:Drivers/STM32F4xx_HAL_Driver/Src/stm32f4xx_hal_rcc_ex.c ****         /* return in case of Timeout detected */
 486:Drivers/STM32F4xx_HAL_Driver/Src/stm32f4xx_hal_rcc_ex.c ****         return HAL_TIMEOUT;
 487:Drivers/STM32F4xx_HAL_Driver/Src/stm32f4xx_hal_rcc_ex.c ****       }
 488:Drivers/STM32F4xx_HAL_Driver/Src/stm32f4xx_hal_rcc_ex.c ****     }
 489:Drivers/STM32F4xx_HAL_Driver/Src/stm32f4xx_hal_rcc_ex.c ****   }
 490:Drivers/STM32F4xx_HAL_Driver/Src/stm32f4xx_hal_rcc_ex.c ****   return HAL_OK;
 289              		.loc 1 490 10 view .LVU97
 290 015a 0020     		movs	r0, #0
 291              	.LVL11:
 292              	.L10:
 491:Drivers/STM32F4xx_HAL_Driver/Src/stm32f4xx_hal_rcc_ex.c **** }
 293              		.loc 1 491 1 view .LVU98
 294 015c 03B0     		add	sp, sp, #12
 295              	.LCFI2:
 296              		.cfi_remember_state
 297              		.cfi_def_cfa_offset 20
 298              		@ sp needed
 299 015e F0BD     		pop	{r4, r5, r6, r7, pc}
 300              	.LVL12:
 301              	.L59:
 302              	.LCFI3:
 303              		.cfi_restore_state
 145:Drivers/STM32F4xx_HAL_Driver/Src/stm32f4xx_hal_rcc_ex.c ****     }
 304              		.loc 1 145 18 view .LVU99
 305 0160 0125     		movs	r5, #1
ARM GAS  C:\Users\user\AppData\Local\Temp\ccuZOZlR.s 			page 15


 306              	.LVL13:
 145:Drivers/STM32F4xx_HAL_Driver/Src/stm32f4xx_hal_rcc_ex.c ****     }
 307              		.loc 1 145 18 view .LVU100
 308 0162 82E7     		b	.L5
 309              	.LVL14:
 310              	.L47:
 150:Drivers/STM32F4xx_HAL_Driver/Src/stm32f4xx_hal_rcc_ex.c ****     }
 311              		.loc 1 150 18 view .LVU101
 312 0164 0123     		movs	r3, #1
 313 0166 1F46     		mov	r7, r3
 314 0168 83E7     		b	.L4
 315              	.LVL15:
 316              	.L60:
 167:Drivers/STM32F4xx_HAL_Driver/Src/stm32f4xx_hal_rcc_ex.c ****     }
 317              		.loc 1 167 18 view .LVU102
 318 016a 0125     		movs	r5, #1
 319              	.LVL16:
 167:Drivers/STM32F4xx_HAL_Driver/Src/stm32f4xx_hal_rcc_ex.c ****     }
 320              		.loc 1 167 18 view .LVU103
 321 016c 92E7     		b	.L7
 322              	.LVL17:
 323              	.L61:
 181:Drivers/STM32F4xx_HAL_Driver/Src/stm32f4xx_hal_rcc_ex.c **** 
 324              		.loc 1 181 5 is_stmt 1 view .LVU104
 184:Drivers/STM32F4xx_HAL_Driver/Src/stm32f4xx_hal_rcc_ex.c **** 
 325              		.loc 1 184 5 view .LVU105
 326              	.LBB2:
 184:Drivers/STM32F4xx_HAL_Driver/Src/stm32f4xx_hal_rcc_ex.c **** 
 327              		.loc 1 184 5 view .LVU106
 328 016e 0023     		movs	r3, #0
 329 0170 0193     		str	r3, [sp, #4]
 184:Drivers/STM32F4xx_HAL_Driver/Src/stm32f4xx_hal_rcc_ex.c **** 
 330              		.loc 1 184 5 view .LVU107
 331 0172 3E4B     		ldr	r3, .L72
 332 0174 1A6C     		ldr	r2, [r3, #64]
 333 0176 42F08052 		orr	r2, r2, #268435456
 334 017a 1A64     		str	r2, [r3, #64]
 184:Drivers/STM32F4xx_HAL_Driver/Src/stm32f4xx_hal_rcc_ex.c **** 
 335              		.loc 1 184 5 view .LVU108
 336 017c 1B6C     		ldr	r3, [r3, #64]
 337 017e 03F08053 		and	r3, r3, #268435456
 338 0182 0193     		str	r3, [sp, #4]
 184:Drivers/STM32F4xx_HAL_Driver/Src/stm32f4xx_hal_rcc_ex.c **** 
 339              		.loc 1 184 5 view .LVU109
 340 0184 019B     		ldr	r3, [sp, #4]
 341              	.LBE2:
 184:Drivers/STM32F4xx_HAL_Driver/Src/stm32f4xx_hal_rcc_ex.c **** 
 342              		.loc 1 184 5 view .LVU110
 187:Drivers/STM32F4xx_HAL_Driver/Src/stm32f4xx_hal_rcc_ex.c **** 
 343              		.loc 1 187 5 view .LVU111
 187:Drivers/STM32F4xx_HAL_Driver/Src/stm32f4xx_hal_rcc_ex.c **** 
 344              		.loc 1 187 8 is_stmt 0 view .LVU112
 345 0186 3B4A     		ldr	r2, .L72+8
 346 0188 1368     		ldr	r3, [r2]
 187:Drivers/STM32F4xx_HAL_Driver/Src/stm32f4xx_hal_rcc_ex.c **** 
 347              		.loc 1 187 13 view .LVU113
 348 018a 43F48073 		orr	r3, r3, #256
ARM GAS  C:\Users\user\AppData\Local\Temp\ccuZOZlR.s 			page 16


 349 018e 1360     		str	r3, [r2]
 190:Drivers/STM32F4xx_HAL_Driver/Src/stm32f4xx_hal_rcc_ex.c **** 
 350              		.loc 1 190 5 is_stmt 1 view .LVU114
 190:Drivers/STM32F4xx_HAL_Driver/Src/stm32f4xx_hal_rcc_ex.c **** 
 351              		.loc 1 190 17 is_stmt 0 view .LVU115
 352 0190 FFF7FEFF 		bl	HAL_GetTick
 353              	.LVL18:
 190:Drivers/STM32F4xx_HAL_Driver/Src/stm32f4xx_hal_rcc_ex.c **** 
 354              		.loc 1 190 17 view .LVU116
 355 0194 0646     		mov	r6, r0
 356              	.LVL19:
 192:Drivers/STM32F4xx_HAL_Driver/Src/stm32f4xx_hal_rcc_ex.c ****     {
 357              		.loc 1 192 5 is_stmt 1 view .LVU117
 358              	.L9:
 192:Drivers/STM32F4xx_HAL_Driver/Src/stm32f4xx_hal_rcc_ex.c ****     {
 359              		.loc 1 192 35 view .LVU118
 192:Drivers/STM32F4xx_HAL_Driver/Src/stm32f4xx_hal_rcc_ex.c ****     {
 360              		.loc 1 192 16 is_stmt 0 view .LVU119
 361 0196 374B     		ldr	r3, .L72+8
 362 0198 1B68     		ldr	r3, [r3]
 192:Drivers/STM32F4xx_HAL_Driver/Src/stm32f4xx_hal_rcc_ex.c ****     {
 363              		.loc 1 192 35 view .LVU120
 364 019a 13F4807F 		tst	r3, #256
 365 019e 06D1     		bne	.L64
 194:Drivers/STM32F4xx_HAL_Driver/Src/stm32f4xx_hal_rcc_ex.c ****       {
 366              		.loc 1 194 7 is_stmt 1 view .LVU121
 194:Drivers/STM32F4xx_HAL_Driver/Src/stm32f4xx_hal_rcc_ex.c ****       {
 367              		.loc 1 194 12 is_stmt 0 view .LVU122
 368 01a0 FFF7FEFF 		bl	HAL_GetTick
 369              	.LVL20:
 194:Drivers/STM32F4xx_HAL_Driver/Src/stm32f4xx_hal_rcc_ex.c ****       {
 370              		.loc 1 194 26 discriminator 1 view .LVU123
 371 01a4 801B     		subs	r0, r0, r6
 194:Drivers/STM32F4xx_HAL_Driver/Src/stm32f4xx_hal_rcc_ex.c ****       {
 372              		.loc 1 194 10 discriminator 1 view .LVU124
 373 01a6 0228     		cmp	r0, #2
 374 01a8 F5D9     		bls	.L9
 196:Drivers/STM32F4xx_HAL_Driver/Src/stm32f4xx_hal_rcc_ex.c ****       }
 375              		.loc 1 196 16 view .LVU125
 376 01aa 0320     		movs	r0, #3
 377 01ac D6E7     		b	.L10
 378              	.L64:
 200:Drivers/STM32F4xx_HAL_Driver/Src/stm32f4xx_hal_rcc_ex.c ****     if ((tmpreg1 != 0x00000000U) && ((tmpreg1) != (PeriphClkInit->RTCClockSelection & RCC_BDCR_RTCS
 379              		.loc 1 200 5 is_stmt 1 view .LVU126
 200:Drivers/STM32F4xx_HAL_Driver/Src/stm32f4xx_hal_rcc_ex.c ****     if ((tmpreg1 != 0x00000000U) && ((tmpreg1) != (PeriphClkInit->RTCClockSelection & RCC_BDCR_RTCS
 380              		.loc 1 200 19 is_stmt 0 view .LVU127
 381 01ae 2F4B     		ldr	r3, .L72
 382 01b0 1B6F     		ldr	r3, [r3, #112]
 383              	.LVL21:
 201:Drivers/STM32F4xx_HAL_Driver/Src/stm32f4xx_hal_rcc_ex.c ****     {
 384              		.loc 1 201 5 is_stmt 1 view .LVU128
 201:Drivers/STM32F4xx_HAL_Driver/Src/stm32f4xx_hal_rcc_ex.c ****     {
 385              		.loc 1 201 8 is_stmt 0 view .LVU129
 386 01b2 13F44073 		ands	r3, r3, #768
 387              	.LVL22:
 201:Drivers/STM32F4xx_HAL_Driver/Src/stm32f4xx_hal_rcc_ex.c ****     {
 388              		.loc 1 201 8 view .LVU130
ARM GAS  C:\Users\user\AppData\Local\Temp\ccuZOZlR.s 			page 17


 389 01b6 14D0     		beq	.L12
 201:Drivers/STM32F4xx_HAL_Driver/Src/stm32f4xx_hal_rcc_ex.c ****     {
 390              		.loc 1 201 65 discriminator 1 view .LVU131
 391 01b8 226C     		ldr	r2, [r4, #64]
 201:Drivers/STM32F4xx_HAL_Driver/Src/stm32f4xx_hal_rcc_ex.c ****     {
 392              		.loc 1 201 85 discriminator 1 view .LVU132
 393 01ba 02F44072 		and	r2, r2, #768
 201:Drivers/STM32F4xx_HAL_Driver/Src/stm32f4xx_hal_rcc_ex.c ****     {
 394              		.loc 1 201 34 discriminator 1 view .LVU133
 395 01be 9A42     		cmp	r2, r3
 396 01c0 0FD0     		beq	.L12
 204:Drivers/STM32F4xx_HAL_Driver/Src/stm32f4xx_hal_rcc_ex.c ****       /* RTC Clock selection can be changed only if the Backup Domain is reset */
 397              		.loc 1 204 7 is_stmt 1 view .LVU134
 204:Drivers/STM32F4xx_HAL_Driver/Src/stm32f4xx_hal_rcc_ex.c ****       /* RTC Clock selection can be changed only if the Backup Domain is reset */
 398              		.loc 1 204 21 is_stmt 0 view .LVU135
 399 01c2 2A4B     		ldr	r3, .L72
 400              	.LVL23:
 204:Drivers/STM32F4xx_HAL_Driver/Src/stm32f4xx_hal_rcc_ex.c ****       /* RTC Clock selection can be changed only if the Backup Domain is reset */
 401              		.loc 1 204 21 view .LVU136
 402 01c4 1A6F     		ldr	r2, [r3, #112]
 204:Drivers/STM32F4xx_HAL_Driver/Src/stm32f4xx_hal_rcc_ex.c ****       /* RTC Clock selection can be changed only if the Backup Domain is reset */
 403              		.loc 1 204 15 view .LVU137
 404 01c6 22F44072 		bic	r2, r2, #768
 405              	.LVL24:
 206:Drivers/STM32F4xx_HAL_Driver/Src/stm32f4xx_hal_rcc_ex.c ****       __HAL_RCC_BACKUPRESET_RELEASE();
 406              		.loc 1 206 7 is_stmt 1 view .LVU138
 407 01ca 2B49     		ldr	r1, .L72+12
 408 01cc 0120     		movs	r0, #1
 409 01ce C1F8400E 		str	r0, [r1, #3648]
 207:Drivers/STM32F4xx_HAL_Driver/Src/stm32f4xx_hal_rcc_ex.c ****       /* Restore the Content of BDCR register */
 410              		.loc 1 207 7 view .LVU139
 411 01d2 0020     		movs	r0, #0
 412 01d4 C1F8400E 		str	r0, [r1, #3648]
 209:Drivers/STM32F4xx_HAL_Driver/Src/stm32f4xx_hal_rcc_ex.c **** 
 413              		.loc 1 209 7 view .LVU140
 209:Drivers/STM32F4xx_HAL_Driver/Src/stm32f4xx_hal_rcc_ex.c **** 
 414              		.loc 1 209 17 is_stmt 0 view .LVU141
 415 01d8 1A67     		str	r2, [r3, #112]
 212:Drivers/STM32F4xx_HAL_Driver/Src/stm32f4xx_hal_rcc_ex.c ****       {
 416              		.loc 1 212 7 is_stmt 1 view .LVU142
 212:Drivers/STM32F4xx_HAL_Driver/Src/stm32f4xx_hal_rcc_ex.c ****       {
 417              		.loc 1 212 11 is_stmt 0 view .LVU143
 418 01da 1B6F     		ldr	r3, [r3, #112]
 212:Drivers/STM32F4xx_HAL_Driver/Src/stm32f4xx_hal_rcc_ex.c ****       {
 419              		.loc 1 212 10 view .LVU144
 420 01dc 13F0010F 		tst	r3, #1
 421 01e0 12D1     		bne	.L65
 422              	.LVL25:
 423              	.L12:
 227:Drivers/STM32F4xx_HAL_Driver/Src/stm32f4xx_hal_rcc_ex.c ****   }
 424              		.loc 1 227 5 is_stmt 1 view .LVU145
 227:Drivers/STM32F4xx_HAL_Driver/Src/stm32f4xx_hal_rcc_ex.c ****   }
 425              		.loc 1 227 5 view .LVU146
 426 01e2 236C     		ldr	r3, [r4, #64]
 427 01e4 03F44072 		and	r2, r3, #768
 428 01e8 B2F5407F 		cmp	r2, #768
 429 01ec 1DD0     		beq	.L66
ARM GAS  C:\Users\user\AppData\Local\Temp\ccuZOZlR.s 			page 18


 227:Drivers/STM32F4xx_HAL_Driver/Src/stm32f4xx_hal_rcc_ex.c ****   }
 430              		.loc 1 227 5 is_stmt 0 discriminator 2 view .LVU147
 431 01ee 1F4A     		ldr	r2, .L72
 432 01f0 9368     		ldr	r3, [r2, #8]
 433 01f2 23F4F813 		bic	r3, r3, #2031616
 434 01f6 9360     		str	r3, [r2, #8]
 435              	.L16:
 227:Drivers/STM32F4xx_HAL_Driver/Src/stm32f4xx_hal_rcc_ex.c ****   }
 436              		.loc 1 227 5 is_stmt 1 discriminator 4 view .LVU148
 437 01f8 1C49     		ldr	r1, .L72
 438 01fa 0B6F     		ldr	r3, [r1, #112]
 439 01fc 226C     		ldr	r2, [r4, #64]
 440 01fe C2F30B02 		ubfx	r2, r2, #0, #12
 441 0202 1343     		orrs	r3, r3, r2
 442 0204 0B67     		str	r3, [r1, #112]
 443 0206 4CE7     		b	.L8
 444              	.LVL26:
 445              	.L65:
 215:Drivers/STM32F4xx_HAL_Driver/Src/stm32f4xx_hal_rcc_ex.c **** 
 446              		.loc 1 215 9 view .LVU149
 215:Drivers/STM32F4xx_HAL_Driver/Src/stm32f4xx_hal_rcc_ex.c **** 
 447              		.loc 1 215 21 is_stmt 0 view .LVU150
 448 0208 FFF7FEFF 		bl	HAL_GetTick
 449              	.LVL27:
 215:Drivers/STM32F4xx_HAL_Driver/Src/stm32f4xx_hal_rcc_ex.c **** 
 450              		.loc 1 215 21 view .LVU151
 451 020c 0646     		mov	r6, r0
 452              	.LVL28:
 218:Drivers/STM32F4xx_HAL_Driver/Src/stm32f4xx_hal_rcc_ex.c ****         {
 453              		.loc 1 218 9 is_stmt 1 view .LVU152
 454              	.L13:
 218:Drivers/STM32F4xx_HAL_Driver/Src/stm32f4xx_hal_rcc_ex.c ****         {
 455              		.loc 1 218 52 view .LVU153
 218:Drivers/STM32F4xx_HAL_Driver/Src/stm32f4xx_hal_rcc_ex.c ****         {
 456              		.loc 1 218 16 is_stmt 0 view .LVU154
 457 020e 174B     		ldr	r3, .L72
 458 0210 1B6F     		ldr	r3, [r3, #112]
 218:Drivers/STM32F4xx_HAL_Driver/Src/stm32f4xx_hal_rcc_ex.c ****         {
 459              		.loc 1 218 52 view .LVU155
 460 0212 13F0020F 		tst	r3, #2
 461 0216 E4D1     		bne	.L12
 220:Drivers/STM32F4xx_HAL_Driver/Src/stm32f4xx_hal_rcc_ex.c ****           {
 462              		.loc 1 220 11 is_stmt 1 view .LVU156
 220:Drivers/STM32F4xx_HAL_Driver/Src/stm32f4xx_hal_rcc_ex.c ****           {
 463              		.loc 1 220 16 is_stmt 0 view .LVU157
 464 0218 FFF7FEFF 		bl	HAL_GetTick
 465              	.LVL29:
 220:Drivers/STM32F4xx_HAL_Driver/Src/stm32f4xx_hal_rcc_ex.c ****           {
 466              		.loc 1 220 30 discriminator 1 view .LVU158
 467 021c 801B     		subs	r0, r0, r6
 220:Drivers/STM32F4xx_HAL_Driver/Src/stm32f4xx_hal_rcc_ex.c ****           {
 468              		.loc 1 220 14 discriminator 1 view .LVU159
 469 021e 41F28833 		movw	r3, #5000
 470 0222 9842     		cmp	r0, r3
 471 0224 F3D9     		bls	.L13
 222:Drivers/STM32F4xx_HAL_Driver/Src/stm32f4xx_hal_rcc_ex.c ****           }
 472              		.loc 1 222 20 view .LVU160
ARM GAS  C:\Users\user\AppData\Local\Temp\ccuZOZlR.s 			page 19


 473 0226 0320     		movs	r0, #3
 474 0228 98E7     		b	.L10
 475              	.LVL30:
 476              	.L66:
 227:Drivers/STM32F4xx_HAL_Driver/Src/stm32f4xx_hal_rcc_ex.c ****   }
 477              		.loc 1 227 5 discriminator 1 view .LVU161
 478 022a 1049     		ldr	r1, .L72
 479 022c 8A68     		ldr	r2, [r1, #8]
 480 022e 22F4F812 		bic	r2, r2, #2031616
 481 0232 23F07043 		bic	r3, r3, #-268435456
 482 0236 23F44073 		bic	r3, r3, #768
 483 023a 1343     		orrs	r3, r3, r2
 484 023c 8B60     		str	r3, [r1, #8]
 485 023e DBE7     		b	.L16
 486              	.LVL31:
 487              	.L62:
 273:Drivers/STM32F4xx_HAL_Driver/Src/stm32f4xx_hal_rcc_ex.c ****     }
 488              		.loc 1 273 18 view .LVU162
 489 0240 0123     		movs	r3, #1
 490 0242 1F46     		mov	r7, r3
 491              	.LVL32:
 273:Drivers/STM32F4xx_HAL_Driver/Src/stm32f4xx_hal_rcc_ex.c ****     }
 492              		.loc 1 273 18 view .LVU163
 493 0244 62E7     		b	.L20
 494              	.LVL33:
 495              	.L23:
 311:Drivers/STM32F4xx_HAL_Driver/Src/stm32f4xx_hal_rcc_ex.c ****     /* Get tick */
 496              		.loc 1 311 5 is_stmt 1 view .LVU164
 497 0246 0C4B     		ldr	r3, .L72+12
 498 0248 0022     		movs	r2, #0
 499 024a 9A66     		str	r2, [r3, #104]
 313:Drivers/STM32F4xx_HAL_Driver/Src/stm32f4xx_hal_rcc_ex.c ****     /* Wait till PLLI2S is disabled */
 500              		.loc 1 313 5 view .LVU165
 313:Drivers/STM32F4xx_HAL_Driver/Src/stm32f4xx_hal_rcc_ex.c ****     /* Wait till PLLI2S is disabled */
 501              		.loc 1 313 17 is_stmt 0 view .LVU166
 502 024c FFF7FEFF 		bl	HAL_GetTick
 503              	.LVL34:
 504 0250 0546     		mov	r5, r0
 505              	.LVL35:
 315:Drivers/STM32F4xx_HAL_Driver/Src/stm32f4xx_hal_rcc_ex.c ****     {
 506              		.loc 1 315 5 is_stmt 1 view .LVU167
 507              	.L25:
 315:Drivers/STM32F4xx_HAL_Driver/Src/stm32f4xx_hal_rcc_ex.c ****     {
 508              		.loc 1 315 52 view .LVU168
 315:Drivers/STM32F4xx_HAL_Driver/Src/stm32f4xx_hal_rcc_ex.c ****     {
 509              		.loc 1 315 12 is_stmt 0 view .LVU169
 510 0252 064B     		ldr	r3, .L72
 511 0254 1B68     		ldr	r3, [r3]
 315:Drivers/STM32F4xx_HAL_Driver/Src/stm32f4xx_hal_rcc_ex.c ****     {
 512              		.loc 1 315 52 view .LVU170
 513 0256 13F0006F 		tst	r3, #134217728
 514 025a 0FD0     		beq	.L67
 317:Drivers/STM32F4xx_HAL_Driver/Src/stm32f4xx_hal_rcc_ex.c ****       {
 515              		.loc 1 317 7 is_stmt 1 view .LVU171
 317:Drivers/STM32F4xx_HAL_Driver/Src/stm32f4xx_hal_rcc_ex.c ****       {
 516              		.loc 1 317 12 is_stmt 0 view .LVU172
 517 025c FFF7FEFF 		bl	HAL_GetTick
ARM GAS  C:\Users\user\AppData\Local\Temp\ccuZOZlR.s 			page 20


 518              	.LVL36:
 317:Drivers/STM32F4xx_HAL_Driver/Src/stm32f4xx_hal_rcc_ex.c ****       {
 519              		.loc 1 317 26 discriminator 1 view .LVU173
 520 0260 401B     		subs	r0, r0, r5
 317:Drivers/STM32F4xx_HAL_Driver/Src/stm32f4xx_hal_rcc_ex.c ****       {
 521              		.loc 1 317 10 discriminator 1 view .LVU174
 522 0262 0228     		cmp	r0, #2
 523 0264 F5D9     		bls	.L25
 320:Drivers/STM32F4xx_HAL_Driver/Src/stm32f4xx_hal_rcc_ex.c ****       }
 524              		.loc 1 320 16 view .LVU175
 525 0266 0320     		movs	r0, #3
 526 0268 78E7     		b	.L10
 527              	.L73:
 528 026a 00BF     		.align	2
 529              	.L72:
 530 026c 00380240 		.word	1073887232
 531 0270 00104742 		.word	1111953408
 532 0274 00700040 		.word	1073770496
 533 0278 00004742 		.word	1111949312
 534              	.L67:
 325:Drivers/STM32F4xx_HAL_Driver/Src/stm32f4xx_hal_rcc_ex.c ****     assert_param(IS_RCC_PLLI2SN_VALUE(PeriphClkInit->PLLI2S.PLLI2SN));
 535              		.loc 1 325 5 is_stmt 1 view .LVU176
 326:Drivers/STM32F4xx_HAL_Driver/Src/stm32f4xx_hal_rcc_ex.c **** 
 536              		.loc 1 326 5 view .LVU177
 329:Drivers/STM32F4xx_HAL_Driver/Src/stm32f4xx_hal_rcc_ex.c ****          && (PeriphClkInit->I2sApb1ClockSelection == RCC_I2SAPB1CLKSOURCE_PLLI2S)) ||
 537              		.loc 1 329 5 view .LVU178
 329:Drivers/STM32F4xx_HAL_Driver/Src/stm32f4xx_hal_rcc_ex.c ****          && (PeriphClkInit->I2sApb1ClockSelection == RCC_I2SAPB1CLKSOURCE_PLLI2S)) ||
 538              		.loc 1 329 26 is_stmt 0 view .LVU179
 539 027c 2368     		ldr	r3, [r4]
 329:Drivers/STM32F4xx_HAL_Driver/Src/stm32f4xx_hal_rcc_ex.c ****          && (PeriphClkInit->I2sApb1ClockSelection == RCC_I2SAPB1CLKSOURCE_PLLI2S)) ||
 540              		.loc 1 329 8 view .LVU180
 541 027e 13F0010F 		tst	r3, #1
 542 0282 01D0     		beq	.L27
 330:Drivers/STM32F4xx_HAL_Driver/Src/stm32f4xx_hal_rcc_ex.c ****         ((((PeriphClkInit->PeriphClockSelection) & RCC_PERIPHCLK_I2S_APB2) == RCC_PERIPHCLK_I2S_APB
 543              		.loc 1 330 27 view .LVU181
 544 0284 A26B     		ldr	r2, [r4, #56]
 330:Drivers/STM32F4xx_HAL_Driver/Src/stm32f4xx_hal_rcc_ex.c ****         ((((PeriphClkInit->PeriphClockSelection) & RCC_PERIPHCLK_I2S_APB2) == RCC_PERIPHCLK_I2S_APB
 545              		.loc 1 330 10 view .LVU182
 546 0286 22B1     		cbz	r2, .L28
 547              	.L27:
 330:Drivers/STM32F4xx_HAL_Driver/Src/stm32f4xx_hal_rcc_ex.c ****         ((((PeriphClkInit->PeriphClockSelection) & RCC_PERIPHCLK_I2S_APB2) == RCC_PERIPHCLK_I2S_APB
 548              		.loc 1 330 84 discriminator 1 view .LVU183
 549 0288 13F0020F 		tst	r3, #2
 550 028c 15D0     		beq	.L29
 331:Drivers/STM32F4xx_HAL_Driver/Src/stm32f4xx_hal_rcc_ex.c ****     {
 551              		.loc 1 331 120 view .LVU184
 552 028e E36B     		ldr	r3, [r4, #60]
 331:Drivers/STM32F4xx_HAL_Driver/Src/stm32f4xx_hal_rcc_ex.c ****     {
 553              		.loc 1 331 103 view .LVU185
 554 0290 9BB9     		cbnz	r3, .L29
 555              	.L28:
 334:Drivers/STM32F4xx_HAL_Driver/Src/stm32f4xx_hal_rcc_ex.c **** 
 556              		.loc 1 334 7 is_stmt 1 view .LVU186
 337:Drivers/STM32F4xx_HAL_Driver/Src/stm32f4xx_hal_rcc_ex.c ****       plli2sq = ((RCC->PLLI2SCFGR & RCC_PLLI2SCFGR_PLLI2SQ) >> RCC_PLLI2SCFGR_PLLI2SQ_Pos);
 557              		.loc 1 337 7 view .LVU187
 337:Drivers/STM32F4xx_HAL_Driver/Src/stm32f4xx_hal_rcc_ex.c ****       plli2sq = ((RCC->PLLI2SCFGR & RCC_PLLI2SCFGR_PLLI2SQ) >> RCC_PLLI2SCFGR_PLLI2SQ_Pos);
 558              		.loc 1 337 24 is_stmt 0 view .LVU188
ARM GAS  C:\Users\user\AppData\Local\Temp\ccuZOZlR.s 			page 21


 559 0292 774A     		ldr	r2, .L74
 560 0294 D2F88400 		ldr	r0, [r2, #132]
 561              	.LVL37:
 338:Drivers/STM32F4xx_HAL_Driver/Src/stm32f4xx_hal_rcc_ex.c ****       /* Configure the PLLI2S division factors */
 562              		.loc 1 338 7 is_stmt 1 view .LVU189
 338:Drivers/STM32F4xx_HAL_Driver/Src/stm32f4xx_hal_rcc_ex.c ****       /* Configure the PLLI2S division factors */
 563              		.loc 1 338 22 is_stmt 0 view .LVU190
 564 0298 D2F88410 		ldr	r1, [r2, #132]
 565              	.LVL38:
 342:Drivers/STM32F4xx_HAL_Driver/Src/stm32f4xx_hal_rcc_ex.c ****                               PeriphClkInit->PLLI2S.PLLI2SR);
 566              		.loc 1 342 7 is_stmt 1 view .LVU191
 567 029c 6368     		ldr	r3, [r4, #4]
 568 029e A568     		ldr	r5, [r4, #8]
 569              	.LVL39:
 342:Drivers/STM32F4xx_HAL_Driver/Src/stm32f4xx_hal_rcc_ex.c ****                               PeriphClkInit->PLLI2S.PLLI2SR);
 570              		.loc 1 342 7 is_stmt 0 view .LVU192
 571 02a0 43EA8513 		orr	r3, r3, r5, lsl #6
 572 02a4 00F44030 		and	r0, r0, #196608
 573              	.LVL40:
 342:Drivers/STM32F4xx_HAL_Driver/Src/stm32f4xx_hal_rcc_ex.c ****                               PeriphClkInit->PLLI2S.PLLI2SR);
 574              		.loc 1 342 7 view .LVU193
 575 02a8 0343     		orrs	r3, r3, r0
 576 02aa 01F07061 		and	r1, r1, #251658240
 577              	.LVL41:
 342:Drivers/STM32F4xx_HAL_Driver/Src/stm32f4xx_hal_rcc_ex.c ****                               PeriphClkInit->PLLI2S.PLLI2SR);
 578              		.loc 1 342 7 view .LVU194
 579 02ae 0B43     		orrs	r3, r3, r1
 580 02b0 6169     		ldr	r1, [r4, #20]
 581 02b2 43EA0173 		orr	r3, r3, r1, lsl #28
 582 02b6 C2F88430 		str	r3, [r2, #132]
 583              	.LVL42:
 584              	.L29:
 347:Drivers/STM32F4xx_HAL_Driver/Src/stm32f4xx_hal_rcc_ex.c ****          && (PeriphClkInit->Sai1ClockSelection == RCC_SAI1CLKSOURCE_PLLI2S)) ||
 585              		.loc 1 347 5 is_stmt 1 view .LVU195
 347:Drivers/STM32F4xx_HAL_Driver/Src/stm32f4xx_hal_rcc_ex.c ****          && (PeriphClkInit->Sai1ClockSelection == RCC_SAI1CLKSOURCE_PLLI2S)) ||
 586              		.loc 1 347 26 is_stmt 0 view .LVU196
 587 02ba 2368     		ldr	r3, [r4]
 347:Drivers/STM32F4xx_HAL_Driver/Src/stm32f4xx_hal_rcc_ex.c ****          && (PeriphClkInit->Sai1ClockSelection == RCC_SAI1CLKSOURCE_PLLI2S)) ||
 588              		.loc 1 347 8 view .LVU197
 589 02bc 13F0040F 		tst	r3, #4
 590 02c0 03D0     		beq	.L30
 348:Drivers/STM32F4xx_HAL_Driver/Src/stm32f4xx_hal_rcc_ex.c ****         ((((PeriphClkInit->PeriphClockSelection) & RCC_PERIPHCLK_SAI2) == RCC_PERIPHCLK_SAI2) && (P
 591              		.loc 1 348 27 view .LVU198
 592 02c2 226B     		ldr	r2, [r4, #48]
 348:Drivers/STM32F4xx_HAL_Driver/Src/stm32f4xx_hal_rcc_ex.c ****         ((((PeriphClkInit->PeriphClockSelection) & RCC_PERIPHCLK_SAI2) == RCC_PERIPHCLK_SAI2) && (P
 593              		.loc 1 348 10 view .LVU199
 594 02c4 B2F5801F 		cmp	r2, #1048576
 595 02c8 06D0     		beq	.L31
 596              	.L30:
 348:Drivers/STM32F4xx_HAL_Driver/Src/stm32f4xx_hal_rcc_ex.c ****         ((((PeriphClkInit->PeriphClockSelection) & RCC_PERIPHCLK_SAI2) == RCC_PERIPHCLK_SAI2) && (P
 597              		.loc 1 348 78 discriminator 1 view .LVU200
 598 02ca 13F0080F 		tst	r3, #8
 599 02ce 20D0     		beq	.L32
 349:Drivers/STM32F4xx_HAL_Driver/Src/stm32f4xx_hal_rcc_ex.c ****     {
 600              		.loc 1 349 112 view .LVU201
 601 02d0 636B     		ldr	r3, [r4, #52]
 349:Drivers/STM32F4xx_HAL_Driver/Src/stm32f4xx_hal_rcc_ex.c ****     {
ARM GAS  C:\Users\user\AppData\Local\Temp\ccuZOZlR.s 			page 22


 602              		.loc 1 349 95 view .LVU202
 603 02d2 B3F5800F 		cmp	r3, #4194304
 604 02d6 1CD1     		bne	.L32
 605              	.L31:
 352:Drivers/STM32F4xx_HAL_Driver/Src/stm32f4xx_hal_rcc_ex.c ****       /* Check for PLLI2S/DIVQ parameters */
 606              		.loc 1 352 7 is_stmt 1 view .LVU203
 354:Drivers/STM32F4xx_HAL_Driver/Src/stm32f4xx_hal_rcc_ex.c **** 
 607              		.loc 1 354 7 view .LVU204
 357:Drivers/STM32F4xx_HAL_Driver/Src/stm32f4xx_hal_rcc_ex.c ****       plli2sr = ((RCC->PLLI2SCFGR & RCC_PLLI2SCFGR_PLLI2SR) >> RCC_PLLI2SCFGR_PLLI2SR_Pos);
 608              		.loc 1 357 7 view .LVU205
 357:Drivers/STM32F4xx_HAL_Driver/Src/stm32f4xx_hal_rcc_ex.c ****       plli2sr = ((RCC->PLLI2SCFGR & RCC_PLLI2SCFGR_PLLI2SR) >> RCC_PLLI2SCFGR_PLLI2SR_Pos);
 609              		.loc 1 357 24 is_stmt 0 view .LVU206
 610 02d8 654A     		ldr	r2, .L74
 611 02da D2F88400 		ldr	r0, [r2, #132]
 612              	.LVL43:
 358:Drivers/STM32F4xx_HAL_Driver/Src/stm32f4xx_hal_rcc_ex.c ****       /* Configure the PLLI2S division factors */
 613              		.loc 1 358 7 is_stmt 1 view .LVU207
 358:Drivers/STM32F4xx_HAL_Driver/Src/stm32f4xx_hal_rcc_ex.c ****       /* Configure the PLLI2S division factors */
 614              		.loc 1 358 22 is_stmt 0 view .LVU208
 615 02de D2F88410 		ldr	r1, [r2, #132]
 616              	.LVL44:
 363:Drivers/STM32F4xx_HAL_Driver/Src/stm32f4xx_hal_rcc_ex.c ****                               PeriphClkInit->PLLI2S.PLLI2SQ, plli2sr);
 617              		.loc 1 363 7 is_stmt 1 view .LVU209
 618 02e2 6368     		ldr	r3, [r4, #4]
 619 02e4 A568     		ldr	r5, [r4, #8]
 620 02e6 43EA8513 		orr	r3, r3, r5, lsl #6
 621 02ea 00F44030 		and	r0, r0, #196608
 622              	.LVL45:
 363:Drivers/STM32F4xx_HAL_Driver/Src/stm32f4xx_hal_rcc_ex.c ****                               PeriphClkInit->PLLI2S.PLLI2SQ, plli2sr);
 623              		.loc 1 363 7 is_stmt 0 view .LVU210
 624 02ee 0343     		orrs	r3, r3, r0
 625 02f0 2069     		ldr	r0, [r4, #16]
 626 02f2 43EA0063 		orr	r3, r3, r0, lsl #24
 627 02f6 01F0E041 		and	r1, r1, #1879048192
 628              	.LVL46:
 363:Drivers/STM32F4xx_HAL_Driver/Src/stm32f4xx_hal_rcc_ex.c ****                               PeriphClkInit->PLLI2S.PLLI2SQ, plli2sr);
 629              		.loc 1 363 7 view .LVU211
 630 02fa 0B43     		orrs	r3, r3, r1
 631 02fc C2F88430 		str	r3, [r2, #132]
 367:Drivers/STM32F4xx_HAL_Driver/Src/stm32f4xx_hal_rcc_ex.c ****     }
 632              		.loc 1 367 7 is_stmt 1 view .LVU212
 633 0300 D2F88C30 		ldr	r3, [r2, #140]
 634 0304 23F01F03 		bic	r3, r3, #31
 635 0308 A16A     		ldr	r1, [r4, #40]
 636 030a 0139     		subs	r1, r1, #1
 637 030c 0B43     		orrs	r3, r3, r1
 638 030e C2F88C30 		str	r3, [r2, #140]
 639              	.LVL47:
 640              	.L32:
 371:Drivers/STM32F4xx_HAL_Driver/Src/stm32f4xx_hal_rcc_ex.c ****         && (PeriphClkInit->SpdifClockSelection == RCC_SPDIFRXCLKSOURCE_PLLI2SP))
 641              		.loc 1 371 5 view .LVU213
 371:Drivers/STM32F4xx_HAL_Driver/Src/stm32f4xx_hal_rcc_ex.c ****         && (PeriphClkInit->SpdifClockSelection == RCC_SPDIFRXCLKSOURCE_PLLI2SP))
 642              		.loc 1 371 25 is_stmt 0 view .LVU214
 643 0312 2368     		ldr	r3, [r4]
 371:Drivers/STM32F4xx_HAL_Driver/Src/stm32f4xx_hal_rcc_ex.c ****         && (PeriphClkInit->SpdifClockSelection == RCC_SPDIFRXCLKSOURCE_PLLI2SP))
 644              		.loc 1 371 8 view .LVU215
 645 0314 13F4806F 		tst	r3, #1024
ARM GAS  C:\Users\user\AppData\Local\Temp\ccuZOZlR.s 			page 23


 646 0318 03D0     		beq	.L33
 372:Drivers/STM32F4xx_HAL_Driver/Src/stm32f4xx_hal_rcc_ex.c ****     {
 647              		.loc 1 372 26 view .LVU216
 648 031a 236D     		ldr	r3, [r4, #80]
 372:Drivers/STM32F4xx_HAL_Driver/Src/stm32f4xx_hal_rcc_ex.c ****     {
 649              		.loc 1 372 9 view .LVU217
 650 031c B3F1005F 		cmp	r3, #536870912
 651 0320 28D0     		beq	.L68
 652              	.L33:
 387:Drivers/STM32F4xx_HAL_Driver/Src/stm32f4xx_hal_rcc_ex.c ****     {
 653              		.loc 1 387 5 is_stmt 1 view .LVU218
 387:Drivers/STM32F4xx_HAL_Driver/Src/stm32f4xx_hal_rcc_ex.c ****     {
 654              		.loc 1 387 23 is_stmt 0 view .LVU219
 655 0322 2368     		ldr	r3, [r4]
 387:Drivers/STM32F4xx_HAL_Driver/Src/stm32f4xx_hal_rcc_ex.c ****     {
 656              		.loc 1 387 8 view .LVU220
 657 0324 13F4006F 		tst	r3, #2048
 658 0328 11D0     		beq	.L34
 390:Drivers/STM32F4xx_HAL_Driver/Src/stm32f4xx_hal_rcc_ex.c ****       assert_param(IS_RCC_PLLI2SR_VALUE(PeriphClkInit->PLLI2S.PLLI2SR));
 659              		.loc 1 390 7 is_stmt 1 view .LVU221
 391:Drivers/STM32F4xx_HAL_Driver/Src/stm32f4xx_hal_rcc_ex.c ****       assert_param(IS_RCC_PLLI2SQ_VALUE(PeriphClkInit->PLLI2S.PLLI2SQ));
 660              		.loc 1 391 7 view .LVU222
 392:Drivers/STM32F4xx_HAL_Driver/Src/stm32f4xx_hal_rcc_ex.c **** 
 661              		.loc 1 392 7 view .LVU223
 396:Drivers/STM32F4xx_HAL_Driver/Src/stm32f4xx_hal_rcc_ex.c ****                               PeriphClkInit->PLLI2S.PLLI2SQ, PeriphClkInit->PLLI2S.PLLI2SR);
 662              		.loc 1 396 7 view .LVU224
 663 032a 6368     		ldr	r3, [r4, #4]
 664 032c A268     		ldr	r2, [r4, #8]
 665 032e 43EA8213 		orr	r3, r3, r2, lsl #6
 666 0332 E268     		ldr	r2, [r4, #12]
 667 0334 5208     		lsrs	r2, r2, #1
 668 0336 013A     		subs	r2, r2, #1
 669 0338 43EA0243 		orr	r3, r3, r2, lsl #16
 670 033c 2269     		ldr	r2, [r4, #16]
 671 033e 43EA0263 		orr	r3, r3, r2, lsl #24
 672 0342 6269     		ldr	r2, [r4, #20]
 673 0344 43EA0273 		orr	r3, r3, r2, lsl #28
 674 0348 494A     		ldr	r2, .L74
 675 034a C2F88430 		str	r3, [r2, #132]
 676              	.L34:
 401:Drivers/STM32F4xx_HAL_Driver/Src/stm32f4xx_hal_rcc_ex.c ****     /* Get tick */
 677              		.loc 1 401 5 view .LVU225
 678 034e 494B     		ldr	r3, .L74+4
 679 0350 0122     		movs	r2, #1
 680 0352 9A66     		str	r2, [r3, #104]
 403:Drivers/STM32F4xx_HAL_Driver/Src/stm32f4xx_hal_rcc_ex.c ****     /* Wait till PLLI2S is ready */
 681              		.loc 1 403 5 view .LVU226
 403:Drivers/STM32F4xx_HAL_Driver/Src/stm32f4xx_hal_rcc_ex.c ****     /* Wait till PLLI2S is ready */
 682              		.loc 1 403 17 is_stmt 0 view .LVU227
 683 0354 FFF7FEFF 		bl	HAL_GetTick
 684              	.LVL48:
 685 0358 0546     		mov	r5, r0
 686              	.LVL49:
 405:Drivers/STM32F4xx_HAL_Driver/Src/stm32f4xx_hal_rcc_ex.c ****     {
 687              		.loc 1 405 5 is_stmt 1 view .LVU228
 688              	.L35:
 405:Drivers/STM32F4xx_HAL_Driver/Src/stm32f4xx_hal_rcc_ex.c ****     {
ARM GAS  C:\Users\user\AppData\Local\Temp\ccuZOZlR.s 			page 24


 689              		.loc 1 405 52 view .LVU229
 405:Drivers/STM32F4xx_HAL_Driver/Src/stm32f4xx_hal_rcc_ex.c ****     {
 690              		.loc 1 405 12 is_stmt 0 view .LVU230
 691 035a 454B     		ldr	r3, .L74
 692 035c 1B68     		ldr	r3, [r3]
 405:Drivers/STM32F4xx_HAL_Driver/Src/stm32f4xx_hal_rcc_ex.c ****     {
 693              		.loc 1 405 52 view .LVU231
 694 035e 13F0006F 		tst	r3, #134217728
 695 0362 7FF4F7AE 		bne	.L24
 407:Drivers/STM32F4xx_HAL_Driver/Src/stm32f4xx_hal_rcc_ex.c ****       {
 696              		.loc 1 407 7 is_stmt 1 view .LVU232
 407:Drivers/STM32F4xx_HAL_Driver/Src/stm32f4xx_hal_rcc_ex.c ****       {
 697              		.loc 1 407 12 is_stmt 0 view .LVU233
 698 0366 FFF7FEFF 		bl	HAL_GetTick
 699              	.LVL50:
 407:Drivers/STM32F4xx_HAL_Driver/Src/stm32f4xx_hal_rcc_ex.c ****       {
 700              		.loc 1 407 26 discriminator 1 view .LVU234
 701 036a 401B     		subs	r0, r0, r5
 407:Drivers/STM32F4xx_HAL_Driver/Src/stm32f4xx_hal_rcc_ex.c ****       {
 702              		.loc 1 407 10 discriminator 1 view .LVU235
 703 036c 0228     		cmp	r0, #2
 704 036e F4D9     		bls	.L35
 410:Drivers/STM32F4xx_HAL_Driver/Src/stm32f4xx_hal_rcc_ex.c ****       }
 705              		.loc 1 410 16 view .LVU236
 706 0370 0320     		movs	r0, #3
 707 0372 F3E6     		b	.L10
 708              	.LVL51:
 709              	.L68:
 375:Drivers/STM32F4xx_HAL_Driver/Src/stm32f4xx_hal_rcc_ex.c ****       /* Read PLLI2SR value from PLLI2SCFGR register (this value is not need for SAI configuration)
 710              		.loc 1 375 7 is_stmt 1 view .LVU237
 377:Drivers/STM32F4xx_HAL_Driver/Src/stm32f4xx_hal_rcc_ex.c ****       plli2sr = ((RCC->PLLI2SCFGR & RCC_PLLI2SCFGR_PLLI2SR) >> RCC_PLLI2SCFGR_PLLI2SR_Pos);
 711              		.loc 1 377 7 view .LVU238
 377:Drivers/STM32F4xx_HAL_Driver/Src/stm32f4xx_hal_rcc_ex.c ****       plli2sr = ((RCC->PLLI2SCFGR & RCC_PLLI2SCFGR_PLLI2SR) >> RCC_PLLI2SCFGR_PLLI2SR_Pos);
 712              		.loc 1 377 24 is_stmt 0 view .LVU239
 713 0374 3E48     		ldr	r0, .L74
 714 0376 D0F88420 		ldr	r2, [r0, #132]
 377:Drivers/STM32F4xx_HAL_Driver/Src/stm32f4xx_hal_rcc_ex.c ****       plli2sr = ((RCC->PLLI2SCFGR & RCC_PLLI2SCFGR_PLLI2SR) >> RCC_PLLI2SCFGR_PLLI2SR_Pos);
 715              		.loc 1 377 63 view .LVU240
 716 037a C2F30142 		ubfx	r2, r2, #16, #2
 377:Drivers/STM32F4xx_HAL_Driver/Src/stm32f4xx_hal_rcc_ex.c ****       plli2sr = ((RCC->PLLI2SCFGR & RCC_PLLI2SCFGR_PLLI2SR) >> RCC_PLLI2SCFGR_PLLI2SR_Pos);
 717              		.loc 1 377 94 view .LVU241
 718 037e 0132     		adds	r2, r2, #1
 719              	.LVL52:
 378:Drivers/STM32F4xx_HAL_Driver/Src/stm32f4xx_hal_rcc_ex.c ****       /* Configure the PLLI2S division factors */
 720              		.loc 1 378 7 is_stmt 1 view .LVU242
 378:Drivers/STM32F4xx_HAL_Driver/Src/stm32f4xx_hal_rcc_ex.c ****       /* Configure the PLLI2S division factors */
 721              		.loc 1 378 22 is_stmt 0 view .LVU243
 722 0380 D0F88450 		ldr	r5, [r0, #132]
 723              	.LVL53:
 382:Drivers/STM32F4xx_HAL_Driver/Src/stm32f4xx_hal_rcc_ex.c ****                               plli2sq, plli2sr);
 724              		.loc 1 382 7 is_stmt 1 view .LVU244
 725 0384 6368     		ldr	r3, [r4, #4]
 726 0386 A168     		ldr	r1, [r4, #8]
 727 0388 43EA8113 		orr	r3, r3, r1, lsl #6
 728 038c E168     		ldr	r1, [r4, #12]
 729 038e 4908     		lsrs	r1, r1, #1
 730 0390 0139     		subs	r1, r1, #1
ARM GAS  C:\Users\user\AppData\Local\Temp\ccuZOZlR.s 			page 25


 731 0392 43EA0143 		orr	r3, r3, r1, lsl #16
 732 0396 43EA4263 		orr	r3, r3, r2, lsl #25
 733 039a 05F0E042 		and	r2, r5, #1879048192
 734              	.LVL54:
 382:Drivers/STM32F4xx_HAL_Driver/Src/stm32f4xx_hal_rcc_ex.c ****                               plli2sq, plli2sr);
 735              		.loc 1 382 7 is_stmt 0 view .LVU245
 736 039e 1343     		orrs	r3, r3, r2
 737 03a0 C0F88430 		str	r3, [r0, #132]
 738 03a4 BDE7     		b	.L33
 739              	.LVL55:
 740              	.L63:
 421:Drivers/STM32F4xx_HAL_Driver/Src/stm32f4xx_hal_rcc_ex.c ****     /* Get tick */
 741              		.loc 1 421 5 is_stmt 1 view .LVU246
 742 03a6 334B     		ldr	r3, .L74+4
 743 03a8 0022     		movs	r2, #0
 744 03aa 1A67     		str	r2, [r3, #112]
 423:Drivers/STM32F4xx_HAL_Driver/Src/stm32f4xx_hal_rcc_ex.c ****     /* Wait till PLLSAI is disabled */
 745              		.loc 1 423 5 view .LVU247
 423:Drivers/STM32F4xx_HAL_Driver/Src/stm32f4xx_hal_rcc_ex.c ****     /* Wait till PLLSAI is disabled */
 746              		.loc 1 423 17 is_stmt 0 view .LVU248
 747 03ac FFF7FEFF 		bl	HAL_GetTick
 748              	.LVL56:
 749 03b0 0546     		mov	r5, r0
 750              	.LVL57:
 425:Drivers/STM32F4xx_HAL_Driver/Src/stm32f4xx_hal_rcc_ex.c ****     {
 751              		.loc 1 425 5 is_stmt 1 view .LVU249
 752              	.L37:
 425:Drivers/STM32F4xx_HAL_Driver/Src/stm32f4xx_hal_rcc_ex.c ****     {
 753              		.loc 1 425 40 view .LVU250
 425:Drivers/STM32F4xx_HAL_Driver/Src/stm32f4xx_hal_rcc_ex.c ****     {
 754              		.loc 1 425 12 is_stmt 0 view .LVU251
 755 03b2 2F4B     		ldr	r3, .L74
 756 03b4 1B68     		ldr	r3, [r3]
 425:Drivers/STM32F4xx_HAL_Driver/Src/stm32f4xx_hal_rcc_ex.c ****     {
 757              		.loc 1 425 40 view .LVU252
 758 03b6 13F0005F 		tst	r3, #536870912
 759 03ba 06D0     		beq	.L69
 427:Drivers/STM32F4xx_HAL_Driver/Src/stm32f4xx_hal_rcc_ex.c ****       {
 760              		.loc 1 427 7 is_stmt 1 view .LVU253
 427:Drivers/STM32F4xx_HAL_Driver/Src/stm32f4xx_hal_rcc_ex.c ****       {
 761              		.loc 1 427 12 is_stmt 0 view .LVU254
 762 03bc FFF7FEFF 		bl	HAL_GetTick
 763              	.LVL58:
 427:Drivers/STM32F4xx_HAL_Driver/Src/stm32f4xx_hal_rcc_ex.c ****       {
 764              		.loc 1 427 26 discriminator 1 view .LVU255
 765 03c0 401B     		subs	r0, r0, r5
 427:Drivers/STM32F4xx_HAL_Driver/Src/stm32f4xx_hal_rcc_ex.c ****       {
 766              		.loc 1 427 10 discriminator 1 view .LVU256
 767 03c2 0228     		cmp	r0, #2
 768 03c4 F5D9     		bls	.L37
 430:Drivers/STM32F4xx_HAL_Driver/Src/stm32f4xx_hal_rcc_ex.c ****       }
 769              		.loc 1 430 16 view .LVU257
 770 03c6 0320     		movs	r0, #3
 771 03c8 C8E6     		b	.L10
 772              	.L69:
 435:Drivers/STM32F4xx_HAL_Driver/Src/stm32f4xx_hal_rcc_ex.c ****     assert_param(IS_RCC_PLLSAIN_VALUE(PeriphClkInit->PLLSAI.PLLSAIN));
 773              		.loc 1 435 5 is_stmt 1 view .LVU258
ARM GAS  C:\Users\user\AppData\Local\Temp\ccuZOZlR.s 			page 26


 436:Drivers/STM32F4xx_HAL_Driver/Src/stm32f4xx_hal_rcc_ex.c **** 
 774              		.loc 1 436 5 view .LVU259
 439:Drivers/STM32F4xx_HAL_Driver/Src/stm32f4xx_hal_rcc_ex.c ****          && (PeriphClkInit->Sai1ClockSelection == RCC_SAI1CLKSOURCE_PLLSAI)) ||
 775              		.loc 1 439 5 view .LVU260
 439:Drivers/STM32F4xx_HAL_Driver/Src/stm32f4xx_hal_rcc_ex.c ****          && (PeriphClkInit->Sai1ClockSelection == RCC_SAI1CLKSOURCE_PLLSAI)) ||
 776              		.loc 1 439 26 is_stmt 0 view .LVU261
 777 03ca 2368     		ldr	r3, [r4]
 439:Drivers/STM32F4xx_HAL_Driver/Src/stm32f4xx_hal_rcc_ex.c ****          && (PeriphClkInit->Sai1ClockSelection == RCC_SAI1CLKSOURCE_PLLSAI)) ||
 778              		.loc 1 439 8 view .LVU262
 779 03cc 13F0040F 		tst	r3, #4
 780 03d0 01D0     		beq	.L39
 440:Drivers/STM32F4xx_HAL_Driver/Src/stm32f4xx_hal_rcc_ex.c ****         ((((PeriphClkInit->PeriphClockSelection) & RCC_PERIPHCLK_SAI2) == RCC_PERIPHCLK_SAI2) && (P
 781              		.loc 1 440 27 view .LVU263
 782 03d2 226B     		ldr	r2, [r4, #48]
 440:Drivers/STM32F4xx_HAL_Driver/Src/stm32f4xx_hal_rcc_ex.c ****         ((((PeriphClkInit->PeriphClockSelection) & RCC_PERIPHCLK_SAI2) == RCC_PERIPHCLK_SAI2) && (P
 783              		.loc 1 440 10 view .LVU264
 784 03d4 22B1     		cbz	r2, .L40
 785              	.L39:
 440:Drivers/STM32F4xx_HAL_Driver/Src/stm32f4xx_hal_rcc_ex.c ****         ((((PeriphClkInit->PeriphClockSelection) & RCC_PERIPHCLK_SAI2) == RCC_PERIPHCLK_SAI2) && (P
 786              		.loc 1 440 78 discriminator 1 view .LVU265
 787 03d6 13F0080F 		tst	r3, #8
 788 03da 1AD0     		beq	.L41
 441:Drivers/STM32F4xx_HAL_Driver/Src/stm32f4xx_hal_rcc_ex.c ****     {
 789              		.loc 1 441 112 view .LVU266
 790 03dc 636B     		ldr	r3, [r4, #52]
 441:Drivers/STM32F4xx_HAL_Driver/Src/stm32f4xx_hal_rcc_ex.c ****     {
 791              		.loc 1 441 95 view .LVU267
 792 03de C3B9     		cbnz	r3, .L41
 793              	.L40:
 444:Drivers/STM32F4xx_HAL_Driver/Src/stm32f4xx_hal_rcc_ex.c ****       /* check for PLLSAI/DIVQ Parameter */
 794              		.loc 1 444 7 is_stmt 1 view .LVU268
 446:Drivers/STM32F4xx_HAL_Driver/Src/stm32f4xx_hal_rcc_ex.c **** 
 795              		.loc 1 446 7 view .LVU269
 449:Drivers/STM32F4xx_HAL_Driver/Src/stm32f4xx_hal_rcc_ex.c ****       /* PLLSAI_VCO Input  = PLL_SOURCE/PLLM */
 796              		.loc 1 449 7 view .LVU270
 449:Drivers/STM32F4xx_HAL_Driver/Src/stm32f4xx_hal_rcc_ex.c ****       /* PLLSAI_VCO Input  = PLL_SOURCE/PLLM */
 797              		.loc 1 449 24 is_stmt 0 view .LVU271
 798 03e0 234A     		ldr	r2, .L74
 799 03e2 D2F88810 		ldr	r1, [r2, #136]
 800              	.LVL59:
 453:Drivers/STM32F4xx_HAL_Driver/Src/stm32f4xx_hal_rcc_ex.c ****                               PeriphClkInit->PLLSAI.PLLSAIQ, 0U);
 801              		.loc 1 453 7 is_stmt 1 view .LVU272
 802 03e6 A369     		ldr	r3, [r4, #24]
 803 03e8 E069     		ldr	r0, [r4, #28]
 804 03ea 43EA8013 		orr	r3, r3, r0, lsl #6
 805 03ee 01F44031 		and	r1, r1, #196608
 806              	.LVL60:
 453:Drivers/STM32F4xx_HAL_Driver/Src/stm32f4xx_hal_rcc_ex.c ****                               PeriphClkInit->PLLSAI.PLLSAIQ, 0U);
 807              		.loc 1 453 7 is_stmt 0 view .LVU273
 808 03f2 0B43     		orrs	r3, r3, r1
 809 03f4 616A     		ldr	r1, [r4, #36]
 810 03f6 43EA0163 		orr	r3, r3, r1, lsl #24
 811 03fa C2F88830 		str	r3, [r2, #136]
 457:Drivers/STM32F4xx_HAL_Driver/Src/stm32f4xx_hal_rcc_ex.c ****     }
 812              		.loc 1 457 7 is_stmt 1 view .LVU274
 813 03fe D2F88C30 		ldr	r3, [r2, #140]
 814 0402 23F4F853 		bic	r3, r3, #7936
ARM GAS  C:\Users\user\AppData\Local\Temp\ccuZOZlR.s 			page 27


 815 0406 E16A     		ldr	r1, [r4, #44]
 816 0408 0139     		subs	r1, r1, #1
 817 040a 43EA0123 		orr	r3, r3, r1, lsl #8
 818 040e C2F88C30 		str	r3, [r2, #140]
 819              	.LVL61:
 820              	.L41:
 462:Drivers/STM32F4xx_HAL_Driver/Src/stm32f4xx_hal_rcc_ex.c ****         && (PeriphClkInit->Clk48ClockSelection == RCC_CLK48CLKSOURCE_PLLSAIP))
 821              		.loc 1 462 5 view .LVU275
 462:Drivers/STM32F4xx_HAL_Driver/Src/stm32f4xx_hal_rcc_ex.c ****         && (PeriphClkInit->Clk48ClockSelection == RCC_CLK48CLKSOURCE_PLLSAIP))
 822              		.loc 1 462 25 is_stmt 0 view .LVU276
 823 0412 2368     		ldr	r3, [r4]
 462:Drivers/STM32F4xx_HAL_Driver/Src/stm32f4xx_hal_rcc_ex.c ****         && (PeriphClkInit->Clk48ClockSelection == RCC_CLK48CLKSOURCE_PLLSAIP))
 824              		.loc 1 462 8 view .LVU277
 825 0414 13F4807F 		tst	r3, #256
 826 0418 03D0     		beq	.L42
 463:Drivers/STM32F4xx_HAL_Driver/Src/stm32f4xx_hal_rcc_ex.c ****     {
 827              		.loc 1 463 26 view .LVU278
 828 041a 636D     		ldr	r3, [r4, #84]
 463:Drivers/STM32F4xx_HAL_Driver/Src/stm32f4xx_hal_rcc_ex.c ****     {
 829              		.loc 1 463 9 view .LVU279
 830 041c B3F1006F 		cmp	r3, #134217728
 831 0420 11D0     		beq	.L70
 832              	.LVL62:
 833              	.L42:
 477:Drivers/STM32F4xx_HAL_Driver/Src/stm32f4xx_hal_rcc_ex.c ****     /* Get tick */
 834              		.loc 1 477 5 is_stmt 1 view .LVU280
 835 0422 144B     		ldr	r3, .L74+4
 836 0424 0122     		movs	r2, #1
 837 0426 1A67     		str	r2, [r3, #112]
 479:Drivers/STM32F4xx_HAL_Driver/Src/stm32f4xx_hal_rcc_ex.c ****     /* Wait till PLLSAI is ready */
 838              		.loc 1 479 5 view .LVU281
 479:Drivers/STM32F4xx_HAL_Driver/Src/stm32f4xx_hal_rcc_ex.c ****     /* Wait till PLLSAI is ready */
 839              		.loc 1 479 17 is_stmt 0 view .LVU282
 840 0428 FFF7FEFF 		bl	HAL_GetTick
 841              	.LVL63:
 842 042c 0446     		mov	r4, r0
 843              	.LVL64:
 481:Drivers/STM32F4xx_HAL_Driver/Src/stm32f4xx_hal_rcc_ex.c ****     {
 844              		.loc 1 481 5 is_stmt 1 view .LVU283
 845              	.L43:
 481:Drivers/STM32F4xx_HAL_Driver/Src/stm32f4xx_hal_rcc_ex.c ****     {
 846              		.loc 1 481 40 view .LVU284
 481:Drivers/STM32F4xx_HAL_Driver/Src/stm32f4xx_hal_rcc_ex.c ****     {
 847              		.loc 1 481 12 is_stmt 0 view .LVU285
 848 042e 104B     		ldr	r3, .L74
 849 0430 1B68     		ldr	r3, [r3]
 481:Drivers/STM32F4xx_HAL_Driver/Src/stm32f4xx_hal_rcc_ex.c ****     {
 850              		.loc 1 481 40 view .LVU286
 851 0432 13F0005F 		tst	r3, #536870912
 852 0436 18D1     		bne	.L71
 483:Drivers/STM32F4xx_HAL_Driver/Src/stm32f4xx_hal_rcc_ex.c ****       {
 853              		.loc 1 483 7 is_stmt 1 view .LVU287
 483:Drivers/STM32F4xx_HAL_Driver/Src/stm32f4xx_hal_rcc_ex.c ****       {
 854              		.loc 1 483 12 is_stmt 0 view .LVU288
 855 0438 FFF7FEFF 		bl	HAL_GetTick
 856              	.LVL65:
 483:Drivers/STM32F4xx_HAL_Driver/Src/stm32f4xx_hal_rcc_ex.c ****       {
ARM GAS  C:\Users\user\AppData\Local\Temp\ccuZOZlR.s 			page 28


 857              		.loc 1 483 26 discriminator 1 view .LVU289
 858 043c 001B     		subs	r0, r0, r4
 483:Drivers/STM32F4xx_HAL_Driver/Src/stm32f4xx_hal_rcc_ex.c ****       {
 859              		.loc 1 483 10 discriminator 1 view .LVU290
 860 043e 0228     		cmp	r0, #2
 861 0440 F5D9     		bls	.L43
 486:Drivers/STM32F4xx_HAL_Driver/Src/stm32f4xx_hal_rcc_ex.c ****       }
 862              		.loc 1 486 16 view .LVU291
 863 0442 0320     		movs	r0, #3
 864 0444 8AE6     		b	.L10
 865              	.LVL66:
 866              	.L70:
 466:Drivers/STM32F4xx_HAL_Driver/Src/stm32f4xx_hal_rcc_ex.c ****       /* Read PLLSAIQ value from PLLI2SCFGR register (this value is not need for SAI configuration)
 867              		.loc 1 466 7 is_stmt 1 view .LVU292
 468:Drivers/STM32F4xx_HAL_Driver/Src/stm32f4xx_hal_rcc_ex.c ****       /* Configure the PLLSAI division factors */
 868              		.loc 1 468 7 view .LVU293
 468:Drivers/STM32F4xx_HAL_Driver/Src/stm32f4xx_hal_rcc_ex.c ****       /* Configure the PLLSAI division factors */
 869              		.loc 1 468 22 is_stmt 0 view .LVU294
 870 0446 0A48     		ldr	r0, .L74
 871 0448 D0F88810 		ldr	r1, [r0, #136]
 872              	.LVL67:
 472:Drivers/STM32F4xx_HAL_Driver/Src/stm32f4xx_hal_rcc_ex.c ****                               pllsaiq, 0U);
 873              		.loc 1 472 7 is_stmt 1 view .LVU295
 874 044c A369     		ldr	r3, [r4, #24]
 875 044e E269     		ldr	r2, [r4, #28]
 876 0450 43EA8213 		orr	r3, r3, r2, lsl #6
 877 0454 226A     		ldr	r2, [r4, #32]
 878 0456 5208     		lsrs	r2, r2, #1
 879 0458 013A     		subs	r2, r2, #1
 880 045a 43EA0243 		orr	r3, r3, r2, lsl #16
 881 045e 01F07062 		and	r2, r1, #251658240
 882 0462 1343     		orrs	r3, r3, r2
 883 0464 C0F88830 		str	r3, [r0, #136]
 884 0468 DBE7     		b	.L42
 885              	.LVL68:
 886              	.L71:
 490:Drivers/STM32F4xx_HAL_Driver/Src/stm32f4xx_hal_rcc_ex.c **** }
 887              		.loc 1 490 10 is_stmt 0 view .LVU296
 888 046a 0020     		movs	r0, #0
 889 046c 76E6     		b	.L10
 890              	.L75:
 891 046e 00BF     		.align	2
 892              	.L74:
 893 0470 00380240 		.word	1073887232
 894 0474 00004742 		.word	1111949312
 895              		.cfi_endproc
 896              	.LFE134:
 898              		.section	.text.HAL_RCCEx_GetPeriphCLKConfig,"ax",%progbits
 899              		.align	1
 900              		.global	HAL_RCCEx_GetPeriphCLKConfig
 901              		.syntax unified
 902              		.thumb
 903              		.thumb_func
 905              	HAL_RCCEx_GetPeriphCLKConfig:
 906              	.LVL69:
 907              	.LFB135:
 492:Drivers/STM32F4xx_HAL_Driver/Src/stm32f4xx_hal_rcc_ex.c **** 
ARM GAS  C:\Users\user\AppData\Local\Temp\ccuZOZlR.s 			page 29


 493:Drivers/STM32F4xx_HAL_Driver/Src/stm32f4xx_hal_rcc_ex.c **** /**
 494:Drivers/STM32F4xx_HAL_Driver/Src/stm32f4xx_hal_rcc_ex.c ****   * @brief  Get the RCC_PeriphCLKInitTypeDef according to the internal
 495:Drivers/STM32F4xx_HAL_Driver/Src/stm32f4xx_hal_rcc_ex.c ****   *         RCC configuration registers.
 496:Drivers/STM32F4xx_HAL_Driver/Src/stm32f4xx_hal_rcc_ex.c ****   * @param  PeriphClkInit pointer to an RCC_PeriphCLKInitTypeDef structure that
 497:Drivers/STM32F4xx_HAL_Driver/Src/stm32f4xx_hal_rcc_ex.c ****   *         will be configured.
 498:Drivers/STM32F4xx_HAL_Driver/Src/stm32f4xx_hal_rcc_ex.c ****   * @retval None
 499:Drivers/STM32F4xx_HAL_Driver/Src/stm32f4xx_hal_rcc_ex.c ****   */
 500:Drivers/STM32F4xx_HAL_Driver/Src/stm32f4xx_hal_rcc_ex.c **** void HAL_RCCEx_GetPeriphCLKConfig(RCC_PeriphCLKInitTypeDef  *PeriphClkInit)
 501:Drivers/STM32F4xx_HAL_Driver/Src/stm32f4xx_hal_rcc_ex.c **** {
 908              		.loc 1 501 1 is_stmt 1 view -0
 909              		.cfi_startproc
 910              		@ args = 0, pretend = 0, frame = 0
 911              		@ frame_needed = 0, uses_anonymous_args = 0
 912              		@ link register save eliminated.
 502:Drivers/STM32F4xx_HAL_Driver/Src/stm32f4xx_hal_rcc_ex.c ****   uint32_t tempreg;
 913              		.loc 1 502 3 view .LVU298
 503:Drivers/STM32F4xx_HAL_Driver/Src/stm32f4xx_hal_rcc_ex.c **** 
 504:Drivers/STM32F4xx_HAL_Driver/Src/stm32f4xx_hal_rcc_ex.c ****   /* Set all possible values for the extended clock type parameter------------*/
 505:Drivers/STM32F4xx_HAL_Driver/Src/stm32f4xx_hal_rcc_ex.c ****   PeriphClkInit->PeriphClockSelection = RCC_PERIPHCLK_I2S_APB1 | RCC_PERIPHCLK_I2S_APB2 | \
 914              		.loc 1 505 3 view .LVU299
 915              		.loc 1 505 39 is_stmt 0 view .LVU300
 916 0000 40F2FF73 		movw	r3, #2047
 917 0004 0360     		str	r3, [r0]
 506:Drivers/STM32F4xx_HAL_Driver/Src/stm32f4xx_hal_rcc_ex.c ****                                         RCC_PERIPHCLK_SAI1     | RCC_PERIPHCLK_SAI2     | \
 507:Drivers/STM32F4xx_HAL_Driver/Src/stm32f4xx_hal_rcc_ex.c ****                                         RCC_PERIPHCLK_TIM      | RCC_PERIPHCLK_RTC      | \
 508:Drivers/STM32F4xx_HAL_Driver/Src/stm32f4xx_hal_rcc_ex.c ****                                         RCC_PERIPHCLK_CEC      | RCC_PERIPHCLK_FMPI2C1  | \
 509:Drivers/STM32F4xx_HAL_Driver/Src/stm32f4xx_hal_rcc_ex.c ****                                         RCC_PERIPHCLK_CLK48     | RCC_PERIPHCLK_SDIO     | \
 510:Drivers/STM32F4xx_HAL_Driver/Src/stm32f4xx_hal_rcc_ex.c ****                                         RCC_PERIPHCLK_SPDIFRX;
 511:Drivers/STM32F4xx_HAL_Driver/Src/stm32f4xx_hal_rcc_ex.c **** 
 512:Drivers/STM32F4xx_HAL_Driver/Src/stm32f4xx_hal_rcc_ex.c ****   /* Get the PLLI2S Clock configuration --------------------------------------*/
 513:Drivers/STM32F4xx_HAL_Driver/Src/stm32f4xx_hal_rcc_ex.c ****   PeriphClkInit->PLLI2S.PLLI2SM = (uint32_t)((RCC->PLLI2SCFGR & RCC_PLLI2SCFGR_PLLI2SM) >> RCC_PLLI
 918              		.loc 1 513 3 is_stmt 1 view .LVU301
 919              		.loc 1 513 50 is_stmt 0 view .LVU302
 920 0006 3F4B     		ldr	r3, .L79
 921 0008 D3F88420 		ldr	r2, [r3, #132]
 922              		.loc 1 513 35 view .LVU303
 923 000c 02F03F02 		and	r2, r2, #63
 924              		.loc 1 513 33 view .LVU304
 925 0010 4260     		str	r2, [r0, #4]
 514:Drivers/STM32F4xx_HAL_Driver/Src/stm32f4xx_hal_rcc_ex.c ****   PeriphClkInit->PLLI2S.PLLI2SN = (uint32_t)((RCC->PLLI2SCFGR & RCC_PLLI2SCFGR_PLLI2SN) >> RCC_PLLI
 926              		.loc 1 514 3 is_stmt 1 view .LVU305
 927              		.loc 1 514 50 is_stmt 0 view .LVU306
 928 0012 D3F88420 		ldr	r2, [r3, #132]
 929              		.loc 1 514 35 view .LVU307
 930 0016 C2F38812 		ubfx	r2, r2, #6, #9
 931              		.loc 1 514 33 view .LVU308
 932 001a 8260     		str	r2, [r0, #8]
 515:Drivers/STM32F4xx_HAL_Driver/Src/stm32f4xx_hal_rcc_ex.c ****   PeriphClkInit->PLLI2S.PLLI2SP = (uint32_t)((((RCC->PLLI2SCFGR & RCC_PLLI2SCFGR_PLLI2SP) >> RCC_PL
 933              		.loc 1 515 3 is_stmt 1 view .LVU309
 934              		.loc 1 515 52 is_stmt 0 view .LVU310
 935 001c D3F88420 		ldr	r2, [r3, #132]
 936              		.loc 1 515 91 view .LVU311
 937 0020 C2F30142 		ubfx	r2, r2, #16, #2
 938              		.loc 1 515 122 view .LVU312
 939 0024 0132     		adds	r2, r2, #1
 940              		.loc 1 515 35 view .LVU313
 941 0026 5200     		lsls	r2, r2, #1
ARM GAS  C:\Users\user\AppData\Local\Temp\ccuZOZlR.s 			page 30


 942              		.loc 1 515 33 view .LVU314
 943 0028 C260     		str	r2, [r0, #12]
 516:Drivers/STM32F4xx_HAL_Driver/Src/stm32f4xx_hal_rcc_ex.c ****   PeriphClkInit->PLLI2S.PLLI2SQ = (uint32_t)((RCC->PLLI2SCFGR & RCC_PLLI2SCFGR_PLLI2SQ) >> RCC_PLLI
 944              		.loc 1 516 3 is_stmt 1 view .LVU315
 945              		.loc 1 516 50 is_stmt 0 view .LVU316
 946 002a D3F88420 		ldr	r2, [r3, #132]
 947              		.loc 1 516 35 view .LVU317
 948 002e C2F30362 		ubfx	r2, r2, #24, #4
 949              		.loc 1 516 33 view .LVU318
 950 0032 0261     		str	r2, [r0, #16]
 517:Drivers/STM32F4xx_HAL_Driver/Src/stm32f4xx_hal_rcc_ex.c ****   PeriphClkInit->PLLI2S.PLLI2SR = (uint32_t)((RCC->PLLI2SCFGR & RCC_PLLI2SCFGR_PLLI2SR) >> RCC_PLLI
 951              		.loc 1 517 3 is_stmt 1 view .LVU319
 952              		.loc 1 517 50 is_stmt 0 view .LVU320
 953 0034 D3F88420 		ldr	r2, [r3, #132]
 954              		.loc 1 517 35 view .LVU321
 955 0038 C2F30272 		ubfx	r2, r2, #28, #3
 956              		.loc 1 517 33 view .LVU322
 957 003c 4261     		str	r2, [r0, #20]
 518:Drivers/STM32F4xx_HAL_Driver/Src/stm32f4xx_hal_rcc_ex.c ****   /* Get the PLLSAI Clock configuration --------------------------------------*/
 519:Drivers/STM32F4xx_HAL_Driver/Src/stm32f4xx_hal_rcc_ex.c ****   PeriphClkInit->PLLSAI.PLLSAIM = (uint32_t)((RCC->PLLSAICFGR & RCC_PLLSAICFGR_PLLSAIM) >> RCC_PLLS
 958              		.loc 1 519 3 is_stmt 1 view .LVU323
 959              		.loc 1 519 50 is_stmt 0 view .LVU324
 960 003e D3F88820 		ldr	r2, [r3, #136]
 961              		.loc 1 519 35 view .LVU325
 962 0042 02F03F02 		and	r2, r2, #63
 963              		.loc 1 519 33 view .LVU326
 964 0046 8261     		str	r2, [r0, #24]
 520:Drivers/STM32F4xx_HAL_Driver/Src/stm32f4xx_hal_rcc_ex.c ****   PeriphClkInit->PLLSAI.PLLSAIN = (uint32_t)((RCC->PLLSAICFGR & RCC_PLLSAICFGR_PLLSAIN) >> RCC_PLLS
 965              		.loc 1 520 3 is_stmt 1 view .LVU327
 966              		.loc 1 520 50 is_stmt 0 view .LVU328
 967 0048 D3F88820 		ldr	r2, [r3, #136]
 968              		.loc 1 520 35 view .LVU329
 969 004c C2F38812 		ubfx	r2, r2, #6, #9
 970              		.loc 1 520 33 view .LVU330
 971 0050 C261     		str	r2, [r0, #28]
 521:Drivers/STM32F4xx_HAL_Driver/Src/stm32f4xx_hal_rcc_ex.c ****   PeriphClkInit->PLLSAI.PLLSAIP = (uint32_t)((((RCC->PLLSAICFGR & RCC_PLLSAICFGR_PLLSAIP) >> RCC_PL
 972              		.loc 1 521 3 is_stmt 1 view .LVU331
 973              		.loc 1 521 52 is_stmt 0 view .LVU332
 974 0052 D3F88820 		ldr	r2, [r3, #136]
 975              		.loc 1 521 91 view .LVU333
 976 0056 C2F30142 		ubfx	r2, r2, #16, #2
 977              		.loc 1 521 122 view .LVU334
 978 005a 0132     		adds	r2, r2, #1
 979              		.loc 1 521 35 view .LVU335
 980 005c 5200     		lsls	r2, r2, #1
 981              		.loc 1 521 33 view .LVU336
 982 005e 0262     		str	r2, [r0, #32]
 522:Drivers/STM32F4xx_HAL_Driver/Src/stm32f4xx_hal_rcc_ex.c ****   PeriphClkInit->PLLSAI.PLLSAIQ = (uint32_t)((RCC->PLLSAICFGR & RCC_PLLSAICFGR_PLLSAIQ) >> RCC_PLLS
 983              		.loc 1 522 3 is_stmt 1 view .LVU337
 984              		.loc 1 522 50 is_stmt 0 view .LVU338
 985 0060 D3F88820 		ldr	r2, [r3, #136]
 986              		.loc 1 522 35 view .LVU339
 987 0064 C2F30362 		ubfx	r2, r2, #24, #4
 988              		.loc 1 522 33 view .LVU340
 989 0068 4262     		str	r2, [r0, #36]
 523:Drivers/STM32F4xx_HAL_Driver/Src/stm32f4xx_hal_rcc_ex.c ****   /* Get the PLLSAI/PLLI2S division factors ----------------------------------*/
 524:Drivers/STM32F4xx_HAL_Driver/Src/stm32f4xx_hal_rcc_ex.c ****   PeriphClkInit->PLLI2SDivQ = (uint32_t)((RCC->DCKCFGR & RCC_DCKCFGR_PLLI2SDIVQ) >> RCC_DCKCFGR_PLL
ARM GAS  C:\Users\user\AppData\Local\Temp\ccuZOZlR.s 			page 31


 990              		.loc 1 524 3 is_stmt 1 view .LVU341
 991              		.loc 1 524 46 is_stmt 0 view .LVU342
 992 006a D3F88C20 		ldr	r2, [r3, #140]
 993              		.loc 1 524 31 view .LVU343
 994 006e 02F01F02 		and	r2, r2, #31
 995              		.loc 1 524 29 view .LVU344
 996 0072 8262     		str	r2, [r0, #40]
 525:Drivers/STM32F4xx_HAL_Driver/Src/stm32f4xx_hal_rcc_ex.c ****   PeriphClkInit->PLLSAIDivQ = (uint32_t)((RCC->DCKCFGR & RCC_DCKCFGR_PLLSAIDIVQ) >> RCC_DCKCFGR_PLL
 997              		.loc 1 525 3 is_stmt 1 view .LVU345
 998              		.loc 1 525 46 is_stmt 0 view .LVU346
 999 0074 D3F88C20 		ldr	r2, [r3, #140]
 1000              		.loc 1 525 31 view .LVU347
 1001 0078 C2F30422 		ubfx	r2, r2, #8, #5
 1002              		.loc 1 525 29 view .LVU348
 1003 007c C262     		str	r2, [r0, #44]
 526:Drivers/STM32F4xx_HAL_Driver/Src/stm32f4xx_hal_rcc_ex.c **** 
 527:Drivers/STM32F4xx_HAL_Driver/Src/stm32f4xx_hal_rcc_ex.c ****   /* Get the SAI1 clock configuration ----------------------------------------*/
 528:Drivers/STM32F4xx_HAL_Driver/Src/stm32f4xx_hal_rcc_ex.c ****   PeriphClkInit->Sai1ClockSelection = __HAL_RCC_GET_SAI1_SOURCE();
 1004              		.loc 1 528 3 is_stmt 1 view .LVU349
 1005              		.loc 1 528 39 is_stmt 0 view .LVU350
 1006 007e D3F88C20 		ldr	r2, [r3, #140]
 1007 0082 02F44012 		and	r2, r2, #3145728
 1008              		.loc 1 528 37 view .LVU351
 1009 0086 0263     		str	r2, [r0, #48]
 529:Drivers/STM32F4xx_HAL_Driver/Src/stm32f4xx_hal_rcc_ex.c **** 
 530:Drivers/STM32F4xx_HAL_Driver/Src/stm32f4xx_hal_rcc_ex.c ****   /* Get the SAI2 clock configuration ----------------------------------------*/
 531:Drivers/STM32F4xx_HAL_Driver/Src/stm32f4xx_hal_rcc_ex.c ****   PeriphClkInit->Sai2ClockSelection = __HAL_RCC_GET_SAI2_SOURCE();
 1010              		.loc 1 531 3 is_stmt 1 view .LVU352
 1011              		.loc 1 531 39 is_stmt 0 view .LVU353
 1012 0088 D3F88C20 		ldr	r2, [r3, #140]
 1013 008c 02F44002 		and	r2, r2, #12582912
 1014              		.loc 1 531 37 view .LVU354
 1015 0090 4263     		str	r2, [r0, #52]
 532:Drivers/STM32F4xx_HAL_Driver/Src/stm32f4xx_hal_rcc_ex.c **** 
 533:Drivers/STM32F4xx_HAL_Driver/Src/stm32f4xx_hal_rcc_ex.c ****   /* Get the I2S APB1 clock configuration ------------------------------------*/
 534:Drivers/STM32F4xx_HAL_Driver/Src/stm32f4xx_hal_rcc_ex.c ****   PeriphClkInit->I2sApb1ClockSelection = __HAL_RCC_GET_I2S_APB1_SOURCE();
 1016              		.loc 1 534 3 is_stmt 1 view .LVU355
 1017              		.loc 1 534 42 is_stmt 0 view .LVU356
 1018 0092 D3F88C20 		ldr	r2, [r3, #140]
 1019 0096 02F0C062 		and	r2, r2, #100663296
 1020              		.loc 1 534 40 view .LVU357
 1021 009a 8263     		str	r2, [r0, #56]
 535:Drivers/STM32F4xx_HAL_Driver/Src/stm32f4xx_hal_rcc_ex.c **** 
 536:Drivers/STM32F4xx_HAL_Driver/Src/stm32f4xx_hal_rcc_ex.c ****   /* Get the I2S APB2 clock configuration ------------------------------------*/
 537:Drivers/STM32F4xx_HAL_Driver/Src/stm32f4xx_hal_rcc_ex.c ****   PeriphClkInit->I2sApb2ClockSelection = __HAL_RCC_GET_I2S_APB2_SOURCE();
 1022              		.loc 1 537 3 is_stmt 1 view .LVU358
 1023              		.loc 1 537 42 is_stmt 0 view .LVU359
 1024 009c D3F88C20 		ldr	r2, [r3, #140]
 1025 00a0 02F0C052 		and	r2, r2, #402653184
 1026              		.loc 1 537 40 view .LVU360
 1027 00a4 C263     		str	r2, [r0, #60]
 538:Drivers/STM32F4xx_HAL_Driver/Src/stm32f4xx_hal_rcc_ex.c **** 
 539:Drivers/STM32F4xx_HAL_Driver/Src/stm32f4xx_hal_rcc_ex.c ****   /* Get the RTC Clock configuration -----------------------------------------*/
 540:Drivers/STM32F4xx_HAL_Driver/Src/stm32f4xx_hal_rcc_ex.c ****   tempreg = (RCC->CFGR & RCC_CFGR_RTCPRE);
 1028              		.loc 1 540 3 is_stmt 1 view .LVU361
 1029              		.loc 1 540 17 is_stmt 0 view .LVU362
 1030 00a6 9968     		ldr	r1, [r3, #8]
ARM GAS  C:\Users\user\AppData\Local\Temp\ccuZOZlR.s 			page 32


 1031              		.loc 1 540 11 view .LVU363
 1032 00a8 01F4F811 		and	r1, r1, #2031616
 1033              	.LVL70:
 541:Drivers/STM32F4xx_HAL_Driver/Src/stm32f4xx_hal_rcc_ex.c ****   PeriphClkInit->RTCClockSelection = (uint32_t)((tempreg) | (RCC->BDCR & RCC_BDCR_RTCSEL));
 1034              		.loc 1 541 3 is_stmt 1 view .LVU364
 1035              		.loc 1 541 65 is_stmt 0 view .LVU365
 1036 00ac 1A6F     		ldr	r2, [r3, #112]
 1037              		.loc 1 541 72 view .LVU366
 1038 00ae 02F44072 		and	r2, r2, #768
 1039              		.loc 1 541 38 view .LVU367
 1040 00b2 0A43     		orrs	r2, r2, r1
 1041              		.loc 1 541 36 view .LVU368
 1042 00b4 0264     		str	r2, [r0, #64]
 542:Drivers/STM32F4xx_HAL_Driver/Src/stm32f4xx_hal_rcc_ex.c **** 
 543:Drivers/STM32F4xx_HAL_Driver/Src/stm32f4xx_hal_rcc_ex.c ****   /* Get the CEC clock configuration -----------------------------------------*/
 544:Drivers/STM32F4xx_HAL_Driver/Src/stm32f4xx_hal_rcc_ex.c ****   PeriphClkInit->CecClockSelection = __HAL_RCC_GET_CEC_SOURCE();
 1043              		.loc 1 544 3 is_stmt 1 view .LVU369
 1044              		.loc 1 544 38 is_stmt 0 view .LVU370
 1045 00b6 D3F89420 		ldr	r2, [r3, #148]
 1046 00ba 02F08062 		and	r2, r2, #67108864
 1047              		.loc 1 544 36 view .LVU371
 1048 00be 8264     		str	r2, [r0, #72]
 545:Drivers/STM32F4xx_HAL_Driver/Src/stm32f4xx_hal_rcc_ex.c **** 
 546:Drivers/STM32F4xx_HAL_Driver/Src/stm32f4xx_hal_rcc_ex.c ****   /* Get the FMPI2C1 clock configuration -------------------------------------*/
 547:Drivers/STM32F4xx_HAL_Driver/Src/stm32f4xx_hal_rcc_ex.c ****   PeriphClkInit->Fmpi2c1ClockSelection = __HAL_RCC_GET_FMPI2C1_SOURCE();
 1049              		.loc 1 547 3 is_stmt 1 view .LVU372
 1050              		.loc 1 547 42 is_stmt 0 view .LVU373
 1051 00c0 D3F89420 		ldr	r2, [r3, #148]
 1052 00c4 02F44002 		and	r2, r2, #12582912
 1053              		.loc 1 547 40 view .LVU374
 1054 00c8 C264     		str	r2, [r0, #76]
 548:Drivers/STM32F4xx_HAL_Driver/Src/stm32f4xx_hal_rcc_ex.c **** 
 549:Drivers/STM32F4xx_HAL_Driver/Src/stm32f4xx_hal_rcc_ex.c ****   /* Get the CLK48 clock configuration ----------------------------------------*/
 550:Drivers/STM32F4xx_HAL_Driver/Src/stm32f4xx_hal_rcc_ex.c ****   PeriphClkInit->Clk48ClockSelection = __HAL_RCC_GET_CLK48_SOURCE();
 1055              		.loc 1 550 3 is_stmt 1 view .LVU375
 1056              		.loc 1 550 40 is_stmt 0 view .LVU376
 1057 00ca D3F89420 		ldr	r2, [r3, #148]
 1058 00ce 02F00062 		and	r2, r2, #134217728
 1059              		.loc 1 550 38 view .LVU377
 1060 00d2 4265     		str	r2, [r0, #84]
 551:Drivers/STM32F4xx_HAL_Driver/Src/stm32f4xx_hal_rcc_ex.c **** 
 552:Drivers/STM32F4xx_HAL_Driver/Src/stm32f4xx_hal_rcc_ex.c ****   /* Get the SDIO clock configuration ----------------------------------------*/
 553:Drivers/STM32F4xx_HAL_Driver/Src/stm32f4xx_hal_rcc_ex.c ****   PeriphClkInit->SdioClockSelection = __HAL_RCC_GET_SDIO_SOURCE();
 1061              		.loc 1 553 3 is_stmt 1 view .LVU378
 1062              		.loc 1 553 39 is_stmt 0 view .LVU379
 1063 00d4 D3F89420 		ldr	r2, [r3, #148]
 1064 00d8 02F08052 		and	r2, r2, #268435456
 1065              		.loc 1 553 37 view .LVU380
 1066 00dc 4264     		str	r2, [r0, #68]
 554:Drivers/STM32F4xx_HAL_Driver/Src/stm32f4xx_hal_rcc_ex.c **** 
 555:Drivers/STM32F4xx_HAL_Driver/Src/stm32f4xx_hal_rcc_ex.c ****   /* Get the SPDIFRX clock configuration -------------------------------------*/
 556:Drivers/STM32F4xx_HAL_Driver/Src/stm32f4xx_hal_rcc_ex.c ****   PeriphClkInit->SpdifClockSelection = __HAL_RCC_GET_SPDIFRX_SOURCE();
 1067              		.loc 1 556 3 is_stmt 1 view .LVU381
 1068              		.loc 1 556 40 is_stmt 0 view .LVU382
 1069 00de D3F89420 		ldr	r2, [r3, #148]
 1070 00e2 02F00052 		and	r2, r2, #536870912
 1071              		.loc 1 556 38 view .LVU383
ARM GAS  C:\Users\user\AppData\Local\Temp\ccuZOZlR.s 			page 33


 1072 00e6 0265     		str	r2, [r0, #80]
 557:Drivers/STM32F4xx_HAL_Driver/Src/stm32f4xx_hal_rcc_ex.c **** 
 558:Drivers/STM32F4xx_HAL_Driver/Src/stm32f4xx_hal_rcc_ex.c ****   /* Get the TIM Prescaler configuration -------------------------------------*/
 559:Drivers/STM32F4xx_HAL_Driver/Src/stm32f4xx_hal_rcc_ex.c ****   if ((RCC->DCKCFGR & RCC_DCKCFGR_TIMPRE) == RESET)
 1073              		.loc 1 559 3 is_stmt 1 view .LVU384
 1074              		.loc 1 559 11 is_stmt 0 view .LVU385
 1075 00e8 D3F88C30 		ldr	r3, [r3, #140]
 1076              		.loc 1 559 6 view .LVU386
 1077 00ec 13F0807F 		tst	r3, #16777216
 1078 00f0 03D1     		bne	.L77
 560:Drivers/STM32F4xx_HAL_Driver/Src/stm32f4xx_hal_rcc_ex.c ****   {
 561:Drivers/STM32F4xx_HAL_Driver/Src/stm32f4xx_hal_rcc_ex.c ****     PeriphClkInit->TIMPresSelection = RCC_TIMPRES_DESACTIVATED;
 1079              		.loc 1 561 5 is_stmt 1 view .LVU387
 1080              		.loc 1 561 37 is_stmt 0 view .LVU388
 1081 00f2 0023     		movs	r3, #0
 1082 00f4 80F85830 		strb	r3, [r0, #88]
 1083 00f8 7047     		bx	lr
 1084              	.L77:
 562:Drivers/STM32F4xx_HAL_Driver/Src/stm32f4xx_hal_rcc_ex.c ****   }
 563:Drivers/STM32F4xx_HAL_Driver/Src/stm32f4xx_hal_rcc_ex.c ****   else
 564:Drivers/STM32F4xx_HAL_Driver/Src/stm32f4xx_hal_rcc_ex.c ****   {
 565:Drivers/STM32F4xx_HAL_Driver/Src/stm32f4xx_hal_rcc_ex.c ****     PeriphClkInit->TIMPresSelection = RCC_TIMPRES_ACTIVATED;
 1085              		.loc 1 565 5 is_stmt 1 view .LVU389
 1086              		.loc 1 565 37 is_stmt 0 view .LVU390
 1087 00fa 0123     		movs	r3, #1
 1088 00fc 80F85830 		strb	r3, [r0, #88]
 566:Drivers/STM32F4xx_HAL_Driver/Src/stm32f4xx_hal_rcc_ex.c ****   }
 567:Drivers/STM32F4xx_HAL_Driver/Src/stm32f4xx_hal_rcc_ex.c **** }
 1089              		.loc 1 567 1 view .LVU391
 1090 0100 7047     		bx	lr
 1091              	.L80:
 1092 0102 00BF     		.align	2
 1093              	.L79:
 1094 0104 00380240 		.word	1073887232
 1095              		.cfi_endproc
 1096              	.LFE135:
 1098              		.section	.text.HAL_RCCEx_GetPeriphCLKFreq,"ax",%progbits
 1099              		.align	1
 1100              		.global	HAL_RCCEx_GetPeriphCLKFreq
 1101              		.syntax unified
 1102              		.thumb
 1103              		.thumb_func
 1105              	HAL_RCCEx_GetPeriphCLKFreq:
 1106              	.LVL71:
 1107              	.LFB136:
 568:Drivers/STM32F4xx_HAL_Driver/Src/stm32f4xx_hal_rcc_ex.c **** 
 569:Drivers/STM32F4xx_HAL_Driver/Src/stm32f4xx_hal_rcc_ex.c **** /**
 570:Drivers/STM32F4xx_HAL_Driver/Src/stm32f4xx_hal_rcc_ex.c ****   * @brief  Return the peripheral clock frequency for a given peripheral(SAI..)
 571:Drivers/STM32F4xx_HAL_Driver/Src/stm32f4xx_hal_rcc_ex.c ****   * @note   Return 0 if peripheral clock identifier not managed by this API
 572:Drivers/STM32F4xx_HAL_Driver/Src/stm32f4xx_hal_rcc_ex.c ****   * @param  PeriphClk Peripheral clock identifier
 573:Drivers/STM32F4xx_HAL_Driver/Src/stm32f4xx_hal_rcc_ex.c ****   *         This parameter can be one of the following values:
 574:Drivers/STM32F4xx_HAL_Driver/Src/stm32f4xx_hal_rcc_ex.c ****   *            @arg RCC_PERIPHCLK_SAI1: SAI1 peripheral clock
 575:Drivers/STM32F4xx_HAL_Driver/Src/stm32f4xx_hal_rcc_ex.c ****   *            @arg RCC_PERIPHCLK_SAI2: SAI2 peripheral clock
 576:Drivers/STM32F4xx_HAL_Driver/Src/stm32f4xx_hal_rcc_ex.c ****   *            @arg RCC_PERIPHCLK_I2S_APB1: I2S APB1 peripheral clock
 577:Drivers/STM32F4xx_HAL_Driver/Src/stm32f4xx_hal_rcc_ex.c ****   *            @arg RCC_PERIPHCLK_I2S_APB2: I2S APB2 peripheral clock
 578:Drivers/STM32F4xx_HAL_Driver/Src/stm32f4xx_hal_rcc_ex.c ****   * @retval Frequency in KHz
 579:Drivers/STM32F4xx_HAL_Driver/Src/stm32f4xx_hal_rcc_ex.c ****   */
ARM GAS  C:\Users\user\AppData\Local\Temp\ccuZOZlR.s 			page 34


 580:Drivers/STM32F4xx_HAL_Driver/Src/stm32f4xx_hal_rcc_ex.c **** uint32_t HAL_RCCEx_GetPeriphCLKFreq(uint32_t PeriphClk)
 581:Drivers/STM32F4xx_HAL_Driver/Src/stm32f4xx_hal_rcc_ex.c **** {
 1108              		.loc 1 581 1 is_stmt 1 view -0
 1109              		.cfi_startproc
 1110              		@ args = 0, pretend = 0, frame = 0
 1111              		@ frame_needed = 0, uses_anonymous_args = 0
 1112              		@ link register save eliminated.
 582:Drivers/STM32F4xx_HAL_Driver/Src/stm32f4xx_hal_rcc_ex.c ****   uint32_t tmpreg1 = 0U;
 1113              		.loc 1 582 3 view .LVU393
 583:Drivers/STM32F4xx_HAL_Driver/Src/stm32f4xx_hal_rcc_ex.c ****   /* This variable used to store the SAI clock frequency (value in Hz) */
 584:Drivers/STM32F4xx_HAL_Driver/Src/stm32f4xx_hal_rcc_ex.c ****   uint32_t frequency = 0U;
 1114              		.loc 1 584 3 view .LVU394
 585:Drivers/STM32F4xx_HAL_Driver/Src/stm32f4xx_hal_rcc_ex.c ****   /* This variable used to store the VCO Input (value in Hz) */
 586:Drivers/STM32F4xx_HAL_Driver/Src/stm32f4xx_hal_rcc_ex.c ****   uint32_t vcoinput = 0U;
 1115              		.loc 1 586 3 view .LVU395
 587:Drivers/STM32F4xx_HAL_Driver/Src/stm32f4xx_hal_rcc_ex.c ****   /* This variable used to store the SAI clock source */
 588:Drivers/STM32F4xx_HAL_Driver/Src/stm32f4xx_hal_rcc_ex.c ****   uint32_t saiclocksource = 0U;
 1116              		.loc 1 588 3 view .LVU396
 589:Drivers/STM32F4xx_HAL_Driver/Src/stm32f4xx_hal_rcc_ex.c ****   uint32_t srcclk = 0U;
 1117              		.loc 1 589 3 view .LVU397
 590:Drivers/STM32F4xx_HAL_Driver/Src/stm32f4xx_hal_rcc_ex.c ****   /* This variable used to store the VCO Output (value in Hz) */
 591:Drivers/STM32F4xx_HAL_Driver/Src/stm32f4xx_hal_rcc_ex.c ****   uint32_t vcooutput = 0U;
 1118              		.loc 1 591 3 view .LVU398
 592:Drivers/STM32F4xx_HAL_Driver/Src/stm32f4xx_hal_rcc_ex.c ****   switch (PeriphClk)
 1119              		.loc 1 592 3 view .LVU399
 1120 0000 0228     		cmp	r0, #2
 1121 0002 00F00C81 		beq	.L82
 1122 0006 17D8     		bhi	.L83
 1123 0008 0128     		cmp	r0, #1
 1124 000a 13D1     		bne	.L121
 593:Drivers/STM32F4xx_HAL_Driver/Src/stm32f4xx_hal_rcc_ex.c ****   {
 594:Drivers/STM32F4xx_HAL_Driver/Src/stm32f4xx_hal_rcc_ex.c ****     case RCC_PERIPHCLK_SAI1:
 595:Drivers/STM32F4xx_HAL_Driver/Src/stm32f4xx_hal_rcc_ex.c ****     case RCC_PERIPHCLK_SAI2:
 596:Drivers/STM32F4xx_HAL_Driver/Src/stm32f4xx_hal_rcc_ex.c ****     {
 597:Drivers/STM32F4xx_HAL_Driver/Src/stm32f4xx_hal_rcc_ex.c ****       saiclocksource = RCC->DCKCFGR;
 598:Drivers/STM32F4xx_HAL_Driver/Src/stm32f4xx_hal_rcc_ex.c ****       saiclocksource &= (RCC_DCKCFGR_SAI1SRC | RCC_DCKCFGR_SAI2SRC);
 599:Drivers/STM32F4xx_HAL_Driver/Src/stm32f4xx_hal_rcc_ex.c ****       switch (saiclocksource)
 600:Drivers/STM32F4xx_HAL_Driver/Src/stm32f4xx_hal_rcc_ex.c ****       {
 601:Drivers/STM32F4xx_HAL_Driver/Src/stm32f4xx_hal_rcc_ex.c ****         case 0U: /* PLLSAI is the clock source for SAI*/
 602:Drivers/STM32F4xx_HAL_Driver/Src/stm32f4xx_hal_rcc_ex.c ****         {
 603:Drivers/STM32F4xx_HAL_Driver/Src/stm32f4xx_hal_rcc_ex.c ****           /* Configure the PLLSAI division factor */
 604:Drivers/STM32F4xx_HAL_Driver/Src/stm32f4xx_hal_rcc_ex.c ****           /* PLLSAI_VCO Input  = PLL_SOURCE/PLLSAIM */
 605:Drivers/STM32F4xx_HAL_Driver/Src/stm32f4xx_hal_rcc_ex.c ****           if ((RCC->PLLCFGR & RCC_PLLCFGR_PLLSRC) == RCC_PLLSOURCE_HSI)
 606:Drivers/STM32F4xx_HAL_Driver/Src/stm32f4xx_hal_rcc_ex.c ****           {
 607:Drivers/STM32F4xx_HAL_Driver/Src/stm32f4xx_hal_rcc_ex.c ****             /* In Case the PLL Source is HSI (Internal Clock) */
 608:Drivers/STM32F4xx_HAL_Driver/Src/stm32f4xx_hal_rcc_ex.c ****             vcoinput = (HSI_VALUE / (uint32_t)(RCC->PLLSAICFGR & RCC_PLLSAICFGR_PLLSAIM));
 609:Drivers/STM32F4xx_HAL_Driver/Src/stm32f4xx_hal_rcc_ex.c ****           }
 610:Drivers/STM32F4xx_HAL_Driver/Src/stm32f4xx_hal_rcc_ex.c ****           else
 611:Drivers/STM32F4xx_HAL_Driver/Src/stm32f4xx_hal_rcc_ex.c ****           {
 612:Drivers/STM32F4xx_HAL_Driver/Src/stm32f4xx_hal_rcc_ex.c ****             /* In Case the PLL Source is HSE (External Clock) */
 613:Drivers/STM32F4xx_HAL_Driver/Src/stm32f4xx_hal_rcc_ex.c ****             vcoinput = ((HSE_VALUE / (uint32_t)(RCC->PLLSAICFGR & RCC_PLLSAICFGR_PLLSAIM)));
 614:Drivers/STM32F4xx_HAL_Driver/Src/stm32f4xx_hal_rcc_ex.c ****           }
 615:Drivers/STM32F4xx_HAL_Driver/Src/stm32f4xx_hal_rcc_ex.c ****           /* PLLSAI_VCO Output = PLLSAI_VCO Input * PLLSAIN */
 616:Drivers/STM32F4xx_HAL_Driver/Src/stm32f4xx_hal_rcc_ex.c ****           /* SAI_CLK(first level) = PLLSAI_VCO Output/PLLSAIQ */
 617:Drivers/STM32F4xx_HAL_Driver/Src/stm32f4xx_hal_rcc_ex.c ****           tmpreg1 = (RCC->PLLSAICFGR & RCC_PLLSAICFGR_PLLSAIQ) >> 24U;
 618:Drivers/STM32F4xx_HAL_Driver/Src/stm32f4xx_hal_rcc_ex.c ****           frequency = (vcoinput * ((RCC->PLLSAICFGR & RCC_PLLSAICFGR_PLLSAIN) >> 6U)) / (tmpreg1);
 619:Drivers/STM32F4xx_HAL_Driver/Src/stm32f4xx_hal_rcc_ex.c **** 
ARM GAS  C:\Users\user\AppData\Local\Temp\ccuZOZlR.s 			page 35


 620:Drivers/STM32F4xx_HAL_Driver/Src/stm32f4xx_hal_rcc_ex.c ****           /* SAI_CLK_x = SAI_CLK(first level)/PLLSAIDIVQ */
 621:Drivers/STM32F4xx_HAL_Driver/Src/stm32f4xx_hal_rcc_ex.c ****           tmpreg1 = (((RCC->DCKCFGR & RCC_DCKCFGR_PLLSAIDIVQ) >> 8U) + 1U);
 622:Drivers/STM32F4xx_HAL_Driver/Src/stm32f4xx_hal_rcc_ex.c ****           frequency = frequency / (tmpreg1);
 623:Drivers/STM32F4xx_HAL_Driver/Src/stm32f4xx_hal_rcc_ex.c ****           break;
 624:Drivers/STM32F4xx_HAL_Driver/Src/stm32f4xx_hal_rcc_ex.c ****         }
 625:Drivers/STM32F4xx_HAL_Driver/Src/stm32f4xx_hal_rcc_ex.c ****         case RCC_DCKCFGR_SAI1SRC_0: /* PLLI2S is the clock source for SAI*/
 626:Drivers/STM32F4xx_HAL_Driver/Src/stm32f4xx_hal_rcc_ex.c ****         case RCC_DCKCFGR_SAI2SRC_0: /* PLLI2S is the clock source for SAI*/
 627:Drivers/STM32F4xx_HAL_Driver/Src/stm32f4xx_hal_rcc_ex.c ****         {
 628:Drivers/STM32F4xx_HAL_Driver/Src/stm32f4xx_hal_rcc_ex.c ****           /* Configure the PLLI2S division factor */
 629:Drivers/STM32F4xx_HAL_Driver/Src/stm32f4xx_hal_rcc_ex.c ****           /* PLLI2S_VCO Input  = PLL_SOURCE/PLLI2SM */
 630:Drivers/STM32F4xx_HAL_Driver/Src/stm32f4xx_hal_rcc_ex.c ****           if ((RCC->PLLCFGR & RCC_PLLCFGR_PLLSRC) == RCC_PLLSOURCE_HSI)
 631:Drivers/STM32F4xx_HAL_Driver/Src/stm32f4xx_hal_rcc_ex.c ****           {
 632:Drivers/STM32F4xx_HAL_Driver/Src/stm32f4xx_hal_rcc_ex.c ****             /* In Case the PLL Source is HSI (Internal Clock) */
 633:Drivers/STM32F4xx_HAL_Driver/Src/stm32f4xx_hal_rcc_ex.c ****             vcoinput = (HSI_VALUE / (uint32_t)(RCC->PLLI2SCFGR & RCC_PLLI2SCFGR_PLLI2SM));
 634:Drivers/STM32F4xx_HAL_Driver/Src/stm32f4xx_hal_rcc_ex.c ****           }
 635:Drivers/STM32F4xx_HAL_Driver/Src/stm32f4xx_hal_rcc_ex.c ****           else
 636:Drivers/STM32F4xx_HAL_Driver/Src/stm32f4xx_hal_rcc_ex.c ****           {
 637:Drivers/STM32F4xx_HAL_Driver/Src/stm32f4xx_hal_rcc_ex.c ****             /* In Case the PLL Source is HSE (External Clock) */
 638:Drivers/STM32F4xx_HAL_Driver/Src/stm32f4xx_hal_rcc_ex.c ****             vcoinput = ((HSE_VALUE / (uint32_t)(RCC->PLLI2SCFGR & RCC_PLLI2SCFGR_PLLI2SM)));
 639:Drivers/STM32F4xx_HAL_Driver/Src/stm32f4xx_hal_rcc_ex.c ****           }
 640:Drivers/STM32F4xx_HAL_Driver/Src/stm32f4xx_hal_rcc_ex.c **** 
 641:Drivers/STM32F4xx_HAL_Driver/Src/stm32f4xx_hal_rcc_ex.c ****           /* PLLI2S_VCO Output = PLLI2S_VCO Input * PLLI2SN */
 642:Drivers/STM32F4xx_HAL_Driver/Src/stm32f4xx_hal_rcc_ex.c ****           /* SAI_CLK(first level) = PLLI2S_VCO Output/PLLI2SQ */
 643:Drivers/STM32F4xx_HAL_Driver/Src/stm32f4xx_hal_rcc_ex.c ****           tmpreg1 = (RCC->PLLI2SCFGR & RCC_PLLI2SCFGR_PLLI2SQ) >> 24U;
 644:Drivers/STM32F4xx_HAL_Driver/Src/stm32f4xx_hal_rcc_ex.c ****           frequency = (vcoinput * ((RCC->PLLI2SCFGR & RCC_PLLI2SCFGR_PLLI2SN) >> 6U)) / (tmpreg1);
 645:Drivers/STM32F4xx_HAL_Driver/Src/stm32f4xx_hal_rcc_ex.c **** 
 646:Drivers/STM32F4xx_HAL_Driver/Src/stm32f4xx_hal_rcc_ex.c ****           /* SAI_CLK_x = SAI_CLK(first level)/PLLI2SDIVQ */
 647:Drivers/STM32F4xx_HAL_Driver/Src/stm32f4xx_hal_rcc_ex.c ****           tmpreg1 = ((RCC->DCKCFGR & RCC_DCKCFGR_PLLI2SDIVQ) + 1U);
 648:Drivers/STM32F4xx_HAL_Driver/Src/stm32f4xx_hal_rcc_ex.c ****           frequency = frequency / (tmpreg1);
 649:Drivers/STM32F4xx_HAL_Driver/Src/stm32f4xx_hal_rcc_ex.c ****           break;
 650:Drivers/STM32F4xx_HAL_Driver/Src/stm32f4xx_hal_rcc_ex.c ****         }
 651:Drivers/STM32F4xx_HAL_Driver/Src/stm32f4xx_hal_rcc_ex.c ****         case RCC_DCKCFGR_SAI1SRC_1: /* PLLR is the clock source for SAI*/
 652:Drivers/STM32F4xx_HAL_Driver/Src/stm32f4xx_hal_rcc_ex.c ****         case RCC_DCKCFGR_SAI2SRC_1: /* PLLR is the clock source for SAI*/
 653:Drivers/STM32F4xx_HAL_Driver/Src/stm32f4xx_hal_rcc_ex.c ****         {
 654:Drivers/STM32F4xx_HAL_Driver/Src/stm32f4xx_hal_rcc_ex.c ****           /* Configure the PLLI2S division factor */
 655:Drivers/STM32F4xx_HAL_Driver/Src/stm32f4xx_hal_rcc_ex.c ****           /* PLL_VCO Input  = PLL_SOURCE/PLLM */
 656:Drivers/STM32F4xx_HAL_Driver/Src/stm32f4xx_hal_rcc_ex.c ****           if ((RCC->PLLCFGR & RCC_PLLCFGR_PLLSRC) == RCC_PLLSOURCE_HSI)
 657:Drivers/STM32F4xx_HAL_Driver/Src/stm32f4xx_hal_rcc_ex.c ****           {
 658:Drivers/STM32F4xx_HAL_Driver/Src/stm32f4xx_hal_rcc_ex.c ****             /* In Case the PLL Source is HSI (Internal Clock) */
 659:Drivers/STM32F4xx_HAL_Driver/Src/stm32f4xx_hal_rcc_ex.c ****             vcoinput = (HSI_VALUE / (uint32_t)(RCC->PLLCFGR & RCC_PLLCFGR_PLLM));
 660:Drivers/STM32F4xx_HAL_Driver/Src/stm32f4xx_hal_rcc_ex.c ****           }
 661:Drivers/STM32F4xx_HAL_Driver/Src/stm32f4xx_hal_rcc_ex.c ****           else
 662:Drivers/STM32F4xx_HAL_Driver/Src/stm32f4xx_hal_rcc_ex.c ****           {
 663:Drivers/STM32F4xx_HAL_Driver/Src/stm32f4xx_hal_rcc_ex.c ****             /* In Case the PLL Source is HSE (External Clock) */
 664:Drivers/STM32F4xx_HAL_Driver/Src/stm32f4xx_hal_rcc_ex.c ****             vcoinput = ((HSE_VALUE / (uint32_t)(RCC->PLLCFGR & RCC_PLLCFGR_PLLM)));
 665:Drivers/STM32F4xx_HAL_Driver/Src/stm32f4xx_hal_rcc_ex.c ****           }
 666:Drivers/STM32F4xx_HAL_Driver/Src/stm32f4xx_hal_rcc_ex.c **** 
 667:Drivers/STM32F4xx_HAL_Driver/Src/stm32f4xx_hal_rcc_ex.c ****           /* PLL_VCO Output = PLL_VCO Input * PLLN */
 668:Drivers/STM32F4xx_HAL_Driver/Src/stm32f4xx_hal_rcc_ex.c ****           /* SAI_CLK_x = PLL_VCO Output/PLLR */
 669:Drivers/STM32F4xx_HAL_Driver/Src/stm32f4xx_hal_rcc_ex.c ****           tmpreg1 = (RCC->PLLCFGR & RCC_PLLCFGR_PLLR) >> 28U;
 670:Drivers/STM32F4xx_HAL_Driver/Src/stm32f4xx_hal_rcc_ex.c ****           frequency = (vcoinput * ((RCC->PLLCFGR & RCC_PLLCFGR_PLLN) >> 6U)) / (tmpreg1);
 671:Drivers/STM32F4xx_HAL_Driver/Src/stm32f4xx_hal_rcc_ex.c ****           break;
 672:Drivers/STM32F4xx_HAL_Driver/Src/stm32f4xx_hal_rcc_ex.c ****         }
 673:Drivers/STM32F4xx_HAL_Driver/Src/stm32f4xx_hal_rcc_ex.c ****         case RCC_DCKCFGR_SAI1SRC: /* External clock is the clock source for SAI*/
 674:Drivers/STM32F4xx_HAL_Driver/Src/stm32f4xx_hal_rcc_ex.c ****         {
 675:Drivers/STM32F4xx_HAL_Driver/Src/stm32f4xx_hal_rcc_ex.c ****           frequency = EXTERNAL_CLOCK_VALUE;
 676:Drivers/STM32F4xx_HAL_Driver/Src/stm32f4xx_hal_rcc_ex.c ****           break;
ARM GAS  C:\Users\user\AppData\Local\Temp\ccuZOZlR.s 			page 36


 677:Drivers/STM32F4xx_HAL_Driver/Src/stm32f4xx_hal_rcc_ex.c ****         }
 678:Drivers/STM32F4xx_HAL_Driver/Src/stm32f4xx_hal_rcc_ex.c ****         case RCC_DCKCFGR_SAI2SRC: /* PLLSRC(HSE or HSI) is the clock source for SAI*/
 679:Drivers/STM32F4xx_HAL_Driver/Src/stm32f4xx_hal_rcc_ex.c ****         {
 680:Drivers/STM32F4xx_HAL_Driver/Src/stm32f4xx_hal_rcc_ex.c ****           if ((RCC->PLLCFGR & RCC_PLLCFGR_PLLSRC) == RCC_PLLSOURCE_HSI)
 681:Drivers/STM32F4xx_HAL_Driver/Src/stm32f4xx_hal_rcc_ex.c ****           {
 682:Drivers/STM32F4xx_HAL_Driver/Src/stm32f4xx_hal_rcc_ex.c ****             /* In Case the PLL Source is HSI (Internal Clock) */
 683:Drivers/STM32F4xx_HAL_Driver/Src/stm32f4xx_hal_rcc_ex.c ****             frequency = (uint32_t)(HSI_VALUE);
 684:Drivers/STM32F4xx_HAL_Driver/Src/stm32f4xx_hal_rcc_ex.c ****           }
 685:Drivers/STM32F4xx_HAL_Driver/Src/stm32f4xx_hal_rcc_ex.c ****           else
 686:Drivers/STM32F4xx_HAL_Driver/Src/stm32f4xx_hal_rcc_ex.c ****           {
 687:Drivers/STM32F4xx_HAL_Driver/Src/stm32f4xx_hal_rcc_ex.c ****             /* In Case the PLL Source is HSE (External Clock) */
 688:Drivers/STM32F4xx_HAL_Driver/Src/stm32f4xx_hal_rcc_ex.c ****             frequency = (uint32_t)(HSE_VALUE);
 689:Drivers/STM32F4xx_HAL_Driver/Src/stm32f4xx_hal_rcc_ex.c ****           }
 690:Drivers/STM32F4xx_HAL_Driver/Src/stm32f4xx_hal_rcc_ex.c ****           break;
 691:Drivers/STM32F4xx_HAL_Driver/Src/stm32f4xx_hal_rcc_ex.c ****         }
 692:Drivers/STM32F4xx_HAL_Driver/Src/stm32f4xx_hal_rcc_ex.c ****         default :
 693:Drivers/STM32F4xx_HAL_Driver/Src/stm32f4xx_hal_rcc_ex.c ****         {
 694:Drivers/STM32F4xx_HAL_Driver/Src/stm32f4xx_hal_rcc_ex.c ****           break;
 695:Drivers/STM32F4xx_HAL_Driver/Src/stm32f4xx_hal_rcc_ex.c ****         }
 696:Drivers/STM32F4xx_HAL_Driver/Src/stm32f4xx_hal_rcc_ex.c ****       }
 697:Drivers/STM32F4xx_HAL_Driver/Src/stm32f4xx_hal_rcc_ex.c ****       break;
 698:Drivers/STM32F4xx_HAL_Driver/Src/stm32f4xx_hal_rcc_ex.c ****     }
 699:Drivers/STM32F4xx_HAL_Driver/Src/stm32f4xx_hal_rcc_ex.c ****     case RCC_PERIPHCLK_I2S_APB1:
 700:Drivers/STM32F4xx_HAL_Driver/Src/stm32f4xx_hal_rcc_ex.c ****     {
 701:Drivers/STM32F4xx_HAL_Driver/Src/stm32f4xx_hal_rcc_ex.c ****       /* Get the current I2S source */
 702:Drivers/STM32F4xx_HAL_Driver/Src/stm32f4xx_hal_rcc_ex.c ****       srcclk = __HAL_RCC_GET_I2S_APB1_SOURCE();
 1125              		.loc 1 702 7 view .LVU400
 1126              		.loc 1 702 16 is_stmt 0 view .LVU401
 1127 000c AF4B     		ldr	r3, .L126
 1128 000e D3F88C30 		ldr	r3, [r3, #140]
 1129              		.loc 1 702 14 view .LVU402
 1130 0012 03F0C063 		and	r3, r3, #100663296
 1131              	.LVL72:
 703:Drivers/STM32F4xx_HAL_Driver/Src/stm32f4xx_hal_rcc_ex.c ****       switch (srcclk)
 1132              		.loc 1 703 7 is_stmt 1 view .LVU403
 1133 0016 B3F1806F 		cmp	r3, #67108864
 1134 001a 00F0E080 		beq	.L98
 1135 001e 00F2AD80 		bhi	.L99
 1136 0022 002B     		cmp	r3, #0
 1137 0024 00F0B780 		beq	.L100
 1138 0028 B3F1007F 		cmp	r3, #33554432
 1139 002c 40F06481 		bne	.L117
 1140 0030 A748     		ldr	r0, .L126+4
 1141              	.LVL73:
 1142              		.loc 1 703 7 is_stmt 0 view .LVU404
 1143 0032 7047     		bx	lr
 1144              	.LVL74:
 1145              	.L121:
 592:Drivers/STM32F4xx_HAL_Driver/Src/stm32f4xx_hal_rcc_ex.c ****   switch (PeriphClk)
 1146              		.loc 1 592 3 view .LVU405
 1147 0034 0020     		movs	r0, #0
 1148              	.LVL75:
 592:Drivers/STM32F4xx_HAL_Driver/Src/stm32f4xx_hal_rcc_ex.c ****   switch (PeriphClk)
 1149              		.loc 1 592 3 view .LVU406
 1150 0036 7047     		bx	lr
 1151              	.LVL76:
 1152              	.L83:
ARM GAS  C:\Users\user\AppData\Local\Temp\ccuZOZlR.s 			page 37


 592:Drivers/STM32F4xx_HAL_Driver/Src/stm32f4xx_hal_rcc_ex.c ****   switch (PeriphClk)
 1153              		.loc 1 592 3 view .LVU407
 1154 0038 0428     		cmp	r0, #4
 1155 003a 02D0     		beq	.L86
 1156 003c 0828     		cmp	r0, #8
 1157 003e 40F05581 		bne	.L114
 1158              	.L86:
 597:Drivers/STM32F4xx_HAL_Driver/Src/stm32f4xx_hal_rcc_ex.c ****       saiclocksource &= (RCC_DCKCFGR_SAI1SRC | RCC_DCKCFGR_SAI2SRC);
 1159              		.loc 1 597 7 is_stmt 1 view .LVU408
 597:Drivers/STM32F4xx_HAL_Driver/Src/stm32f4xx_hal_rcc_ex.c ****       saiclocksource &= (RCC_DCKCFGR_SAI1SRC | RCC_DCKCFGR_SAI2SRC);
 1160              		.loc 1 597 22 is_stmt 0 view .LVU409
 1161 0042 A24B     		ldr	r3, .L126
 1162 0044 D3F88C30 		ldr	r3, [r3, #140]
 1163              	.LVL77:
 598:Drivers/STM32F4xx_HAL_Driver/Src/stm32f4xx_hal_rcc_ex.c ****       switch (saiclocksource)
 1164              		.loc 1 598 7 is_stmt 1 view .LVU410
 598:Drivers/STM32F4xx_HAL_Driver/Src/stm32f4xx_hal_rcc_ex.c ****       switch (saiclocksource)
 1165              		.loc 1 598 22 is_stmt 0 view .LVU411
 1166 0048 03F47003 		and	r3, r3, #15728640
 1167              	.LVL78:
 599:Drivers/STM32F4xx_HAL_Driver/Src/stm32f4xx_hal_rcc_ex.c ****       {
 1168              		.loc 1 599 7 is_stmt 1 view .LVU412
 1169 004c B3F5401F 		cmp	r3, #3145728
 1170 0050 00F04E81 		beq	.L115
 1171 0054 0BD9     		bls	.L122
 1172 0056 B3F5000F 		cmp	r3, #8388608
 1173 005a 67D0     		beq	.L89
 1174 005c B3F5400F 		cmp	r3, #12582912
 1175 0060 00F08480 		beq	.L91
 1176 0064 B3F5800F 		cmp	r3, #4194304
 1177 0068 35D0     		beq	.L88
 1178 006a 0020     		movs	r0, #0
 1179              	.LVL79:
 599:Drivers/STM32F4xx_HAL_Driver/Src/stm32f4xx_hal_rcc_ex.c ****       {
 1180              		.loc 1 599 7 is_stmt 0 view .LVU413
 1181 006c 7047     		bx	lr
 1182              	.LVL80:
 1183              	.L122:
 599:Drivers/STM32F4xx_HAL_Driver/Src/stm32f4xx_hal_rcc_ex.c ****       {
 1184              		.loc 1 599 7 view .LVU414
 1185 006e B3F5801F 		cmp	r3, #1048576
 1186 0072 30D0     		beq	.L88
 1187 0074 B3F5001F 		cmp	r3, #2097152
 1188 0078 58D0     		beq	.L89
 1189 007a 0BBB     		cbnz	r3, .L123
 605:Drivers/STM32F4xx_HAL_Driver/Src/stm32f4xx_hal_rcc_ex.c ****           {
 1190              		.loc 1 605 11 is_stmt 1 view .LVU415
 605:Drivers/STM32F4xx_HAL_Driver/Src/stm32f4xx_hal_rcc_ex.c ****           {
 1191              		.loc 1 605 19 is_stmt 0 view .LVU416
 1192 007c 934B     		ldr	r3, .L126
 1193              	.LVL81:
 605:Drivers/STM32F4xx_HAL_Driver/Src/stm32f4xx_hal_rcc_ex.c ****           {
 1194              		.loc 1 605 19 view .LVU417
 1195 007e 5B68     		ldr	r3, [r3, #4]
 605:Drivers/STM32F4xx_HAL_Driver/Src/stm32f4xx_hal_rcc_ex.c ****           {
 1196              		.loc 1 605 14 view .LVU418
 1197 0080 13F4800F 		tst	r3, #4194304
ARM GAS  C:\Users\user\AppData\Local\Temp\ccuZOZlR.s 			page 38


 1198 0084 1ED1     		bne	.L92
 608:Drivers/STM32F4xx_HAL_Driver/Src/stm32f4xx_hal_rcc_ex.c ****           }
 1199              		.loc 1 608 13 is_stmt 1 view .LVU419
 608:Drivers/STM32F4xx_HAL_Driver/Src/stm32f4xx_hal_rcc_ex.c ****           }
 1200              		.loc 1 608 51 is_stmt 0 view .LVU420
 1201 0086 914B     		ldr	r3, .L126
 1202 0088 D3F88830 		ldr	r3, [r3, #136]
 608:Drivers/STM32F4xx_HAL_Driver/Src/stm32f4xx_hal_rcc_ex.c ****           }
 1203              		.loc 1 608 37 view .LVU421
 1204 008c 03F03F03 		and	r3, r3, #63
 608:Drivers/STM32F4xx_HAL_Driver/Src/stm32f4xx_hal_rcc_ex.c ****           }
 1205              		.loc 1 608 22 view .LVU422
 1206 0090 9049     		ldr	r1, .L126+8
 1207 0092 B1FBF3F1 		udiv	r1, r1, r3
 1208              	.LVL82:
 1209              	.L93:
 617:Drivers/STM32F4xx_HAL_Driver/Src/stm32f4xx_hal_rcc_ex.c ****           frequency = (vcoinput * ((RCC->PLLSAICFGR & RCC_PLLSAICFGR_PLLSAIN) >> 6U)) / (tmpreg1);
 1210              		.loc 1 617 11 is_stmt 1 view .LVU423
 617:Drivers/STM32F4xx_HAL_Driver/Src/stm32f4xx_hal_rcc_ex.c ****           frequency = (vcoinput * ((RCC->PLLSAICFGR & RCC_PLLSAICFGR_PLLSAIN) >> 6U)) / (tmpreg1);
 1211              		.loc 1 617 25 is_stmt 0 view .LVU424
 1212 0096 8D4B     		ldr	r3, .L126
 1213 0098 D3F88820 		ldr	r2, [r3, #136]
 617:Drivers/STM32F4xx_HAL_Driver/Src/stm32f4xx_hal_rcc_ex.c ****           frequency = (vcoinput * ((RCC->PLLSAICFGR & RCC_PLLSAICFGR_PLLSAIN) >> 6U)) / (tmpreg1);
 1214              		.loc 1 617 19 view .LVU425
 1215 009c C2F30362 		ubfx	r2, r2, #24, #4
 1216              	.LVL83:
 618:Drivers/STM32F4xx_HAL_Driver/Src/stm32f4xx_hal_rcc_ex.c **** 
 1217              		.loc 1 618 11 is_stmt 1 view .LVU426
 618:Drivers/STM32F4xx_HAL_Driver/Src/stm32f4xx_hal_rcc_ex.c **** 
 1218              		.loc 1 618 40 is_stmt 0 view .LVU427
 1219 00a0 D3F88800 		ldr	r0, [r3, #136]
 1220              	.LVL84:
 618:Drivers/STM32F4xx_HAL_Driver/Src/stm32f4xx_hal_rcc_ex.c **** 
 1221              		.loc 1 618 79 view .LVU428
 1222 00a4 C0F38810 		ubfx	r0, r0, #6, #9
 618:Drivers/STM32F4xx_HAL_Driver/Src/stm32f4xx_hal_rcc_ex.c **** 
 1223              		.loc 1 618 33 view .LVU429
 1224 00a8 01FB00F0 		mul	r0, r1, r0
 618:Drivers/STM32F4xx_HAL_Driver/Src/stm32f4xx_hal_rcc_ex.c **** 
 1225              		.loc 1 618 21 view .LVU430
 1226 00ac B0FBF2F0 		udiv	r0, r0, r2
 1227              	.LVL85:
 621:Drivers/STM32F4xx_HAL_Driver/Src/stm32f4xx_hal_rcc_ex.c ****           frequency = frequency / (tmpreg1);
 1228              		.loc 1 621 11 is_stmt 1 view .LVU431
 621:Drivers/STM32F4xx_HAL_Driver/Src/stm32f4xx_hal_rcc_ex.c ****           frequency = frequency / (tmpreg1);
 1229              		.loc 1 621 27 is_stmt 0 view .LVU432
 1230 00b0 D3F88C30 		ldr	r3, [r3, #140]
 621:Drivers/STM32F4xx_HAL_Driver/Src/stm32f4xx_hal_rcc_ex.c ****           frequency = frequency / (tmpreg1);
 1231              		.loc 1 621 63 view .LVU433
 1232 00b4 C3F30423 		ubfx	r3, r3, #8, #5
 621:Drivers/STM32F4xx_HAL_Driver/Src/stm32f4xx_hal_rcc_ex.c ****           frequency = frequency / (tmpreg1);
 1233              		.loc 1 621 19 view .LVU434
 1234 00b8 0133     		adds	r3, r3, #1
 1235              	.LVL86:
 622:Drivers/STM32F4xx_HAL_Driver/Src/stm32f4xx_hal_rcc_ex.c ****           break;
 1236              		.loc 1 622 11 is_stmt 1 view .LVU435
 622:Drivers/STM32F4xx_HAL_Driver/Src/stm32f4xx_hal_rcc_ex.c ****           break;
ARM GAS  C:\Users\user\AppData\Local\Temp\ccuZOZlR.s 			page 39


 1237              		.loc 1 622 21 is_stmt 0 view .LVU436
 1238 00ba B0FBF3F0 		udiv	r0, r0, r3
 1239              	.LVL87:
 623:Drivers/STM32F4xx_HAL_Driver/Src/stm32f4xx_hal_rcc_ex.c ****         }
 1240              		.loc 1 623 11 is_stmt 1 view .LVU437
 1241 00be 7047     		bx	lr
 1242              	.LVL88:
 1243              	.L123:
 599:Drivers/STM32F4xx_HAL_Driver/Src/stm32f4xx_hal_rcc_ex.c ****       {
 1244              		.loc 1 599 7 is_stmt 0 view .LVU438
 1245 00c0 0020     		movs	r0, #0
 1246              	.LVL89:
 599:Drivers/STM32F4xx_HAL_Driver/Src/stm32f4xx_hal_rcc_ex.c ****       {
 1247              		.loc 1 599 7 view .LVU439
 1248 00c2 7047     		bx	lr
 1249              	.LVL90:
 1250              	.L92:
 613:Drivers/STM32F4xx_HAL_Driver/Src/stm32f4xx_hal_rcc_ex.c ****           }
 1251              		.loc 1 613 13 is_stmt 1 view .LVU440
 613:Drivers/STM32F4xx_HAL_Driver/Src/stm32f4xx_hal_rcc_ex.c ****           }
 1252              		.loc 1 613 52 is_stmt 0 view .LVU441
 1253 00c4 814B     		ldr	r3, .L126
 1254 00c6 D3F88830 		ldr	r3, [r3, #136]
 613:Drivers/STM32F4xx_HAL_Driver/Src/stm32f4xx_hal_rcc_ex.c ****           }
 1255              		.loc 1 613 38 view .LVU442
 1256 00ca 03F03F03 		and	r3, r3, #63
 613:Drivers/STM32F4xx_HAL_Driver/Src/stm32f4xx_hal_rcc_ex.c ****           }
 1257              		.loc 1 613 22 view .LVU443
 1258 00ce 8249     		ldr	r1, .L126+12
 1259 00d0 B1FBF3F1 		udiv	r1, r1, r3
 1260 00d4 DFE7     		b	.L93
 1261              	.LVL91:
 1262              	.L88:
 630:Drivers/STM32F4xx_HAL_Driver/Src/stm32f4xx_hal_rcc_ex.c ****           {
 1263              		.loc 1 630 11 is_stmt 1 view .LVU444
 630:Drivers/STM32F4xx_HAL_Driver/Src/stm32f4xx_hal_rcc_ex.c ****           {
 1264              		.loc 1 630 19 is_stmt 0 view .LVU445
 1265 00d6 7D4B     		ldr	r3, .L126
 1266              	.LVL92:
 630:Drivers/STM32F4xx_HAL_Driver/Src/stm32f4xx_hal_rcc_ex.c ****           {
 1267              		.loc 1 630 19 view .LVU446
 1268 00d8 5B68     		ldr	r3, [r3, #4]
 630:Drivers/STM32F4xx_HAL_Driver/Src/stm32f4xx_hal_rcc_ex.c ****           {
 1269              		.loc 1 630 14 view .LVU447
 1270 00da 13F4800F 		tst	r3, #4194304
 1271 00de 1CD1     		bne	.L94
 633:Drivers/STM32F4xx_HAL_Driver/Src/stm32f4xx_hal_rcc_ex.c ****           }
 1272              		.loc 1 633 13 is_stmt 1 view .LVU448
 633:Drivers/STM32F4xx_HAL_Driver/Src/stm32f4xx_hal_rcc_ex.c ****           }
 1273              		.loc 1 633 51 is_stmt 0 view .LVU449
 1274 00e0 7A4B     		ldr	r3, .L126
 1275 00e2 D3F88430 		ldr	r3, [r3, #132]
 633:Drivers/STM32F4xx_HAL_Driver/Src/stm32f4xx_hal_rcc_ex.c ****           }
 1276              		.loc 1 633 37 view .LVU450
 1277 00e6 03F03F03 		and	r3, r3, #63
 633:Drivers/STM32F4xx_HAL_Driver/Src/stm32f4xx_hal_rcc_ex.c ****           }
 1278              		.loc 1 633 22 view .LVU451
ARM GAS  C:\Users\user\AppData\Local\Temp\ccuZOZlR.s 			page 40


 1279 00ea 7A49     		ldr	r1, .L126+8
 1280 00ec B1FBF3F1 		udiv	r1, r1, r3
 1281              	.LVL93:
 1282              	.L95:
 643:Drivers/STM32F4xx_HAL_Driver/Src/stm32f4xx_hal_rcc_ex.c ****           frequency = (vcoinput * ((RCC->PLLI2SCFGR & RCC_PLLI2SCFGR_PLLI2SN) >> 6U)) / (tmpreg1);
 1283              		.loc 1 643 11 is_stmt 1 view .LVU452
 643:Drivers/STM32F4xx_HAL_Driver/Src/stm32f4xx_hal_rcc_ex.c ****           frequency = (vcoinput * ((RCC->PLLI2SCFGR & RCC_PLLI2SCFGR_PLLI2SN) >> 6U)) / (tmpreg1);
 1284              		.loc 1 643 25 is_stmt 0 view .LVU453
 1285 00f0 764B     		ldr	r3, .L126
 1286 00f2 D3F88420 		ldr	r2, [r3, #132]
 643:Drivers/STM32F4xx_HAL_Driver/Src/stm32f4xx_hal_rcc_ex.c ****           frequency = (vcoinput * ((RCC->PLLI2SCFGR & RCC_PLLI2SCFGR_PLLI2SN) >> 6U)) / (tmpreg1);
 1287              		.loc 1 643 19 view .LVU454
 1288 00f6 C2F30362 		ubfx	r2, r2, #24, #4
 1289              	.LVL94:
 644:Drivers/STM32F4xx_HAL_Driver/Src/stm32f4xx_hal_rcc_ex.c **** 
 1290              		.loc 1 644 11 is_stmt 1 view .LVU455
 644:Drivers/STM32F4xx_HAL_Driver/Src/stm32f4xx_hal_rcc_ex.c **** 
 1291              		.loc 1 644 40 is_stmt 0 view .LVU456
 1292 00fa D3F88400 		ldr	r0, [r3, #132]
 1293              	.LVL95:
 644:Drivers/STM32F4xx_HAL_Driver/Src/stm32f4xx_hal_rcc_ex.c **** 
 1294              		.loc 1 644 79 view .LVU457
 1295 00fe C0F38810 		ubfx	r0, r0, #6, #9
 644:Drivers/STM32F4xx_HAL_Driver/Src/stm32f4xx_hal_rcc_ex.c **** 
 1296              		.loc 1 644 33 view .LVU458
 1297 0102 01FB00F0 		mul	r0, r1, r0
 644:Drivers/STM32F4xx_HAL_Driver/Src/stm32f4xx_hal_rcc_ex.c **** 
 1298              		.loc 1 644 21 view .LVU459
 1299 0106 B0FBF2F0 		udiv	r0, r0, r2
 1300              	.LVL96:
 647:Drivers/STM32F4xx_HAL_Driver/Src/stm32f4xx_hal_rcc_ex.c ****           frequency = frequency / (tmpreg1);
 1301              		.loc 1 647 11 is_stmt 1 view .LVU460
 647:Drivers/STM32F4xx_HAL_Driver/Src/stm32f4xx_hal_rcc_ex.c ****           frequency = frequency / (tmpreg1);
 1302              		.loc 1 647 26 is_stmt 0 view .LVU461
 1303 010a D3F88C30 		ldr	r3, [r3, #140]
 647:Drivers/STM32F4xx_HAL_Driver/Src/stm32f4xx_hal_rcc_ex.c ****           frequency = frequency / (tmpreg1);
 1304              		.loc 1 647 36 view .LVU462
 1305 010e 03F01F03 		and	r3, r3, #31
 647:Drivers/STM32F4xx_HAL_Driver/Src/stm32f4xx_hal_rcc_ex.c ****           frequency = frequency / (tmpreg1);
 1306              		.loc 1 647 19 view .LVU463
 1307 0112 0133     		adds	r3, r3, #1
 1308              	.LVL97:
 648:Drivers/STM32F4xx_HAL_Driver/Src/stm32f4xx_hal_rcc_ex.c ****           break;
 1309              		.loc 1 648 11 is_stmt 1 view .LVU464
 648:Drivers/STM32F4xx_HAL_Driver/Src/stm32f4xx_hal_rcc_ex.c ****           break;
 1310              		.loc 1 648 21 is_stmt 0 view .LVU465
 1311 0114 B0FBF3F0 		udiv	r0, r0, r3
 1312              	.LVL98:
 649:Drivers/STM32F4xx_HAL_Driver/Src/stm32f4xx_hal_rcc_ex.c ****         }
 1313              		.loc 1 649 11 is_stmt 1 view .LVU466
 1314 0118 7047     		bx	lr
 1315              	.LVL99:
 1316              	.L94:
 638:Drivers/STM32F4xx_HAL_Driver/Src/stm32f4xx_hal_rcc_ex.c ****           }
 1317              		.loc 1 638 13 view .LVU467
 638:Drivers/STM32F4xx_HAL_Driver/Src/stm32f4xx_hal_rcc_ex.c ****           }
 1318              		.loc 1 638 52 is_stmt 0 view .LVU468
ARM GAS  C:\Users\user\AppData\Local\Temp\ccuZOZlR.s 			page 41


 1319 011a 6C4B     		ldr	r3, .L126
 1320 011c D3F88430 		ldr	r3, [r3, #132]
 638:Drivers/STM32F4xx_HAL_Driver/Src/stm32f4xx_hal_rcc_ex.c ****           }
 1321              		.loc 1 638 38 view .LVU469
 1322 0120 03F03F03 		and	r3, r3, #63
 638:Drivers/STM32F4xx_HAL_Driver/Src/stm32f4xx_hal_rcc_ex.c ****           }
 1323              		.loc 1 638 22 view .LVU470
 1324 0124 6C49     		ldr	r1, .L126+12
 1325 0126 B1FBF3F1 		udiv	r1, r1, r3
 1326 012a E1E7     		b	.L95
 1327              	.LVL100:
 1328              	.L89:
 656:Drivers/STM32F4xx_HAL_Driver/Src/stm32f4xx_hal_rcc_ex.c ****           {
 1329              		.loc 1 656 11 is_stmt 1 view .LVU471
 656:Drivers/STM32F4xx_HAL_Driver/Src/stm32f4xx_hal_rcc_ex.c ****           {
 1330              		.loc 1 656 19 is_stmt 0 view .LVU472
 1331 012c 674B     		ldr	r3, .L126
 1332              	.LVL101:
 656:Drivers/STM32F4xx_HAL_Driver/Src/stm32f4xx_hal_rcc_ex.c ****           {
 1333              		.loc 1 656 19 view .LVU473
 1334 012e 5B68     		ldr	r3, [r3, #4]
 656:Drivers/STM32F4xx_HAL_Driver/Src/stm32f4xx_hal_rcc_ex.c ****           {
 1335              		.loc 1 656 14 view .LVU474
 1336 0130 13F4800F 		tst	r3, #4194304
 1337 0134 12D1     		bne	.L96
 659:Drivers/STM32F4xx_HAL_Driver/Src/stm32f4xx_hal_rcc_ex.c ****           }
 1338              		.loc 1 659 13 is_stmt 1 view .LVU475
 659:Drivers/STM32F4xx_HAL_Driver/Src/stm32f4xx_hal_rcc_ex.c ****           }
 1339              		.loc 1 659 51 is_stmt 0 view .LVU476
 1340 0136 654B     		ldr	r3, .L126
 1341 0138 5B68     		ldr	r3, [r3, #4]
 659:Drivers/STM32F4xx_HAL_Driver/Src/stm32f4xx_hal_rcc_ex.c ****           }
 1342              		.loc 1 659 37 view .LVU477
 1343 013a 03F03F03 		and	r3, r3, #63
 659:Drivers/STM32F4xx_HAL_Driver/Src/stm32f4xx_hal_rcc_ex.c ****           }
 1344              		.loc 1 659 22 view .LVU478
 1345 013e 654A     		ldr	r2, .L126+8
 1346 0140 B2FBF3F2 		udiv	r2, r2, r3
 1347              	.LVL102:
 1348              	.L97:
 669:Drivers/STM32F4xx_HAL_Driver/Src/stm32f4xx_hal_rcc_ex.c ****           frequency = (vcoinput * ((RCC->PLLCFGR & RCC_PLLCFGR_PLLN) >> 6U)) / (tmpreg1);
 1349              		.loc 1 669 11 is_stmt 1 view .LVU479
 669:Drivers/STM32F4xx_HAL_Driver/Src/stm32f4xx_hal_rcc_ex.c ****           frequency = (vcoinput * ((RCC->PLLCFGR & RCC_PLLCFGR_PLLN) >> 6U)) / (tmpreg1);
 1350              		.loc 1 669 25 is_stmt 0 view .LVU480
 1351 0144 6149     		ldr	r1, .L126
 1352 0146 4B68     		ldr	r3, [r1, #4]
 669:Drivers/STM32F4xx_HAL_Driver/Src/stm32f4xx_hal_rcc_ex.c ****           frequency = (vcoinput * ((RCC->PLLCFGR & RCC_PLLCFGR_PLLN) >> 6U)) / (tmpreg1);
 1353              		.loc 1 669 19 view .LVU481
 1354 0148 C3F30273 		ubfx	r3, r3, #28, #3
 1355              	.LVL103:
 670:Drivers/STM32F4xx_HAL_Driver/Src/stm32f4xx_hal_rcc_ex.c ****           break;
 1356              		.loc 1 670 11 is_stmt 1 view .LVU482
 670:Drivers/STM32F4xx_HAL_Driver/Src/stm32f4xx_hal_rcc_ex.c ****           break;
 1357              		.loc 1 670 40 is_stmt 0 view .LVU483
 1358 014c 4868     		ldr	r0, [r1, #4]
 1359              	.LVL104:
 670:Drivers/STM32F4xx_HAL_Driver/Src/stm32f4xx_hal_rcc_ex.c ****           break;
ARM GAS  C:\Users\user\AppData\Local\Temp\ccuZOZlR.s 			page 42


 1360              		.loc 1 670 70 view .LVU484
 1361 014e C0F38810 		ubfx	r0, r0, #6, #9
 670:Drivers/STM32F4xx_HAL_Driver/Src/stm32f4xx_hal_rcc_ex.c ****           break;
 1362              		.loc 1 670 33 view .LVU485
 1363 0152 02FB00F0 		mul	r0, r2, r0
 670:Drivers/STM32F4xx_HAL_Driver/Src/stm32f4xx_hal_rcc_ex.c ****           break;
 1364              		.loc 1 670 21 view .LVU486
 1365 0156 B0FBF3F0 		udiv	r0, r0, r3
 1366              	.LVL105:
 671:Drivers/STM32F4xx_HAL_Driver/Src/stm32f4xx_hal_rcc_ex.c ****         }
 1367              		.loc 1 671 11 is_stmt 1 view .LVU487
 1368 015a 7047     		bx	lr
 1369              	.LVL106:
 1370              	.L96:
 664:Drivers/STM32F4xx_HAL_Driver/Src/stm32f4xx_hal_rcc_ex.c ****           }
 1371              		.loc 1 664 13 view .LVU488
 664:Drivers/STM32F4xx_HAL_Driver/Src/stm32f4xx_hal_rcc_ex.c ****           }
 1372              		.loc 1 664 52 is_stmt 0 view .LVU489
 1373 015c 5B4B     		ldr	r3, .L126
 1374 015e 5B68     		ldr	r3, [r3, #4]
 664:Drivers/STM32F4xx_HAL_Driver/Src/stm32f4xx_hal_rcc_ex.c ****           }
 1375              		.loc 1 664 38 view .LVU490
 1376 0160 03F03F03 		and	r3, r3, #63
 664:Drivers/STM32F4xx_HAL_Driver/Src/stm32f4xx_hal_rcc_ex.c ****           }
 1377              		.loc 1 664 22 view .LVU491
 1378 0164 5C4A     		ldr	r2, .L126+12
 1379 0166 B2FBF3F2 		udiv	r2, r2, r3
 1380 016a EBE7     		b	.L97
 1381              	.LVL107:
 1382              	.L91:
 680:Drivers/STM32F4xx_HAL_Driver/Src/stm32f4xx_hal_rcc_ex.c ****           {
 1383              		.loc 1 680 11 is_stmt 1 view .LVU492
 680:Drivers/STM32F4xx_HAL_Driver/Src/stm32f4xx_hal_rcc_ex.c ****           {
 1384              		.loc 1 680 19 is_stmt 0 view .LVU493
 1385 016c 574B     		ldr	r3, .L126
 1386              	.LVL108:
 680:Drivers/STM32F4xx_HAL_Driver/Src/stm32f4xx_hal_rcc_ex.c ****           {
 1387              		.loc 1 680 19 view .LVU494
 1388 016e 5B68     		ldr	r3, [r3, #4]
 680:Drivers/STM32F4xx_HAL_Driver/Src/stm32f4xx_hal_rcc_ex.c ****           {
 1389              		.loc 1 680 14 view .LVU495
 1390 0170 13F4800F 		tst	r3, #4194304
 1391 0174 40F0BE80 		bne	.L116
 683:Drivers/STM32F4xx_HAL_Driver/Src/stm32f4xx_hal_rcc_ex.c ****           }
 1392              		.loc 1 683 23 view .LVU496
 1393 0178 5648     		ldr	r0, .L126+8
 1394              	.LVL109:
 683:Drivers/STM32F4xx_HAL_Driver/Src/stm32f4xx_hal_rcc_ex.c ****           }
 1395              		.loc 1 683 23 view .LVU497
 1396 017a 7047     		bx	lr
 1397              	.LVL110:
 1398              	.L99:
 1399              		.loc 1 703 7 view .LVU498
 1400 017c B3F1C06F 		cmp	r3, #100663296
 1401 0180 07D1     		bne	.L124
 704:Drivers/STM32F4xx_HAL_Driver/Src/stm32f4xx_hal_rcc_ex.c ****       {
 705:Drivers/STM32F4xx_HAL_Driver/Src/stm32f4xx_hal_rcc_ex.c ****         /* Check if I2S clock selection is External clock mapped on the I2S_CKIN pin used as I2S cl
ARM GAS  C:\Users\user\AppData\Local\Temp\ccuZOZlR.s 			page 43


 706:Drivers/STM32F4xx_HAL_Driver/Src/stm32f4xx_hal_rcc_ex.c ****         case RCC_I2SAPB1CLKSOURCE_EXT:
 707:Drivers/STM32F4xx_HAL_Driver/Src/stm32f4xx_hal_rcc_ex.c ****         {
 708:Drivers/STM32F4xx_HAL_Driver/Src/stm32f4xx_hal_rcc_ex.c ****           /* Set the I2S clock to the external clock  value */
 709:Drivers/STM32F4xx_HAL_Driver/Src/stm32f4xx_hal_rcc_ex.c ****           frequency = EXTERNAL_CLOCK_VALUE;
 710:Drivers/STM32F4xx_HAL_Driver/Src/stm32f4xx_hal_rcc_ex.c ****           break;
 711:Drivers/STM32F4xx_HAL_Driver/Src/stm32f4xx_hal_rcc_ex.c ****         }
 712:Drivers/STM32F4xx_HAL_Driver/Src/stm32f4xx_hal_rcc_ex.c ****         /* Check if I2S clock selection is PLLI2S VCO output clock divided by PLLI2SR used as I2S c
 713:Drivers/STM32F4xx_HAL_Driver/Src/stm32f4xx_hal_rcc_ex.c ****         case RCC_I2SAPB1CLKSOURCE_PLLI2S:
 714:Drivers/STM32F4xx_HAL_Driver/Src/stm32f4xx_hal_rcc_ex.c ****         {
 715:Drivers/STM32F4xx_HAL_Driver/Src/stm32f4xx_hal_rcc_ex.c ****           /* Configure the PLLI2S division factor */
 716:Drivers/STM32F4xx_HAL_Driver/Src/stm32f4xx_hal_rcc_ex.c ****           /* PLLI2S_VCO Input  = PLL_SOURCE/PLLI2SM */
 717:Drivers/STM32F4xx_HAL_Driver/Src/stm32f4xx_hal_rcc_ex.c ****           if ((RCC->PLLCFGR & RCC_PLLCFGR_PLLSRC) == RCC_PLLSOURCE_HSE)
 718:Drivers/STM32F4xx_HAL_Driver/Src/stm32f4xx_hal_rcc_ex.c ****           {
 719:Drivers/STM32F4xx_HAL_Driver/Src/stm32f4xx_hal_rcc_ex.c ****             /* Get the I2S source clock value */
 720:Drivers/STM32F4xx_HAL_Driver/Src/stm32f4xx_hal_rcc_ex.c ****             vcoinput = (uint32_t)(HSE_VALUE / (uint32_t)(RCC->PLLI2SCFGR & RCC_PLLI2SCFGR_PLLI2SM))
 721:Drivers/STM32F4xx_HAL_Driver/Src/stm32f4xx_hal_rcc_ex.c ****           }
 722:Drivers/STM32F4xx_HAL_Driver/Src/stm32f4xx_hal_rcc_ex.c ****           else
 723:Drivers/STM32F4xx_HAL_Driver/Src/stm32f4xx_hal_rcc_ex.c ****           {
 724:Drivers/STM32F4xx_HAL_Driver/Src/stm32f4xx_hal_rcc_ex.c ****             /* Get the I2S source clock value */
 725:Drivers/STM32F4xx_HAL_Driver/Src/stm32f4xx_hal_rcc_ex.c ****             vcoinput = (uint32_t)(HSI_VALUE / (uint32_t)(RCC->PLLI2SCFGR & RCC_PLLI2SCFGR_PLLI2SM))
 726:Drivers/STM32F4xx_HAL_Driver/Src/stm32f4xx_hal_rcc_ex.c ****           }
 727:Drivers/STM32F4xx_HAL_Driver/Src/stm32f4xx_hal_rcc_ex.c **** 
 728:Drivers/STM32F4xx_HAL_Driver/Src/stm32f4xx_hal_rcc_ex.c ****           /* PLLI2S_VCO Output = PLLI2S_VCO Input * PLLI2SN */
 729:Drivers/STM32F4xx_HAL_Driver/Src/stm32f4xx_hal_rcc_ex.c ****           vcooutput = (uint32_t)(vcoinput * (((RCC->PLLI2SCFGR & RCC_PLLI2SCFGR_PLLI2SN) >> 6U) & (
 730:Drivers/STM32F4xx_HAL_Driver/Src/stm32f4xx_hal_rcc_ex.c ****           /* I2S_CLK = PLLI2S_VCO Output/PLLI2SR */
 731:Drivers/STM32F4xx_HAL_Driver/Src/stm32f4xx_hal_rcc_ex.c ****           frequency = (uint32_t)(vcooutput / (((RCC->PLLI2SCFGR & RCC_PLLI2SCFGR_PLLI2SR) >> 28U) &
 732:Drivers/STM32F4xx_HAL_Driver/Src/stm32f4xx_hal_rcc_ex.c ****           break;
 733:Drivers/STM32F4xx_HAL_Driver/Src/stm32f4xx_hal_rcc_ex.c ****         }
 734:Drivers/STM32F4xx_HAL_Driver/Src/stm32f4xx_hal_rcc_ex.c ****         /* Check if I2S clock selection is PLL VCO Output divided by PLLR used as I2S clock */
 735:Drivers/STM32F4xx_HAL_Driver/Src/stm32f4xx_hal_rcc_ex.c ****         case RCC_I2SAPB1CLKSOURCE_PLLR:
 736:Drivers/STM32F4xx_HAL_Driver/Src/stm32f4xx_hal_rcc_ex.c ****         {
 737:Drivers/STM32F4xx_HAL_Driver/Src/stm32f4xx_hal_rcc_ex.c ****           /* Configure the PLL division factor R */
 738:Drivers/STM32F4xx_HAL_Driver/Src/stm32f4xx_hal_rcc_ex.c ****           /* PLL_VCO Input  = PLL_SOURCE/PLLM */
 739:Drivers/STM32F4xx_HAL_Driver/Src/stm32f4xx_hal_rcc_ex.c ****           if ((RCC->PLLCFGR & RCC_PLLCFGR_PLLSRC) == RCC_PLLSOURCE_HSE)
 740:Drivers/STM32F4xx_HAL_Driver/Src/stm32f4xx_hal_rcc_ex.c ****           {
 741:Drivers/STM32F4xx_HAL_Driver/Src/stm32f4xx_hal_rcc_ex.c ****             /* Get the I2S source clock value */
 742:Drivers/STM32F4xx_HAL_Driver/Src/stm32f4xx_hal_rcc_ex.c ****             vcoinput = (uint32_t)(HSE_VALUE / (uint32_t)(RCC->PLLCFGR & RCC_PLLCFGR_PLLM));
 743:Drivers/STM32F4xx_HAL_Driver/Src/stm32f4xx_hal_rcc_ex.c ****           }
 744:Drivers/STM32F4xx_HAL_Driver/Src/stm32f4xx_hal_rcc_ex.c ****           else
 745:Drivers/STM32F4xx_HAL_Driver/Src/stm32f4xx_hal_rcc_ex.c ****           {
 746:Drivers/STM32F4xx_HAL_Driver/Src/stm32f4xx_hal_rcc_ex.c ****             /* Get the I2S source clock value */
 747:Drivers/STM32F4xx_HAL_Driver/Src/stm32f4xx_hal_rcc_ex.c ****             vcoinput = (uint32_t)(HSI_VALUE / (uint32_t)(RCC->PLLCFGR & RCC_PLLCFGR_PLLM));
 748:Drivers/STM32F4xx_HAL_Driver/Src/stm32f4xx_hal_rcc_ex.c ****           }
 749:Drivers/STM32F4xx_HAL_Driver/Src/stm32f4xx_hal_rcc_ex.c **** 
 750:Drivers/STM32F4xx_HAL_Driver/Src/stm32f4xx_hal_rcc_ex.c ****           /* PLL_VCO Output = PLL_VCO Input * PLLN */
 751:Drivers/STM32F4xx_HAL_Driver/Src/stm32f4xx_hal_rcc_ex.c ****           vcooutput = (uint32_t)(vcoinput * (((RCC->PLLCFGR & RCC_PLLCFGR_PLLN) >> 6U) & (RCC_PLLCF
 752:Drivers/STM32F4xx_HAL_Driver/Src/stm32f4xx_hal_rcc_ex.c ****           /* I2S_CLK = PLL_VCO Output/PLLR */
 753:Drivers/STM32F4xx_HAL_Driver/Src/stm32f4xx_hal_rcc_ex.c ****           frequency = (uint32_t)(vcooutput / (((RCC->PLLCFGR & RCC_PLLCFGR_PLLR) >> 28U) & (RCC_PLL
 754:Drivers/STM32F4xx_HAL_Driver/Src/stm32f4xx_hal_rcc_ex.c ****           break;
 755:Drivers/STM32F4xx_HAL_Driver/Src/stm32f4xx_hal_rcc_ex.c ****         }
 756:Drivers/STM32F4xx_HAL_Driver/Src/stm32f4xx_hal_rcc_ex.c ****         /* Check if I2S clock selection is HSI or HSE depending from PLL source Clock */
 757:Drivers/STM32F4xx_HAL_Driver/Src/stm32f4xx_hal_rcc_ex.c ****         case RCC_I2SAPB1CLKSOURCE_PLLSRC:
 758:Drivers/STM32F4xx_HAL_Driver/Src/stm32f4xx_hal_rcc_ex.c ****         {
 759:Drivers/STM32F4xx_HAL_Driver/Src/stm32f4xx_hal_rcc_ex.c ****           if ((RCC->PLLCFGR & RCC_PLLCFGR_PLLSRC) == RCC_PLLSOURCE_HSE)
 1402              		.loc 1 759 11 is_stmt 1 view .LVU499
 1403              		.loc 1 759 19 is_stmt 0 view .LVU500
 1404 0182 524B     		ldr	r3, .L126
ARM GAS  C:\Users\user\AppData\Local\Temp\ccuZOZlR.s 			page 44


 1405              	.LVL111:
 1406              		.loc 1 759 19 view .LVU501
 1407 0184 5B68     		ldr	r3, [r3, #4]
 1408              		.loc 1 759 14 view .LVU502
 1409 0186 13F4800F 		tst	r3, #4194304
 1410 018a 00F0B780 		beq	.L118
 760:Drivers/STM32F4xx_HAL_Driver/Src/stm32f4xx_hal_rcc_ex.c ****           {
 761:Drivers/STM32F4xx_HAL_Driver/Src/stm32f4xx_hal_rcc_ex.c ****             frequency = HSE_VALUE;
 1411              		.loc 1 761 23 view .LVU503
 1412 018e 5248     		ldr	r0, .L126+12
 1413              	.LVL112:
 1414              		.loc 1 761 23 view .LVU504
 1415 0190 7047     		bx	lr
 1416              	.LVL113:
 1417              	.L124:
 762:Drivers/STM32F4xx_HAL_Driver/Src/stm32f4xx_hal_rcc_ex.c ****           }
 763:Drivers/STM32F4xx_HAL_Driver/Src/stm32f4xx_hal_rcc_ex.c ****           else
 764:Drivers/STM32F4xx_HAL_Driver/Src/stm32f4xx_hal_rcc_ex.c ****           {
 765:Drivers/STM32F4xx_HAL_Driver/Src/stm32f4xx_hal_rcc_ex.c ****             frequency = HSI_VALUE;
 766:Drivers/STM32F4xx_HAL_Driver/Src/stm32f4xx_hal_rcc_ex.c ****           }
 767:Drivers/STM32F4xx_HAL_Driver/Src/stm32f4xx_hal_rcc_ex.c ****           break;
 768:Drivers/STM32F4xx_HAL_Driver/Src/stm32f4xx_hal_rcc_ex.c ****         }
 769:Drivers/STM32F4xx_HAL_Driver/Src/stm32f4xx_hal_rcc_ex.c ****         /* Clock not enabled for I2S*/
 770:Drivers/STM32F4xx_HAL_Driver/Src/stm32f4xx_hal_rcc_ex.c ****         default:
 771:Drivers/STM32F4xx_HAL_Driver/Src/stm32f4xx_hal_rcc_ex.c ****         {
 772:Drivers/STM32F4xx_HAL_Driver/Src/stm32f4xx_hal_rcc_ex.c ****           frequency = 0U;
 1418              		.loc 1 772 21 view .LVU505
 1419 0192 0020     		movs	r0, #0
 1420              	.LVL114:
 1421              		.loc 1 772 21 view .LVU506
 1422 0194 7047     		bx	lr
 1423              	.LVL115:
 1424              	.L100:
 717:Drivers/STM32F4xx_HAL_Driver/Src/stm32f4xx_hal_rcc_ex.c ****           {
 1425              		.loc 1 717 11 is_stmt 1 view .LVU507
 717:Drivers/STM32F4xx_HAL_Driver/Src/stm32f4xx_hal_rcc_ex.c ****           {
 1426              		.loc 1 717 19 is_stmt 0 view .LVU508
 1427 0196 4D4B     		ldr	r3, .L126
 1428              	.LVL116:
 717:Drivers/STM32F4xx_HAL_Driver/Src/stm32f4xx_hal_rcc_ex.c ****           {
 1429              		.loc 1 717 19 view .LVU509
 1430 0198 5B68     		ldr	r3, [r3, #4]
 717:Drivers/STM32F4xx_HAL_Driver/Src/stm32f4xx_hal_rcc_ex.c ****           {
 1431              		.loc 1 717 14 view .LVU510
 1432 019a 13F4800F 		tst	r3, #4194304
 1433 019e 15D0     		beq	.L102
 720:Drivers/STM32F4xx_HAL_Driver/Src/stm32f4xx_hal_rcc_ex.c ****           }
 1434              		.loc 1 720 13 is_stmt 1 view .LVU511
 720:Drivers/STM32F4xx_HAL_Driver/Src/stm32f4xx_hal_rcc_ex.c ****           }
 1435              		.loc 1 720 61 is_stmt 0 view .LVU512
 1436 01a0 4A4B     		ldr	r3, .L126
 1437 01a2 D3F88420 		ldr	r2, [r3, #132]
 720:Drivers/STM32F4xx_HAL_Driver/Src/stm32f4xx_hal_rcc_ex.c ****           }
 1438              		.loc 1 720 47 view .LVU513
 1439 01a6 02F03F02 		and	r2, r2, #63
 720:Drivers/STM32F4xx_HAL_Driver/Src/stm32f4xx_hal_rcc_ex.c ****           }
 1440              		.loc 1 720 22 view .LVU514
ARM GAS  C:\Users\user\AppData\Local\Temp\ccuZOZlR.s 			page 45


 1441 01aa 4B4B     		ldr	r3, .L126+12
 1442 01ac B3FBF2F3 		udiv	r3, r3, r2
 1443              	.LVL117:
 1444              	.L103:
 729:Drivers/STM32F4xx_HAL_Driver/Src/stm32f4xx_hal_rcc_ex.c ****           /* I2S_CLK = PLLI2S_VCO Output/PLLI2SR */
 1445              		.loc 1 729 11 is_stmt 1 view .LVU515
 729:Drivers/STM32F4xx_HAL_Driver/Src/stm32f4xx_hal_rcc_ex.c ****           /* I2S_CLK = PLLI2S_VCO Output/PLLI2SR */
 1446              		.loc 1 729 51 is_stmt 0 view .LVU516
 1447 01b0 464A     		ldr	r2, .L126
 1448 01b2 D2F88400 		ldr	r0, [r2, #132]
 1449              	.LVL118:
 729:Drivers/STM32F4xx_HAL_Driver/Src/stm32f4xx_hal_rcc_ex.c ****           /* I2S_CLK = PLLI2S_VCO Output/PLLI2SR */
 1450              		.loc 1 729 97 view .LVU517
 1451 01b6 C0F38810 		ubfx	r0, r0, #6, #9
 729:Drivers/STM32F4xx_HAL_Driver/Src/stm32f4xx_hal_rcc_ex.c ****           /* I2S_CLK = PLLI2S_VCO Output/PLLI2SR */
 1452              		.loc 1 729 21 view .LVU518
 1453 01ba 03FB00F0 		mul	r0, r3, r0
 1454              	.LVL119:
 731:Drivers/STM32F4xx_HAL_Driver/Src/stm32f4xx_hal_rcc_ex.c ****           break;
 1455              		.loc 1 731 11 is_stmt 1 view .LVU519
 731:Drivers/STM32F4xx_HAL_Driver/Src/stm32f4xx_hal_rcc_ex.c ****           break;
 1456              		.loc 1 731 52 is_stmt 0 view .LVU520
 1457 01be D2F88430 		ldr	r3, [r2, #132]
 1458              	.LVL120:
 731:Drivers/STM32F4xx_HAL_Driver/Src/stm32f4xx_hal_rcc_ex.c ****           break;
 1459              		.loc 1 731 99 view .LVU521
 1460 01c2 C3F30273 		ubfx	r3, r3, #28, #3
 731:Drivers/STM32F4xx_HAL_Driver/Src/stm32f4xx_hal_rcc_ex.c ****           break;
 1461              		.loc 1 731 21 view .LVU522
 1462 01c6 B0FBF3F0 		udiv	r0, r0, r3
 1463              	.LVL121:
 732:Drivers/STM32F4xx_HAL_Driver/Src/stm32f4xx_hal_rcc_ex.c ****         }
 1464              		.loc 1 732 11 is_stmt 1 view .LVU523
 1465 01ca 7047     		bx	lr
 1466              	.LVL122:
 1467              	.L102:
 725:Drivers/STM32F4xx_HAL_Driver/Src/stm32f4xx_hal_rcc_ex.c ****           }
 1468              		.loc 1 725 13 view .LVU524
 725:Drivers/STM32F4xx_HAL_Driver/Src/stm32f4xx_hal_rcc_ex.c ****           }
 1469              		.loc 1 725 61 is_stmt 0 view .LVU525
 1470 01cc 3F4B     		ldr	r3, .L126
 1471 01ce D3F88420 		ldr	r2, [r3, #132]
 725:Drivers/STM32F4xx_HAL_Driver/Src/stm32f4xx_hal_rcc_ex.c ****           }
 1472              		.loc 1 725 47 view .LVU526
 1473 01d2 02F03F02 		and	r2, r2, #63
 725:Drivers/STM32F4xx_HAL_Driver/Src/stm32f4xx_hal_rcc_ex.c ****           }
 1474              		.loc 1 725 22 view .LVU527
 1475 01d6 3F4B     		ldr	r3, .L126+8
 1476 01d8 B3FBF2F3 		udiv	r3, r3, r2
 1477 01dc E8E7     		b	.L103
 1478              	.LVL123:
 1479              	.L98:
 739:Drivers/STM32F4xx_HAL_Driver/Src/stm32f4xx_hal_rcc_ex.c ****           {
 1480              		.loc 1 739 11 is_stmt 1 view .LVU528
 739:Drivers/STM32F4xx_HAL_Driver/Src/stm32f4xx_hal_rcc_ex.c ****           {
 1481              		.loc 1 739 19 is_stmt 0 view .LVU529
 1482 01de 3B4B     		ldr	r3, .L126
ARM GAS  C:\Users\user\AppData\Local\Temp\ccuZOZlR.s 			page 46


 1483              	.LVL124:
 739:Drivers/STM32F4xx_HAL_Driver/Src/stm32f4xx_hal_rcc_ex.c ****           {
 1484              		.loc 1 739 19 view .LVU530
 1485 01e0 5B68     		ldr	r3, [r3, #4]
 739:Drivers/STM32F4xx_HAL_Driver/Src/stm32f4xx_hal_rcc_ex.c ****           {
 1486              		.loc 1 739 14 view .LVU531
 1487 01e2 13F4800F 		tst	r3, #4194304
 1488 01e6 12D0     		beq	.L104
 742:Drivers/STM32F4xx_HAL_Driver/Src/stm32f4xx_hal_rcc_ex.c ****           }
 1489              		.loc 1 742 13 is_stmt 1 view .LVU532
 742:Drivers/STM32F4xx_HAL_Driver/Src/stm32f4xx_hal_rcc_ex.c ****           }
 1490              		.loc 1 742 61 is_stmt 0 view .LVU533
 1491 01e8 384B     		ldr	r3, .L126
 1492 01ea 5A68     		ldr	r2, [r3, #4]
 742:Drivers/STM32F4xx_HAL_Driver/Src/stm32f4xx_hal_rcc_ex.c ****           }
 1493              		.loc 1 742 47 view .LVU534
 1494 01ec 02F03F02 		and	r2, r2, #63
 742:Drivers/STM32F4xx_HAL_Driver/Src/stm32f4xx_hal_rcc_ex.c ****           }
 1495              		.loc 1 742 22 view .LVU535
 1496 01f0 394B     		ldr	r3, .L126+12
 1497 01f2 B3FBF2F3 		udiv	r3, r3, r2
 1498              	.LVL125:
 1499              	.L105:
 751:Drivers/STM32F4xx_HAL_Driver/Src/stm32f4xx_hal_rcc_ex.c ****           /* I2S_CLK = PLL_VCO Output/PLLR */
 1500              		.loc 1 751 11 is_stmt 1 view .LVU536
 751:Drivers/STM32F4xx_HAL_Driver/Src/stm32f4xx_hal_rcc_ex.c ****           /* I2S_CLK = PLL_VCO Output/PLLR */
 1501              		.loc 1 751 51 is_stmt 0 view .LVU537
 1502 01f6 354A     		ldr	r2, .L126
 1503 01f8 5068     		ldr	r0, [r2, #4]
 1504              	.LVL126:
 751:Drivers/STM32F4xx_HAL_Driver/Src/stm32f4xx_hal_rcc_ex.c ****           /* I2S_CLK = PLL_VCO Output/PLLR */
 1505              		.loc 1 751 88 view .LVU538
 1506 01fa C0F38810 		ubfx	r0, r0, #6, #9
 751:Drivers/STM32F4xx_HAL_Driver/Src/stm32f4xx_hal_rcc_ex.c ****           /* I2S_CLK = PLL_VCO Output/PLLR */
 1507              		.loc 1 751 21 view .LVU539
 1508 01fe 03FB00F0 		mul	r0, r3, r0
 1509              	.LVL127:
 753:Drivers/STM32F4xx_HAL_Driver/Src/stm32f4xx_hal_rcc_ex.c ****           break;
 1510              		.loc 1 753 11 is_stmt 1 view .LVU540
 753:Drivers/STM32F4xx_HAL_Driver/Src/stm32f4xx_hal_rcc_ex.c ****           break;
 1511              		.loc 1 753 52 is_stmt 0 view .LVU541
 1512 0202 5368     		ldr	r3, [r2, #4]
 1513              	.LVL128:
 753:Drivers/STM32F4xx_HAL_Driver/Src/stm32f4xx_hal_rcc_ex.c ****           break;
 1514              		.loc 1 753 90 view .LVU542
 1515 0204 C3F30273 		ubfx	r3, r3, #28, #3
 753:Drivers/STM32F4xx_HAL_Driver/Src/stm32f4xx_hal_rcc_ex.c ****           break;
 1516              		.loc 1 753 21 view .LVU543
 1517 0208 B0FBF3F0 		udiv	r0, r0, r3
 1518              	.LVL129:
 754:Drivers/STM32F4xx_HAL_Driver/Src/stm32f4xx_hal_rcc_ex.c ****         }
 1519              		.loc 1 754 11 is_stmt 1 view .LVU544
 1520 020c 7047     		bx	lr
 1521              	.LVL130:
 1522              	.L104:
 747:Drivers/STM32F4xx_HAL_Driver/Src/stm32f4xx_hal_rcc_ex.c ****           }
 1523              		.loc 1 747 13 view .LVU545
ARM GAS  C:\Users\user\AppData\Local\Temp\ccuZOZlR.s 			page 47


 747:Drivers/STM32F4xx_HAL_Driver/Src/stm32f4xx_hal_rcc_ex.c ****           }
 1524              		.loc 1 747 61 is_stmt 0 view .LVU546
 1525 020e 2F4B     		ldr	r3, .L126
 1526 0210 5A68     		ldr	r2, [r3, #4]
 747:Drivers/STM32F4xx_HAL_Driver/Src/stm32f4xx_hal_rcc_ex.c ****           }
 1527              		.loc 1 747 47 view .LVU547
 1528 0212 02F03F02 		and	r2, r2, #63
 747:Drivers/STM32F4xx_HAL_Driver/Src/stm32f4xx_hal_rcc_ex.c ****           }
 1529              		.loc 1 747 22 view .LVU548
 1530 0216 2F4B     		ldr	r3, .L126+8
 1531 0218 B3FBF2F3 		udiv	r3, r3, r2
 1532 021c EBE7     		b	.L105
 1533              	.LVL131:
 1534              	.L82:
 773:Drivers/STM32F4xx_HAL_Driver/Src/stm32f4xx_hal_rcc_ex.c ****           break;
 774:Drivers/STM32F4xx_HAL_Driver/Src/stm32f4xx_hal_rcc_ex.c ****         }
 775:Drivers/STM32F4xx_HAL_Driver/Src/stm32f4xx_hal_rcc_ex.c ****       }
 776:Drivers/STM32F4xx_HAL_Driver/Src/stm32f4xx_hal_rcc_ex.c ****       break;
 777:Drivers/STM32F4xx_HAL_Driver/Src/stm32f4xx_hal_rcc_ex.c ****     }
 778:Drivers/STM32F4xx_HAL_Driver/Src/stm32f4xx_hal_rcc_ex.c ****     case RCC_PERIPHCLK_I2S_APB2:
 779:Drivers/STM32F4xx_HAL_Driver/Src/stm32f4xx_hal_rcc_ex.c ****     {
 780:Drivers/STM32F4xx_HAL_Driver/Src/stm32f4xx_hal_rcc_ex.c ****       /* Get the current I2S source */
 781:Drivers/STM32F4xx_HAL_Driver/Src/stm32f4xx_hal_rcc_ex.c ****       srcclk = __HAL_RCC_GET_I2S_APB2_SOURCE();
 1535              		.loc 1 781 7 is_stmt 1 view .LVU549
 1536              		.loc 1 781 16 is_stmt 0 view .LVU550
 1537 021e 2B4B     		ldr	r3, .L126
 1538 0220 D3F88C30 		ldr	r3, [r3, #140]
 1539              		.loc 1 781 14 view .LVU551
 1540 0224 03F0C053 		and	r3, r3, #402653184
 1541              	.LVL132:
 782:Drivers/STM32F4xx_HAL_Driver/Src/stm32f4xx_hal_rcc_ex.c ****       switch (srcclk)
 1542              		.loc 1 782 7 is_stmt 1 view .LVU552
 1543 0228 B3F1805F 		cmp	r3, #268435456
 1544 022c 36D0     		beq	.L106
 1545 022e 05D8     		bhi	.L107
 1546 0230 83B1     		cbz	r3, .L108
 1547 0232 B3F1006F 		cmp	r3, #134217728
 1548 0236 63D1     		bne	.L119
 1549 0238 2548     		ldr	r0, .L126+4
 1550              	.LVL133:
 1551              		.loc 1 782 7 is_stmt 0 view .LVU553
 1552 023a 7047     		bx	lr
 1553              	.LVL134:
 1554              	.L107:
 1555              		.loc 1 782 7 view .LVU554
 1556 023c B3F1C05F 		cmp	r3, #402653184
 1557 0240 06D1     		bne	.L125
 783:Drivers/STM32F4xx_HAL_Driver/Src/stm32f4xx_hal_rcc_ex.c ****       {
 784:Drivers/STM32F4xx_HAL_Driver/Src/stm32f4xx_hal_rcc_ex.c ****         /* Check if I2S clock selection is External clock mapped on the I2S_CKIN pin used as I2S cl
 785:Drivers/STM32F4xx_HAL_Driver/Src/stm32f4xx_hal_rcc_ex.c ****         case RCC_I2SAPB2CLKSOURCE_EXT:
 786:Drivers/STM32F4xx_HAL_Driver/Src/stm32f4xx_hal_rcc_ex.c ****         {
 787:Drivers/STM32F4xx_HAL_Driver/Src/stm32f4xx_hal_rcc_ex.c ****           /* Set the I2S clock to the external clock  value */
 788:Drivers/STM32F4xx_HAL_Driver/Src/stm32f4xx_hal_rcc_ex.c ****           frequency = EXTERNAL_CLOCK_VALUE;
 789:Drivers/STM32F4xx_HAL_Driver/Src/stm32f4xx_hal_rcc_ex.c ****           break;
 790:Drivers/STM32F4xx_HAL_Driver/Src/stm32f4xx_hal_rcc_ex.c ****         }
 791:Drivers/STM32F4xx_HAL_Driver/Src/stm32f4xx_hal_rcc_ex.c ****         /* Check if I2S clock selection is PLLI2S VCO output clock divided by PLLI2SR used as I2S c
 792:Drivers/STM32F4xx_HAL_Driver/Src/stm32f4xx_hal_rcc_ex.c ****         case RCC_I2SAPB2CLKSOURCE_PLLI2S:
ARM GAS  C:\Users\user\AppData\Local\Temp\ccuZOZlR.s 			page 48


 793:Drivers/STM32F4xx_HAL_Driver/Src/stm32f4xx_hal_rcc_ex.c ****         {
 794:Drivers/STM32F4xx_HAL_Driver/Src/stm32f4xx_hal_rcc_ex.c ****           /* Configure the PLLI2S division factor */
 795:Drivers/STM32F4xx_HAL_Driver/Src/stm32f4xx_hal_rcc_ex.c ****           /* PLLI2S_VCO Input  = PLL_SOURCE/PLLI2SM */
 796:Drivers/STM32F4xx_HAL_Driver/Src/stm32f4xx_hal_rcc_ex.c ****           if ((RCC->PLLCFGR & RCC_PLLCFGR_PLLSRC) == RCC_PLLSOURCE_HSE)
 797:Drivers/STM32F4xx_HAL_Driver/Src/stm32f4xx_hal_rcc_ex.c ****           {
 798:Drivers/STM32F4xx_HAL_Driver/Src/stm32f4xx_hal_rcc_ex.c ****             /* Get the I2S source clock value */
 799:Drivers/STM32F4xx_HAL_Driver/Src/stm32f4xx_hal_rcc_ex.c ****             vcoinput = (uint32_t)(HSE_VALUE / (uint32_t)(RCC->PLLI2SCFGR & RCC_PLLI2SCFGR_PLLI2SM))
 800:Drivers/STM32F4xx_HAL_Driver/Src/stm32f4xx_hal_rcc_ex.c ****           }
 801:Drivers/STM32F4xx_HAL_Driver/Src/stm32f4xx_hal_rcc_ex.c ****           else
 802:Drivers/STM32F4xx_HAL_Driver/Src/stm32f4xx_hal_rcc_ex.c ****           {
 803:Drivers/STM32F4xx_HAL_Driver/Src/stm32f4xx_hal_rcc_ex.c ****             /* Get the I2S source clock value */
 804:Drivers/STM32F4xx_HAL_Driver/Src/stm32f4xx_hal_rcc_ex.c ****             vcoinput = (uint32_t)(HSI_VALUE / (uint32_t)(RCC->PLLI2SCFGR & RCC_PLLI2SCFGR_PLLI2SM))
 805:Drivers/STM32F4xx_HAL_Driver/Src/stm32f4xx_hal_rcc_ex.c ****           }
 806:Drivers/STM32F4xx_HAL_Driver/Src/stm32f4xx_hal_rcc_ex.c **** 
 807:Drivers/STM32F4xx_HAL_Driver/Src/stm32f4xx_hal_rcc_ex.c ****           /* PLLI2S_VCO Output = PLLI2S_VCO Input * PLLI2SN */
 808:Drivers/STM32F4xx_HAL_Driver/Src/stm32f4xx_hal_rcc_ex.c ****           vcooutput = (uint32_t)(vcoinput * (((RCC->PLLI2SCFGR & RCC_PLLI2SCFGR_PLLI2SN) >> 6U) & (
 809:Drivers/STM32F4xx_HAL_Driver/Src/stm32f4xx_hal_rcc_ex.c ****           /* I2S_CLK = PLLI2S_VCO Output/PLLI2SR */
 810:Drivers/STM32F4xx_HAL_Driver/Src/stm32f4xx_hal_rcc_ex.c ****           frequency = (uint32_t)(vcooutput / (((RCC->PLLI2SCFGR & RCC_PLLI2SCFGR_PLLI2SR) >> 28U) &
 811:Drivers/STM32F4xx_HAL_Driver/Src/stm32f4xx_hal_rcc_ex.c ****           break;
 812:Drivers/STM32F4xx_HAL_Driver/Src/stm32f4xx_hal_rcc_ex.c ****         }
 813:Drivers/STM32F4xx_HAL_Driver/Src/stm32f4xx_hal_rcc_ex.c ****         /* Check if I2S clock selection is PLL VCO Output divided by PLLR used as I2S clock */
 814:Drivers/STM32F4xx_HAL_Driver/Src/stm32f4xx_hal_rcc_ex.c ****         case RCC_I2SAPB2CLKSOURCE_PLLR:
 815:Drivers/STM32F4xx_HAL_Driver/Src/stm32f4xx_hal_rcc_ex.c ****         {
 816:Drivers/STM32F4xx_HAL_Driver/Src/stm32f4xx_hal_rcc_ex.c ****           /* Configure the PLL division factor R */
 817:Drivers/STM32F4xx_HAL_Driver/Src/stm32f4xx_hal_rcc_ex.c ****           /* PLL_VCO Input  = PLL_SOURCE/PLLM */
 818:Drivers/STM32F4xx_HAL_Driver/Src/stm32f4xx_hal_rcc_ex.c ****           if ((RCC->PLLCFGR & RCC_PLLCFGR_PLLSRC) == RCC_PLLSOURCE_HSE)
 819:Drivers/STM32F4xx_HAL_Driver/Src/stm32f4xx_hal_rcc_ex.c ****           {
 820:Drivers/STM32F4xx_HAL_Driver/Src/stm32f4xx_hal_rcc_ex.c ****             /* Get the I2S source clock value */
 821:Drivers/STM32F4xx_HAL_Driver/Src/stm32f4xx_hal_rcc_ex.c ****             vcoinput = (uint32_t)(HSE_VALUE / (uint32_t)(RCC->PLLCFGR & RCC_PLLCFGR_PLLM));
 822:Drivers/STM32F4xx_HAL_Driver/Src/stm32f4xx_hal_rcc_ex.c ****           }
 823:Drivers/STM32F4xx_HAL_Driver/Src/stm32f4xx_hal_rcc_ex.c ****           else
 824:Drivers/STM32F4xx_HAL_Driver/Src/stm32f4xx_hal_rcc_ex.c ****           {
 825:Drivers/STM32F4xx_HAL_Driver/Src/stm32f4xx_hal_rcc_ex.c ****             /* Get the I2S source clock value */
 826:Drivers/STM32F4xx_HAL_Driver/Src/stm32f4xx_hal_rcc_ex.c ****             vcoinput = (uint32_t)(HSI_VALUE / (uint32_t)(RCC->PLLCFGR & RCC_PLLCFGR_PLLM));
 827:Drivers/STM32F4xx_HAL_Driver/Src/stm32f4xx_hal_rcc_ex.c ****           }
 828:Drivers/STM32F4xx_HAL_Driver/Src/stm32f4xx_hal_rcc_ex.c **** 
 829:Drivers/STM32F4xx_HAL_Driver/Src/stm32f4xx_hal_rcc_ex.c ****           /* PLL_VCO Output = PLL_VCO Input * PLLN */
 830:Drivers/STM32F4xx_HAL_Driver/Src/stm32f4xx_hal_rcc_ex.c ****           vcooutput = (uint32_t)(vcoinput * (((RCC->PLLCFGR & RCC_PLLCFGR_PLLN) >> 6U) & (RCC_PLLCF
 831:Drivers/STM32F4xx_HAL_Driver/Src/stm32f4xx_hal_rcc_ex.c ****           /* I2S_CLK = PLL_VCO Output/PLLR */
 832:Drivers/STM32F4xx_HAL_Driver/Src/stm32f4xx_hal_rcc_ex.c ****           frequency = (uint32_t)(vcooutput / (((RCC->PLLCFGR & RCC_PLLCFGR_PLLR) >> 28U) & (RCC_PLL
 833:Drivers/STM32F4xx_HAL_Driver/Src/stm32f4xx_hal_rcc_ex.c ****           break;
 834:Drivers/STM32F4xx_HAL_Driver/Src/stm32f4xx_hal_rcc_ex.c ****         }
 835:Drivers/STM32F4xx_HAL_Driver/Src/stm32f4xx_hal_rcc_ex.c ****         /* Check if I2S clock selection is HSI or HSE depending from PLL source Clock */
 836:Drivers/STM32F4xx_HAL_Driver/Src/stm32f4xx_hal_rcc_ex.c ****         case RCC_I2SAPB2CLKSOURCE_PLLSRC:
 837:Drivers/STM32F4xx_HAL_Driver/Src/stm32f4xx_hal_rcc_ex.c ****         {
 838:Drivers/STM32F4xx_HAL_Driver/Src/stm32f4xx_hal_rcc_ex.c ****           if ((RCC->PLLCFGR & RCC_PLLCFGR_PLLSRC) == RCC_PLLSOURCE_HSE)
 1558              		.loc 1 838 11 is_stmt 1 view .LVU555
 1559              		.loc 1 838 19 is_stmt 0 view .LVU556
 1560 0242 224B     		ldr	r3, .L126
 1561              	.LVL135:
 1562              		.loc 1 838 19 view .LVU557
 1563 0244 5B68     		ldr	r3, [r3, #4]
 1564              		.loc 1 838 14 view .LVU558
 1565 0246 13F4800F 		tst	r3, #4194304
 1566 024a 5BD0     		beq	.L120
 839:Drivers/STM32F4xx_HAL_Driver/Src/stm32f4xx_hal_rcc_ex.c ****           {
 840:Drivers/STM32F4xx_HAL_Driver/Src/stm32f4xx_hal_rcc_ex.c ****             frequency = HSE_VALUE;
ARM GAS  C:\Users\user\AppData\Local\Temp\ccuZOZlR.s 			page 49


 1567              		.loc 1 840 23 view .LVU559
 1568 024c 2248     		ldr	r0, .L126+12
 1569              	.LVL136:
 1570              		.loc 1 840 23 view .LVU560
 1571 024e 7047     		bx	lr
 1572              	.LVL137:
 1573              	.L125:
 841:Drivers/STM32F4xx_HAL_Driver/Src/stm32f4xx_hal_rcc_ex.c ****           }
 842:Drivers/STM32F4xx_HAL_Driver/Src/stm32f4xx_hal_rcc_ex.c ****           else
 843:Drivers/STM32F4xx_HAL_Driver/Src/stm32f4xx_hal_rcc_ex.c ****           {
 844:Drivers/STM32F4xx_HAL_Driver/Src/stm32f4xx_hal_rcc_ex.c ****             frequency = HSI_VALUE;
 845:Drivers/STM32F4xx_HAL_Driver/Src/stm32f4xx_hal_rcc_ex.c ****           }
 846:Drivers/STM32F4xx_HAL_Driver/Src/stm32f4xx_hal_rcc_ex.c ****           break;
 847:Drivers/STM32F4xx_HAL_Driver/Src/stm32f4xx_hal_rcc_ex.c ****         }
 848:Drivers/STM32F4xx_HAL_Driver/Src/stm32f4xx_hal_rcc_ex.c ****         /* Clock not enabled for I2S*/
 849:Drivers/STM32F4xx_HAL_Driver/Src/stm32f4xx_hal_rcc_ex.c ****         default:
 850:Drivers/STM32F4xx_HAL_Driver/Src/stm32f4xx_hal_rcc_ex.c ****         {
 851:Drivers/STM32F4xx_HAL_Driver/Src/stm32f4xx_hal_rcc_ex.c ****           frequency = 0U;
 1574              		.loc 1 851 21 view .LVU561
 1575 0250 0020     		movs	r0, #0
 1576              	.LVL138:
 1577              		.loc 1 851 21 view .LVU562
 1578 0252 7047     		bx	lr
 1579              	.LVL139:
 1580              	.L108:
 796:Drivers/STM32F4xx_HAL_Driver/Src/stm32f4xx_hal_rcc_ex.c ****           {
 1581              		.loc 1 796 11 is_stmt 1 view .LVU563
 796:Drivers/STM32F4xx_HAL_Driver/Src/stm32f4xx_hal_rcc_ex.c ****           {
 1582              		.loc 1 796 19 is_stmt 0 view .LVU564
 1583 0254 1D4B     		ldr	r3, .L126
 1584              	.LVL140:
 796:Drivers/STM32F4xx_HAL_Driver/Src/stm32f4xx_hal_rcc_ex.c ****           {
 1585              		.loc 1 796 19 view .LVU565
 1586 0256 5B68     		ldr	r3, [r3, #4]
 796:Drivers/STM32F4xx_HAL_Driver/Src/stm32f4xx_hal_rcc_ex.c ****           {
 1587              		.loc 1 796 14 view .LVU566
 1588 0258 13F4800F 		tst	r3, #4194304
 1589 025c 15D0     		beq	.L110
 799:Drivers/STM32F4xx_HAL_Driver/Src/stm32f4xx_hal_rcc_ex.c ****           }
 1590              		.loc 1 799 13 is_stmt 1 view .LVU567
 799:Drivers/STM32F4xx_HAL_Driver/Src/stm32f4xx_hal_rcc_ex.c ****           }
 1591              		.loc 1 799 61 is_stmt 0 view .LVU568
 1592 025e 1B4B     		ldr	r3, .L126
 1593 0260 D3F88420 		ldr	r2, [r3, #132]
 799:Drivers/STM32F4xx_HAL_Driver/Src/stm32f4xx_hal_rcc_ex.c ****           }
 1594              		.loc 1 799 47 view .LVU569
 1595 0264 02F03F02 		and	r2, r2, #63
 799:Drivers/STM32F4xx_HAL_Driver/Src/stm32f4xx_hal_rcc_ex.c ****           }
 1596              		.loc 1 799 22 view .LVU570
 1597 0268 1B4B     		ldr	r3, .L126+12
 1598 026a B3FBF2F3 		udiv	r3, r3, r2
 1599              	.LVL141:
 1600              	.L111:
 808:Drivers/STM32F4xx_HAL_Driver/Src/stm32f4xx_hal_rcc_ex.c ****           /* I2S_CLK = PLLI2S_VCO Output/PLLI2SR */
 1601              		.loc 1 808 11 is_stmt 1 view .LVU571
 808:Drivers/STM32F4xx_HAL_Driver/Src/stm32f4xx_hal_rcc_ex.c ****           /* I2S_CLK = PLLI2S_VCO Output/PLLI2SR */
 1602              		.loc 1 808 51 is_stmt 0 view .LVU572
ARM GAS  C:\Users\user\AppData\Local\Temp\ccuZOZlR.s 			page 50


 1603 026e 174A     		ldr	r2, .L126
 1604 0270 D2F88400 		ldr	r0, [r2, #132]
 1605              	.LVL142:
 808:Drivers/STM32F4xx_HAL_Driver/Src/stm32f4xx_hal_rcc_ex.c ****           /* I2S_CLK = PLLI2S_VCO Output/PLLI2SR */
 1606              		.loc 1 808 97 view .LVU573
 1607 0274 C0F38810 		ubfx	r0, r0, #6, #9
 808:Drivers/STM32F4xx_HAL_Driver/Src/stm32f4xx_hal_rcc_ex.c ****           /* I2S_CLK = PLLI2S_VCO Output/PLLI2SR */
 1608              		.loc 1 808 21 view .LVU574
 1609 0278 03FB00F0 		mul	r0, r3, r0
 1610              	.LVL143:
 810:Drivers/STM32F4xx_HAL_Driver/Src/stm32f4xx_hal_rcc_ex.c ****           break;
 1611              		.loc 1 810 11 is_stmt 1 view .LVU575
 810:Drivers/STM32F4xx_HAL_Driver/Src/stm32f4xx_hal_rcc_ex.c ****           break;
 1612              		.loc 1 810 52 is_stmt 0 view .LVU576
 1613 027c D2F88430 		ldr	r3, [r2, #132]
 1614              	.LVL144:
 810:Drivers/STM32F4xx_HAL_Driver/Src/stm32f4xx_hal_rcc_ex.c ****           break;
 1615              		.loc 1 810 99 view .LVU577
 1616 0280 C3F30273 		ubfx	r3, r3, #28, #3
 810:Drivers/STM32F4xx_HAL_Driver/Src/stm32f4xx_hal_rcc_ex.c ****           break;
 1617              		.loc 1 810 21 view .LVU578
 1618 0284 B0FBF3F0 		udiv	r0, r0, r3
 1619              	.LVL145:
 811:Drivers/STM32F4xx_HAL_Driver/Src/stm32f4xx_hal_rcc_ex.c ****         }
 1620              		.loc 1 811 11 is_stmt 1 view .LVU579
 1621 0288 7047     		bx	lr
 1622              	.LVL146:
 1623              	.L110:
 804:Drivers/STM32F4xx_HAL_Driver/Src/stm32f4xx_hal_rcc_ex.c ****           }
 1624              		.loc 1 804 13 view .LVU580
 804:Drivers/STM32F4xx_HAL_Driver/Src/stm32f4xx_hal_rcc_ex.c ****           }
 1625              		.loc 1 804 61 is_stmt 0 view .LVU581
 1626 028a 104B     		ldr	r3, .L126
 1627 028c D3F88420 		ldr	r2, [r3, #132]
 804:Drivers/STM32F4xx_HAL_Driver/Src/stm32f4xx_hal_rcc_ex.c ****           }
 1628              		.loc 1 804 47 view .LVU582
 1629 0290 02F03F02 		and	r2, r2, #63
 804:Drivers/STM32F4xx_HAL_Driver/Src/stm32f4xx_hal_rcc_ex.c ****           }
 1630              		.loc 1 804 22 view .LVU583
 1631 0294 0F4B     		ldr	r3, .L126+8
 1632 0296 B3FBF2F3 		udiv	r3, r3, r2
 1633 029a E8E7     		b	.L111
 1634              	.LVL147:
 1635              	.L106:
 818:Drivers/STM32F4xx_HAL_Driver/Src/stm32f4xx_hal_rcc_ex.c ****           {
 1636              		.loc 1 818 11 is_stmt 1 view .LVU584
 818:Drivers/STM32F4xx_HAL_Driver/Src/stm32f4xx_hal_rcc_ex.c ****           {
 1637              		.loc 1 818 19 is_stmt 0 view .LVU585
 1638 029c 0B4B     		ldr	r3, .L126
 1639              	.LVL148:
 818:Drivers/STM32F4xx_HAL_Driver/Src/stm32f4xx_hal_rcc_ex.c ****           {
 1640              		.loc 1 818 19 view .LVU586
 1641 029e 5B68     		ldr	r3, [r3, #4]
 818:Drivers/STM32F4xx_HAL_Driver/Src/stm32f4xx_hal_rcc_ex.c ****           {
 1642              		.loc 1 818 14 view .LVU587
 1643 02a0 13F4800F 		tst	r3, #4194304
 1644 02a4 1AD0     		beq	.L112
ARM GAS  C:\Users\user\AppData\Local\Temp\ccuZOZlR.s 			page 51


 821:Drivers/STM32F4xx_HAL_Driver/Src/stm32f4xx_hal_rcc_ex.c ****           }
 1645              		.loc 1 821 13 is_stmt 1 view .LVU588
 821:Drivers/STM32F4xx_HAL_Driver/Src/stm32f4xx_hal_rcc_ex.c ****           }
 1646              		.loc 1 821 61 is_stmt 0 view .LVU589
 1647 02a6 094B     		ldr	r3, .L126
 1648 02a8 5A68     		ldr	r2, [r3, #4]
 821:Drivers/STM32F4xx_HAL_Driver/Src/stm32f4xx_hal_rcc_ex.c ****           }
 1649              		.loc 1 821 47 view .LVU590
 1650 02aa 02F03F02 		and	r2, r2, #63
 821:Drivers/STM32F4xx_HAL_Driver/Src/stm32f4xx_hal_rcc_ex.c ****           }
 1651              		.loc 1 821 22 view .LVU591
 1652 02ae 0A4B     		ldr	r3, .L126+12
 1653 02b0 B3FBF2F3 		udiv	r3, r3, r2
 1654              	.LVL149:
 1655              	.L113:
 830:Drivers/STM32F4xx_HAL_Driver/Src/stm32f4xx_hal_rcc_ex.c ****           /* I2S_CLK = PLL_VCO Output/PLLR */
 1656              		.loc 1 830 11 is_stmt 1 view .LVU592
 830:Drivers/STM32F4xx_HAL_Driver/Src/stm32f4xx_hal_rcc_ex.c ****           /* I2S_CLK = PLL_VCO Output/PLLR */
 1657              		.loc 1 830 51 is_stmt 0 view .LVU593
 1658 02b4 054A     		ldr	r2, .L126
 1659 02b6 5068     		ldr	r0, [r2, #4]
 1660              	.LVL150:
 830:Drivers/STM32F4xx_HAL_Driver/Src/stm32f4xx_hal_rcc_ex.c ****           /* I2S_CLK = PLL_VCO Output/PLLR */
 1661              		.loc 1 830 88 view .LVU594
 1662 02b8 C0F38810 		ubfx	r0, r0, #6, #9
 830:Drivers/STM32F4xx_HAL_Driver/Src/stm32f4xx_hal_rcc_ex.c ****           /* I2S_CLK = PLL_VCO Output/PLLR */
 1663              		.loc 1 830 21 view .LVU595
 1664 02bc 03FB00F0 		mul	r0, r3, r0
 1665              	.LVL151:
 832:Drivers/STM32F4xx_HAL_Driver/Src/stm32f4xx_hal_rcc_ex.c ****           break;
 1666              		.loc 1 832 11 is_stmt 1 view .LVU596
 832:Drivers/STM32F4xx_HAL_Driver/Src/stm32f4xx_hal_rcc_ex.c ****           break;
 1667              		.loc 1 832 52 is_stmt 0 view .LVU597
 1668 02c0 5368     		ldr	r3, [r2, #4]
 1669              	.LVL152:
 832:Drivers/STM32F4xx_HAL_Driver/Src/stm32f4xx_hal_rcc_ex.c ****           break;
 1670              		.loc 1 832 90 view .LVU598
 1671 02c2 C3F30273 		ubfx	r3, r3, #28, #3
 832:Drivers/STM32F4xx_HAL_Driver/Src/stm32f4xx_hal_rcc_ex.c ****           break;
 1672              		.loc 1 832 21 view .LVU599
 1673 02c6 B0FBF3F0 		udiv	r0, r0, r3
 1674              	.LVL153:
 833:Drivers/STM32F4xx_HAL_Driver/Src/stm32f4xx_hal_rcc_ex.c ****         }
 1675              		.loc 1 833 11 is_stmt 1 view .LVU600
 1676 02ca 7047     		bx	lr
 1677              	.L127:
 1678              		.align	2
 1679              	.L126:
 1680 02cc 00380240 		.word	1073887232
 1681 02d0 0080BB00 		.word	12288000
 1682 02d4 0024F400 		.word	16000000
 1683 02d8 40787D01 		.word	25000000
 1684              	.LVL154:
 1685              	.L112:
 826:Drivers/STM32F4xx_HAL_Driver/Src/stm32f4xx_hal_rcc_ex.c ****           }
 1686              		.loc 1 826 13 view .LVU601
 826:Drivers/STM32F4xx_HAL_Driver/Src/stm32f4xx_hal_rcc_ex.c ****           }
ARM GAS  C:\Users\user\AppData\Local\Temp\ccuZOZlR.s 			page 52


 1687              		.loc 1 826 61 is_stmt 0 view .LVU602
 1688 02dc 0A4B     		ldr	r3, .L128
 1689 02de 5A68     		ldr	r2, [r3, #4]
 826:Drivers/STM32F4xx_HAL_Driver/Src/stm32f4xx_hal_rcc_ex.c ****           }
 1690              		.loc 1 826 47 view .LVU603
 1691 02e0 02F03F02 		and	r2, r2, #63
 826:Drivers/STM32F4xx_HAL_Driver/Src/stm32f4xx_hal_rcc_ex.c ****           }
 1692              		.loc 1 826 22 view .LVU604
 1693 02e4 094B     		ldr	r3, .L128+4
 1694 02e6 B3FBF2F3 		udiv	r3, r3, r2
 1695 02ea E3E7     		b	.L113
 1696              	.LVL155:
 1697              	.L114:
 592:Drivers/STM32F4xx_HAL_Driver/Src/stm32f4xx_hal_rcc_ex.c ****   {
 1698              		.loc 1 592 3 view .LVU605
 1699 02ec 0020     		movs	r0, #0
 1700              	.LVL156:
 592:Drivers/STM32F4xx_HAL_Driver/Src/stm32f4xx_hal_rcc_ex.c ****   {
 1701              		.loc 1 592 3 view .LVU606
 1702 02ee 7047     		bx	lr
 1703              	.LVL157:
 1704              	.L115:
 675:Drivers/STM32F4xx_HAL_Driver/Src/stm32f4xx_hal_rcc_ex.c ****           break;
 1705              		.loc 1 675 21 view .LVU607
 1706 02f0 0748     		ldr	r0, .L128+8
 1707              	.LVL158:
 675:Drivers/STM32F4xx_HAL_Driver/Src/stm32f4xx_hal_rcc_ex.c ****           break;
 1708              		.loc 1 675 21 view .LVU608
 1709 02f2 7047     		bx	lr
 1710              	.LVL159:
 1711              	.L116:
 688:Drivers/STM32F4xx_HAL_Driver/Src/stm32f4xx_hal_rcc_ex.c ****           }
 1712              		.loc 1 688 23 view .LVU609
 1713 02f4 0748     		ldr	r0, .L128+12
 1714              	.LVL160:
 688:Drivers/STM32F4xx_HAL_Driver/Src/stm32f4xx_hal_rcc_ex.c ****           }
 1715              		.loc 1 688 23 view .LVU610
 1716 02f6 7047     		bx	lr
 1717              	.LVL161:
 1718              	.L117:
 772:Drivers/STM32F4xx_HAL_Driver/Src/stm32f4xx_hal_rcc_ex.c ****           break;
 1719              		.loc 1 772 21 view .LVU611
 1720 02f8 0020     		movs	r0, #0
 1721              	.LVL162:
 772:Drivers/STM32F4xx_HAL_Driver/Src/stm32f4xx_hal_rcc_ex.c ****           break;
 1722              		.loc 1 772 21 view .LVU612
 1723 02fa 7047     		bx	lr
 1724              	.LVL163:
 1725              	.L118:
 765:Drivers/STM32F4xx_HAL_Driver/Src/stm32f4xx_hal_rcc_ex.c ****           }
 1726              		.loc 1 765 23 view .LVU613
 1727 02fc 0348     		ldr	r0, .L128+4
 1728              	.LVL164:
 765:Drivers/STM32F4xx_HAL_Driver/Src/stm32f4xx_hal_rcc_ex.c ****           }
 1729              		.loc 1 765 23 view .LVU614
 1730 02fe 7047     		bx	lr
 1731              	.LVL165:
ARM GAS  C:\Users\user\AppData\Local\Temp\ccuZOZlR.s 			page 53


 1732              	.L119:
 1733              		.loc 1 851 21 view .LVU615
 1734 0300 0020     		movs	r0, #0
 1735              	.LVL166:
 1736              		.loc 1 851 21 view .LVU616
 1737 0302 7047     		bx	lr
 1738              	.LVL167:
 1739              	.L120:
 844:Drivers/STM32F4xx_HAL_Driver/Src/stm32f4xx_hal_rcc_ex.c ****           }
 1740              		.loc 1 844 23 view .LVU617
 1741 0304 0148     		ldr	r0, .L128+4
 1742              	.LVL168:
 852:Drivers/STM32F4xx_HAL_Driver/Src/stm32f4xx_hal_rcc_ex.c ****           break;
 853:Drivers/STM32F4xx_HAL_Driver/Src/stm32f4xx_hal_rcc_ex.c ****         }
 854:Drivers/STM32F4xx_HAL_Driver/Src/stm32f4xx_hal_rcc_ex.c ****       }
 855:Drivers/STM32F4xx_HAL_Driver/Src/stm32f4xx_hal_rcc_ex.c ****       break;
 856:Drivers/STM32F4xx_HAL_Driver/Src/stm32f4xx_hal_rcc_ex.c ****     }
 857:Drivers/STM32F4xx_HAL_Driver/Src/stm32f4xx_hal_rcc_ex.c ****     default:
 858:Drivers/STM32F4xx_HAL_Driver/Src/stm32f4xx_hal_rcc_ex.c ****     {
 859:Drivers/STM32F4xx_HAL_Driver/Src/stm32f4xx_hal_rcc_ex.c ****       break;
 860:Drivers/STM32F4xx_HAL_Driver/Src/stm32f4xx_hal_rcc_ex.c ****     }
 861:Drivers/STM32F4xx_HAL_Driver/Src/stm32f4xx_hal_rcc_ex.c ****   }
 862:Drivers/STM32F4xx_HAL_Driver/Src/stm32f4xx_hal_rcc_ex.c ****   return frequency;
 1743              		.loc 1 862 3 is_stmt 1 view .LVU618
 863:Drivers/STM32F4xx_HAL_Driver/Src/stm32f4xx_hal_rcc_ex.c **** }
 1744              		.loc 1 863 1 is_stmt 0 view .LVU619
 1745 0306 7047     		bx	lr
 1746              	.L129:
 1747              		.align	2
 1748              	.L128:
 1749 0308 00380240 		.word	1073887232
 1750 030c 0024F400 		.word	16000000
 1751 0310 0080BB00 		.word	12288000
 1752 0314 40787D01 		.word	25000000
 1753              		.cfi_endproc
 1754              	.LFE136:
 1756              		.section	.text.HAL_RCCEx_SelectLSEMode,"ax",%progbits
 1757              		.align	1
 1758              		.global	HAL_RCCEx_SelectLSEMode
 1759              		.syntax unified
 1760              		.thumb
 1761              		.thumb_func
 1763              	HAL_RCCEx_SelectLSEMode:
 1764              	.LVL169:
 1765              	.LFB137:
 864:Drivers/STM32F4xx_HAL_Driver/Src/stm32f4xx_hal_rcc_ex.c **** #endif /* STM32F446xx */
 865:Drivers/STM32F4xx_HAL_Driver/Src/stm32f4xx_hal_rcc_ex.c **** 
 866:Drivers/STM32F4xx_HAL_Driver/Src/stm32f4xx_hal_rcc_ex.c **** #if defined(STM32F469xx) || defined(STM32F479xx)
 867:Drivers/STM32F4xx_HAL_Driver/Src/stm32f4xx_hal_rcc_ex.c **** /**
 868:Drivers/STM32F4xx_HAL_Driver/Src/stm32f4xx_hal_rcc_ex.c ****   * @brief  Initializes the RCC extended peripherals clocks according to the specified
 869:Drivers/STM32F4xx_HAL_Driver/Src/stm32f4xx_hal_rcc_ex.c ****   *         parameters in the RCC_PeriphCLKInitTypeDef.
 870:Drivers/STM32F4xx_HAL_Driver/Src/stm32f4xx_hal_rcc_ex.c ****   * @param  PeriphClkInit pointer to an RCC_PeriphCLKInitTypeDef structure that
 871:Drivers/STM32F4xx_HAL_Driver/Src/stm32f4xx_hal_rcc_ex.c ****   *         contains the configuration information for the Extended Peripherals
 872:Drivers/STM32F4xx_HAL_Driver/Src/stm32f4xx_hal_rcc_ex.c ****   *         clocks(I2S, SAI, LTDC, RTC and TIM).
 873:Drivers/STM32F4xx_HAL_Driver/Src/stm32f4xx_hal_rcc_ex.c ****   *
 874:Drivers/STM32F4xx_HAL_Driver/Src/stm32f4xx_hal_rcc_ex.c ****   * @note   Care must be taken when HAL_RCCEx_PeriphCLKConfig() is used to select
 875:Drivers/STM32F4xx_HAL_Driver/Src/stm32f4xx_hal_rcc_ex.c ****   *         the RTC clock source; in this case the Backup domain will be reset in
ARM GAS  C:\Users\user\AppData\Local\Temp\ccuZOZlR.s 			page 54


 876:Drivers/STM32F4xx_HAL_Driver/Src/stm32f4xx_hal_rcc_ex.c ****   *         order to modify the RTC Clock source, as consequence RTC registers (including
 877:Drivers/STM32F4xx_HAL_Driver/Src/stm32f4xx_hal_rcc_ex.c ****   *         the backup registers) and RCC_BDCR register are set to their reset values.
 878:Drivers/STM32F4xx_HAL_Driver/Src/stm32f4xx_hal_rcc_ex.c ****   *
 879:Drivers/STM32F4xx_HAL_Driver/Src/stm32f4xx_hal_rcc_ex.c ****   * @retval HAL status
 880:Drivers/STM32F4xx_HAL_Driver/Src/stm32f4xx_hal_rcc_ex.c ****   */
 881:Drivers/STM32F4xx_HAL_Driver/Src/stm32f4xx_hal_rcc_ex.c **** HAL_StatusTypeDef HAL_RCCEx_PeriphCLKConfig(RCC_PeriphCLKInitTypeDef  *PeriphClkInit)
 882:Drivers/STM32F4xx_HAL_Driver/Src/stm32f4xx_hal_rcc_ex.c **** {
 883:Drivers/STM32F4xx_HAL_Driver/Src/stm32f4xx_hal_rcc_ex.c ****   uint32_t tickstart = 0U;
 884:Drivers/STM32F4xx_HAL_Driver/Src/stm32f4xx_hal_rcc_ex.c ****   uint32_t tmpreg1 = 0U;
 885:Drivers/STM32F4xx_HAL_Driver/Src/stm32f4xx_hal_rcc_ex.c ****   uint32_t pllsaip = 0U;
 886:Drivers/STM32F4xx_HAL_Driver/Src/stm32f4xx_hal_rcc_ex.c ****   uint32_t pllsaiq = 0U;
 887:Drivers/STM32F4xx_HAL_Driver/Src/stm32f4xx_hal_rcc_ex.c ****   uint32_t pllsair = 0U;
 888:Drivers/STM32F4xx_HAL_Driver/Src/stm32f4xx_hal_rcc_ex.c **** 
 889:Drivers/STM32F4xx_HAL_Driver/Src/stm32f4xx_hal_rcc_ex.c ****   /* Check the parameters */
 890:Drivers/STM32F4xx_HAL_Driver/Src/stm32f4xx_hal_rcc_ex.c ****   assert_param(IS_RCC_PERIPHCLOCK(PeriphClkInit->PeriphClockSelection));
 891:Drivers/STM32F4xx_HAL_Driver/Src/stm32f4xx_hal_rcc_ex.c **** 
 892:Drivers/STM32F4xx_HAL_Driver/Src/stm32f4xx_hal_rcc_ex.c ****   /*--------------------------- CLK48 Configuration --------------------------*/
 893:Drivers/STM32F4xx_HAL_Driver/Src/stm32f4xx_hal_rcc_ex.c ****   if (((PeriphClkInit->PeriphClockSelection) & RCC_PERIPHCLK_CLK48) == RCC_PERIPHCLK_CLK48)
 894:Drivers/STM32F4xx_HAL_Driver/Src/stm32f4xx_hal_rcc_ex.c ****   {
 895:Drivers/STM32F4xx_HAL_Driver/Src/stm32f4xx_hal_rcc_ex.c ****     /* Check the parameters */
 896:Drivers/STM32F4xx_HAL_Driver/Src/stm32f4xx_hal_rcc_ex.c ****     assert_param(IS_RCC_CLK48CLKSOURCE(PeriphClkInit->Clk48ClockSelection));
 897:Drivers/STM32F4xx_HAL_Driver/Src/stm32f4xx_hal_rcc_ex.c **** 
 898:Drivers/STM32F4xx_HAL_Driver/Src/stm32f4xx_hal_rcc_ex.c ****     /* Configure the CLK48 clock source */
 899:Drivers/STM32F4xx_HAL_Driver/Src/stm32f4xx_hal_rcc_ex.c ****     __HAL_RCC_CLK48_CONFIG(PeriphClkInit->Clk48ClockSelection);
 900:Drivers/STM32F4xx_HAL_Driver/Src/stm32f4xx_hal_rcc_ex.c ****   }
 901:Drivers/STM32F4xx_HAL_Driver/Src/stm32f4xx_hal_rcc_ex.c ****   /*--------------------------------------------------------------------------*/
 902:Drivers/STM32F4xx_HAL_Driver/Src/stm32f4xx_hal_rcc_ex.c **** 
 903:Drivers/STM32F4xx_HAL_Driver/Src/stm32f4xx_hal_rcc_ex.c ****   /*------------------------------ SDIO Configuration ------------------------*/
 904:Drivers/STM32F4xx_HAL_Driver/Src/stm32f4xx_hal_rcc_ex.c ****   if (((PeriphClkInit->PeriphClockSelection) & RCC_PERIPHCLK_SDIO) == RCC_PERIPHCLK_SDIO)
 905:Drivers/STM32F4xx_HAL_Driver/Src/stm32f4xx_hal_rcc_ex.c ****   {
 906:Drivers/STM32F4xx_HAL_Driver/Src/stm32f4xx_hal_rcc_ex.c ****     /* Check the parameters */
 907:Drivers/STM32F4xx_HAL_Driver/Src/stm32f4xx_hal_rcc_ex.c ****     assert_param(IS_RCC_SDIOCLKSOURCE(PeriphClkInit->SdioClockSelection));
 908:Drivers/STM32F4xx_HAL_Driver/Src/stm32f4xx_hal_rcc_ex.c **** 
 909:Drivers/STM32F4xx_HAL_Driver/Src/stm32f4xx_hal_rcc_ex.c ****     /* Configure the SDIO clock source */
 910:Drivers/STM32F4xx_HAL_Driver/Src/stm32f4xx_hal_rcc_ex.c ****     __HAL_RCC_SDIO_CONFIG(PeriphClkInit->SdioClockSelection);
 911:Drivers/STM32F4xx_HAL_Driver/Src/stm32f4xx_hal_rcc_ex.c ****   }
 912:Drivers/STM32F4xx_HAL_Driver/Src/stm32f4xx_hal_rcc_ex.c ****   /*--------------------------------------------------------------------------*/
 913:Drivers/STM32F4xx_HAL_Driver/Src/stm32f4xx_hal_rcc_ex.c **** 
 914:Drivers/STM32F4xx_HAL_Driver/Src/stm32f4xx_hal_rcc_ex.c ****   /*----------------------- SAI/I2S Configuration (PLLI2S) -------------------*/
 915:Drivers/STM32F4xx_HAL_Driver/Src/stm32f4xx_hal_rcc_ex.c ****   /*------------------- Common configuration SAI/I2S -------------------------*/
 916:Drivers/STM32F4xx_HAL_Driver/Src/stm32f4xx_hal_rcc_ex.c ****   /* In Case of SAI or I2S Clock Configuration through PLLI2S, PLLI2SN division
 917:Drivers/STM32F4xx_HAL_Driver/Src/stm32f4xx_hal_rcc_ex.c ****      factor is common parameters for both peripherals */
 918:Drivers/STM32F4xx_HAL_Driver/Src/stm32f4xx_hal_rcc_ex.c ****   if ((((PeriphClkInit->PeriphClockSelection) & RCC_PERIPHCLK_I2S) == RCC_PERIPHCLK_I2S) ||
 919:Drivers/STM32F4xx_HAL_Driver/Src/stm32f4xx_hal_rcc_ex.c ****       (((PeriphClkInit->PeriphClockSelection) & RCC_PERIPHCLK_SAI_PLLI2S) == RCC_PERIPHCLK_SAI_PLLI
 920:Drivers/STM32F4xx_HAL_Driver/Src/stm32f4xx_hal_rcc_ex.c ****       (((PeriphClkInit->PeriphClockSelection) & RCC_PERIPHCLK_PLLI2S) == RCC_PERIPHCLK_PLLI2S))
 921:Drivers/STM32F4xx_HAL_Driver/Src/stm32f4xx_hal_rcc_ex.c ****   {
 922:Drivers/STM32F4xx_HAL_Driver/Src/stm32f4xx_hal_rcc_ex.c ****     /* check for Parameters */
 923:Drivers/STM32F4xx_HAL_Driver/Src/stm32f4xx_hal_rcc_ex.c ****     assert_param(IS_RCC_PLLI2SN_VALUE(PeriphClkInit->PLLI2S.PLLI2SN));
 924:Drivers/STM32F4xx_HAL_Driver/Src/stm32f4xx_hal_rcc_ex.c **** 
 925:Drivers/STM32F4xx_HAL_Driver/Src/stm32f4xx_hal_rcc_ex.c ****     /* Disable the PLLI2S */
 926:Drivers/STM32F4xx_HAL_Driver/Src/stm32f4xx_hal_rcc_ex.c ****     __HAL_RCC_PLLI2S_DISABLE();
 927:Drivers/STM32F4xx_HAL_Driver/Src/stm32f4xx_hal_rcc_ex.c ****     /* Get tick */
 928:Drivers/STM32F4xx_HAL_Driver/Src/stm32f4xx_hal_rcc_ex.c ****     tickstart = HAL_GetTick();
 929:Drivers/STM32F4xx_HAL_Driver/Src/stm32f4xx_hal_rcc_ex.c ****     /* Wait till PLLI2S is disabled */
 930:Drivers/STM32F4xx_HAL_Driver/Src/stm32f4xx_hal_rcc_ex.c ****     while (__HAL_RCC_GET_FLAG(RCC_FLAG_PLLI2SRDY)  != RESET)
 931:Drivers/STM32F4xx_HAL_Driver/Src/stm32f4xx_hal_rcc_ex.c ****     {
 932:Drivers/STM32F4xx_HAL_Driver/Src/stm32f4xx_hal_rcc_ex.c ****       if ((HAL_GetTick() - tickstart) > PLLI2S_TIMEOUT_VALUE)
ARM GAS  C:\Users\user\AppData\Local\Temp\ccuZOZlR.s 			page 55


 933:Drivers/STM32F4xx_HAL_Driver/Src/stm32f4xx_hal_rcc_ex.c ****       {
 934:Drivers/STM32F4xx_HAL_Driver/Src/stm32f4xx_hal_rcc_ex.c ****         /* return in case of Timeout detected */
 935:Drivers/STM32F4xx_HAL_Driver/Src/stm32f4xx_hal_rcc_ex.c ****         return HAL_TIMEOUT;
 936:Drivers/STM32F4xx_HAL_Driver/Src/stm32f4xx_hal_rcc_ex.c ****       }
 937:Drivers/STM32F4xx_HAL_Driver/Src/stm32f4xx_hal_rcc_ex.c ****     }
 938:Drivers/STM32F4xx_HAL_Driver/Src/stm32f4xx_hal_rcc_ex.c **** 
 939:Drivers/STM32F4xx_HAL_Driver/Src/stm32f4xx_hal_rcc_ex.c ****     /*---------------------- I2S configuration -------------------------------*/
 940:Drivers/STM32F4xx_HAL_Driver/Src/stm32f4xx_hal_rcc_ex.c ****     /* In Case of I2S Clock Configuration through PLLI2S, PLLI2SR must be added
 941:Drivers/STM32F4xx_HAL_Driver/Src/stm32f4xx_hal_rcc_ex.c ****       only for I2S configuration */
 942:Drivers/STM32F4xx_HAL_Driver/Src/stm32f4xx_hal_rcc_ex.c ****     if (((PeriphClkInit->PeriphClockSelection) & RCC_PERIPHCLK_I2S) == (RCC_PERIPHCLK_I2S))
 943:Drivers/STM32F4xx_HAL_Driver/Src/stm32f4xx_hal_rcc_ex.c ****     {
 944:Drivers/STM32F4xx_HAL_Driver/Src/stm32f4xx_hal_rcc_ex.c ****       /* check for Parameters */
 945:Drivers/STM32F4xx_HAL_Driver/Src/stm32f4xx_hal_rcc_ex.c ****       assert_param(IS_RCC_PLLI2SR_VALUE(PeriphClkInit->PLLI2S.PLLI2SR));
 946:Drivers/STM32F4xx_HAL_Driver/Src/stm32f4xx_hal_rcc_ex.c ****       /* Configure the PLLI2S division factors */
 947:Drivers/STM32F4xx_HAL_Driver/Src/stm32f4xx_hal_rcc_ex.c ****       /* PLLI2S_VCO = f(VCO clock) = f(PLLI2S clock input) x (PLLI2SN/PLLM) */
 948:Drivers/STM32F4xx_HAL_Driver/Src/stm32f4xx_hal_rcc_ex.c ****       /* I2SCLK = f(PLLI2S clock output) = f(VCO clock) / PLLI2SR */
 949:Drivers/STM32F4xx_HAL_Driver/Src/stm32f4xx_hal_rcc_ex.c ****       __HAL_RCC_PLLI2S_CONFIG(PeriphClkInit->PLLI2S.PLLI2SN, PeriphClkInit->PLLI2S.PLLI2SR);
 950:Drivers/STM32F4xx_HAL_Driver/Src/stm32f4xx_hal_rcc_ex.c ****     }
 951:Drivers/STM32F4xx_HAL_Driver/Src/stm32f4xx_hal_rcc_ex.c **** 
 952:Drivers/STM32F4xx_HAL_Driver/Src/stm32f4xx_hal_rcc_ex.c ****     /*---------------------------- SAI configuration -------------------------*/
 953:Drivers/STM32F4xx_HAL_Driver/Src/stm32f4xx_hal_rcc_ex.c ****     /* In Case of SAI Clock Configuration through PLLI2S, PLLI2SQ and PLLI2S_DIVQ must
 954:Drivers/STM32F4xx_HAL_Driver/Src/stm32f4xx_hal_rcc_ex.c ****        be added only for SAI configuration */
 955:Drivers/STM32F4xx_HAL_Driver/Src/stm32f4xx_hal_rcc_ex.c ****     if (((PeriphClkInit->PeriphClockSelection) & RCC_PERIPHCLK_SAI_PLLI2S) == (RCC_PERIPHCLK_SAI_PL
 956:Drivers/STM32F4xx_HAL_Driver/Src/stm32f4xx_hal_rcc_ex.c ****     {
 957:Drivers/STM32F4xx_HAL_Driver/Src/stm32f4xx_hal_rcc_ex.c ****       /* Check the PLLI2S division factors */
 958:Drivers/STM32F4xx_HAL_Driver/Src/stm32f4xx_hal_rcc_ex.c ****       assert_param(IS_RCC_PLLI2SQ_VALUE(PeriphClkInit->PLLI2S.PLLI2SQ));
 959:Drivers/STM32F4xx_HAL_Driver/Src/stm32f4xx_hal_rcc_ex.c ****       assert_param(IS_RCC_PLLI2S_DIVQ_VALUE(PeriphClkInit->PLLI2SDivQ));
 960:Drivers/STM32F4xx_HAL_Driver/Src/stm32f4xx_hal_rcc_ex.c **** 
 961:Drivers/STM32F4xx_HAL_Driver/Src/stm32f4xx_hal_rcc_ex.c ****       /* Read PLLI2SR value from PLLI2SCFGR register (this value is not need for SAI configuration)
 962:Drivers/STM32F4xx_HAL_Driver/Src/stm32f4xx_hal_rcc_ex.c ****       tmpreg1 = ((RCC->PLLI2SCFGR & RCC_PLLI2SCFGR_PLLI2SR) >> RCC_PLLI2SCFGR_PLLI2SR_Pos);
 963:Drivers/STM32F4xx_HAL_Driver/Src/stm32f4xx_hal_rcc_ex.c ****       /* Configure the PLLI2S division factors */
 964:Drivers/STM32F4xx_HAL_Driver/Src/stm32f4xx_hal_rcc_ex.c ****       /* PLLI2S_VCO Input  = PLL_SOURCE/PLLM */
 965:Drivers/STM32F4xx_HAL_Driver/Src/stm32f4xx_hal_rcc_ex.c ****       /* PLLI2S_VCO Output = PLLI2S_VCO Input * PLLI2SN */
 966:Drivers/STM32F4xx_HAL_Driver/Src/stm32f4xx_hal_rcc_ex.c ****       /* SAI_CLK(first level) = PLLI2S_VCO Output/PLLI2SQ */
 967:Drivers/STM32F4xx_HAL_Driver/Src/stm32f4xx_hal_rcc_ex.c ****       __HAL_RCC_PLLI2S_SAICLK_CONFIG(PeriphClkInit->PLLI2S.PLLI2SN, PeriphClkInit->PLLI2S.PLLI2SQ, 
 968:Drivers/STM32F4xx_HAL_Driver/Src/stm32f4xx_hal_rcc_ex.c ****       /* SAI_CLK_x = SAI_CLK(first level)/PLLI2SDIVQ */
 969:Drivers/STM32F4xx_HAL_Driver/Src/stm32f4xx_hal_rcc_ex.c ****       __HAL_RCC_PLLI2S_PLLSAICLKDIVQ_CONFIG(PeriphClkInit->PLLI2SDivQ);
 970:Drivers/STM32F4xx_HAL_Driver/Src/stm32f4xx_hal_rcc_ex.c ****     }
 971:Drivers/STM32F4xx_HAL_Driver/Src/stm32f4xx_hal_rcc_ex.c **** 
 972:Drivers/STM32F4xx_HAL_Driver/Src/stm32f4xx_hal_rcc_ex.c ****     /*----------------- In Case of PLLI2S is just selected  -----------------*/
 973:Drivers/STM32F4xx_HAL_Driver/Src/stm32f4xx_hal_rcc_ex.c ****     if ((PeriphClkInit->PeriphClockSelection & RCC_PERIPHCLK_PLLI2S) == RCC_PERIPHCLK_PLLI2S)
 974:Drivers/STM32F4xx_HAL_Driver/Src/stm32f4xx_hal_rcc_ex.c ****     {
 975:Drivers/STM32F4xx_HAL_Driver/Src/stm32f4xx_hal_rcc_ex.c ****       /* Check for Parameters */
 976:Drivers/STM32F4xx_HAL_Driver/Src/stm32f4xx_hal_rcc_ex.c ****       assert_param(IS_RCC_PLLI2SQ_VALUE(PeriphClkInit->PLLI2S.PLLI2SQ));
 977:Drivers/STM32F4xx_HAL_Driver/Src/stm32f4xx_hal_rcc_ex.c ****       assert_param(IS_RCC_PLLI2SR_VALUE(PeriphClkInit->PLLI2S.PLLI2SR));
 978:Drivers/STM32F4xx_HAL_Driver/Src/stm32f4xx_hal_rcc_ex.c **** 
 979:Drivers/STM32F4xx_HAL_Driver/Src/stm32f4xx_hal_rcc_ex.c ****       /* Configure the PLLI2S multiplication and division factors */
 980:Drivers/STM32F4xx_HAL_Driver/Src/stm32f4xx_hal_rcc_ex.c ****       __HAL_RCC_PLLI2S_SAICLK_CONFIG(PeriphClkInit->PLLI2S.PLLI2SN, PeriphClkInit->PLLI2S.PLLI2SQ,
 981:Drivers/STM32F4xx_HAL_Driver/Src/stm32f4xx_hal_rcc_ex.c ****                                      PeriphClkInit->PLLI2S.PLLI2SR);
 982:Drivers/STM32F4xx_HAL_Driver/Src/stm32f4xx_hal_rcc_ex.c ****     }
 983:Drivers/STM32F4xx_HAL_Driver/Src/stm32f4xx_hal_rcc_ex.c **** 
 984:Drivers/STM32F4xx_HAL_Driver/Src/stm32f4xx_hal_rcc_ex.c ****     /* Enable the PLLI2S */
 985:Drivers/STM32F4xx_HAL_Driver/Src/stm32f4xx_hal_rcc_ex.c ****     __HAL_RCC_PLLI2S_ENABLE();
 986:Drivers/STM32F4xx_HAL_Driver/Src/stm32f4xx_hal_rcc_ex.c ****     /* Get tick */
 987:Drivers/STM32F4xx_HAL_Driver/Src/stm32f4xx_hal_rcc_ex.c ****     tickstart = HAL_GetTick();
 988:Drivers/STM32F4xx_HAL_Driver/Src/stm32f4xx_hal_rcc_ex.c ****     /* Wait till PLLI2S is ready */
 989:Drivers/STM32F4xx_HAL_Driver/Src/stm32f4xx_hal_rcc_ex.c ****     while (__HAL_RCC_GET_FLAG(RCC_FLAG_PLLI2SRDY)  == RESET)
ARM GAS  C:\Users\user\AppData\Local\Temp\ccuZOZlR.s 			page 56


 990:Drivers/STM32F4xx_HAL_Driver/Src/stm32f4xx_hal_rcc_ex.c ****     {
 991:Drivers/STM32F4xx_HAL_Driver/Src/stm32f4xx_hal_rcc_ex.c ****       if ((HAL_GetTick() - tickstart) > PLLI2S_TIMEOUT_VALUE)
 992:Drivers/STM32F4xx_HAL_Driver/Src/stm32f4xx_hal_rcc_ex.c ****       {
 993:Drivers/STM32F4xx_HAL_Driver/Src/stm32f4xx_hal_rcc_ex.c ****         /* return in case of Timeout detected */
 994:Drivers/STM32F4xx_HAL_Driver/Src/stm32f4xx_hal_rcc_ex.c ****         return HAL_TIMEOUT;
 995:Drivers/STM32F4xx_HAL_Driver/Src/stm32f4xx_hal_rcc_ex.c ****       }
 996:Drivers/STM32F4xx_HAL_Driver/Src/stm32f4xx_hal_rcc_ex.c ****     }
 997:Drivers/STM32F4xx_HAL_Driver/Src/stm32f4xx_hal_rcc_ex.c ****   }
 998:Drivers/STM32F4xx_HAL_Driver/Src/stm32f4xx_hal_rcc_ex.c ****   /*--------------------------------------------------------------------------*/
 999:Drivers/STM32F4xx_HAL_Driver/Src/stm32f4xx_hal_rcc_ex.c **** 
1000:Drivers/STM32F4xx_HAL_Driver/Src/stm32f4xx_hal_rcc_ex.c ****   /*----------------------- SAI/LTDC Configuration (PLLSAI) ------------------*/
1001:Drivers/STM32F4xx_HAL_Driver/Src/stm32f4xx_hal_rcc_ex.c ****   /*----------------------- Common configuration SAI/LTDC --------------------*/
1002:Drivers/STM32F4xx_HAL_Driver/Src/stm32f4xx_hal_rcc_ex.c ****   /* In Case of SAI, LTDC or CLK48 Clock Configuration through PLLSAI, PLLSAIN division
1003:Drivers/STM32F4xx_HAL_Driver/Src/stm32f4xx_hal_rcc_ex.c ****      factor is common parameters for these peripherals */
1004:Drivers/STM32F4xx_HAL_Driver/Src/stm32f4xx_hal_rcc_ex.c ****   if ((((PeriphClkInit->PeriphClockSelection) & RCC_PERIPHCLK_SAI_PLLSAI) == RCC_PERIPHCLK_SAI_PLLS
1005:Drivers/STM32F4xx_HAL_Driver/Src/stm32f4xx_hal_rcc_ex.c ****       (((PeriphClkInit->PeriphClockSelection) & RCC_PERIPHCLK_LTDC) == RCC_PERIPHCLK_LTDC)         
1006:Drivers/STM32F4xx_HAL_Driver/Src/stm32f4xx_hal_rcc_ex.c ****       ((((PeriphClkInit->PeriphClockSelection) & RCC_PERIPHCLK_CLK48) == RCC_PERIPHCLK_CLK48)      
1007:Drivers/STM32F4xx_HAL_Driver/Src/stm32f4xx_hal_rcc_ex.c ****        (PeriphClkInit->Clk48ClockSelection == RCC_CLK48CLKSOURCE_PLLSAIP)))
1008:Drivers/STM32F4xx_HAL_Driver/Src/stm32f4xx_hal_rcc_ex.c ****   {
1009:Drivers/STM32F4xx_HAL_Driver/Src/stm32f4xx_hal_rcc_ex.c ****     /* Check the PLLSAI division factors */
1010:Drivers/STM32F4xx_HAL_Driver/Src/stm32f4xx_hal_rcc_ex.c ****     assert_param(IS_RCC_PLLSAIN_VALUE(PeriphClkInit->PLLSAI.PLLSAIN));
1011:Drivers/STM32F4xx_HAL_Driver/Src/stm32f4xx_hal_rcc_ex.c **** 
1012:Drivers/STM32F4xx_HAL_Driver/Src/stm32f4xx_hal_rcc_ex.c ****     /* Disable PLLSAI Clock */
1013:Drivers/STM32F4xx_HAL_Driver/Src/stm32f4xx_hal_rcc_ex.c ****     __HAL_RCC_PLLSAI_DISABLE();
1014:Drivers/STM32F4xx_HAL_Driver/Src/stm32f4xx_hal_rcc_ex.c ****     /* Get tick */
1015:Drivers/STM32F4xx_HAL_Driver/Src/stm32f4xx_hal_rcc_ex.c ****     tickstart = HAL_GetTick();
1016:Drivers/STM32F4xx_HAL_Driver/Src/stm32f4xx_hal_rcc_ex.c ****     /* Wait till PLLSAI is disabled */
1017:Drivers/STM32F4xx_HAL_Driver/Src/stm32f4xx_hal_rcc_ex.c ****     while (__HAL_RCC_PLLSAI_GET_FLAG() != RESET)
1018:Drivers/STM32F4xx_HAL_Driver/Src/stm32f4xx_hal_rcc_ex.c ****     {
1019:Drivers/STM32F4xx_HAL_Driver/Src/stm32f4xx_hal_rcc_ex.c ****       if ((HAL_GetTick() - tickstart) > PLLSAI_TIMEOUT_VALUE)
1020:Drivers/STM32F4xx_HAL_Driver/Src/stm32f4xx_hal_rcc_ex.c ****       {
1021:Drivers/STM32F4xx_HAL_Driver/Src/stm32f4xx_hal_rcc_ex.c ****         /* return in case of Timeout detected */
1022:Drivers/STM32F4xx_HAL_Driver/Src/stm32f4xx_hal_rcc_ex.c ****         return HAL_TIMEOUT;
1023:Drivers/STM32F4xx_HAL_Driver/Src/stm32f4xx_hal_rcc_ex.c ****       }
1024:Drivers/STM32F4xx_HAL_Driver/Src/stm32f4xx_hal_rcc_ex.c ****     }
1025:Drivers/STM32F4xx_HAL_Driver/Src/stm32f4xx_hal_rcc_ex.c **** 
1026:Drivers/STM32F4xx_HAL_Driver/Src/stm32f4xx_hal_rcc_ex.c ****     /*---------------------------- SAI configuration -------------------------*/
1027:Drivers/STM32F4xx_HAL_Driver/Src/stm32f4xx_hal_rcc_ex.c ****     /* In Case of SAI Clock Configuration through PLLSAI, PLLSAIQ and PLLSAI_DIVQ must
1028:Drivers/STM32F4xx_HAL_Driver/Src/stm32f4xx_hal_rcc_ex.c ****        be added only for SAI configuration */
1029:Drivers/STM32F4xx_HAL_Driver/Src/stm32f4xx_hal_rcc_ex.c ****     if (((PeriphClkInit->PeriphClockSelection) & RCC_PERIPHCLK_SAI_PLLSAI) == (RCC_PERIPHCLK_SAI_PL
1030:Drivers/STM32F4xx_HAL_Driver/Src/stm32f4xx_hal_rcc_ex.c ****     {
1031:Drivers/STM32F4xx_HAL_Driver/Src/stm32f4xx_hal_rcc_ex.c ****       assert_param(IS_RCC_PLLSAIQ_VALUE(PeriphClkInit->PLLSAI.PLLSAIQ));
1032:Drivers/STM32F4xx_HAL_Driver/Src/stm32f4xx_hal_rcc_ex.c ****       assert_param(IS_RCC_PLLSAI_DIVQ_VALUE(PeriphClkInit->PLLSAIDivQ));
1033:Drivers/STM32F4xx_HAL_Driver/Src/stm32f4xx_hal_rcc_ex.c **** 
1034:Drivers/STM32F4xx_HAL_Driver/Src/stm32f4xx_hal_rcc_ex.c ****       /* Read PLLSAIP value from PLLSAICFGR register (this value is not needed for SAI configuratio
1035:Drivers/STM32F4xx_HAL_Driver/Src/stm32f4xx_hal_rcc_ex.c ****       pllsaip = ((((RCC->PLLSAICFGR & RCC_PLLSAICFGR_PLLSAIP) >> RCC_PLLSAICFGR_PLLSAIP_Pos) + 1U) 
1036:Drivers/STM32F4xx_HAL_Driver/Src/stm32f4xx_hal_rcc_ex.c ****       /* Read PLLSAIR value from PLLSAICFGR register (this value is not need for SAI configuration)
1037:Drivers/STM32F4xx_HAL_Driver/Src/stm32f4xx_hal_rcc_ex.c ****       pllsair = ((RCC->PLLSAICFGR & RCC_PLLSAICFGR_PLLSAIR) >> RCC_PLLSAICFGR_PLLSAIR_Pos);
1038:Drivers/STM32F4xx_HAL_Driver/Src/stm32f4xx_hal_rcc_ex.c ****       /* PLLSAI_VCO Input  = PLL_SOURCE/PLLM */
1039:Drivers/STM32F4xx_HAL_Driver/Src/stm32f4xx_hal_rcc_ex.c ****       /* PLLSAI_VCO Output = PLLSAI_VCO Input * PLLSAIN */
1040:Drivers/STM32F4xx_HAL_Driver/Src/stm32f4xx_hal_rcc_ex.c ****       /* SAI_CLK(first level) = PLLSAI_VCO Output/PLLSAIQ */
1041:Drivers/STM32F4xx_HAL_Driver/Src/stm32f4xx_hal_rcc_ex.c ****       __HAL_RCC_PLLSAI_CONFIG(PeriphClkInit->PLLSAI.PLLSAIN, pllsaip, PeriphClkInit->PLLSAI.PLLSAIQ
1042:Drivers/STM32F4xx_HAL_Driver/Src/stm32f4xx_hal_rcc_ex.c ****       /* SAI_CLK_x = SAI_CLK(first level)/PLLSAIDIVQ */
1043:Drivers/STM32F4xx_HAL_Driver/Src/stm32f4xx_hal_rcc_ex.c ****       __HAL_RCC_PLLSAI_PLLSAICLKDIVQ_CONFIG(PeriphClkInit->PLLSAIDivQ);
1044:Drivers/STM32F4xx_HAL_Driver/Src/stm32f4xx_hal_rcc_ex.c ****     }
1045:Drivers/STM32F4xx_HAL_Driver/Src/stm32f4xx_hal_rcc_ex.c **** 
1046:Drivers/STM32F4xx_HAL_Driver/Src/stm32f4xx_hal_rcc_ex.c ****     /*---------------------------- LTDC configuration ------------------------*/
ARM GAS  C:\Users\user\AppData\Local\Temp\ccuZOZlR.s 			page 57


1047:Drivers/STM32F4xx_HAL_Driver/Src/stm32f4xx_hal_rcc_ex.c ****     if (((PeriphClkInit->PeriphClockSelection) & RCC_PERIPHCLK_LTDC) == (RCC_PERIPHCLK_LTDC))
1048:Drivers/STM32F4xx_HAL_Driver/Src/stm32f4xx_hal_rcc_ex.c ****     {
1049:Drivers/STM32F4xx_HAL_Driver/Src/stm32f4xx_hal_rcc_ex.c ****       assert_param(IS_RCC_PLLSAIR_VALUE(PeriphClkInit->PLLSAI.PLLSAIR));
1050:Drivers/STM32F4xx_HAL_Driver/Src/stm32f4xx_hal_rcc_ex.c ****       assert_param(IS_RCC_PLLSAI_DIVR_VALUE(PeriphClkInit->PLLSAIDivR));
1051:Drivers/STM32F4xx_HAL_Driver/Src/stm32f4xx_hal_rcc_ex.c **** 
1052:Drivers/STM32F4xx_HAL_Driver/Src/stm32f4xx_hal_rcc_ex.c ****       /* Read PLLSAIP value from PLLSAICFGR register (this value is not needed for SAI configuratio
1053:Drivers/STM32F4xx_HAL_Driver/Src/stm32f4xx_hal_rcc_ex.c ****       pllsaip = ((((RCC->PLLSAICFGR & RCC_PLLSAICFGR_PLLSAIP) >> RCC_PLLSAICFGR_PLLSAIP_Pos) + 1U) 
1054:Drivers/STM32F4xx_HAL_Driver/Src/stm32f4xx_hal_rcc_ex.c ****       /* Read PLLSAIQ value from PLLSAICFGR register (this value is not need for SAI configuration)
1055:Drivers/STM32F4xx_HAL_Driver/Src/stm32f4xx_hal_rcc_ex.c ****       pllsaiq = ((RCC->PLLSAICFGR & RCC_PLLSAICFGR_PLLSAIQ) >> RCC_PLLSAICFGR_PLLSAIQ_Pos);
1056:Drivers/STM32F4xx_HAL_Driver/Src/stm32f4xx_hal_rcc_ex.c ****       /* PLLSAI_VCO Input  = PLL_SOURCE/PLLM */
1057:Drivers/STM32F4xx_HAL_Driver/Src/stm32f4xx_hal_rcc_ex.c ****       /* PLLSAI_VCO Output = PLLSAI_VCO Input * PLLSAIN */
1058:Drivers/STM32F4xx_HAL_Driver/Src/stm32f4xx_hal_rcc_ex.c ****       /* LTDC_CLK(first level) = PLLSAI_VCO Output/PLLSAIR */
1059:Drivers/STM32F4xx_HAL_Driver/Src/stm32f4xx_hal_rcc_ex.c ****       __HAL_RCC_PLLSAI_CONFIG(PeriphClkInit->PLLSAI.PLLSAIN, pllsaip, pllsaiq, PeriphClkInit->PLLSA
1060:Drivers/STM32F4xx_HAL_Driver/Src/stm32f4xx_hal_rcc_ex.c ****       /* LTDC_CLK = LTDC_CLK(first level)/PLLSAIDIVR */
1061:Drivers/STM32F4xx_HAL_Driver/Src/stm32f4xx_hal_rcc_ex.c ****       __HAL_RCC_PLLSAI_PLLSAICLKDIVR_CONFIG(PeriphClkInit->PLLSAIDivR);
1062:Drivers/STM32F4xx_HAL_Driver/Src/stm32f4xx_hal_rcc_ex.c ****     }
1063:Drivers/STM32F4xx_HAL_Driver/Src/stm32f4xx_hal_rcc_ex.c **** 
1064:Drivers/STM32F4xx_HAL_Driver/Src/stm32f4xx_hal_rcc_ex.c ****     /*---------------------------- CLK48 configuration ------------------------*/
1065:Drivers/STM32F4xx_HAL_Driver/Src/stm32f4xx_hal_rcc_ex.c ****     /* Configure the PLLSAI when it is used as clock source for CLK48 */
1066:Drivers/STM32F4xx_HAL_Driver/Src/stm32f4xx_hal_rcc_ex.c ****     if ((((PeriphClkInit->PeriphClockSelection) & RCC_PERIPHCLK_CLK48) == (RCC_PERIPHCLK_CLK48)) &&
1067:Drivers/STM32F4xx_HAL_Driver/Src/stm32f4xx_hal_rcc_ex.c ****         (PeriphClkInit->Clk48ClockSelection == RCC_CLK48CLKSOURCE_PLLSAIP))
1068:Drivers/STM32F4xx_HAL_Driver/Src/stm32f4xx_hal_rcc_ex.c ****     {
1069:Drivers/STM32F4xx_HAL_Driver/Src/stm32f4xx_hal_rcc_ex.c ****       assert_param(IS_RCC_PLLSAIP_VALUE(PeriphClkInit->PLLSAI.PLLSAIP));
1070:Drivers/STM32F4xx_HAL_Driver/Src/stm32f4xx_hal_rcc_ex.c **** 
1071:Drivers/STM32F4xx_HAL_Driver/Src/stm32f4xx_hal_rcc_ex.c ****       /* Read PLLSAIQ value from PLLSAICFGR register (this value is not need for SAI configuration)
1072:Drivers/STM32F4xx_HAL_Driver/Src/stm32f4xx_hal_rcc_ex.c ****       pllsaiq = ((RCC->PLLSAICFGR & RCC_PLLSAICFGR_PLLSAIQ) >> RCC_PLLSAICFGR_PLLSAIQ_Pos);
1073:Drivers/STM32F4xx_HAL_Driver/Src/stm32f4xx_hal_rcc_ex.c ****       /* Read PLLSAIR value from PLLSAICFGR register (this value is not need for SAI configuration)
1074:Drivers/STM32F4xx_HAL_Driver/Src/stm32f4xx_hal_rcc_ex.c ****       pllsair = ((RCC->PLLSAICFGR & RCC_PLLSAICFGR_PLLSAIR) >> RCC_PLLSAICFGR_PLLSAIR_Pos);
1075:Drivers/STM32F4xx_HAL_Driver/Src/stm32f4xx_hal_rcc_ex.c ****       /* PLLSAI_VCO Input  = PLL_SOURCE/PLLM */
1076:Drivers/STM32F4xx_HAL_Driver/Src/stm32f4xx_hal_rcc_ex.c ****       /* PLLSAI_VCO Output = PLLSAI_VCO Input * PLLSAIN */
1077:Drivers/STM32F4xx_HAL_Driver/Src/stm32f4xx_hal_rcc_ex.c ****       /* CLK48_CLK(first level) = PLLSAI_VCO Output/PLLSAIP */
1078:Drivers/STM32F4xx_HAL_Driver/Src/stm32f4xx_hal_rcc_ex.c ****       __HAL_RCC_PLLSAI_CONFIG(PeriphClkInit->PLLSAI.PLLSAIN, PeriphClkInit->PLLSAI.PLLSAIP, pllsaiq
1079:Drivers/STM32F4xx_HAL_Driver/Src/stm32f4xx_hal_rcc_ex.c ****     }
1080:Drivers/STM32F4xx_HAL_Driver/Src/stm32f4xx_hal_rcc_ex.c **** 
1081:Drivers/STM32F4xx_HAL_Driver/Src/stm32f4xx_hal_rcc_ex.c ****     /* Enable PLLSAI Clock */
1082:Drivers/STM32F4xx_HAL_Driver/Src/stm32f4xx_hal_rcc_ex.c ****     __HAL_RCC_PLLSAI_ENABLE();
1083:Drivers/STM32F4xx_HAL_Driver/Src/stm32f4xx_hal_rcc_ex.c ****     /* Get tick */
1084:Drivers/STM32F4xx_HAL_Driver/Src/stm32f4xx_hal_rcc_ex.c ****     tickstart = HAL_GetTick();
1085:Drivers/STM32F4xx_HAL_Driver/Src/stm32f4xx_hal_rcc_ex.c ****     /* Wait till PLLSAI is ready */
1086:Drivers/STM32F4xx_HAL_Driver/Src/stm32f4xx_hal_rcc_ex.c ****     while (__HAL_RCC_PLLSAI_GET_FLAG() == RESET)
1087:Drivers/STM32F4xx_HAL_Driver/Src/stm32f4xx_hal_rcc_ex.c ****     {
1088:Drivers/STM32F4xx_HAL_Driver/Src/stm32f4xx_hal_rcc_ex.c ****       if ((HAL_GetTick() - tickstart) > PLLSAI_TIMEOUT_VALUE)
1089:Drivers/STM32F4xx_HAL_Driver/Src/stm32f4xx_hal_rcc_ex.c ****       {
1090:Drivers/STM32F4xx_HAL_Driver/Src/stm32f4xx_hal_rcc_ex.c ****         /* return in case of Timeout detected */
1091:Drivers/STM32F4xx_HAL_Driver/Src/stm32f4xx_hal_rcc_ex.c ****         return HAL_TIMEOUT;
1092:Drivers/STM32F4xx_HAL_Driver/Src/stm32f4xx_hal_rcc_ex.c ****       }
1093:Drivers/STM32F4xx_HAL_Driver/Src/stm32f4xx_hal_rcc_ex.c ****     }
1094:Drivers/STM32F4xx_HAL_Driver/Src/stm32f4xx_hal_rcc_ex.c ****   }
1095:Drivers/STM32F4xx_HAL_Driver/Src/stm32f4xx_hal_rcc_ex.c **** 
1096:Drivers/STM32F4xx_HAL_Driver/Src/stm32f4xx_hal_rcc_ex.c ****   /*--------------------------------------------------------------------------*/
1097:Drivers/STM32F4xx_HAL_Driver/Src/stm32f4xx_hal_rcc_ex.c **** 
1098:Drivers/STM32F4xx_HAL_Driver/Src/stm32f4xx_hal_rcc_ex.c ****   /*---------------------------- RTC configuration ---------------------------*/
1099:Drivers/STM32F4xx_HAL_Driver/Src/stm32f4xx_hal_rcc_ex.c ****   if (((PeriphClkInit->PeriphClockSelection) & RCC_PERIPHCLK_RTC) == (RCC_PERIPHCLK_RTC))
1100:Drivers/STM32F4xx_HAL_Driver/Src/stm32f4xx_hal_rcc_ex.c ****   {
1101:Drivers/STM32F4xx_HAL_Driver/Src/stm32f4xx_hal_rcc_ex.c ****     /* Check for RTC Parameters used to output RTCCLK */
1102:Drivers/STM32F4xx_HAL_Driver/Src/stm32f4xx_hal_rcc_ex.c ****     assert_param(IS_RCC_RTCCLKSOURCE(PeriphClkInit->RTCClockSelection));
1103:Drivers/STM32F4xx_HAL_Driver/Src/stm32f4xx_hal_rcc_ex.c **** 
ARM GAS  C:\Users\user\AppData\Local\Temp\ccuZOZlR.s 			page 58


1104:Drivers/STM32F4xx_HAL_Driver/Src/stm32f4xx_hal_rcc_ex.c ****     /* Enable Power Clock*/
1105:Drivers/STM32F4xx_HAL_Driver/Src/stm32f4xx_hal_rcc_ex.c ****     __HAL_RCC_PWR_CLK_ENABLE();
1106:Drivers/STM32F4xx_HAL_Driver/Src/stm32f4xx_hal_rcc_ex.c **** 
1107:Drivers/STM32F4xx_HAL_Driver/Src/stm32f4xx_hal_rcc_ex.c ****     /* Enable write access to Backup domain */
1108:Drivers/STM32F4xx_HAL_Driver/Src/stm32f4xx_hal_rcc_ex.c ****     PWR->CR |= PWR_CR_DBP;
1109:Drivers/STM32F4xx_HAL_Driver/Src/stm32f4xx_hal_rcc_ex.c **** 
1110:Drivers/STM32F4xx_HAL_Driver/Src/stm32f4xx_hal_rcc_ex.c ****     /* Get tick */
1111:Drivers/STM32F4xx_HAL_Driver/Src/stm32f4xx_hal_rcc_ex.c ****     tickstart = HAL_GetTick();
1112:Drivers/STM32F4xx_HAL_Driver/Src/stm32f4xx_hal_rcc_ex.c **** 
1113:Drivers/STM32F4xx_HAL_Driver/Src/stm32f4xx_hal_rcc_ex.c ****     while ((PWR->CR & PWR_CR_DBP) == RESET)
1114:Drivers/STM32F4xx_HAL_Driver/Src/stm32f4xx_hal_rcc_ex.c ****     {
1115:Drivers/STM32F4xx_HAL_Driver/Src/stm32f4xx_hal_rcc_ex.c ****       if ((HAL_GetTick() - tickstart) > RCC_DBP_TIMEOUT_VALUE)
1116:Drivers/STM32F4xx_HAL_Driver/Src/stm32f4xx_hal_rcc_ex.c ****       {
1117:Drivers/STM32F4xx_HAL_Driver/Src/stm32f4xx_hal_rcc_ex.c ****         return HAL_TIMEOUT;
1118:Drivers/STM32F4xx_HAL_Driver/Src/stm32f4xx_hal_rcc_ex.c ****       }
1119:Drivers/STM32F4xx_HAL_Driver/Src/stm32f4xx_hal_rcc_ex.c ****     }
1120:Drivers/STM32F4xx_HAL_Driver/Src/stm32f4xx_hal_rcc_ex.c ****     /* Reset the Backup domain only if the RTC Clock source selection is modified from reset value 
1121:Drivers/STM32F4xx_HAL_Driver/Src/stm32f4xx_hal_rcc_ex.c ****     tmpreg1 = (RCC->BDCR & RCC_BDCR_RTCSEL);
1122:Drivers/STM32F4xx_HAL_Driver/Src/stm32f4xx_hal_rcc_ex.c ****     if ((tmpreg1 != 0x00000000U) && ((tmpreg1) != (PeriphClkInit->RTCClockSelection & RCC_BDCR_RTCS
1123:Drivers/STM32F4xx_HAL_Driver/Src/stm32f4xx_hal_rcc_ex.c ****     {
1124:Drivers/STM32F4xx_HAL_Driver/Src/stm32f4xx_hal_rcc_ex.c ****       /* Store the content of BDCR register before the reset of Backup Domain */
1125:Drivers/STM32F4xx_HAL_Driver/Src/stm32f4xx_hal_rcc_ex.c ****       tmpreg1 = (RCC->BDCR & ~(RCC_BDCR_RTCSEL));
1126:Drivers/STM32F4xx_HAL_Driver/Src/stm32f4xx_hal_rcc_ex.c ****       /* RTC Clock selection can be changed only if the Backup Domain is reset */
1127:Drivers/STM32F4xx_HAL_Driver/Src/stm32f4xx_hal_rcc_ex.c ****       __HAL_RCC_BACKUPRESET_FORCE();
1128:Drivers/STM32F4xx_HAL_Driver/Src/stm32f4xx_hal_rcc_ex.c ****       __HAL_RCC_BACKUPRESET_RELEASE();
1129:Drivers/STM32F4xx_HAL_Driver/Src/stm32f4xx_hal_rcc_ex.c ****       /* Restore the Content of BDCR register */
1130:Drivers/STM32F4xx_HAL_Driver/Src/stm32f4xx_hal_rcc_ex.c ****       RCC->BDCR = tmpreg1;
1131:Drivers/STM32F4xx_HAL_Driver/Src/stm32f4xx_hal_rcc_ex.c **** 
1132:Drivers/STM32F4xx_HAL_Driver/Src/stm32f4xx_hal_rcc_ex.c ****       /* Wait for LSE reactivation if LSE was enable prior to Backup Domain reset */
1133:Drivers/STM32F4xx_HAL_Driver/Src/stm32f4xx_hal_rcc_ex.c ****       if (HAL_IS_BIT_SET(RCC->BDCR, RCC_BDCR_LSEON))
1134:Drivers/STM32F4xx_HAL_Driver/Src/stm32f4xx_hal_rcc_ex.c ****       {
1135:Drivers/STM32F4xx_HAL_Driver/Src/stm32f4xx_hal_rcc_ex.c ****         /* Get tick */
1136:Drivers/STM32F4xx_HAL_Driver/Src/stm32f4xx_hal_rcc_ex.c ****         tickstart = HAL_GetTick();
1137:Drivers/STM32F4xx_HAL_Driver/Src/stm32f4xx_hal_rcc_ex.c **** 
1138:Drivers/STM32F4xx_HAL_Driver/Src/stm32f4xx_hal_rcc_ex.c ****         /* Wait till LSE is ready */
1139:Drivers/STM32F4xx_HAL_Driver/Src/stm32f4xx_hal_rcc_ex.c ****         while (__HAL_RCC_GET_FLAG(RCC_FLAG_LSERDY) == RESET)
1140:Drivers/STM32F4xx_HAL_Driver/Src/stm32f4xx_hal_rcc_ex.c ****         {
1141:Drivers/STM32F4xx_HAL_Driver/Src/stm32f4xx_hal_rcc_ex.c ****           if ((HAL_GetTick() - tickstart) > RCC_LSE_TIMEOUT_VALUE)
1142:Drivers/STM32F4xx_HAL_Driver/Src/stm32f4xx_hal_rcc_ex.c ****           {
1143:Drivers/STM32F4xx_HAL_Driver/Src/stm32f4xx_hal_rcc_ex.c ****             return HAL_TIMEOUT;
1144:Drivers/STM32F4xx_HAL_Driver/Src/stm32f4xx_hal_rcc_ex.c ****           }
1145:Drivers/STM32F4xx_HAL_Driver/Src/stm32f4xx_hal_rcc_ex.c ****         }
1146:Drivers/STM32F4xx_HAL_Driver/Src/stm32f4xx_hal_rcc_ex.c ****       }
1147:Drivers/STM32F4xx_HAL_Driver/Src/stm32f4xx_hal_rcc_ex.c ****     }
1148:Drivers/STM32F4xx_HAL_Driver/Src/stm32f4xx_hal_rcc_ex.c ****     __HAL_RCC_RTC_CONFIG(PeriphClkInit->RTCClockSelection);
1149:Drivers/STM32F4xx_HAL_Driver/Src/stm32f4xx_hal_rcc_ex.c ****   }
1150:Drivers/STM32F4xx_HAL_Driver/Src/stm32f4xx_hal_rcc_ex.c ****   /*--------------------------------------------------------------------------*/
1151:Drivers/STM32F4xx_HAL_Driver/Src/stm32f4xx_hal_rcc_ex.c **** 
1152:Drivers/STM32F4xx_HAL_Driver/Src/stm32f4xx_hal_rcc_ex.c ****   /*---------------------------- TIM configuration ---------------------------*/
1153:Drivers/STM32F4xx_HAL_Driver/Src/stm32f4xx_hal_rcc_ex.c ****   if (((PeriphClkInit->PeriphClockSelection) & RCC_PERIPHCLK_TIM) == (RCC_PERIPHCLK_TIM))
1154:Drivers/STM32F4xx_HAL_Driver/Src/stm32f4xx_hal_rcc_ex.c ****   {
1155:Drivers/STM32F4xx_HAL_Driver/Src/stm32f4xx_hal_rcc_ex.c ****     __HAL_RCC_TIMCLKPRESCALER(PeriphClkInit->TIMPresSelection);
1156:Drivers/STM32F4xx_HAL_Driver/Src/stm32f4xx_hal_rcc_ex.c ****   }
1157:Drivers/STM32F4xx_HAL_Driver/Src/stm32f4xx_hal_rcc_ex.c ****   return HAL_OK;
1158:Drivers/STM32F4xx_HAL_Driver/Src/stm32f4xx_hal_rcc_ex.c **** }
1159:Drivers/STM32F4xx_HAL_Driver/Src/stm32f4xx_hal_rcc_ex.c **** 
1160:Drivers/STM32F4xx_HAL_Driver/Src/stm32f4xx_hal_rcc_ex.c **** /**
ARM GAS  C:\Users\user\AppData\Local\Temp\ccuZOZlR.s 			page 59


1161:Drivers/STM32F4xx_HAL_Driver/Src/stm32f4xx_hal_rcc_ex.c ****   * @brief  Configures the RCC_PeriphCLKInitTypeDef according to the internal
1162:Drivers/STM32F4xx_HAL_Driver/Src/stm32f4xx_hal_rcc_ex.c ****   * RCC configuration registers.
1163:Drivers/STM32F4xx_HAL_Driver/Src/stm32f4xx_hal_rcc_ex.c ****   * @param  PeriphClkInit pointer to an RCC_PeriphCLKInitTypeDef structure that
1164:Drivers/STM32F4xx_HAL_Driver/Src/stm32f4xx_hal_rcc_ex.c ****   *         will be configured.
1165:Drivers/STM32F4xx_HAL_Driver/Src/stm32f4xx_hal_rcc_ex.c ****   * @retval None
1166:Drivers/STM32F4xx_HAL_Driver/Src/stm32f4xx_hal_rcc_ex.c ****   */
1167:Drivers/STM32F4xx_HAL_Driver/Src/stm32f4xx_hal_rcc_ex.c **** void HAL_RCCEx_GetPeriphCLKConfig(RCC_PeriphCLKInitTypeDef  *PeriphClkInit)
1168:Drivers/STM32F4xx_HAL_Driver/Src/stm32f4xx_hal_rcc_ex.c **** {
1169:Drivers/STM32F4xx_HAL_Driver/Src/stm32f4xx_hal_rcc_ex.c ****   uint32_t tempreg;
1170:Drivers/STM32F4xx_HAL_Driver/Src/stm32f4xx_hal_rcc_ex.c **** 
1171:Drivers/STM32F4xx_HAL_Driver/Src/stm32f4xx_hal_rcc_ex.c ****   /* Set all possible values for the extended clock type parameter------------*/
1172:Drivers/STM32F4xx_HAL_Driver/Src/stm32f4xx_hal_rcc_ex.c ****   PeriphClkInit->PeriphClockSelection = RCC_PERIPHCLK_I2S        | RCC_PERIPHCLK_SAI_PLLSAI | \
1173:Drivers/STM32F4xx_HAL_Driver/Src/stm32f4xx_hal_rcc_ex.c ****                                         RCC_PERIPHCLK_SAI_PLLI2S | RCC_PERIPHCLK_LTDC       | \
1174:Drivers/STM32F4xx_HAL_Driver/Src/stm32f4xx_hal_rcc_ex.c ****                                         RCC_PERIPHCLK_TIM        | RCC_PERIPHCLK_RTC        | \
1175:Drivers/STM32F4xx_HAL_Driver/Src/stm32f4xx_hal_rcc_ex.c ****                                         RCC_PERIPHCLK_CLK48       | RCC_PERIPHCLK_SDIO;
1176:Drivers/STM32F4xx_HAL_Driver/Src/stm32f4xx_hal_rcc_ex.c **** 
1177:Drivers/STM32F4xx_HAL_Driver/Src/stm32f4xx_hal_rcc_ex.c ****   /* Get the PLLI2S Clock configuration --------------------------------------*/
1178:Drivers/STM32F4xx_HAL_Driver/Src/stm32f4xx_hal_rcc_ex.c ****   PeriphClkInit->PLLI2S.PLLI2SN = (uint32_t)((RCC->PLLI2SCFGR & RCC_PLLI2SCFGR_PLLI2SN) >> RCC_PLLI
1179:Drivers/STM32F4xx_HAL_Driver/Src/stm32f4xx_hal_rcc_ex.c ****   PeriphClkInit->PLLI2S.PLLI2SR = (uint32_t)((RCC->PLLI2SCFGR & RCC_PLLI2SCFGR_PLLI2SR) >> RCC_PLLI
1180:Drivers/STM32F4xx_HAL_Driver/Src/stm32f4xx_hal_rcc_ex.c ****   PeriphClkInit->PLLI2S.PLLI2SQ = (uint32_t)((RCC->PLLI2SCFGR & RCC_PLLI2SCFGR_PLLI2SQ) >> RCC_PLLI
1181:Drivers/STM32F4xx_HAL_Driver/Src/stm32f4xx_hal_rcc_ex.c ****   /* Get the PLLSAI Clock configuration --------------------------------------*/
1182:Drivers/STM32F4xx_HAL_Driver/Src/stm32f4xx_hal_rcc_ex.c ****   PeriphClkInit->PLLSAI.PLLSAIN = (uint32_t)((RCC->PLLSAICFGR & RCC_PLLSAICFGR_PLLSAIN) >> RCC_PLLS
1183:Drivers/STM32F4xx_HAL_Driver/Src/stm32f4xx_hal_rcc_ex.c ****   PeriphClkInit->PLLSAI.PLLSAIR = (uint32_t)((RCC->PLLSAICFGR & RCC_PLLSAICFGR_PLLSAIR) >> RCC_PLLS
1184:Drivers/STM32F4xx_HAL_Driver/Src/stm32f4xx_hal_rcc_ex.c ****   PeriphClkInit->PLLSAI.PLLSAIQ = (uint32_t)((RCC->PLLSAICFGR & RCC_PLLSAICFGR_PLLSAIQ) >> RCC_PLLS
1185:Drivers/STM32F4xx_HAL_Driver/Src/stm32f4xx_hal_rcc_ex.c ****   /* Get the PLLSAI/PLLI2S division factors ----------------------------------*/
1186:Drivers/STM32F4xx_HAL_Driver/Src/stm32f4xx_hal_rcc_ex.c ****   PeriphClkInit->PLLI2SDivQ = (uint32_t)((RCC->DCKCFGR & RCC_DCKCFGR_PLLI2SDIVQ) >> RCC_DCKCFGR_PLL
1187:Drivers/STM32F4xx_HAL_Driver/Src/stm32f4xx_hal_rcc_ex.c ****   PeriphClkInit->PLLSAIDivQ = (uint32_t)((RCC->DCKCFGR & RCC_DCKCFGR_PLLSAIDIVQ) >> RCC_DCKCFGR_PLL
1188:Drivers/STM32F4xx_HAL_Driver/Src/stm32f4xx_hal_rcc_ex.c ****   PeriphClkInit->PLLSAIDivR = (uint32_t)(RCC->DCKCFGR & RCC_DCKCFGR_PLLSAIDIVR);
1189:Drivers/STM32F4xx_HAL_Driver/Src/stm32f4xx_hal_rcc_ex.c ****   /* Get the RTC Clock configuration -----------------------------------------*/
1190:Drivers/STM32F4xx_HAL_Driver/Src/stm32f4xx_hal_rcc_ex.c ****   tempreg = (RCC->CFGR & RCC_CFGR_RTCPRE);
1191:Drivers/STM32F4xx_HAL_Driver/Src/stm32f4xx_hal_rcc_ex.c ****   PeriphClkInit->RTCClockSelection = (uint32_t)((tempreg) | (RCC->BDCR & RCC_BDCR_RTCSEL));
1192:Drivers/STM32F4xx_HAL_Driver/Src/stm32f4xx_hal_rcc_ex.c **** 
1193:Drivers/STM32F4xx_HAL_Driver/Src/stm32f4xx_hal_rcc_ex.c ****   /* Get the CLK48 clock configuration -------------------------------------*/
1194:Drivers/STM32F4xx_HAL_Driver/Src/stm32f4xx_hal_rcc_ex.c ****   PeriphClkInit->Clk48ClockSelection = __HAL_RCC_GET_CLK48_SOURCE();
1195:Drivers/STM32F4xx_HAL_Driver/Src/stm32f4xx_hal_rcc_ex.c **** 
1196:Drivers/STM32F4xx_HAL_Driver/Src/stm32f4xx_hal_rcc_ex.c ****   /* Get the SDIO clock configuration ----------------------------------------*/
1197:Drivers/STM32F4xx_HAL_Driver/Src/stm32f4xx_hal_rcc_ex.c ****   PeriphClkInit->SdioClockSelection = __HAL_RCC_GET_SDIO_SOURCE();
1198:Drivers/STM32F4xx_HAL_Driver/Src/stm32f4xx_hal_rcc_ex.c **** 
1199:Drivers/STM32F4xx_HAL_Driver/Src/stm32f4xx_hal_rcc_ex.c ****   if ((RCC->DCKCFGR & RCC_DCKCFGR_TIMPRE) == RESET)
1200:Drivers/STM32F4xx_HAL_Driver/Src/stm32f4xx_hal_rcc_ex.c ****   {
1201:Drivers/STM32F4xx_HAL_Driver/Src/stm32f4xx_hal_rcc_ex.c ****     PeriphClkInit->TIMPresSelection = RCC_TIMPRES_DESACTIVATED;
1202:Drivers/STM32F4xx_HAL_Driver/Src/stm32f4xx_hal_rcc_ex.c ****   }
1203:Drivers/STM32F4xx_HAL_Driver/Src/stm32f4xx_hal_rcc_ex.c ****   else
1204:Drivers/STM32F4xx_HAL_Driver/Src/stm32f4xx_hal_rcc_ex.c ****   {
1205:Drivers/STM32F4xx_HAL_Driver/Src/stm32f4xx_hal_rcc_ex.c ****     PeriphClkInit->TIMPresSelection = RCC_TIMPRES_ACTIVATED;
1206:Drivers/STM32F4xx_HAL_Driver/Src/stm32f4xx_hal_rcc_ex.c ****   }
1207:Drivers/STM32F4xx_HAL_Driver/Src/stm32f4xx_hal_rcc_ex.c **** }
1208:Drivers/STM32F4xx_HAL_Driver/Src/stm32f4xx_hal_rcc_ex.c **** 
1209:Drivers/STM32F4xx_HAL_Driver/Src/stm32f4xx_hal_rcc_ex.c **** /**
1210:Drivers/STM32F4xx_HAL_Driver/Src/stm32f4xx_hal_rcc_ex.c ****   * @brief  Return the peripheral clock frequency for a given peripheral(SAI..)
1211:Drivers/STM32F4xx_HAL_Driver/Src/stm32f4xx_hal_rcc_ex.c ****   * @note   Return 0 if peripheral clock identifier not managed by this API
1212:Drivers/STM32F4xx_HAL_Driver/Src/stm32f4xx_hal_rcc_ex.c ****   * @param  PeriphClk Peripheral clock identifier
1213:Drivers/STM32F4xx_HAL_Driver/Src/stm32f4xx_hal_rcc_ex.c ****   *         This parameter can be one of the following values:
1214:Drivers/STM32F4xx_HAL_Driver/Src/stm32f4xx_hal_rcc_ex.c ****   *            @arg RCC_PERIPHCLK_I2S: I2S peripheral clock
1215:Drivers/STM32F4xx_HAL_Driver/Src/stm32f4xx_hal_rcc_ex.c ****   * @retval Frequency in KHz
1216:Drivers/STM32F4xx_HAL_Driver/Src/stm32f4xx_hal_rcc_ex.c ****   */
1217:Drivers/STM32F4xx_HAL_Driver/Src/stm32f4xx_hal_rcc_ex.c **** uint32_t HAL_RCCEx_GetPeriphCLKFreq(uint32_t PeriphClk)
ARM GAS  C:\Users\user\AppData\Local\Temp\ccuZOZlR.s 			page 60


1218:Drivers/STM32F4xx_HAL_Driver/Src/stm32f4xx_hal_rcc_ex.c **** {
1219:Drivers/STM32F4xx_HAL_Driver/Src/stm32f4xx_hal_rcc_ex.c ****   /* This variable used to store the I2S clock frequency (value in Hz) */
1220:Drivers/STM32F4xx_HAL_Driver/Src/stm32f4xx_hal_rcc_ex.c ****   uint32_t frequency = 0U;
1221:Drivers/STM32F4xx_HAL_Driver/Src/stm32f4xx_hal_rcc_ex.c ****   /* This variable used to store the VCO Input (value in Hz) */
1222:Drivers/STM32F4xx_HAL_Driver/Src/stm32f4xx_hal_rcc_ex.c ****   uint32_t vcoinput = 0U;
1223:Drivers/STM32F4xx_HAL_Driver/Src/stm32f4xx_hal_rcc_ex.c ****   uint32_t srcclk = 0U;
1224:Drivers/STM32F4xx_HAL_Driver/Src/stm32f4xx_hal_rcc_ex.c ****   /* This variable used to store the VCO Output (value in Hz) */
1225:Drivers/STM32F4xx_HAL_Driver/Src/stm32f4xx_hal_rcc_ex.c ****   uint32_t vcooutput = 0U;
1226:Drivers/STM32F4xx_HAL_Driver/Src/stm32f4xx_hal_rcc_ex.c ****   switch (PeriphClk)
1227:Drivers/STM32F4xx_HAL_Driver/Src/stm32f4xx_hal_rcc_ex.c ****   {
1228:Drivers/STM32F4xx_HAL_Driver/Src/stm32f4xx_hal_rcc_ex.c ****     case RCC_PERIPHCLK_I2S:
1229:Drivers/STM32F4xx_HAL_Driver/Src/stm32f4xx_hal_rcc_ex.c ****     {
1230:Drivers/STM32F4xx_HAL_Driver/Src/stm32f4xx_hal_rcc_ex.c ****       /* Get the current I2S source */
1231:Drivers/STM32F4xx_HAL_Driver/Src/stm32f4xx_hal_rcc_ex.c ****       srcclk = __HAL_RCC_GET_I2S_SOURCE();
1232:Drivers/STM32F4xx_HAL_Driver/Src/stm32f4xx_hal_rcc_ex.c ****       switch (srcclk)
1233:Drivers/STM32F4xx_HAL_Driver/Src/stm32f4xx_hal_rcc_ex.c ****       {
1234:Drivers/STM32F4xx_HAL_Driver/Src/stm32f4xx_hal_rcc_ex.c ****         /* Check if I2S clock selection is External clock mapped on the I2S_CKIN pin used as I2S cl
1235:Drivers/STM32F4xx_HAL_Driver/Src/stm32f4xx_hal_rcc_ex.c ****         case RCC_I2SCLKSOURCE_EXT:
1236:Drivers/STM32F4xx_HAL_Driver/Src/stm32f4xx_hal_rcc_ex.c ****         {
1237:Drivers/STM32F4xx_HAL_Driver/Src/stm32f4xx_hal_rcc_ex.c ****           /* Set the I2S clock to the external clock  value */
1238:Drivers/STM32F4xx_HAL_Driver/Src/stm32f4xx_hal_rcc_ex.c ****           frequency = EXTERNAL_CLOCK_VALUE;
1239:Drivers/STM32F4xx_HAL_Driver/Src/stm32f4xx_hal_rcc_ex.c ****           break;
1240:Drivers/STM32F4xx_HAL_Driver/Src/stm32f4xx_hal_rcc_ex.c ****         }
1241:Drivers/STM32F4xx_HAL_Driver/Src/stm32f4xx_hal_rcc_ex.c ****         /* Check if I2S clock selection is PLLI2S VCO output clock divided by PLLI2SR used as I2S c
1242:Drivers/STM32F4xx_HAL_Driver/Src/stm32f4xx_hal_rcc_ex.c ****         case RCC_I2SCLKSOURCE_PLLI2S:
1243:Drivers/STM32F4xx_HAL_Driver/Src/stm32f4xx_hal_rcc_ex.c ****         {
1244:Drivers/STM32F4xx_HAL_Driver/Src/stm32f4xx_hal_rcc_ex.c ****           /* Configure the PLLI2S division factor */
1245:Drivers/STM32F4xx_HAL_Driver/Src/stm32f4xx_hal_rcc_ex.c ****           /* PLLI2S_VCO Input  = PLL_SOURCE/PLLI2SM */
1246:Drivers/STM32F4xx_HAL_Driver/Src/stm32f4xx_hal_rcc_ex.c ****           if ((RCC->PLLCFGR & RCC_PLLCFGR_PLLSRC) == RCC_PLLSOURCE_HSE)
1247:Drivers/STM32F4xx_HAL_Driver/Src/stm32f4xx_hal_rcc_ex.c ****           {
1248:Drivers/STM32F4xx_HAL_Driver/Src/stm32f4xx_hal_rcc_ex.c ****             /* Get the I2S source clock value */
1249:Drivers/STM32F4xx_HAL_Driver/Src/stm32f4xx_hal_rcc_ex.c ****             vcoinput = (uint32_t)(HSE_VALUE / (uint32_t)(RCC->PLLCFGR & RCC_PLLCFGR_PLLM));
1250:Drivers/STM32F4xx_HAL_Driver/Src/stm32f4xx_hal_rcc_ex.c ****           }
1251:Drivers/STM32F4xx_HAL_Driver/Src/stm32f4xx_hal_rcc_ex.c ****           else
1252:Drivers/STM32F4xx_HAL_Driver/Src/stm32f4xx_hal_rcc_ex.c ****           {
1253:Drivers/STM32F4xx_HAL_Driver/Src/stm32f4xx_hal_rcc_ex.c ****             /* Get the I2S source clock value */
1254:Drivers/STM32F4xx_HAL_Driver/Src/stm32f4xx_hal_rcc_ex.c ****             vcoinput = (uint32_t)(HSI_VALUE / (uint32_t)(RCC->PLLCFGR & RCC_PLLCFGR_PLLM));
1255:Drivers/STM32F4xx_HAL_Driver/Src/stm32f4xx_hal_rcc_ex.c ****           }
1256:Drivers/STM32F4xx_HAL_Driver/Src/stm32f4xx_hal_rcc_ex.c **** 
1257:Drivers/STM32F4xx_HAL_Driver/Src/stm32f4xx_hal_rcc_ex.c ****           /* PLLI2S_VCO Output = PLLI2S_VCO Input * PLLI2SN */
1258:Drivers/STM32F4xx_HAL_Driver/Src/stm32f4xx_hal_rcc_ex.c ****           vcooutput = (uint32_t)(vcoinput * (((RCC->PLLI2SCFGR & RCC_PLLI2SCFGR_PLLI2SN) >> 6U) & (
1259:Drivers/STM32F4xx_HAL_Driver/Src/stm32f4xx_hal_rcc_ex.c ****           /* I2S_CLK = PLLI2S_VCO Output/PLLI2SR */
1260:Drivers/STM32F4xx_HAL_Driver/Src/stm32f4xx_hal_rcc_ex.c ****           frequency = (uint32_t)(vcooutput / (((RCC->PLLI2SCFGR & RCC_PLLI2SCFGR_PLLI2SR) >> 28U) &
1261:Drivers/STM32F4xx_HAL_Driver/Src/stm32f4xx_hal_rcc_ex.c ****           break;
1262:Drivers/STM32F4xx_HAL_Driver/Src/stm32f4xx_hal_rcc_ex.c ****         }
1263:Drivers/STM32F4xx_HAL_Driver/Src/stm32f4xx_hal_rcc_ex.c ****         /* Clock not enabled for I2S*/
1264:Drivers/STM32F4xx_HAL_Driver/Src/stm32f4xx_hal_rcc_ex.c ****         default:
1265:Drivers/STM32F4xx_HAL_Driver/Src/stm32f4xx_hal_rcc_ex.c ****         {
1266:Drivers/STM32F4xx_HAL_Driver/Src/stm32f4xx_hal_rcc_ex.c ****           frequency = 0U;
1267:Drivers/STM32F4xx_HAL_Driver/Src/stm32f4xx_hal_rcc_ex.c ****           break;
1268:Drivers/STM32F4xx_HAL_Driver/Src/stm32f4xx_hal_rcc_ex.c ****         }
1269:Drivers/STM32F4xx_HAL_Driver/Src/stm32f4xx_hal_rcc_ex.c ****       }
1270:Drivers/STM32F4xx_HAL_Driver/Src/stm32f4xx_hal_rcc_ex.c ****       break;
1271:Drivers/STM32F4xx_HAL_Driver/Src/stm32f4xx_hal_rcc_ex.c ****     }
1272:Drivers/STM32F4xx_HAL_Driver/Src/stm32f4xx_hal_rcc_ex.c ****     default:
1273:Drivers/STM32F4xx_HAL_Driver/Src/stm32f4xx_hal_rcc_ex.c ****     {
1274:Drivers/STM32F4xx_HAL_Driver/Src/stm32f4xx_hal_rcc_ex.c ****       break;
ARM GAS  C:\Users\user\AppData\Local\Temp\ccuZOZlR.s 			page 61


1275:Drivers/STM32F4xx_HAL_Driver/Src/stm32f4xx_hal_rcc_ex.c ****     }
1276:Drivers/STM32F4xx_HAL_Driver/Src/stm32f4xx_hal_rcc_ex.c ****   }
1277:Drivers/STM32F4xx_HAL_Driver/Src/stm32f4xx_hal_rcc_ex.c ****   return frequency;
1278:Drivers/STM32F4xx_HAL_Driver/Src/stm32f4xx_hal_rcc_ex.c **** }
1279:Drivers/STM32F4xx_HAL_Driver/Src/stm32f4xx_hal_rcc_ex.c **** #endif /* STM32F469xx || STM32F479xx */
1280:Drivers/STM32F4xx_HAL_Driver/Src/stm32f4xx_hal_rcc_ex.c **** 
1281:Drivers/STM32F4xx_HAL_Driver/Src/stm32f4xx_hal_rcc_ex.c **** #if defined(STM32F412Zx) || defined(STM32F412Vx) || defined(STM32F412Rx) || defined(STM32F412Cx) ||
1282:Drivers/STM32F4xx_HAL_Driver/Src/stm32f4xx_hal_rcc_ex.c **** /**
1283:Drivers/STM32F4xx_HAL_Driver/Src/stm32f4xx_hal_rcc_ex.c ****   * @brief  Initializes the RCC extended peripherals clocks according to the specified
1284:Drivers/STM32F4xx_HAL_Driver/Src/stm32f4xx_hal_rcc_ex.c ****   *         parameters in the RCC_PeriphCLKInitTypeDef.
1285:Drivers/STM32F4xx_HAL_Driver/Src/stm32f4xx_hal_rcc_ex.c ****   * @param  PeriphClkInit pointer to an RCC_PeriphCLKInitTypeDef structure that
1286:Drivers/STM32F4xx_HAL_Driver/Src/stm32f4xx_hal_rcc_ex.c ****   *         contains the configuration information for the Extended Peripherals
1287:Drivers/STM32F4xx_HAL_Driver/Src/stm32f4xx_hal_rcc_ex.c ****   *         clocks(I2S, LTDC RTC and TIM).
1288:Drivers/STM32F4xx_HAL_Driver/Src/stm32f4xx_hal_rcc_ex.c ****   *
1289:Drivers/STM32F4xx_HAL_Driver/Src/stm32f4xx_hal_rcc_ex.c ****   * @note   Care must be taken when HAL_RCCEx_PeriphCLKConfig() is used to select
1290:Drivers/STM32F4xx_HAL_Driver/Src/stm32f4xx_hal_rcc_ex.c ****   *         the RTC clock source; in this case the Backup domain will be reset in
1291:Drivers/STM32F4xx_HAL_Driver/Src/stm32f4xx_hal_rcc_ex.c ****   *         order to modify the RTC Clock source, as consequence RTC registers (including
1292:Drivers/STM32F4xx_HAL_Driver/Src/stm32f4xx_hal_rcc_ex.c ****   *         the backup registers) and RCC_BDCR register are set to their reset values.
1293:Drivers/STM32F4xx_HAL_Driver/Src/stm32f4xx_hal_rcc_ex.c ****   *
1294:Drivers/STM32F4xx_HAL_Driver/Src/stm32f4xx_hal_rcc_ex.c ****   * @retval HAL status
1295:Drivers/STM32F4xx_HAL_Driver/Src/stm32f4xx_hal_rcc_ex.c ****   */
1296:Drivers/STM32F4xx_HAL_Driver/Src/stm32f4xx_hal_rcc_ex.c **** HAL_StatusTypeDef HAL_RCCEx_PeriphCLKConfig(RCC_PeriphCLKInitTypeDef  *PeriphClkInit)
1297:Drivers/STM32F4xx_HAL_Driver/Src/stm32f4xx_hal_rcc_ex.c **** {
1298:Drivers/STM32F4xx_HAL_Driver/Src/stm32f4xx_hal_rcc_ex.c ****   uint32_t tickstart = 0U;
1299:Drivers/STM32F4xx_HAL_Driver/Src/stm32f4xx_hal_rcc_ex.c ****   uint32_t tmpreg1 = 0U;
1300:Drivers/STM32F4xx_HAL_Driver/Src/stm32f4xx_hal_rcc_ex.c **** #if defined(STM32F413xx) || defined(STM32F423xx)
1301:Drivers/STM32F4xx_HAL_Driver/Src/stm32f4xx_hal_rcc_ex.c ****   uint32_t plli2sq = 0U;
1302:Drivers/STM32F4xx_HAL_Driver/Src/stm32f4xx_hal_rcc_ex.c **** #endif /* STM32F413xx || STM32F423xx */
1303:Drivers/STM32F4xx_HAL_Driver/Src/stm32f4xx_hal_rcc_ex.c ****   uint32_t plli2sused = 0U;
1304:Drivers/STM32F4xx_HAL_Driver/Src/stm32f4xx_hal_rcc_ex.c **** 
1305:Drivers/STM32F4xx_HAL_Driver/Src/stm32f4xx_hal_rcc_ex.c ****   /* Check the peripheral clock selection parameters */
1306:Drivers/STM32F4xx_HAL_Driver/Src/stm32f4xx_hal_rcc_ex.c ****   assert_param(IS_RCC_PERIPHCLOCK(PeriphClkInit->PeriphClockSelection));
1307:Drivers/STM32F4xx_HAL_Driver/Src/stm32f4xx_hal_rcc_ex.c **** 
1308:Drivers/STM32F4xx_HAL_Driver/Src/stm32f4xx_hal_rcc_ex.c ****   /*----------------------------------- I2S APB1 configuration ---------------*/
1309:Drivers/STM32F4xx_HAL_Driver/Src/stm32f4xx_hal_rcc_ex.c ****   if (((PeriphClkInit->PeriphClockSelection) & RCC_PERIPHCLK_I2S_APB1) == (RCC_PERIPHCLK_I2S_APB1))
1310:Drivers/STM32F4xx_HAL_Driver/Src/stm32f4xx_hal_rcc_ex.c ****   {
1311:Drivers/STM32F4xx_HAL_Driver/Src/stm32f4xx_hal_rcc_ex.c ****     /* Check the parameters */
1312:Drivers/STM32F4xx_HAL_Driver/Src/stm32f4xx_hal_rcc_ex.c ****     assert_param(IS_RCC_I2SAPB1CLKSOURCE(PeriphClkInit->I2sApb1ClockSelection));
1313:Drivers/STM32F4xx_HAL_Driver/Src/stm32f4xx_hal_rcc_ex.c **** 
1314:Drivers/STM32F4xx_HAL_Driver/Src/stm32f4xx_hal_rcc_ex.c ****     /* Configure I2S Clock source */
1315:Drivers/STM32F4xx_HAL_Driver/Src/stm32f4xx_hal_rcc_ex.c ****     __HAL_RCC_I2S_APB1_CONFIG(PeriphClkInit->I2sApb1ClockSelection);
1316:Drivers/STM32F4xx_HAL_Driver/Src/stm32f4xx_hal_rcc_ex.c ****     /* Enable the PLLI2S when it's used as clock source for I2S */
1317:Drivers/STM32F4xx_HAL_Driver/Src/stm32f4xx_hal_rcc_ex.c ****     if (PeriphClkInit->I2sApb1ClockSelection == RCC_I2SAPB1CLKSOURCE_PLLI2S)
1318:Drivers/STM32F4xx_HAL_Driver/Src/stm32f4xx_hal_rcc_ex.c ****     {
1319:Drivers/STM32F4xx_HAL_Driver/Src/stm32f4xx_hal_rcc_ex.c ****       plli2sused = 1U;
1320:Drivers/STM32F4xx_HAL_Driver/Src/stm32f4xx_hal_rcc_ex.c ****     }
1321:Drivers/STM32F4xx_HAL_Driver/Src/stm32f4xx_hal_rcc_ex.c ****   }
1322:Drivers/STM32F4xx_HAL_Driver/Src/stm32f4xx_hal_rcc_ex.c ****   /*--------------------------------------------------------------------------*/
1323:Drivers/STM32F4xx_HAL_Driver/Src/stm32f4xx_hal_rcc_ex.c **** 
1324:Drivers/STM32F4xx_HAL_Driver/Src/stm32f4xx_hal_rcc_ex.c ****   /*----------------------------------- I2S APB2 configuration ---------------*/
1325:Drivers/STM32F4xx_HAL_Driver/Src/stm32f4xx_hal_rcc_ex.c ****   if (((PeriphClkInit->PeriphClockSelection) & RCC_PERIPHCLK_I2S_APB2) == (RCC_PERIPHCLK_I2S_APB2))
1326:Drivers/STM32F4xx_HAL_Driver/Src/stm32f4xx_hal_rcc_ex.c ****   {
1327:Drivers/STM32F4xx_HAL_Driver/Src/stm32f4xx_hal_rcc_ex.c ****     /* Check the parameters */
1328:Drivers/STM32F4xx_HAL_Driver/Src/stm32f4xx_hal_rcc_ex.c ****     assert_param(IS_RCC_I2SAPB2CLKSOURCE(PeriphClkInit->I2sApb2ClockSelection));
1329:Drivers/STM32F4xx_HAL_Driver/Src/stm32f4xx_hal_rcc_ex.c **** 
1330:Drivers/STM32F4xx_HAL_Driver/Src/stm32f4xx_hal_rcc_ex.c ****     /* Configure I2S Clock source */
1331:Drivers/STM32F4xx_HAL_Driver/Src/stm32f4xx_hal_rcc_ex.c ****     __HAL_RCC_I2S_APB2_CONFIG(PeriphClkInit->I2sApb2ClockSelection);
ARM GAS  C:\Users\user\AppData\Local\Temp\ccuZOZlR.s 			page 62


1332:Drivers/STM32F4xx_HAL_Driver/Src/stm32f4xx_hal_rcc_ex.c ****     /* Enable the PLLI2S when it's used as clock source for I2S */
1333:Drivers/STM32F4xx_HAL_Driver/Src/stm32f4xx_hal_rcc_ex.c ****     if (PeriphClkInit->I2sApb2ClockSelection == RCC_I2SAPB2CLKSOURCE_PLLI2S)
1334:Drivers/STM32F4xx_HAL_Driver/Src/stm32f4xx_hal_rcc_ex.c ****     {
1335:Drivers/STM32F4xx_HAL_Driver/Src/stm32f4xx_hal_rcc_ex.c ****       plli2sused = 1U;
1336:Drivers/STM32F4xx_HAL_Driver/Src/stm32f4xx_hal_rcc_ex.c ****     }
1337:Drivers/STM32F4xx_HAL_Driver/Src/stm32f4xx_hal_rcc_ex.c ****   }
1338:Drivers/STM32F4xx_HAL_Driver/Src/stm32f4xx_hal_rcc_ex.c ****   /*--------------------------------------------------------------------------*/
1339:Drivers/STM32F4xx_HAL_Driver/Src/stm32f4xx_hal_rcc_ex.c **** 
1340:Drivers/STM32F4xx_HAL_Driver/Src/stm32f4xx_hal_rcc_ex.c **** #if defined(STM32F413xx) || defined(STM32F423xx)
1341:Drivers/STM32F4xx_HAL_Driver/Src/stm32f4xx_hal_rcc_ex.c ****   /*----------------------- SAI1 Block A configuration -----------------------*/
1342:Drivers/STM32F4xx_HAL_Driver/Src/stm32f4xx_hal_rcc_ex.c ****   if (((PeriphClkInit->PeriphClockSelection) & RCC_PERIPHCLK_SAIA) == (RCC_PERIPHCLK_SAIA))
1343:Drivers/STM32F4xx_HAL_Driver/Src/stm32f4xx_hal_rcc_ex.c ****   {
1344:Drivers/STM32F4xx_HAL_Driver/Src/stm32f4xx_hal_rcc_ex.c ****     /* Check the parameters */
1345:Drivers/STM32F4xx_HAL_Driver/Src/stm32f4xx_hal_rcc_ex.c ****     assert_param(IS_RCC_SAIACLKSOURCE(PeriphClkInit->SaiAClockSelection));
1346:Drivers/STM32F4xx_HAL_Driver/Src/stm32f4xx_hal_rcc_ex.c **** 
1347:Drivers/STM32F4xx_HAL_Driver/Src/stm32f4xx_hal_rcc_ex.c ****     /* Configure SAI1 Clock source */
1348:Drivers/STM32F4xx_HAL_Driver/Src/stm32f4xx_hal_rcc_ex.c ****     __HAL_RCC_SAI_BLOCKACLKSOURCE_CONFIG(PeriphClkInit->SaiAClockSelection);
1349:Drivers/STM32F4xx_HAL_Driver/Src/stm32f4xx_hal_rcc_ex.c ****     /* Enable the PLLI2S when it's used as clock source for SAI */
1350:Drivers/STM32F4xx_HAL_Driver/Src/stm32f4xx_hal_rcc_ex.c ****     if (PeriphClkInit->SaiAClockSelection == RCC_SAIACLKSOURCE_PLLI2SR)
1351:Drivers/STM32F4xx_HAL_Driver/Src/stm32f4xx_hal_rcc_ex.c ****     {
1352:Drivers/STM32F4xx_HAL_Driver/Src/stm32f4xx_hal_rcc_ex.c ****       plli2sused = 1U;
1353:Drivers/STM32F4xx_HAL_Driver/Src/stm32f4xx_hal_rcc_ex.c ****     }
1354:Drivers/STM32F4xx_HAL_Driver/Src/stm32f4xx_hal_rcc_ex.c ****     /* Enable the PLLSAI when it's used as clock source for SAI */
1355:Drivers/STM32F4xx_HAL_Driver/Src/stm32f4xx_hal_rcc_ex.c ****     if (PeriphClkInit->SaiAClockSelection == RCC_SAIACLKSOURCE_PLLR)
1356:Drivers/STM32F4xx_HAL_Driver/Src/stm32f4xx_hal_rcc_ex.c ****     {
1357:Drivers/STM32F4xx_HAL_Driver/Src/stm32f4xx_hal_rcc_ex.c ****       /* Check for PLL/DIVR parameters */
1358:Drivers/STM32F4xx_HAL_Driver/Src/stm32f4xx_hal_rcc_ex.c ****       assert_param(IS_RCC_PLL_DIVR_VALUE(PeriphClkInit->PLLDivR));
1359:Drivers/STM32F4xx_HAL_Driver/Src/stm32f4xx_hal_rcc_ex.c **** 
1360:Drivers/STM32F4xx_HAL_Driver/Src/stm32f4xx_hal_rcc_ex.c ****       /* SAI_CLK_x = SAI_CLK(first level)/PLLDIVR */
1361:Drivers/STM32F4xx_HAL_Driver/Src/stm32f4xx_hal_rcc_ex.c ****       __HAL_RCC_PLL_PLLSAICLKDIVR_CONFIG(PeriphClkInit->PLLDivR);
1362:Drivers/STM32F4xx_HAL_Driver/Src/stm32f4xx_hal_rcc_ex.c ****     }
1363:Drivers/STM32F4xx_HAL_Driver/Src/stm32f4xx_hal_rcc_ex.c ****   }
1364:Drivers/STM32F4xx_HAL_Driver/Src/stm32f4xx_hal_rcc_ex.c ****   /*--------------------------------------------------------------------------*/
1365:Drivers/STM32F4xx_HAL_Driver/Src/stm32f4xx_hal_rcc_ex.c **** 
1366:Drivers/STM32F4xx_HAL_Driver/Src/stm32f4xx_hal_rcc_ex.c ****   /*---------------------- SAI1 Block B configuration ------------------------*/
1367:Drivers/STM32F4xx_HAL_Driver/Src/stm32f4xx_hal_rcc_ex.c ****   if (((PeriphClkInit->PeriphClockSelection) & RCC_PERIPHCLK_SAIB) == (RCC_PERIPHCLK_SAIB))
1368:Drivers/STM32F4xx_HAL_Driver/Src/stm32f4xx_hal_rcc_ex.c ****   {
1369:Drivers/STM32F4xx_HAL_Driver/Src/stm32f4xx_hal_rcc_ex.c ****     /* Check the parameters */
1370:Drivers/STM32F4xx_HAL_Driver/Src/stm32f4xx_hal_rcc_ex.c ****     assert_param(IS_RCC_SAIBCLKSOURCE(PeriphClkInit->SaiBClockSelection));
1371:Drivers/STM32F4xx_HAL_Driver/Src/stm32f4xx_hal_rcc_ex.c **** 
1372:Drivers/STM32F4xx_HAL_Driver/Src/stm32f4xx_hal_rcc_ex.c ****     /* Configure SAI1 Clock source */
1373:Drivers/STM32F4xx_HAL_Driver/Src/stm32f4xx_hal_rcc_ex.c ****     __HAL_RCC_SAI_BLOCKBCLKSOURCE_CONFIG(PeriphClkInit->SaiBClockSelection);
1374:Drivers/STM32F4xx_HAL_Driver/Src/stm32f4xx_hal_rcc_ex.c ****     /* Enable the PLLI2S when it's used as clock source for SAI */
1375:Drivers/STM32F4xx_HAL_Driver/Src/stm32f4xx_hal_rcc_ex.c ****     if (PeriphClkInit->SaiBClockSelection == RCC_SAIBCLKSOURCE_PLLI2SR)
1376:Drivers/STM32F4xx_HAL_Driver/Src/stm32f4xx_hal_rcc_ex.c ****     {
1377:Drivers/STM32F4xx_HAL_Driver/Src/stm32f4xx_hal_rcc_ex.c ****       plli2sused = 1U;
1378:Drivers/STM32F4xx_HAL_Driver/Src/stm32f4xx_hal_rcc_ex.c ****     }
1379:Drivers/STM32F4xx_HAL_Driver/Src/stm32f4xx_hal_rcc_ex.c ****     /* Enable the PLLSAI when it's used as clock source for SAI */
1380:Drivers/STM32F4xx_HAL_Driver/Src/stm32f4xx_hal_rcc_ex.c ****     if (PeriphClkInit->SaiBClockSelection == RCC_SAIBCLKSOURCE_PLLR)
1381:Drivers/STM32F4xx_HAL_Driver/Src/stm32f4xx_hal_rcc_ex.c ****     {
1382:Drivers/STM32F4xx_HAL_Driver/Src/stm32f4xx_hal_rcc_ex.c ****       /* Check for PLL/DIVR parameters */
1383:Drivers/STM32F4xx_HAL_Driver/Src/stm32f4xx_hal_rcc_ex.c ****       assert_param(IS_RCC_PLL_DIVR_VALUE(PeriphClkInit->PLLDivR));
1384:Drivers/STM32F4xx_HAL_Driver/Src/stm32f4xx_hal_rcc_ex.c **** 
1385:Drivers/STM32F4xx_HAL_Driver/Src/stm32f4xx_hal_rcc_ex.c ****       /* SAI_CLK_x = SAI_CLK(first level)/PLLDIVR */
1386:Drivers/STM32F4xx_HAL_Driver/Src/stm32f4xx_hal_rcc_ex.c ****       __HAL_RCC_PLL_PLLSAICLKDIVR_CONFIG(PeriphClkInit->PLLDivR);
1387:Drivers/STM32F4xx_HAL_Driver/Src/stm32f4xx_hal_rcc_ex.c ****     }
1388:Drivers/STM32F4xx_HAL_Driver/Src/stm32f4xx_hal_rcc_ex.c ****   }
ARM GAS  C:\Users\user\AppData\Local\Temp\ccuZOZlR.s 			page 63


1389:Drivers/STM32F4xx_HAL_Driver/Src/stm32f4xx_hal_rcc_ex.c ****   /*--------------------------------------------------------------------------*/
1390:Drivers/STM32F4xx_HAL_Driver/Src/stm32f4xx_hal_rcc_ex.c **** #endif /* STM32F413xx || STM32F423xx */
1391:Drivers/STM32F4xx_HAL_Driver/Src/stm32f4xx_hal_rcc_ex.c **** 
1392:Drivers/STM32F4xx_HAL_Driver/Src/stm32f4xx_hal_rcc_ex.c ****   /*------------------------------------ RTC configuration -------------------*/
1393:Drivers/STM32F4xx_HAL_Driver/Src/stm32f4xx_hal_rcc_ex.c ****   if (((PeriphClkInit->PeriphClockSelection) & RCC_PERIPHCLK_RTC) == (RCC_PERIPHCLK_RTC))
1394:Drivers/STM32F4xx_HAL_Driver/Src/stm32f4xx_hal_rcc_ex.c ****   {
1395:Drivers/STM32F4xx_HAL_Driver/Src/stm32f4xx_hal_rcc_ex.c ****     /* Check for RTC Parameters used to output RTCCLK */
1396:Drivers/STM32F4xx_HAL_Driver/Src/stm32f4xx_hal_rcc_ex.c ****     assert_param(IS_RCC_RTCCLKSOURCE(PeriphClkInit->RTCClockSelection));
1397:Drivers/STM32F4xx_HAL_Driver/Src/stm32f4xx_hal_rcc_ex.c **** 
1398:Drivers/STM32F4xx_HAL_Driver/Src/stm32f4xx_hal_rcc_ex.c ****     /* Enable Power Clock*/
1399:Drivers/STM32F4xx_HAL_Driver/Src/stm32f4xx_hal_rcc_ex.c ****     __HAL_RCC_PWR_CLK_ENABLE();
1400:Drivers/STM32F4xx_HAL_Driver/Src/stm32f4xx_hal_rcc_ex.c **** 
1401:Drivers/STM32F4xx_HAL_Driver/Src/stm32f4xx_hal_rcc_ex.c ****     /* Enable write access to Backup domain */
1402:Drivers/STM32F4xx_HAL_Driver/Src/stm32f4xx_hal_rcc_ex.c ****     PWR->CR |= PWR_CR_DBP;
1403:Drivers/STM32F4xx_HAL_Driver/Src/stm32f4xx_hal_rcc_ex.c **** 
1404:Drivers/STM32F4xx_HAL_Driver/Src/stm32f4xx_hal_rcc_ex.c ****     /* Get tick */
1405:Drivers/STM32F4xx_HAL_Driver/Src/stm32f4xx_hal_rcc_ex.c ****     tickstart = HAL_GetTick();
1406:Drivers/STM32F4xx_HAL_Driver/Src/stm32f4xx_hal_rcc_ex.c **** 
1407:Drivers/STM32F4xx_HAL_Driver/Src/stm32f4xx_hal_rcc_ex.c ****     while ((PWR->CR & PWR_CR_DBP) == RESET)
1408:Drivers/STM32F4xx_HAL_Driver/Src/stm32f4xx_hal_rcc_ex.c ****     {
1409:Drivers/STM32F4xx_HAL_Driver/Src/stm32f4xx_hal_rcc_ex.c ****       if ((HAL_GetTick() - tickstart) > RCC_DBP_TIMEOUT_VALUE)
1410:Drivers/STM32F4xx_HAL_Driver/Src/stm32f4xx_hal_rcc_ex.c ****       {
1411:Drivers/STM32F4xx_HAL_Driver/Src/stm32f4xx_hal_rcc_ex.c ****         return HAL_TIMEOUT;
1412:Drivers/STM32F4xx_HAL_Driver/Src/stm32f4xx_hal_rcc_ex.c ****       }
1413:Drivers/STM32F4xx_HAL_Driver/Src/stm32f4xx_hal_rcc_ex.c ****     }
1414:Drivers/STM32F4xx_HAL_Driver/Src/stm32f4xx_hal_rcc_ex.c ****     /* Reset the Backup domain only if the RTC Clock source selection is modified from reset value 
1415:Drivers/STM32F4xx_HAL_Driver/Src/stm32f4xx_hal_rcc_ex.c ****     tmpreg1 = (RCC->BDCR & RCC_BDCR_RTCSEL);
1416:Drivers/STM32F4xx_HAL_Driver/Src/stm32f4xx_hal_rcc_ex.c ****     if ((tmpreg1 != 0x00000000U) && ((tmpreg1) != (PeriphClkInit->RTCClockSelection & RCC_BDCR_RTCS
1417:Drivers/STM32F4xx_HAL_Driver/Src/stm32f4xx_hal_rcc_ex.c ****     {
1418:Drivers/STM32F4xx_HAL_Driver/Src/stm32f4xx_hal_rcc_ex.c ****       /* Store the content of BDCR register before the reset of Backup Domain */
1419:Drivers/STM32F4xx_HAL_Driver/Src/stm32f4xx_hal_rcc_ex.c ****       tmpreg1 = (RCC->BDCR & ~(RCC_BDCR_RTCSEL));
1420:Drivers/STM32F4xx_HAL_Driver/Src/stm32f4xx_hal_rcc_ex.c ****       /* RTC Clock selection can be changed only if the Backup Domain is reset */
1421:Drivers/STM32F4xx_HAL_Driver/Src/stm32f4xx_hal_rcc_ex.c ****       __HAL_RCC_BACKUPRESET_FORCE();
1422:Drivers/STM32F4xx_HAL_Driver/Src/stm32f4xx_hal_rcc_ex.c ****       __HAL_RCC_BACKUPRESET_RELEASE();
1423:Drivers/STM32F4xx_HAL_Driver/Src/stm32f4xx_hal_rcc_ex.c ****       /* Restore the Content of BDCR register */
1424:Drivers/STM32F4xx_HAL_Driver/Src/stm32f4xx_hal_rcc_ex.c ****       RCC->BDCR = tmpreg1;
1425:Drivers/STM32F4xx_HAL_Driver/Src/stm32f4xx_hal_rcc_ex.c **** 
1426:Drivers/STM32F4xx_HAL_Driver/Src/stm32f4xx_hal_rcc_ex.c ****       /* Wait for LSE reactivation if LSE was enable prior to Backup Domain reset */
1427:Drivers/STM32F4xx_HAL_Driver/Src/stm32f4xx_hal_rcc_ex.c ****       if (HAL_IS_BIT_SET(RCC->BDCR, RCC_BDCR_LSEON))
1428:Drivers/STM32F4xx_HAL_Driver/Src/stm32f4xx_hal_rcc_ex.c ****       {
1429:Drivers/STM32F4xx_HAL_Driver/Src/stm32f4xx_hal_rcc_ex.c ****         /* Get tick */
1430:Drivers/STM32F4xx_HAL_Driver/Src/stm32f4xx_hal_rcc_ex.c ****         tickstart = HAL_GetTick();
1431:Drivers/STM32F4xx_HAL_Driver/Src/stm32f4xx_hal_rcc_ex.c **** 
1432:Drivers/STM32F4xx_HAL_Driver/Src/stm32f4xx_hal_rcc_ex.c ****         /* Wait till LSE is ready */
1433:Drivers/STM32F4xx_HAL_Driver/Src/stm32f4xx_hal_rcc_ex.c ****         while (__HAL_RCC_GET_FLAG(RCC_FLAG_LSERDY) == RESET)
1434:Drivers/STM32F4xx_HAL_Driver/Src/stm32f4xx_hal_rcc_ex.c ****         {
1435:Drivers/STM32F4xx_HAL_Driver/Src/stm32f4xx_hal_rcc_ex.c ****           if ((HAL_GetTick() - tickstart) > RCC_LSE_TIMEOUT_VALUE)
1436:Drivers/STM32F4xx_HAL_Driver/Src/stm32f4xx_hal_rcc_ex.c ****           {
1437:Drivers/STM32F4xx_HAL_Driver/Src/stm32f4xx_hal_rcc_ex.c ****             return HAL_TIMEOUT;
1438:Drivers/STM32F4xx_HAL_Driver/Src/stm32f4xx_hal_rcc_ex.c ****           }
1439:Drivers/STM32F4xx_HAL_Driver/Src/stm32f4xx_hal_rcc_ex.c ****         }
1440:Drivers/STM32F4xx_HAL_Driver/Src/stm32f4xx_hal_rcc_ex.c ****       }
1441:Drivers/STM32F4xx_HAL_Driver/Src/stm32f4xx_hal_rcc_ex.c ****     }
1442:Drivers/STM32F4xx_HAL_Driver/Src/stm32f4xx_hal_rcc_ex.c ****     __HAL_RCC_RTC_CONFIG(PeriphClkInit->RTCClockSelection);
1443:Drivers/STM32F4xx_HAL_Driver/Src/stm32f4xx_hal_rcc_ex.c ****   }
1444:Drivers/STM32F4xx_HAL_Driver/Src/stm32f4xx_hal_rcc_ex.c ****   /*--------------------------------------------------------------------------*/
1445:Drivers/STM32F4xx_HAL_Driver/Src/stm32f4xx_hal_rcc_ex.c **** 
ARM GAS  C:\Users\user\AppData\Local\Temp\ccuZOZlR.s 			page 64


1446:Drivers/STM32F4xx_HAL_Driver/Src/stm32f4xx_hal_rcc_ex.c ****   /*------------------------------------ TIM configuration -------------------*/
1447:Drivers/STM32F4xx_HAL_Driver/Src/stm32f4xx_hal_rcc_ex.c ****   if (((PeriphClkInit->PeriphClockSelection) & RCC_PERIPHCLK_TIM) == (RCC_PERIPHCLK_TIM))
1448:Drivers/STM32F4xx_HAL_Driver/Src/stm32f4xx_hal_rcc_ex.c ****   {
1449:Drivers/STM32F4xx_HAL_Driver/Src/stm32f4xx_hal_rcc_ex.c ****     /* Configure Timer Prescaler */
1450:Drivers/STM32F4xx_HAL_Driver/Src/stm32f4xx_hal_rcc_ex.c ****     __HAL_RCC_TIMCLKPRESCALER(PeriphClkInit->TIMPresSelection);
1451:Drivers/STM32F4xx_HAL_Driver/Src/stm32f4xx_hal_rcc_ex.c ****   }
1452:Drivers/STM32F4xx_HAL_Driver/Src/stm32f4xx_hal_rcc_ex.c ****   /*--------------------------------------------------------------------------*/
1453:Drivers/STM32F4xx_HAL_Driver/Src/stm32f4xx_hal_rcc_ex.c **** 
1454:Drivers/STM32F4xx_HAL_Driver/Src/stm32f4xx_hal_rcc_ex.c ****   /*------------------------------------- FMPI2C1 Configuration --------------*/
1455:Drivers/STM32F4xx_HAL_Driver/Src/stm32f4xx_hal_rcc_ex.c ****   if (((PeriphClkInit->PeriphClockSelection) & RCC_PERIPHCLK_FMPI2C1) == RCC_PERIPHCLK_FMPI2C1)
1456:Drivers/STM32F4xx_HAL_Driver/Src/stm32f4xx_hal_rcc_ex.c ****   {
1457:Drivers/STM32F4xx_HAL_Driver/Src/stm32f4xx_hal_rcc_ex.c ****     /* Check the parameters */
1458:Drivers/STM32F4xx_HAL_Driver/Src/stm32f4xx_hal_rcc_ex.c ****     assert_param(IS_RCC_FMPI2C1CLKSOURCE(PeriphClkInit->Fmpi2c1ClockSelection));
1459:Drivers/STM32F4xx_HAL_Driver/Src/stm32f4xx_hal_rcc_ex.c **** 
1460:Drivers/STM32F4xx_HAL_Driver/Src/stm32f4xx_hal_rcc_ex.c ****     /* Configure the FMPI2C1 clock source */
1461:Drivers/STM32F4xx_HAL_Driver/Src/stm32f4xx_hal_rcc_ex.c ****     __HAL_RCC_FMPI2C1_CONFIG(PeriphClkInit->Fmpi2c1ClockSelection);
1462:Drivers/STM32F4xx_HAL_Driver/Src/stm32f4xx_hal_rcc_ex.c ****   }
1463:Drivers/STM32F4xx_HAL_Driver/Src/stm32f4xx_hal_rcc_ex.c ****   /*--------------------------------------------------------------------------*/
1464:Drivers/STM32F4xx_HAL_Driver/Src/stm32f4xx_hal_rcc_ex.c **** 
1465:Drivers/STM32F4xx_HAL_Driver/Src/stm32f4xx_hal_rcc_ex.c ****   /*------------------------------------- CLK48 Configuration ----------------*/
1466:Drivers/STM32F4xx_HAL_Driver/Src/stm32f4xx_hal_rcc_ex.c ****   if (((PeriphClkInit->PeriphClockSelection) & RCC_PERIPHCLK_CLK48) == RCC_PERIPHCLK_CLK48)
1467:Drivers/STM32F4xx_HAL_Driver/Src/stm32f4xx_hal_rcc_ex.c ****   {
1468:Drivers/STM32F4xx_HAL_Driver/Src/stm32f4xx_hal_rcc_ex.c ****     /* Check the parameters */
1469:Drivers/STM32F4xx_HAL_Driver/Src/stm32f4xx_hal_rcc_ex.c ****     assert_param(IS_RCC_CLK48CLKSOURCE(PeriphClkInit->Clk48ClockSelection));
1470:Drivers/STM32F4xx_HAL_Driver/Src/stm32f4xx_hal_rcc_ex.c **** 
1471:Drivers/STM32F4xx_HAL_Driver/Src/stm32f4xx_hal_rcc_ex.c ****     /* Configure the SDIO clock source */
1472:Drivers/STM32F4xx_HAL_Driver/Src/stm32f4xx_hal_rcc_ex.c ****     __HAL_RCC_CLK48_CONFIG(PeriphClkInit->Clk48ClockSelection);
1473:Drivers/STM32F4xx_HAL_Driver/Src/stm32f4xx_hal_rcc_ex.c **** 
1474:Drivers/STM32F4xx_HAL_Driver/Src/stm32f4xx_hal_rcc_ex.c ****     /* Enable the PLLI2S when it's used as clock source for CLK48 */
1475:Drivers/STM32F4xx_HAL_Driver/Src/stm32f4xx_hal_rcc_ex.c ****     if (PeriphClkInit->Clk48ClockSelection == RCC_CLK48CLKSOURCE_PLLI2SQ)
1476:Drivers/STM32F4xx_HAL_Driver/Src/stm32f4xx_hal_rcc_ex.c ****     {
1477:Drivers/STM32F4xx_HAL_Driver/Src/stm32f4xx_hal_rcc_ex.c ****       plli2sused = 1U;
1478:Drivers/STM32F4xx_HAL_Driver/Src/stm32f4xx_hal_rcc_ex.c ****     }
1479:Drivers/STM32F4xx_HAL_Driver/Src/stm32f4xx_hal_rcc_ex.c ****   }
1480:Drivers/STM32F4xx_HAL_Driver/Src/stm32f4xx_hal_rcc_ex.c ****   /*--------------------------------------------------------------------------*/
1481:Drivers/STM32F4xx_HAL_Driver/Src/stm32f4xx_hal_rcc_ex.c **** 
1482:Drivers/STM32F4xx_HAL_Driver/Src/stm32f4xx_hal_rcc_ex.c ****   /*------------------------------------- SDIO Configuration -----------------*/
1483:Drivers/STM32F4xx_HAL_Driver/Src/stm32f4xx_hal_rcc_ex.c ****   if (((PeriphClkInit->PeriphClockSelection) & RCC_PERIPHCLK_SDIO) == RCC_PERIPHCLK_SDIO)
1484:Drivers/STM32F4xx_HAL_Driver/Src/stm32f4xx_hal_rcc_ex.c ****   {
1485:Drivers/STM32F4xx_HAL_Driver/Src/stm32f4xx_hal_rcc_ex.c ****     /* Check the parameters */
1486:Drivers/STM32F4xx_HAL_Driver/Src/stm32f4xx_hal_rcc_ex.c ****     assert_param(IS_RCC_SDIOCLKSOURCE(PeriphClkInit->SdioClockSelection));
1487:Drivers/STM32F4xx_HAL_Driver/Src/stm32f4xx_hal_rcc_ex.c **** 
1488:Drivers/STM32F4xx_HAL_Driver/Src/stm32f4xx_hal_rcc_ex.c ****     /* Configure the SDIO clock source */
1489:Drivers/STM32F4xx_HAL_Driver/Src/stm32f4xx_hal_rcc_ex.c ****     __HAL_RCC_SDIO_CONFIG(PeriphClkInit->SdioClockSelection);
1490:Drivers/STM32F4xx_HAL_Driver/Src/stm32f4xx_hal_rcc_ex.c ****   }
1491:Drivers/STM32F4xx_HAL_Driver/Src/stm32f4xx_hal_rcc_ex.c ****   /*--------------------------------------------------------------------------*/
1492:Drivers/STM32F4xx_HAL_Driver/Src/stm32f4xx_hal_rcc_ex.c **** 
1493:Drivers/STM32F4xx_HAL_Driver/Src/stm32f4xx_hal_rcc_ex.c ****   /*-------------------------------------- PLLI2S Configuration --------------*/
1494:Drivers/STM32F4xx_HAL_Driver/Src/stm32f4xx_hal_rcc_ex.c ****   /* PLLI2S is configured when a peripheral will use it as source clock : I2S on APB1 or
1495:Drivers/STM32F4xx_HAL_Driver/Src/stm32f4xx_hal_rcc_ex.c ****      I2S on APB2*/
1496:Drivers/STM32F4xx_HAL_Driver/Src/stm32f4xx_hal_rcc_ex.c ****   if ((plli2sused == 1U) || (PeriphClkInit->PeriphClockSelection == RCC_PERIPHCLK_PLLI2S))
1497:Drivers/STM32F4xx_HAL_Driver/Src/stm32f4xx_hal_rcc_ex.c ****   {
1498:Drivers/STM32F4xx_HAL_Driver/Src/stm32f4xx_hal_rcc_ex.c ****     /* Disable the PLLI2S */
1499:Drivers/STM32F4xx_HAL_Driver/Src/stm32f4xx_hal_rcc_ex.c ****     __HAL_RCC_PLLI2S_DISABLE();
1500:Drivers/STM32F4xx_HAL_Driver/Src/stm32f4xx_hal_rcc_ex.c ****     /* Get tick */
1501:Drivers/STM32F4xx_HAL_Driver/Src/stm32f4xx_hal_rcc_ex.c ****     tickstart = HAL_GetTick();
1502:Drivers/STM32F4xx_HAL_Driver/Src/stm32f4xx_hal_rcc_ex.c ****     /* Wait till PLLI2S is disabled */
ARM GAS  C:\Users\user\AppData\Local\Temp\ccuZOZlR.s 			page 65


1503:Drivers/STM32F4xx_HAL_Driver/Src/stm32f4xx_hal_rcc_ex.c ****     while (__HAL_RCC_GET_FLAG(RCC_FLAG_PLLI2SRDY)  != RESET)
1504:Drivers/STM32F4xx_HAL_Driver/Src/stm32f4xx_hal_rcc_ex.c ****     {
1505:Drivers/STM32F4xx_HAL_Driver/Src/stm32f4xx_hal_rcc_ex.c ****       if ((HAL_GetTick() - tickstart) > PLLI2S_TIMEOUT_VALUE)
1506:Drivers/STM32F4xx_HAL_Driver/Src/stm32f4xx_hal_rcc_ex.c ****       {
1507:Drivers/STM32F4xx_HAL_Driver/Src/stm32f4xx_hal_rcc_ex.c ****         /* return in case of Timeout detected */
1508:Drivers/STM32F4xx_HAL_Driver/Src/stm32f4xx_hal_rcc_ex.c ****         return HAL_TIMEOUT;
1509:Drivers/STM32F4xx_HAL_Driver/Src/stm32f4xx_hal_rcc_ex.c ****       }
1510:Drivers/STM32F4xx_HAL_Driver/Src/stm32f4xx_hal_rcc_ex.c ****     }
1511:Drivers/STM32F4xx_HAL_Driver/Src/stm32f4xx_hal_rcc_ex.c **** 
1512:Drivers/STM32F4xx_HAL_Driver/Src/stm32f4xx_hal_rcc_ex.c ****     /* check for common PLLI2S Parameters */
1513:Drivers/STM32F4xx_HAL_Driver/Src/stm32f4xx_hal_rcc_ex.c ****     assert_param(IS_RCC_PLLI2SCLKSOURCE(PeriphClkInit->PLLI2SSelection));
1514:Drivers/STM32F4xx_HAL_Driver/Src/stm32f4xx_hal_rcc_ex.c ****     assert_param(IS_RCC_PLLI2SM_VALUE(PeriphClkInit->PLLI2S.PLLI2SM));
1515:Drivers/STM32F4xx_HAL_Driver/Src/stm32f4xx_hal_rcc_ex.c ****     assert_param(IS_RCC_PLLI2SN_VALUE(PeriphClkInit->PLLI2S.PLLI2SN));
1516:Drivers/STM32F4xx_HAL_Driver/Src/stm32f4xx_hal_rcc_ex.c ****     /*-------------------- Set the PLL I2S clock -----------------------------*/
1517:Drivers/STM32F4xx_HAL_Driver/Src/stm32f4xx_hal_rcc_ex.c ****     __HAL_RCC_PLL_I2S_CONFIG(PeriphClkInit->PLLI2SSelection);
1518:Drivers/STM32F4xx_HAL_Driver/Src/stm32f4xx_hal_rcc_ex.c **** 
1519:Drivers/STM32F4xx_HAL_Driver/Src/stm32f4xx_hal_rcc_ex.c ****     /*------- In Case of PLLI2S is selected as source clock for I2S ----------*/
1520:Drivers/STM32F4xx_HAL_Driver/Src/stm32f4xx_hal_rcc_ex.c ****     if (((((PeriphClkInit->PeriphClockSelection) & RCC_PERIPHCLK_I2S_APB1) == RCC_PERIPHCLK_I2S_APB
1521:Drivers/STM32F4xx_HAL_Driver/Src/stm32f4xx_hal_rcc_ex.c ****          && (PeriphClkInit->I2sApb1ClockSelection == RCC_I2SAPB1CLKSOURCE_PLLI2S)) ||
1522:Drivers/STM32F4xx_HAL_Driver/Src/stm32f4xx_hal_rcc_ex.c ****         ((((PeriphClkInit->PeriphClockSelection) & RCC_PERIPHCLK_I2S_APB2) == RCC_PERIPHCLK_I2S_APB
1523:Drivers/STM32F4xx_HAL_Driver/Src/stm32f4xx_hal_rcc_ex.c ****         ((((PeriphClkInit->PeriphClockSelection) & RCC_PERIPHCLK_CLK48) == RCC_PERIPHCLK_CLK48) && 
1524:Drivers/STM32F4xx_HAL_Driver/Src/stm32f4xx_hal_rcc_ex.c ****         ((((PeriphClkInit->PeriphClockSelection) & RCC_PERIPHCLK_SDIO) == RCC_PERIPHCLK_SDIO) && (P
1525:Drivers/STM32F4xx_HAL_Driver/Src/stm32f4xx_hal_rcc_ex.c ****     {
1526:Drivers/STM32F4xx_HAL_Driver/Src/stm32f4xx_hal_rcc_ex.c ****       /* check for Parameters */
1527:Drivers/STM32F4xx_HAL_Driver/Src/stm32f4xx_hal_rcc_ex.c ****       assert_param(IS_RCC_PLLI2SR_VALUE(PeriphClkInit->PLLI2S.PLLI2SR));
1528:Drivers/STM32F4xx_HAL_Driver/Src/stm32f4xx_hal_rcc_ex.c ****       assert_param(IS_RCC_PLLI2SQ_VALUE(PeriphClkInit->PLLI2S.PLLI2SQ));
1529:Drivers/STM32F4xx_HAL_Driver/Src/stm32f4xx_hal_rcc_ex.c **** 
1530:Drivers/STM32F4xx_HAL_Driver/Src/stm32f4xx_hal_rcc_ex.c ****       /* Configure the PLLI2S division factors */
1531:Drivers/STM32F4xx_HAL_Driver/Src/stm32f4xx_hal_rcc_ex.c ****       /* PLLI2S_VCO = f(VCO clock) = f(PLLI2S clock input) * (PLLI2SN/PLLI2SM)*/
1532:Drivers/STM32F4xx_HAL_Driver/Src/stm32f4xx_hal_rcc_ex.c ****       /* I2SCLK = f(PLLI2S clock output) = f(VCO clock) / PLLI2SR */
1533:Drivers/STM32F4xx_HAL_Driver/Src/stm32f4xx_hal_rcc_ex.c ****       __HAL_RCC_PLLI2S_CONFIG(PeriphClkInit->PLLI2S.PLLI2SM, PeriphClkInit->PLLI2S.PLLI2SN, PeriphC
1534:Drivers/STM32F4xx_HAL_Driver/Src/stm32f4xx_hal_rcc_ex.c ****                               PeriphClkInit->PLLI2S.PLLI2SR);
1535:Drivers/STM32F4xx_HAL_Driver/Src/stm32f4xx_hal_rcc_ex.c ****     }
1536:Drivers/STM32F4xx_HAL_Driver/Src/stm32f4xx_hal_rcc_ex.c **** 
1537:Drivers/STM32F4xx_HAL_Driver/Src/stm32f4xx_hal_rcc_ex.c **** #if defined(STM32F413xx) || defined(STM32F423xx)
1538:Drivers/STM32F4xx_HAL_Driver/Src/stm32f4xx_hal_rcc_ex.c ****     /*------- In Case of PLLI2S is selected as source clock for SAI ----------*/
1539:Drivers/STM32F4xx_HAL_Driver/Src/stm32f4xx_hal_rcc_ex.c ****     if (((((PeriphClkInit->PeriphClockSelection) & RCC_PERIPHCLK_SAIA) == RCC_PERIPHCLK_SAIA)
1540:Drivers/STM32F4xx_HAL_Driver/Src/stm32f4xx_hal_rcc_ex.c ****          && (PeriphClkInit->SaiAClockSelection == RCC_SAIACLKSOURCE_PLLI2SR)) ||
1541:Drivers/STM32F4xx_HAL_Driver/Src/stm32f4xx_hal_rcc_ex.c ****         ((((PeriphClkInit->PeriphClockSelection) & RCC_PERIPHCLK_SAIB) == RCC_PERIPHCLK_SAIB) && (P
1542:Drivers/STM32F4xx_HAL_Driver/Src/stm32f4xx_hal_rcc_ex.c ****     {
1543:Drivers/STM32F4xx_HAL_Driver/Src/stm32f4xx_hal_rcc_ex.c ****       /* Check for PLLI2S Parameters */
1544:Drivers/STM32F4xx_HAL_Driver/Src/stm32f4xx_hal_rcc_ex.c ****       assert_param(IS_RCC_PLLI2SR_VALUE(PeriphClkInit->PLLI2S.PLLI2SR));
1545:Drivers/STM32F4xx_HAL_Driver/Src/stm32f4xx_hal_rcc_ex.c ****       /* Check for PLLI2S/DIVR parameters */
1546:Drivers/STM32F4xx_HAL_Driver/Src/stm32f4xx_hal_rcc_ex.c ****       assert_param(IS_RCC_PLLI2S_DIVR_VALUE(PeriphClkInit->PLLI2SDivR));
1547:Drivers/STM32F4xx_HAL_Driver/Src/stm32f4xx_hal_rcc_ex.c **** 
1548:Drivers/STM32F4xx_HAL_Driver/Src/stm32f4xx_hal_rcc_ex.c ****       /* Read PLLI2SQ value from PLLI2SCFGR register (this value is not needed for SAI configuratio
1549:Drivers/STM32F4xx_HAL_Driver/Src/stm32f4xx_hal_rcc_ex.c ****       plli2sq = ((RCC->PLLI2SCFGR & RCC_PLLI2SCFGR_PLLI2SQ) >> RCC_PLLI2SCFGR_PLLI2SQ_Pos);
1550:Drivers/STM32F4xx_HAL_Driver/Src/stm32f4xx_hal_rcc_ex.c ****       /* Configure the PLLI2S division factors */
1551:Drivers/STM32F4xx_HAL_Driver/Src/stm32f4xx_hal_rcc_ex.c ****       /* PLLI2S_VCO Input  = PLL_SOURCE/PLLI2SM */
1552:Drivers/STM32F4xx_HAL_Driver/Src/stm32f4xx_hal_rcc_ex.c ****       /* PLLI2S_VCO Output = PLLI2S_VCO Input * PLLI2SN */
1553:Drivers/STM32F4xx_HAL_Driver/Src/stm32f4xx_hal_rcc_ex.c ****       /* SAI_CLK(first level) = PLLI2S_VCO Output/PLLI2SQ */
1554:Drivers/STM32F4xx_HAL_Driver/Src/stm32f4xx_hal_rcc_ex.c ****       __HAL_RCC_PLLI2S_CONFIG(PeriphClkInit->PLLI2S.PLLI2SM, PeriphClkInit->PLLI2S.PLLI2SN, plli2sq
1555:Drivers/STM32F4xx_HAL_Driver/Src/stm32f4xx_hal_rcc_ex.c ****                               PeriphClkInit->PLLI2S.PLLI2SR);
1556:Drivers/STM32F4xx_HAL_Driver/Src/stm32f4xx_hal_rcc_ex.c **** 
1557:Drivers/STM32F4xx_HAL_Driver/Src/stm32f4xx_hal_rcc_ex.c ****       /* SAI_CLK_x = SAI_CLK(first level)/PLLI2SDIVR */
1558:Drivers/STM32F4xx_HAL_Driver/Src/stm32f4xx_hal_rcc_ex.c ****       __HAL_RCC_PLLI2S_PLLSAICLKDIVR_CONFIG(PeriphClkInit->PLLI2SDivR);
1559:Drivers/STM32F4xx_HAL_Driver/Src/stm32f4xx_hal_rcc_ex.c ****     }
ARM GAS  C:\Users\user\AppData\Local\Temp\ccuZOZlR.s 			page 66


1560:Drivers/STM32F4xx_HAL_Driver/Src/stm32f4xx_hal_rcc_ex.c **** #endif /* STM32F413xx || STM32F423xx */
1561:Drivers/STM32F4xx_HAL_Driver/Src/stm32f4xx_hal_rcc_ex.c **** 
1562:Drivers/STM32F4xx_HAL_Driver/Src/stm32f4xx_hal_rcc_ex.c ****     /*----------------- In Case of PLLI2S is just selected  ------------------*/
1563:Drivers/STM32F4xx_HAL_Driver/Src/stm32f4xx_hal_rcc_ex.c ****     if ((PeriphClkInit->PeriphClockSelection & RCC_PERIPHCLK_PLLI2S) == RCC_PERIPHCLK_PLLI2S)
1564:Drivers/STM32F4xx_HAL_Driver/Src/stm32f4xx_hal_rcc_ex.c ****     {
1565:Drivers/STM32F4xx_HAL_Driver/Src/stm32f4xx_hal_rcc_ex.c ****       /* Check for Parameters */
1566:Drivers/STM32F4xx_HAL_Driver/Src/stm32f4xx_hal_rcc_ex.c ****       assert_param(IS_RCC_PLLI2SR_VALUE(PeriphClkInit->PLLI2S.PLLI2SR));
1567:Drivers/STM32F4xx_HAL_Driver/Src/stm32f4xx_hal_rcc_ex.c ****       assert_param(IS_RCC_PLLI2SQ_VALUE(PeriphClkInit->PLLI2S.PLLI2SQ));
1568:Drivers/STM32F4xx_HAL_Driver/Src/stm32f4xx_hal_rcc_ex.c **** 
1569:Drivers/STM32F4xx_HAL_Driver/Src/stm32f4xx_hal_rcc_ex.c ****       /* Configure the PLLI2S division factors */
1570:Drivers/STM32F4xx_HAL_Driver/Src/stm32f4xx_hal_rcc_ex.c ****       /* PLLI2S_VCO = f(VCO clock) = f(PLLI2S clock input) * (PLLI2SN/PLLI2SM)*/
1571:Drivers/STM32F4xx_HAL_Driver/Src/stm32f4xx_hal_rcc_ex.c ****       /* SPDIFRXCLK = f(PLLI2S clock output) = f(VCO clock) / PLLI2SP */
1572:Drivers/STM32F4xx_HAL_Driver/Src/stm32f4xx_hal_rcc_ex.c ****       __HAL_RCC_PLLI2S_CONFIG(PeriphClkInit->PLLI2S.PLLI2SM, PeriphClkInit->PLLI2S.PLLI2SN, PeriphC
1573:Drivers/STM32F4xx_HAL_Driver/Src/stm32f4xx_hal_rcc_ex.c ****                               PeriphClkInit->PLLI2S.PLLI2SR);
1574:Drivers/STM32F4xx_HAL_Driver/Src/stm32f4xx_hal_rcc_ex.c ****     }
1575:Drivers/STM32F4xx_HAL_Driver/Src/stm32f4xx_hal_rcc_ex.c **** 
1576:Drivers/STM32F4xx_HAL_Driver/Src/stm32f4xx_hal_rcc_ex.c ****     /* Enable the PLLI2S */
1577:Drivers/STM32F4xx_HAL_Driver/Src/stm32f4xx_hal_rcc_ex.c ****     __HAL_RCC_PLLI2S_ENABLE();
1578:Drivers/STM32F4xx_HAL_Driver/Src/stm32f4xx_hal_rcc_ex.c ****     /* Get tick */
1579:Drivers/STM32F4xx_HAL_Driver/Src/stm32f4xx_hal_rcc_ex.c ****     tickstart = HAL_GetTick();
1580:Drivers/STM32F4xx_HAL_Driver/Src/stm32f4xx_hal_rcc_ex.c ****     /* Wait till PLLI2S is ready */
1581:Drivers/STM32F4xx_HAL_Driver/Src/stm32f4xx_hal_rcc_ex.c ****     while (__HAL_RCC_GET_FLAG(RCC_FLAG_PLLI2SRDY)  == RESET)
1582:Drivers/STM32F4xx_HAL_Driver/Src/stm32f4xx_hal_rcc_ex.c ****     {
1583:Drivers/STM32F4xx_HAL_Driver/Src/stm32f4xx_hal_rcc_ex.c ****       if ((HAL_GetTick() - tickstart) > PLLI2S_TIMEOUT_VALUE)
1584:Drivers/STM32F4xx_HAL_Driver/Src/stm32f4xx_hal_rcc_ex.c ****       {
1585:Drivers/STM32F4xx_HAL_Driver/Src/stm32f4xx_hal_rcc_ex.c ****         /* return in case of Timeout detected */
1586:Drivers/STM32F4xx_HAL_Driver/Src/stm32f4xx_hal_rcc_ex.c ****         return HAL_TIMEOUT;
1587:Drivers/STM32F4xx_HAL_Driver/Src/stm32f4xx_hal_rcc_ex.c ****       }
1588:Drivers/STM32F4xx_HAL_Driver/Src/stm32f4xx_hal_rcc_ex.c ****     }
1589:Drivers/STM32F4xx_HAL_Driver/Src/stm32f4xx_hal_rcc_ex.c ****   }
1590:Drivers/STM32F4xx_HAL_Driver/Src/stm32f4xx_hal_rcc_ex.c ****   /*--------------------------------------------------------------------------*/
1591:Drivers/STM32F4xx_HAL_Driver/Src/stm32f4xx_hal_rcc_ex.c **** 
1592:Drivers/STM32F4xx_HAL_Driver/Src/stm32f4xx_hal_rcc_ex.c ****   /*-------------------- DFSDM1 clock source configuration -------------------*/
1593:Drivers/STM32F4xx_HAL_Driver/Src/stm32f4xx_hal_rcc_ex.c ****   if (((PeriphClkInit->PeriphClockSelection) & RCC_PERIPHCLK_DFSDM1) == RCC_PERIPHCLK_DFSDM1)
1594:Drivers/STM32F4xx_HAL_Driver/Src/stm32f4xx_hal_rcc_ex.c ****   {
1595:Drivers/STM32F4xx_HAL_Driver/Src/stm32f4xx_hal_rcc_ex.c ****     /* Check the parameters */
1596:Drivers/STM32F4xx_HAL_Driver/Src/stm32f4xx_hal_rcc_ex.c ****     assert_param(IS_RCC_DFSDM1CLKSOURCE(PeriphClkInit->Dfsdm1ClockSelection));
1597:Drivers/STM32F4xx_HAL_Driver/Src/stm32f4xx_hal_rcc_ex.c **** 
1598:Drivers/STM32F4xx_HAL_Driver/Src/stm32f4xx_hal_rcc_ex.c ****     /* Configure the DFSDM1 interface clock source */
1599:Drivers/STM32F4xx_HAL_Driver/Src/stm32f4xx_hal_rcc_ex.c ****     __HAL_RCC_DFSDM1_CONFIG(PeriphClkInit->Dfsdm1ClockSelection);
1600:Drivers/STM32F4xx_HAL_Driver/Src/stm32f4xx_hal_rcc_ex.c ****   }
1601:Drivers/STM32F4xx_HAL_Driver/Src/stm32f4xx_hal_rcc_ex.c ****   /*--------------------------------------------------------------------------*/
1602:Drivers/STM32F4xx_HAL_Driver/Src/stm32f4xx_hal_rcc_ex.c **** 
1603:Drivers/STM32F4xx_HAL_Driver/Src/stm32f4xx_hal_rcc_ex.c ****   /*-------------------- DFSDM1 Audio clock source configuration -------------*/
1604:Drivers/STM32F4xx_HAL_Driver/Src/stm32f4xx_hal_rcc_ex.c ****   if (((PeriphClkInit->PeriphClockSelection) & RCC_PERIPHCLK_DFSDM1_AUDIO) == RCC_PERIPHCLK_DFSDM1_
1605:Drivers/STM32F4xx_HAL_Driver/Src/stm32f4xx_hal_rcc_ex.c ****   {
1606:Drivers/STM32F4xx_HAL_Driver/Src/stm32f4xx_hal_rcc_ex.c ****     /* Check the parameters */
1607:Drivers/STM32F4xx_HAL_Driver/Src/stm32f4xx_hal_rcc_ex.c ****     assert_param(IS_RCC_DFSDM1AUDIOCLKSOURCE(PeriphClkInit->Dfsdm1AudioClockSelection));
1608:Drivers/STM32F4xx_HAL_Driver/Src/stm32f4xx_hal_rcc_ex.c **** 
1609:Drivers/STM32F4xx_HAL_Driver/Src/stm32f4xx_hal_rcc_ex.c ****     /* Configure the DFSDM1 Audio interface clock source */
1610:Drivers/STM32F4xx_HAL_Driver/Src/stm32f4xx_hal_rcc_ex.c ****     __HAL_RCC_DFSDM1AUDIO_CONFIG(PeriphClkInit->Dfsdm1AudioClockSelection);
1611:Drivers/STM32F4xx_HAL_Driver/Src/stm32f4xx_hal_rcc_ex.c ****   }
1612:Drivers/STM32F4xx_HAL_Driver/Src/stm32f4xx_hal_rcc_ex.c ****   /*--------------------------------------------------------------------------*/
1613:Drivers/STM32F4xx_HAL_Driver/Src/stm32f4xx_hal_rcc_ex.c **** 
1614:Drivers/STM32F4xx_HAL_Driver/Src/stm32f4xx_hal_rcc_ex.c **** #if defined(STM32F413xx) || defined(STM32F423xx)
1615:Drivers/STM32F4xx_HAL_Driver/Src/stm32f4xx_hal_rcc_ex.c ****   /*-------------------- DFSDM2 clock source configuration -------------------*/
1616:Drivers/STM32F4xx_HAL_Driver/Src/stm32f4xx_hal_rcc_ex.c ****   if (((PeriphClkInit->PeriphClockSelection) & RCC_PERIPHCLK_DFSDM2) == RCC_PERIPHCLK_DFSDM2)
ARM GAS  C:\Users\user\AppData\Local\Temp\ccuZOZlR.s 			page 67


1617:Drivers/STM32F4xx_HAL_Driver/Src/stm32f4xx_hal_rcc_ex.c ****   {
1618:Drivers/STM32F4xx_HAL_Driver/Src/stm32f4xx_hal_rcc_ex.c ****     /* Check the parameters */
1619:Drivers/STM32F4xx_HAL_Driver/Src/stm32f4xx_hal_rcc_ex.c ****     assert_param(IS_RCC_DFSDM2CLKSOURCE(PeriphClkInit->Dfsdm2ClockSelection));
1620:Drivers/STM32F4xx_HAL_Driver/Src/stm32f4xx_hal_rcc_ex.c **** 
1621:Drivers/STM32F4xx_HAL_Driver/Src/stm32f4xx_hal_rcc_ex.c ****     /* Configure the DFSDM1 interface clock source */
1622:Drivers/STM32F4xx_HAL_Driver/Src/stm32f4xx_hal_rcc_ex.c ****     __HAL_RCC_DFSDM2_CONFIG(PeriphClkInit->Dfsdm2ClockSelection);
1623:Drivers/STM32F4xx_HAL_Driver/Src/stm32f4xx_hal_rcc_ex.c ****   }
1624:Drivers/STM32F4xx_HAL_Driver/Src/stm32f4xx_hal_rcc_ex.c ****   /*--------------------------------------------------------------------------*/
1625:Drivers/STM32F4xx_HAL_Driver/Src/stm32f4xx_hal_rcc_ex.c **** 
1626:Drivers/STM32F4xx_HAL_Driver/Src/stm32f4xx_hal_rcc_ex.c ****   /*-------------------- DFSDM2 Audio clock source configuration -------------*/
1627:Drivers/STM32F4xx_HAL_Driver/Src/stm32f4xx_hal_rcc_ex.c ****   if (((PeriphClkInit->PeriphClockSelection) & RCC_PERIPHCLK_DFSDM2_AUDIO) == RCC_PERIPHCLK_DFSDM2_
1628:Drivers/STM32F4xx_HAL_Driver/Src/stm32f4xx_hal_rcc_ex.c ****   {
1629:Drivers/STM32F4xx_HAL_Driver/Src/stm32f4xx_hal_rcc_ex.c ****     /* Check the parameters */
1630:Drivers/STM32F4xx_HAL_Driver/Src/stm32f4xx_hal_rcc_ex.c ****     assert_param(IS_RCC_DFSDM2AUDIOCLKSOURCE(PeriphClkInit->Dfsdm2AudioClockSelection));
1631:Drivers/STM32F4xx_HAL_Driver/Src/stm32f4xx_hal_rcc_ex.c **** 
1632:Drivers/STM32F4xx_HAL_Driver/Src/stm32f4xx_hal_rcc_ex.c ****     /* Configure the DFSDM1 Audio interface clock source */
1633:Drivers/STM32F4xx_HAL_Driver/Src/stm32f4xx_hal_rcc_ex.c ****     __HAL_RCC_DFSDM2AUDIO_CONFIG(PeriphClkInit->Dfsdm2AudioClockSelection);
1634:Drivers/STM32F4xx_HAL_Driver/Src/stm32f4xx_hal_rcc_ex.c ****   }
1635:Drivers/STM32F4xx_HAL_Driver/Src/stm32f4xx_hal_rcc_ex.c ****   /*--------------------------------------------------------------------------*/
1636:Drivers/STM32F4xx_HAL_Driver/Src/stm32f4xx_hal_rcc_ex.c **** 
1637:Drivers/STM32F4xx_HAL_Driver/Src/stm32f4xx_hal_rcc_ex.c ****   /*---------------------------- LPTIM1 Configuration ------------------------*/
1638:Drivers/STM32F4xx_HAL_Driver/Src/stm32f4xx_hal_rcc_ex.c ****   if (((PeriphClkInit->PeriphClockSelection) & RCC_PERIPHCLK_LPTIM1) == RCC_PERIPHCLK_LPTIM1)
1639:Drivers/STM32F4xx_HAL_Driver/Src/stm32f4xx_hal_rcc_ex.c ****   {
1640:Drivers/STM32F4xx_HAL_Driver/Src/stm32f4xx_hal_rcc_ex.c ****     /* Check the parameters */
1641:Drivers/STM32F4xx_HAL_Driver/Src/stm32f4xx_hal_rcc_ex.c ****     assert_param(IS_RCC_LPTIM1CLKSOURCE(PeriphClkInit->Lptim1ClockSelection));
1642:Drivers/STM32F4xx_HAL_Driver/Src/stm32f4xx_hal_rcc_ex.c **** 
1643:Drivers/STM32F4xx_HAL_Driver/Src/stm32f4xx_hal_rcc_ex.c ****     /* Configure the LPTIM1 clock source */
1644:Drivers/STM32F4xx_HAL_Driver/Src/stm32f4xx_hal_rcc_ex.c ****     __HAL_RCC_LPTIM1_CONFIG(PeriphClkInit->Lptim1ClockSelection);
1645:Drivers/STM32F4xx_HAL_Driver/Src/stm32f4xx_hal_rcc_ex.c ****   }
1646:Drivers/STM32F4xx_HAL_Driver/Src/stm32f4xx_hal_rcc_ex.c ****   /*--------------------------------------------------------------------------*/
1647:Drivers/STM32F4xx_HAL_Driver/Src/stm32f4xx_hal_rcc_ex.c **** #endif /* STM32F413xx || STM32F423xx */
1648:Drivers/STM32F4xx_HAL_Driver/Src/stm32f4xx_hal_rcc_ex.c **** 
1649:Drivers/STM32F4xx_HAL_Driver/Src/stm32f4xx_hal_rcc_ex.c ****   return HAL_OK;
1650:Drivers/STM32F4xx_HAL_Driver/Src/stm32f4xx_hal_rcc_ex.c **** }
1651:Drivers/STM32F4xx_HAL_Driver/Src/stm32f4xx_hal_rcc_ex.c **** 
1652:Drivers/STM32F4xx_HAL_Driver/Src/stm32f4xx_hal_rcc_ex.c **** /**
1653:Drivers/STM32F4xx_HAL_Driver/Src/stm32f4xx_hal_rcc_ex.c ****   * @brief  Get the RCC_PeriphCLKInitTypeDef according to the internal
1654:Drivers/STM32F4xx_HAL_Driver/Src/stm32f4xx_hal_rcc_ex.c ****   *         RCC configuration registers.
1655:Drivers/STM32F4xx_HAL_Driver/Src/stm32f4xx_hal_rcc_ex.c ****   * @param  PeriphClkInit pointer to an RCC_PeriphCLKInitTypeDef structure that
1656:Drivers/STM32F4xx_HAL_Driver/Src/stm32f4xx_hal_rcc_ex.c ****   *         will be configured.
1657:Drivers/STM32F4xx_HAL_Driver/Src/stm32f4xx_hal_rcc_ex.c ****   * @retval None
1658:Drivers/STM32F4xx_HAL_Driver/Src/stm32f4xx_hal_rcc_ex.c ****   */
1659:Drivers/STM32F4xx_HAL_Driver/Src/stm32f4xx_hal_rcc_ex.c **** void HAL_RCCEx_GetPeriphCLKConfig(RCC_PeriphCLKInitTypeDef  *PeriphClkInit)
1660:Drivers/STM32F4xx_HAL_Driver/Src/stm32f4xx_hal_rcc_ex.c **** {
1661:Drivers/STM32F4xx_HAL_Driver/Src/stm32f4xx_hal_rcc_ex.c ****   uint32_t tempreg;
1662:Drivers/STM32F4xx_HAL_Driver/Src/stm32f4xx_hal_rcc_ex.c **** 
1663:Drivers/STM32F4xx_HAL_Driver/Src/stm32f4xx_hal_rcc_ex.c ****   /* Set all possible values for the extended clock type parameter------------*/
1664:Drivers/STM32F4xx_HAL_Driver/Src/stm32f4xx_hal_rcc_ex.c **** #if defined(STM32F413xx) || defined(STM32F423xx)
1665:Drivers/STM32F4xx_HAL_Driver/Src/stm32f4xx_hal_rcc_ex.c ****   PeriphClkInit->PeriphClockSelection = RCC_PERIPHCLK_I2S_APB1     | RCC_PERIPHCLK_I2S_APB2 | \
1666:Drivers/STM32F4xx_HAL_Driver/Src/stm32f4xx_hal_rcc_ex.c ****                                         RCC_PERIPHCLK_TIM          | RCC_PERIPHCLK_RTC      | \
1667:Drivers/STM32F4xx_HAL_Driver/Src/stm32f4xx_hal_rcc_ex.c ****                                         RCC_PERIPHCLK_FMPI2C1      | RCC_PERIPHCLK_CLK48    | \
1668:Drivers/STM32F4xx_HAL_Driver/Src/stm32f4xx_hal_rcc_ex.c ****                                         RCC_PERIPHCLK_SDIO         | RCC_PERIPHCLK_DFSDM1   | \
1669:Drivers/STM32F4xx_HAL_Driver/Src/stm32f4xx_hal_rcc_ex.c ****                                         RCC_PERIPHCLK_DFSDM1_AUDIO | RCC_PERIPHCLK_DFSDM2   | \
1670:Drivers/STM32F4xx_HAL_Driver/Src/stm32f4xx_hal_rcc_ex.c ****                                         RCC_PERIPHCLK_DFSDM2_AUDIO | RCC_PERIPHCLK_LPTIM1   | \
1671:Drivers/STM32F4xx_HAL_Driver/Src/stm32f4xx_hal_rcc_ex.c ****                                         RCC_PERIPHCLK_SAIA         | RCC_PERIPHCLK_SAIB;
1672:Drivers/STM32F4xx_HAL_Driver/Src/stm32f4xx_hal_rcc_ex.c **** #else /* STM32F412Zx || STM32F412Vx || STM32F412Rx || STM32F412Cx */
1673:Drivers/STM32F4xx_HAL_Driver/Src/stm32f4xx_hal_rcc_ex.c ****   PeriphClkInit->PeriphClockSelection = RCC_PERIPHCLK_I2S_APB1 | RCC_PERIPHCLK_I2S_APB2 | \
ARM GAS  C:\Users\user\AppData\Local\Temp\ccuZOZlR.s 			page 68


1674:Drivers/STM32F4xx_HAL_Driver/Src/stm32f4xx_hal_rcc_ex.c ****                                         RCC_PERIPHCLK_TIM      | RCC_PERIPHCLK_RTC      | \
1675:Drivers/STM32F4xx_HAL_Driver/Src/stm32f4xx_hal_rcc_ex.c ****                                         RCC_PERIPHCLK_FMPI2C1  | RCC_PERIPHCLK_CLK48    | \
1676:Drivers/STM32F4xx_HAL_Driver/Src/stm32f4xx_hal_rcc_ex.c ****                                         RCC_PERIPHCLK_SDIO     | RCC_PERIPHCLK_DFSDM1   | \
1677:Drivers/STM32F4xx_HAL_Driver/Src/stm32f4xx_hal_rcc_ex.c ****                                         RCC_PERIPHCLK_DFSDM1_AUDIO;
1678:Drivers/STM32F4xx_HAL_Driver/Src/stm32f4xx_hal_rcc_ex.c **** #endif /* STM32F413xx || STM32F423xx */
1679:Drivers/STM32F4xx_HAL_Driver/Src/stm32f4xx_hal_rcc_ex.c **** 
1680:Drivers/STM32F4xx_HAL_Driver/Src/stm32f4xx_hal_rcc_ex.c **** 
1681:Drivers/STM32F4xx_HAL_Driver/Src/stm32f4xx_hal_rcc_ex.c **** 
1682:Drivers/STM32F4xx_HAL_Driver/Src/stm32f4xx_hal_rcc_ex.c ****   /* Get the PLLI2S Clock configuration --------------------------------------*/
1683:Drivers/STM32F4xx_HAL_Driver/Src/stm32f4xx_hal_rcc_ex.c ****   PeriphClkInit->PLLI2S.PLLI2SM = (uint32_t)((RCC->PLLI2SCFGR & RCC_PLLI2SCFGR_PLLI2SM) >> RCC_PLLI
1684:Drivers/STM32F4xx_HAL_Driver/Src/stm32f4xx_hal_rcc_ex.c ****   PeriphClkInit->PLLI2S.PLLI2SN = (uint32_t)((RCC->PLLI2SCFGR & RCC_PLLI2SCFGR_PLLI2SN) >> RCC_PLLI
1685:Drivers/STM32F4xx_HAL_Driver/Src/stm32f4xx_hal_rcc_ex.c ****   PeriphClkInit->PLLI2S.PLLI2SQ = (uint32_t)((RCC->PLLI2SCFGR & RCC_PLLI2SCFGR_PLLI2SQ) >> RCC_PLLI
1686:Drivers/STM32F4xx_HAL_Driver/Src/stm32f4xx_hal_rcc_ex.c ****   PeriphClkInit->PLLI2S.PLLI2SR = (uint32_t)((RCC->PLLI2SCFGR & RCC_PLLI2SCFGR_PLLI2SR) >> RCC_PLLI
1687:Drivers/STM32F4xx_HAL_Driver/Src/stm32f4xx_hal_rcc_ex.c **** #if defined(STM32F413xx) || defined(STM32F423xx)
1688:Drivers/STM32F4xx_HAL_Driver/Src/stm32f4xx_hal_rcc_ex.c ****   /* Get the PLL/PLLI2S division factors -------------------------------------*/
1689:Drivers/STM32F4xx_HAL_Driver/Src/stm32f4xx_hal_rcc_ex.c ****   PeriphClkInit->PLLI2SDivR = (uint32_t)((RCC->DCKCFGR & RCC_DCKCFGR_PLLI2SDIVR) >> RCC_DCKCFGR_PLL
1690:Drivers/STM32F4xx_HAL_Driver/Src/stm32f4xx_hal_rcc_ex.c ****   PeriphClkInit->PLLDivR = (uint32_t)((RCC->DCKCFGR & RCC_DCKCFGR_PLLDIVR) >> RCC_DCKCFGR_PLLDIVR_P
1691:Drivers/STM32F4xx_HAL_Driver/Src/stm32f4xx_hal_rcc_ex.c **** #endif /* STM32F413xx || STM32F423xx */
1692:Drivers/STM32F4xx_HAL_Driver/Src/stm32f4xx_hal_rcc_ex.c **** 
1693:Drivers/STM32F4xx_HAL_Driver/Src/stm32f4xx_hal_rcc_ex.c ****   /* Get the I2S APB1 clock configuration ------------------------------------*/
1694:Drivers/STM32F4xx_HAL_Driver/Src/stm32f4xx_hal_rcc_ex.c ****   PeriphClkInit->I2sApb1ClockSelection = __HAL_RCC_GET_I2S_APB1_SOURCE();
1695:Drivers/STM32F4xx_HAL_Driver/Src/stm32f4xx_hal_rcc_ex.c **** 
1696:Drivers/STM32F4xx_HAL_Driver/Src/stm32f4xx_hal_rcc_ex.c ****   /* Get the I2S APB2 clock configuration ------------------------------------*/
1697:Drivers/STM32F4xx_HAL_Driver/Src/stm32f4xx_hal_rcc_ex.c ****   PeriphClkInit->I2sApb2ClockSelection = __HAL_RCC_GET_I2S_APB2_SOURCE();
1698:Drivers/STM32F4xx_HAL_Driver/Src/stm32f4xx_hal_rcc_ex.c **** 
1699:Drivers/STM32F4xx_HAL_Driver/Src/stm32f4xx_hal_rcc_ex.c ****   /* Get the RTC Clock configuration -----------------------------------------*/
1700:Drivers/STM32F4xx_HAL_Driver/Src/stm32f4xx_hal_rcc_ex.c ****   tempreg = (RCC->CFGR & RCC_CFGR_RTCPRE);
1701:Drivers/STM32F4xx_HAL_Driver/Src/stm32f4xx_hal_rcc_ex.c ****   PeriphClkInit->RTCClockSelection = (uint32_t)((tempreg) | (RCC->BDCR & RCC_BDCR_RTCSEL));
1702:Drivers/STM32F4xx_HAL_Driver/Src/stm32f4xx_hal_rcc_ex.c **** 
1703:Drivers/STM32F4xx_HAL_Driver/Src/stm32f4xx_hal_rcc_ex.c ****   /* Get the FMPI2C1 clock configuration -------------------------------------*/
1704:Drivers/STM32F4xx_HAL_Driver/Src/stm32f4xx_hal_rcc_ex.c ****   PeriphClkInit->Fmpi2c1ClockSelection = __HAL_RCC_GET_FMPI2C1_SOURCE();
1705:Drivers/STM32F4xx_HAL_Driver/Src/stm32f4xx_hal_rcc_ex.c **** 
1706:Drivers/STM32F4xx_HAL_Driver/Src/stm32f4xx_hal_rcc_ex.c ****   /* Get the CLK48 clock configuration ---------------------------------------*/
1707:Drivers/STM32F4xx_HAL_Driver/Src/stm32f4xx_hal_rcc_ex.c ****   PeriphClkInit->Clk48ClockSelection = __HAL_RCC_GET_CLK48_SOURCE();
1708:Drivers/STM32F4xx_HAL_Driver/Src/stm32f4xx_hal_rcc_ex.c **** 
1709:Drivers/STM32F4xx_HAL_Driver/Src/stm32f4xx_hal_rcc_ex.c ****   /* Get the SDIO clock configuration ----------------------------------------*/
1710:Drivers/STM32F4xx_HAL_Driver/Src/stm32f4xx_hal_rcc_ex.c ****   PeriphClkInit->SdioClockSelection = __HAL_RCC_GET_SDIO_SOURCE();
1711:Drivers/STM32F4xx_HAL_Driver/Src/stm32f4xx_hal_rcc_ex.c **** 
1712:Drivers/STM32F4xx_HAL_Driver/Src/stm32f4xx_hal_rcc_ex.c ****   /* Get the DFSDM1 clock configuration --------------------------------------*/
1713:Drivers/STM32F4xx_HAL_Driver/Src/stm32f4xx_hal_rcc_ex.c ****   PeriphClkInit->Dfsdm1ClockSelection = __HAL_RCC_GET_DFSDM1_SOURCE();
1714:Drivers/STM32F4xx_HAL_Driver/Src/stm32f4xx_hal_rcc_ex.c **** 
1715:Drivers/STM32F4xx_HAL_Driver/Src/stm32f4xx_hal_rcc_ex.c ****   /* Get the DFSDM1 Audio clock configuration --------------------------------*/
1716:Drivers/STM32F4xx_HAL_Driver/Src/stm32f4xx_hal_rcc_ex.c ****   PeriphClkInit->Dfsdm1AudioClockSelection = __HAL_RCC_GET_DFSDM1AUDIO_SOURCE();
1717:Drivers/STM32F4xx_HAL_Driver/Src/stm32f4xx_hal_rcc_ex.c **** 
1718:Drivers/STM32F4xx_HAL_Driver/Src/stm32f4xx_hal_rcc_ex.c **** #if defined(STM32F413xx) || defined(STM32F423xx)
1719:Drivers/STM32F4xx_HAL_Driver/Src/stm32f4xx_hal_rcc_ex.c ****   /* Get the DFSDM2 clock configuration --------------------------------------*/
1720:Drivers/STM32F4xx_HAL_Driver/Src/stm32f4xx_hal_rcc_ex.c ****   PeriphClkInit->Dfsdm2ClockSelection = __HAL_RCC_GET_DFSDM2_SOURCE();
1721:Drivers/STM32F4xx_HAL_Driver/Src/stm32f4xx_hal_rcc_ex.c **** 
1722:Drivers/STM32F4xx_HAL_Driver/Src/stm32f4xx_hal_rcc_ex.c ****   /* Get the DFSDM2 Audio clock configuration --------------------------------*/
1723:Drivers/STM32F4xx_HAL_Driver/Src/stm32f4xx_hal_rcc_ex.c ****   PeriphClkInit->Dfsdm2AudioClockSelection = __HAL_RCC_GET_DFSDM2AUDIO_SOURCE();
1724:Drivers/STM32F4xx_HAL_Driver/Src/stm32f4xx_hal_rcc_ex.c **** 
1725:Drivers/STM32F4xx_HAL_Driver/Src/stm32f4xx_hal_rcc_ex.c ****   /* Get the LPTIM1 clock configuration --------------------------------------*/
1726:Drivers/STM32F4xx_HAL_Driver/Src/stm32f4xx_hal_rcc_ex.c ****   PeriphClkInit->Lptim1ClockSelection = __HAL_RCC_GET_LPTIM1_SOURCE();
1727:Drivers/STM32F4xx_HAL_Driver/Src/stm32f4xx_hal_rcc_ex.c **** 
1728:Drivers/STM32F4xx_HAL_Driver/Src/stm32f4xx_hal_rcc_ex.c ****   /* Get the SAI1 Block Aclock configuration ---------------------------------*/
1729:Drivers/STM32F4xx_HAL_Driver/Src/stm32f4xx_hal_rcc_ex.c ****   PeriphClkInit->SaiAClockSelection = __HAL_RCC_GET_SAI_BLOCKA_SOURCE();
1730:Drivers/STM32F4xx_HAL_Driver/Src/stm32f4xx_hal_rcc_ex.c **** 
ARM GAS  C:\Users\user\AppData\Local\Temp\ccuZOZlR.s 			page 69


1731:Drivers/STM32F4xx_HAL_Driver/Src/stm32f4xx_hal_rcc_ex.c ****   /* Get the SAI1 Block B clock configuration --------------------------------*/
1732:Drivers/STM32F4xx_HAL_Driver/Src/stm32f4xx_hal_rcc_ex.c ****   PeriphClkInit->SaiBClockSelection = __HAL_RCC_GET_SAI_BLOCKB_SOURCE();
1733:Drivers/STM32F4xx_HAL_Driver/Src/stm32f4xx_hal_rcc_ex.c **** #endif /* STM32F413xx || STM32F423xx */
1734:Drivers/STM32F4xx_HAL_Driver/Src/stm32f4xx_hal_rcc_ex.c **** 
1735:Drivers/STM32F4xx_HAL_Driver/Src/stm32f4xx_hal_rcc_ex.c ****   /* Get the TIM Prescaler configuration -------------------------------------*/
1736:Drivers/STM32F4xx_HAL_Driver/Src/stm32f4xx_hal_rcc_ex.c ****   if ((RCC->DCKCFGR & RCC_DCKCFGR_TIMPRE) == RESET)
1737:Drivers/STM32F4xx_HAL_Driver/Src/stm32f4xx_hal_rcc_ex.c ****   {
1738:Drivers/STM32F4xx_HAL_Driver/Src/stm32f4xx_hal_rcc_ex.c ****     PeriphClkInit->TIMPresSelection = RCC_TIMPRES_DESACTIVATED;
1739:Drivers/STM32F4xx_HAL_Driver/Src/stm32f4xx_hal_rcc_ex.c ****   }
1740:Drivers/STM32F4xx_HAL_Driver/Src/stm32f4xx_hal_rcc_ex.c ****   else
1741:Drivers/STM32F4xx_HAL_Driver/Src/stm32f4xx_hal_rcc_ex.c ****   {
1742:Drivers/STM32F4xx_HAL_Driver/Src/stm32f4xx_hal_rcc_ex.c ****     PeriphClkInit->TIMPresSelection = RCC_TIMPRES_ACTIVATED;
1743:Drivers/STM32F4xx_HAL_Driver/Src/stm32f4xx_hal_rcc_ex.c ****   }
1744:Drivers/STM32F4xx_HAL_Driver/Src/stm32f4xx_hal_rcc_ex.c **** }
1745:Drivers/STM32F4xx_HAL_Driver/Src/stm32f4xx_hal_rcc_ex.c **** 
1746:Drivers/STM32F4xx_HAL_Driver/Src/stm32f4xx_hal_rcc_ex.c **** /**
1747:Drivers/STM32F4xx_HAL_Driver/Src/stm32f4xx_hal_rcc_ex.c ****   * @brief  Return the peripheral clock frequency for a given peripheral(I2S..)
1748:Drivers/STM32F4xx_HAL_Driver/Src/stm32f4xx_hal_rcc_ex.c ****   * @note   Return 0 if peripheral clock identifier not managed by this API
1749:Drivers/STM32F4xx_HAL_Driver/Src/stm32f4xx_hal_rcc_ex.c ****   * @param  PeriphClk Peripheral clock identifier
1750:Drivers/STM32F4xx_HAL_Driver/Src/stm32f4xx_hal_rcc_ex.c ****   *         This parameter can be one of the following values:
1751:Drivers/STM32F4xx_HAL_Driver/Src/stm32f4xx_hal_rcc_ex.c ****   *            @arg RCC_PERIPHCLK_I2S_APB1: I2S APB1 peripheral clock
1752:Drivers/STM32F4xx_HAL_Driver/Src/stm32f4xx_hal_rcc_ex.c ****   *            @arg RCC_PERIPHCLK_I2S_APB2: I2S APB2 peripheral clock
1753:Drivers/STM32F4xx_HAL_Driver/Src/stm32f4xx_hal_rcc_ex.c ****   * @retval Frequency in KHz
1754:Drivers/STM32F4xx_HAL_Driver/Src/stm32f4xx_hal_rcc_ex.c ****   */
1755:Drivers/STM32F4xx_HAL_Driver/Src/stm32f4xx_hal_rcc_ex.c **** uint32_t HAL_RCCEx_GetPeriphCLKFreq(uint32_t PeriphClk)
1756:Drivers/STM32F4xx_HAL_Driver/Src/stm32f4xx_hal_rcc_ex.c **** {
1757:Drivers/STM32F4xx_HAL_Driver/Src/stm32f4xx_hal_rcc_ex.c ****   /* This variable used to store the I2S clock frequency (value in Hz) */
1758:Drivers/STM32F4xx_HAL_Driver/Src/stm32f4xx_hal_rcc_ex.c ****   uint32_t frequency = 0U;
1759:Drivers/STM32F4xx_HAL_Driver/Src/stm32f4xx_hal_rcc_ex.c ****   /* This variable used to store the VCO Input (value in Hz) */
1760:Drivers/STM32F4xx_HAL_Driver/Src/stm32f4xx_hal_rcc_ex.c ****   uint32_t vcoinput = 0U;
1761:Drivers/STM32F4xx_HAL_Driver/Src/stm32f4xx_hal_rcc_ex.c ****   uint32_t srcclk = 0U;
1762:Drivers/STM32F4xx_HAL_Driver/Src/stm32f4xx_hal_rcc_ex.c ****   /* This variable used to store the VCO Output (value in Hz) */
1763:Drivers/STM32F4xx_HAL_Driver/Src/stm32f4xx_hal_rcc_ex.c ****   uint32_t vcooutput = 0U;
1764:Drivers/STM32F4xx_HAL_Driver/Src/stm32f4xx_hal_rcc_ex.c ****   switch (PeriphClk)
1765:Drivers/STM32F4xx_HAL_Driver/Src/stm32f4xx_hal_rcc_ex.c ****   {
1766:Drivers/STM32F4xx_HAL_Driver/Src/stm32f4xx_hal_rcc_ex.c ****     case RCC_PERIPHCLK_I2S_APB1:
1767:Drivers/STM32F4xx_HAL_Driver/Src/stm32f4xx_hal_rcc_ex.c ****     {
1768:Drivers/STM32F4xx_HAL_Driver/Src/stm32f4xx_hal_rcc_ex.c ****       /* Get the current I2S source */
1769:Drivers/STM32F4xx_HAL_Driver/Src/stm32f4xx_hal_rcc_ex.c ****       srcclk = __HAL_RCC_GET_I2S_APB1_SOURCE();
1770:Drivers/STM32F4xx_HAL_Driver/Src/stm32f4xx_hal_rcc_ex.c ****       switch (srcclk)
1771:Drivers/STM32F4xx_HAL_Driver/Src/stm32f4xx_hal_rcc_ex.c ****       {
1772:Drivers/STM32F4xx_HAL_Driver/Src/stm32f4xx_hal_rcc_ex.c ****         /* Check if I2S clock selection is External clock mapped on the I2S_CKIN pin used as I2S cl
1773:Drivers/STM32F4xx_HAL_Driver/Src/stm32f4xx_hal_rcc_ex.c ****         case RCC_I2SAPB1CLKSOURCE_EXT:
1774:Drivers/STM32F4xx_HAL_Driver/Src/stm32f4xx_hal_rcc_ex.c ****         {
1775:Drivers/STM32F4xx_HAL_Driver/Src/stm32f4xx_hal_rcc_ex.c ****           /* Set the I2S clock to the external clock  value */
1776:Drivers/STM32F4xx_HAL_Driver/Src/stm32f4xx_hal_rcc_ex.c ****           frequency = EXTERNAL_CLOCK_VALUE;
1777:Drivers/STM32F4xx_HAL_Driver/Src/stm32f4xx_hal_rcc_ex.c ****           break;
1778:Drivers/STM32F4xx_HAL_Driver/Src/stm32f4xx_hal_rcc_ex.c ****         }
1779:Drivers/STM32F4xx_HAL_Driver/Src/stm32f4xx_hal_rcc_ex.c ****         /* Check if I2S clock selection is PLLI2S VCO output clock divided by PLLI2SR used as I2S c
1780:Drivers/STM32F4xx_HAL_Driver/Src/stm32f4xx_hal_rcc_ex.c ****         case RCC_I2SAPB1CLKSOURCE_PLLI2S:
1781:Drivers/STM32F4xx_HAL_Driver/Src/stm32f4xx_hal_rcc_ex.c ****         {
1782:Drivers/STM32F4xx_HAL_Driver/Src/stm32f4xx_hal_rcc_ex.c ****           if ((RCC->PLLI2SCFGR & RCC_PLLI2SCFGR_PLLI2SSRC) == RCC_PLLI2SCFGR_PLLI2SSRC)
1783:Drivers/STM32F4xx_HAL_Driver/Src/stm32f4xx_hal_rcc_ex.c ****           {
1784:Drivers/STM32F4xx_HAL_Driver/Src/stm32f4xx_hal_rcc_ex.c ****             /* Get the I2S source clock value */
1785:Drivers/STM32F4xx_HAL_Driver/Src/stm32f4xx_hal_rcc_ex.c ****             vcoinput = (uint32_t)(EXTERNAL_CLOCK_VALUE / (uint32_t)(RCC->PLLI2SCFGR & RCC_PLLI2SCFG
1786:Drivers/STM32F4xx_HAL_Driver/Src/stm32f4xx_hal_rcc_ex.c ****           }
1787:Drivers/STM32F4xx_HAL_Driver/Src/stm32f4xx_hal_rcc_ex.c ****           else
ARM GAS  C:\Users\user\AppData\Local\Temp\ccuZOZlR.s 			page 70


1788:Drivers/STM32F4xx_HAL_Driver/Src/stm32f4xx_hal_rcc_ex.c ****           {
1789:Drivers/STM32F4xx_HAL_Driver/Src/stm32f4xx_hal_rcc_ex.c ****             /* Configure the PLLI2S division factor */
1790:Drivers/STM32F4xx_HAL_Driver/Src/stm32f4xx_hal_rcc_ex.c ****             /* PLLI2S_VCO Input  = PLL_SOURCE/PLLI2SM */
1791:Drivers/STM32F4xx_HAL_Driver/Src/stm32f4xx_hal_rcc_ex.c ****             if ((RCC->PLLCFGR & RCC_PLLCFGR_PLLSRC) == RCC_PLLSOURCE_HSE)
1792:Drivers/STM32F4xx_HAL_Driver/Src/stm32f4xx_hal_rcc_ex.c ****             {
1793:Drivers/STM32F4xx_HAL_Driver/Src/stm32f4xx_hal_rcc_ex.c ****               /* Get the I2S source clock value */
1794:Drivers/STM32F4xx_HAL_Driver/Src/stm32f4xx_hal_rcc_ex.c ****               vcoinput = (uint32_t)(HSE_VALUE / (uint32_t)(RCC->PLLI2SCFGR & RCC_PLLI2SCFGR_PLLI2SM
1795:Drivers/STM32F4xx_HAL_Driver/Src/stm32f4xx_hal_rcc_ex.c ****             }
1796:Drivers/STM32F4xx_HAL_Driver/Src/stm32f4xx_hal_rcc_ex.c ****             else
1797:Drivers/STM32F4xx_HAL_Driver/Src/stm32f4xx_hal_rcc_ex.c ****             {
1798:Drivers/STM32F4xx_HAL_Driver/Src/stm32f4xx_hal_rcc_ex.c ****               /* Get the I2S source clock value */
1799:Drivers/STM32F4xx_HAL_Driver/Src/stm32f4xx_hal_rcc_ex.c ****               vcoinput = (uint32_t)(HSI_VALUE / (uint32_t)(RCC->PLLI2SCFGR & RCC_PLLI2SCFGR_PLLI2SM
1800:Drivers/STM32F4xx_HAL_Driver/Src/stm32f4xx_hal_rcc_ex.c ****             }
1801:Drivers/STM32F4xx_HAL_Driver/Src/stm32f4xx_hal_rcc_ex.c ****           }
1802:Drivers/STM32F4xx_HAL_Driver/Src/stm32f4xx_hal_rcc_ex.c ****           /* PLLI2S_VCO Output = PLLI2S_VCO Input * PLLI2SN */
1803:Drivers/STM32F4xx_HAL_Driver/Src/stm32f4xx_hal_rcc_ex.c ****           vcooutput = (uint32_t)(vcoinput * (((RCC->PLLI2SCFGR & RCC_PLLI2SCFGR_PLLI2SN) >> 6U) & (
1804:Drivers/STM32F4xx_HAL_Driver/Src/stm32f4xx_hal_rcc_ex.c ****           /* I2S_CLK = PLLI2S_VCO Output/PLLI2SR */
1805:Drivers/STM32F4xx_HAL_Driver/Src/stm32f4xx_hal_rcc_ex.c ****           frequency = (uint32_t)(vcooutput / (((RCC->PLLI2SCFGR & RCC_PLLI2SCFGR_PLLI2SR) >> 28U) &
1806:Drivers/STM32F4xx_HAL_Driver/Src/stm32f4xx_hal_rcc_ex.c ****           break;
1807:Drivers/STM32F4xx_HAL_Driver/Src/stm32f4xx_hal_rcc_ex.c ****         }
1808:Drivers/STM32F4xx_HAL_Driver/Src/stm32f4xx_hal_rcc_ex.c ****         /* Check if I2S clock selection is PLL VCO Output divided by PLLR used as I2S clock */
1809:Drivers/STM32F4xx_HAL_Driver/Src/stm32f4xx_hal_rcc_ex.c ****         case RCC_I2SAPB1CLKSOURCE_PLLR:
1810:Drivers/STM32F4xx_HAL_Driver/Src/stm32f4xx_hal_rcc_ex.c ****         {
1811:Drivers/STM32F4xx_HAL_Driver/Src/stm32f4xx_hal_rcc_ex.c ****           /* Configure the PLL division factor R */
1812:Drivers/STM32F4xx_HAL_Driver/Src/stm32f4xx_hal_rcc_ex.c ****           /* PLL_VCO Input  = PLL_SOURCE/PLLM */
1813:Drivers/STM32F4xx_HAL_Driver/Src/stm32f4xx_hal_rcc_ex.c ****           if ((RCC->PLLCFGR & RCC_PLLCFGR_PLLSRC) == RCC_PLLSOURCE_HSE)
1814:Drivers/STM32F4xx_HAL_Driver/Src/stm32f4xx_hal_rcc_ex.c ****           {
1815:Drivers/STM32F4xx_HAL_Driver/Src/stm32f4xx_hal_rcc_ex.c ****             /* Get the I2S source clock value */
1816:Drivers/STM32F4xx_HAL_Driver/Src/stm32f4xx_hal_rcc_ex.c ****             vcoinput = (uint32_t)(HSE_VALUE / (uint32_t)(RCC->PLLCFGR & RCC_PLLCFGR_PLLM));
1817:Drivers/STM32F4xx_HAL_Driver/Src/stm32f4xx_hal_rcc_ex.c ****           }
1818:Drivers/STM32F4xx_HAL_Driver/Src/stm32f4xx_hal_rcc_ex.c ****           else
1819:Drivers/STM32F4xx_HAL_Driver/Src/stm32f4xx_hal_rcc_ex.c ****           {
1820:Drivers/STM32F4xx_HAL_Driver/Src/stm32f4xx_hal_rcc_ex.c ****             /* Get the I2S source clock value */
1821:Drivers/STM32F4xx_HAL_Driver/Src/stm32f4xx_hal_rcc_ex.c ****             vcoinput = (uint32_t)(HSI_VALUE / (uint32_t)(RCC->PLLCFGR & RCC_PLLCFGR_PLLM));
1822:Drivers/STM32F4xx_HAL_Driver/Src/stm32f4xx_hal_rcc_ex.c ****           }
1823:Drivers/STM32F4xx_HAL_Driver/Src/stm32f4xx_hal_rcc_ex.c **** 
1824:Drivers/STM32F4xx_HAL_Driver/Src/stm32f4xx_hal_rcc_ex.c ****           /* PLL_VCO Output = PLL_VCO Input * PLLN */
1825:Drivers/STM32F4xx_HAL_Driver/Src/stm32f4xx_hal_rcc_ex.c ****           vcooutput = (uint32_t)(vcoinput * (((RCC->PLLCFGR & RCC_PLLCFGR_PLLN) >> 6U) & (RCC_PLLCF
1826:Drivers/STM32F4xx_HAL_Driver/Src/stm32f4xx_hal_rcc_ex.c ****           /* I2S_CLK = PLL_VCO Output/PLLR */
1827:Drivers/STM32F4xx_HAL_Driver/Src/stm32f4xx_hal_rcc_ex.c ****           frequency = (uint32_t)(vcooutput / (((RCC->PLLCFGR & RCC_PLLCFGR_PLLR) >> 28U) & (RCC_PLL
1828:Drivers/STM32F4xx_HAL_Driver/Src/stm32f4xx_hal_rcc_ex.c ****           break;
1829:Drivers/STM32F4xx_HAL_Driver/Src/stm32f4xx_hal_rcc_ex.c ****         }
1830:Drivers/STM32F4xx_HAL_Driver/Src/stm32f4xx_hal_rcc_ex.c ****         /* Check if I2S clock selection is HSI or HSE depending from PLL source Clock */
1831:Drivers/STM32F4xx_HAL_Driver/Src/stm32f4xx_hal_rcc_ex.c ****         case RCC_I2SAPB1CLKSOURCE_PLLSRC:
1832:Drivers/STM32F4xx_HAL_Driver/Src/stm32f4xx_hal_rcc_ex.c ****         {
1833:Drivers/STM32F4xx_HAL_Driver/Src/stm32f4xx_hal_rcc_ex.c ****           if ((RCC->PLLCFGR & RCC_PLLCFGR_PLLSRC) == RCC_PLLSOURCE_HSE)
1834:Drivers/STM32F4xx_HAL_Driver/Src/stm32f4xx_hal_rcc_ex.c ****           {
1835:Drivers/STM32F4xx_HAL_Driver/Src/stm32f4xx_hal_rcc_ex.c ****             frequency = HSE_VALUE;
1836:Drivers/STM32F4xx_HAL_Driver/Src/stm32f4xx_hal_rcc_ex.c ****           }
1837:Drivers/STM32F4xx_HAL_Driver/Src/stm32f4xx_hal_rcc_ex.c ****           else
1838:Drivers/STM32F4xx_HAL_Driver/Src/stm32f4xx_hal_rcc_ex.c ****           {
1839:Drivers/STM32F4xx_HAL_Driver/Src/stm32f4xx_hal_rcc_ex.c ****             frequency = HSI_VALUE;
1840:Drivers/STM32F4xx_HAL_Driver/Src/stm32f4xx_hal_rcc_ex.c ****           }
1841:Drivers/STM32F4xx_HAL_Driver/Src/stm32f4xx_hal_rcc_ex.c ****           break;
1842:Drivers/STM32F4xx_HAL_Driver/Src/stm32f4xx_hal_rcc_ex.c ****         }
1843:Drivers/STM32F4xx_HAL_Driver/Src/stm32f4xx_hal_rcc_ex.c ****         /* Clock not enabled for I2S*/
1844:Drivers/STM32F4xx_HAL_Driver/Src/stm32f4xx_hal_rcc_ex.c ****         default:
ARM GAS  C:\Users\user\AppData\Local\Temp\ccuZOZlR.s 			page 71


1845:Drivers/STM32F4xx_HAL_Driver/Src/stm32f4xx_hal_rcc_ex.c ****         {
1846:Drivers/STM32F4xx_HAL_Driver/Src/stm32f4xx_hal_rcc_ex.c ****           frequency = 0U;
1847:Drivers/STM32F4xx_HAL_Driver/Src/stm32f4xx_hal_rcc_ex.c ****           break;
1848:Drivers/STM32F4xx_HAL_Driver/Src/stm32f4xx_hal_rcc_ex.c ****         }
1849:Drivers/STM32F4xx_HAL_Driver/Src/stm32f4xx_hal_rcc_ex.c ****       }
1850:Drivers/STM32F4xx_HAL_Driver/Src/stm32f4xx_hal_rcc_ex.c ****       break;
1851:Drivers/STM32F4xx_HAL_Driver/Src/stm32f4xx_hal_rcc_ex.c ****     }
1852:Drivers/STM32F4xx_HAL_Driver/Src/stm32f4xx_hal_rcc_ex.c ****     case RCC_PERIPHCLK_I2S_APB2:
1853:Drivers/STM32F4xx_HAL_Driver/Src/stm32f4xx_hal_rcc_ex.c ****     {
1854:Drivers/STM32F4xx_HAL_Driver/Src/stm32f4xx_hal_rcc_ex.c ****       /* Get the current I2S source */
1855:Drivers/STM32F4xx_HAL_Driver/Src/stm32f4xx_hal_rcc_ex.c ****       srcclk = __HAL_RCC_GET_I2S_APB2_SOURCE();
1856:Drivers/STM32F4xx_HAL_Driver/Src/stm32f4xx_hal_rcc_ex.c ****       switch (srcclk)
1857:Drivers/STM32F4xx_HAL_Driver/Src/stm32f4xx_hal_rcc_ex.c ****       {
1858:Drivers/STM32F4xx_HAL_Driver/Src/stm32f4xx_hal_rcc_ex.c ****         /* Check if I2S clock selection is External clock mapped on the I2S_CKIN pin used as I2S cl
1859:Drivers/STM32F4xx_HAL_Driver/Src/stm32f4xx_hal_rcc_ex.c ****         case RCC_I2SAPB2CLKSOURCE_EXT:
1860:Drivers/STM32F4xx_HAL_Driver/Src/stm32f4xx_hal_rcc_ex.c ****         {
1861:Drivers/STM32F4xx_HAL_Driver/Src/stm32f4xx_hal_rcc_ex.c ****           /* Set the I2S clock to the external clock  value */
1862:Drivers/STM32F4xx_HAL_Driver/Src/stm32f4xx_hal_rcc_ex.c ****           frequency = EXTERNAL_CLOCK_VALUE;
1863:Drivers/STM32F4xx_HAL_Driver/Src/stm32f4xx_hal_rcc_ex.c ****           break;
1864:Drivers/STM32F4xx_HAL_Driver/Src/stm32f4xx_hal_rcc_ex.c ****         }
1865:Drivers/STM32F4xx_HAL_Driver/Src/stm32f4xx_hal_rcc_ex.c ****         /* Check if I2S clock selection is PLLI2S VCO output clock divided by PLLI2SR used as I2S c
1866:Drivers/STM32F4xx_HAL_Driver/Src/stm32f4xx_hal_rcc_ex.c ****         case RCC_I2SAPB2CLKSOURCE_PLLI2S:
1867:Drivers/STM32F4xx_HAL_Driver/Src/stm32f4xx_hal_rcc_ex.c ****         {
1868:Drivers/STM32F4xx_HAL_Driver/Src/stm32f4xx_hal_rcc_ex.c ****           if ((RCC->PLLI2SCFGR & RCC_PLLI2SCFGR_PLLI2SSRC) == RCC_PLLI2SCFGR_PLLI2SSRC)
1869:Drivers/STM32F4xx_HAL_Driver/Src/stm32f4xx_hal_rcc_ex.c ****           {
1870:Drivers/STM32F4xx_HAL_Driver/Src/stm32f4xx_hal_rcc_ex.c ****             /* Get the I2S source clock value */
1871:Drivers/STM32F4xx_HAL_Driver/Src/stm32f4xx_hal_rcc_ex.c ****             vcoinput = (uint32_t)(EXTERNAL_CLOCK_VALUE / (uint32_t)(RCC->PLLI2SCFGR & RCC_PLLI2SCFG
1872:Drivers/STM32F4xx_HAL_Driver/Src/stm32f4xx_hal_rcc_ex.c ****           }
1873:Drivers/STM32F4xx_HAL_Driver/Src/stm32f4xx_hal_rcc_ex.c ****           else
1874:Drivers/STM32F4xx_HAL_Driver/Src/stm32f4xx_hal_rcc_ex.c ****           {
1875:Drivers/STM32F4xx_HAL_Driver/Src/stm32f4xx_hal_rcc_ex.c ****             /* Configure the PLLI2S division factor */
1876:Drivers/STM32F4xx_HAL_Driver/Src/stm32f4xx_hal_rcc_ex.c ****             /* PLLI2S_VCO Input  = PLL_SOURCE/PLLI2SM */
1877:Drivers/STM32F4xx_HAL_Driver/Src/stm32f4xx_hal_rcc_ex.c ****             if ((RCC->PLLCFGR & RCC_PLLCFGR_PLLSRC) == RCC_PLLSOURCE_HSE)
1878:Drivers/STM32F4xx_HAL_Driver/Src/stm32f4xx_hal_rcc_ex.c ****             {
1879:Drivers/STM32F4xx_HAL_Driver/Src/stm32f4xx_hal_rcc_ex.c ****               /* Get the I2S source clock value */
1880:Drivers/STM32F4xx_HAL_Driver/Src/stm32f4xx_hal_rcc_ex.c ****               vcoinput = (uint32_t)(HSE_VALUE / (uint32_t)(RCC->PLLI2SCFGR & RCC_PLLI2SCFGR_PLLI2SM
1881:Drivers/STM32F4xx_HAL_Driver/Src/stm32f4xx_hal_rcc_ex.c ****             }
1882:Drivers/STM32F4xx_HAL_Driver/Src/stm32f4xx_hal_rcc_ex.c ****             else
1883:Drivers/STM32F4xx_HAL_Driver/Src/stm32f4xx_hal_rcc_ex.c ****             {
1884:Drivers/STM32F4xx_HAL_Driver/Src/stm32f4xx_hal_rcc_ex.c ****               /* Get the I2S source clock value */
1885:Drivers/STM32F4xx_HAL_Driver/Src/stm32f4xx_hal_rcc_ex.c ****               vcoinput = (uint32_t)(HSI_VALUE / (uint32_t)(RCC->PLLI2SCFGR & RCC_PLLI2SCFGR_PLLI2SM
1886:Drivers/STM32F4xx_HAL_Driver/Src/stm32f4xx_hal_rcc_ex.c ****             }
1887:Drivers/STM32F4xx_HAL_Driver/Src/stm32f4xx_hal_rcc_ex.c ****           }
1888:Drivers/STM32F4xx_HAL_Driver/Src/stm32f4xx_hal_rcc_ex.c ****           /* PLLI2S_VCO Output = PLLI2S_VCO Input * PLLI2SN */
1889:Drivers/STM32F4xx_HAL_Driver/Src/stm32f4xx_hal_rcc_ex.c ****           vcooutput = (uint32_t)(vcoinput * (((RCC->PLLI2SCFGR & RCC_PLLI2SCFGR_PLLI2SN) >> 6U) & (
1890:Drivers/STM32F4xx_HAL_Driver/Src/stm32f4xx_hal_rcc_ex.c ****           /* I2S_CLK = PLLI2S_VCO Output/PLLI2SR */
1891:Drivers/STM32F4xx_HAL_Driver/Src/stm32f4xx_hal_rcc_ex.c ****           frequency = (uint32_t)(vcooutput / (((RCC->PLLI2SCFGR & RCC_PLLI2SCFGR_PLLI2SR) >> 28U) &
1892:Drivers/STM32F4xx_HAL_Driver/Src/stm32f4xx_hal_rcc_ex.c ****           break;
1893:Drivers/STM32F4xx_HAL_Driver/Src/stm32f4xx_hal_rcc_ex.c ****         }
1894:Drivers/STM32F4xx_HAL_Driver/Src/stm32f4xx_hal_rcc_ex.c ****         /* Check if I2S clock selection is PLL VCO Output divided by PLLR used as I2S clock */
1895:Drivers/STM32F4xx_HAL_Driver/Src/stm32f4xx_hal_rcc_ex.c ****         case RCC_I2SAPB2CLKSOURCE_PLLR:
1896:Drivers/STM32F4xx_HAL_Driver/Src/stm32f4xx_hal_rcc_ex.c ****         {
1897:Drivers/STM32F4xx_HAL_Driver/Src/stm32f4xx_hal_rcc_ex.c ****           /* Configure the PLL division factor R */
1898:Drivers/STM32F4xx_HAL_Driver/Src/stm32f4xx_hal_rcc_ex.c ****           /* PLL_VCO Input  = PLL_SOURCE/PLLM */
1899:Drivers/STM32F4xx_HAL_Driver/Src/stm32f4xx_hal_rcc_ex.c ****           if ((RCC->PLLCFGR & RCC_PLLCFGR_PLLSRC) == RCC_PLLSOURCE_HSE)
1900:Drivers/STM32F4xx_HAL_Driver/Src/stm32f4xx_hal_rcc_ex.c ****           {
1901:Drivers/STM32F4xx_HAL_Driver/Src/stm32f4xx_hal_rcc_ex.c ****             /* Get the I2S source clock value */
ARM GAS  C:\Users\user\AppData\Local\Temp\ccuZOZlR.s 			page 72


1902:Drivers/STM32F4xx_HAL_Driver/Src/stm32f4xx_hal_rcc_ex.c ****             vcoinput = (uint32_t)(HSE_VALUE / (uint32_t)(RCC->PLLCFGR & RCC_PLLCFGR_PLLM));
1903:Drivers/STM32F4xx_HAL_Driver/Src/stm32f4xx_hal_rcc_ex.c ****           }
1904:Drivers/STM32F4xx_HAL_Driver/Src/stm32f4xx_hal_rcc_ex.c ****           else
1905:Drivers/STM32F4xx_HAL_Driver/Src/stm32f4xx_hal_rcc_ex.c ****           {
1906:Drivers/STM32F4xx_HAL_Driver/Src/stm32f4xx_hal_rcc_ex.c ****             /* Get the I2S source clock value */
1907:Drivers/STM32F4xx_HAL_Driver/Src/stm32f4xx_hal_rcc_ex.c ****             vcoinput = (uint32_t)(HSI_VALUE / (uint32_t)(RCC->PLLCFGR & RCC_PLLCFGR_PLLM));
1908:Drivers/STM32F4xx_HAL_Driver/Src/stm32f4xx_hal_rcc_ex.c ****           }
1909:Drivers/STM32F4xx_HAL_Driver/Src/stm32f4xx_hal_rcc_ex.c **** 
1910:Drivers/STM32F4xx_HAL_Driver/Src/stm32f4xx_hal_rcc_ex.c ****           /* PLL_VCO Output = PLL_VCO Input * PLLN */
1911:Drivers/STM32F4xx_HAL_Driver/Src/stm32f4xx_hal_rcc_ex.c ****           vcooutput = (uint32_t)(vcoinput * (((RCC->PLLCFGR & RCC_PLLCFGR_PLLN) >> 6U) & (RCC_PLLCF
1912:Drivers/STM32F4xx_HAL_Driver/Src/stm32f4xx_hal_rcc_ex.c ****           /* I2S_CLK = PLL_VCO Output/PLLR */
1913:Drivers/STM32F4xx_HAL_Driver/Src/stm32f4xx_hal_rcc_ex.c ****           frequency = (uint32_t)(vcooutput / (((RCC->PLLCFGR & RCC_PLLCFGR_PLLR) >> 28U) & (RCC_PLL
1914:Drivers/STM32F4xx_HAL_Driver/Src/stm32f4xx_hal_rcc_ex.c ****           break;
1915:Drivers/STM32F4xx_HAL_Driver/Src/stm32f4xx_hal_rcc_ex.c ****         }
1916:Drivers/STM32F4xx_HAL_Driver/Src/stm32f4xx_hal_rcc_ex.c ****         /* Check if I2S clock selection is HSI or HSE depending from PLL source Clock */
1917:Drivers/STM32F4xx_HAL_Driver/Src/stm32f4xx_hal_rcc_ex.c ****         case RCC_I2SAPB2CLKSOURCE_PLLSRC:
1918:Drivers/STM32F4xx_HAL_Driver/Src/stm32f4xx_hal_rcc_ex.c ****         {
1919:Drivers/STM32F4xx_HAL_Driver/Src/stm32f4xx_hal_rcc_ex.c ****           if ((RCC->PLLCFGR & RCC_PLLCFGR_PLLSRC) == RCC_PLLSOURCE_HSE)
1920:Drivers/STM32F4xx_HAL_Driver/Src/stm32f4xx_hal_rcc_ex.c ****           {
1921:Drivers/STM32F4xx_HAL_Driver/Src/stm32f4xx_hal_rcc_ex.c ****             frequency = HSE_VALUE;
1922:Drivers/STM32F4xx_HAL_Driver/Src/stm32f4xx_hal_rcc_ex.c ****           }
1923:Drivers/STM32F4xx_HAL_Driver/Src/stm32f4xx_hal_rcc_ex.c ****           else
1924:Drivers/STM32F4xx_HAL_Driver/Src/stm32f4xx_hal_rcc_ex.c ****           {
1925:Drivers/STM32F4xx_HAL_Driver/Src/stm32f4xx_hal_rcc_ex.c ****             frequency = HSI_VALUE;
1926:Drivers/STM32F4xx_HAL_Driver/Src/stm32f4xx_hal_rcc_ex.c ****           }
1927:Drivers/STM32F4xx_HAL_Driver/Src/stm32f4xx_hal_rcc_ex.c ****           break;
1928:Drivers/STM32F4xx_HAL_Driver/Src/stm32f4xx_hal_rcc_ex.c ****         }
1929:Drivers/STM32F4xx_HAL_Driver/Src/stm32f4xx_hal_rcc_ex.c ****         /* Clock not enabled for I2S*/
1930:Drivers/STM32F4xx_HAL_Driver/Src/stm32f4xx_hal_rcc_ex.c ****         default:
1931:Drivers/STM32F4xx_HAL_Driver/Src/stm32f4xx_hal_rcc_ex.c ****         {
1932:Drivers/STM32F4xx_HAL_Driver/Src/stm32f4xx_hal_rcc_ex.c ****           frequency = 0U;
1933:Drivers/STM32F4xx_HAL_Driver/Src/stm32f4xx_hal_rcc_ex.c ****           break;
1934:Drivers/STM32F4xx_HAL_Driver/Src/stm32f4xx_hal_rcc_ex.c ****         }
1935:Drivers/STM32F4xx_HAL_Driver/Src/stm32f4xx_hal_rcc_ex.c ****       }
1936:Drivers/STM32F4xx_HAL_Driver/Src/stm32f4xx_hal_rcc_ex.c ****       break;
1937:Drivers/STM32F4xx_HAL_Driver/Src/stm32f4xx_hal_rcc_ex.c ****     }
1938:Drivers/STM32F4xx_HAL_Driver/Src/stm32f4xx_hal_rcc_ex.c ****     default:
1939:Drivers/STM32F4xx_HAL_Driver/Src/stm32f4xx_hal_rcc_ex.c ****     {
1940:Drivers/STM32F4xx_HAL_Driver/Src/stm32f4xx_hal_rcc_ex.c ****       break;
1941:Drivers/STM32F4xx_HAL_Driver/Src/stm32f4xx_hal_rcc_ex.c ****     }
1942:Drivers/STM32F4xx_HAL_Driver/Src/stm32f4xx_hal_rcc_ex.c ****   }
1943:Drivers/STM32F4xx_HAL_Driver/Src/stm32f4xx_hal_rcc_ex.c ****   return frequency;
1944:Drivers/STM32F4xx_HAL_Driver/Src/stm32f4xx_hal_rcc_ex.c **** }
1945:Drivers/STM32F4xx_HAL_Driver/Src/stm32f4xx_hal_rcc_ex.c **** #endif /* STM32F412Zx || STM32F412Vx || STM32F412Rx || STM32F412Cx || STM32F413xx || STM32F423xx */
1946:Drivers/STM32F4xx_HAL_Driver/Src/stm32f4xx_hal_rcc_ex.c **** 
1947:Drivers/STM32F4xx_HAL_Driver/Src/stm32f4xx_hal_rcc_ex.c **** #if defined(STM32F410Tx) || defined(STM32F410Cx) || defined(STM32F410Rx)
1948:Drivers/STM32F4xx_HAL_Driver/Src/stm32f4xx_hal_rcc_ex.c **** /**
1949:Drivers/STM32F4xx_HAL_Driver/Src/stm32f4xx_hal_rcc_ex.c ****   * @brief  Initializes the RCC extended peripherals clocks according to the specified parameters i
1950:Drivers/STM32F4xx_HAL_Driver/Src/stm32f4xx_hal_rcc_ex.c ****   *         RCC_PeriphCLKInitTypeDef.
1951:Drivers/STM32F4xx_HAL_Driver/Src/stm32f4xx_hal_rcc_ex.c ****   * @param  PeriphClkInit pointer to an RCC_PeriphCLKInitTypeDef structure that
1952:Drivers/STM32F4xx_HAL_Driver/Src/stm32f4xx_hal_rcc_ex.c ****   *         contains the configuration information for the Extended Peripherals clocks(I2S and RTC 
1953:Drivers/STM32F4xx_HAL_Driver/Src/stm32f4xx_hal_rcc_ex.c ****   *
1954:Drivers/STM32F4xx_HAL_Driver/Src/stm32f4xx_hal_rcc_ex.c ****   * @note   A caution to be taken when HAL_RCCEx_PeriphCLKConfig() is used to select RTC clock sele
1955:Drivers/STM32F4xx_HAL_Driver/Src/stm32f4xx_hal_rcc_ex.c ****   *         the Reset of Backup domain will be applied in order to modify the RTC Clock source as c
1956:Drivers/STM32F4xx_HAL_Driver/Src/stm32f4xx_hal_rcc_ex.c ****   *        domain (RTC and RCC_BDCR register expect BKPSRAM) will be reset
1957:Drivers/STM32F4xx_HAL_Driver/Src/stm32f4xx_hal_rcc_ex.c ****   *
1958:Drivers/STM32F4xx_HAL_Driver/Src/stm32f4xx_hal_rcc_ex.c ****   * @retval HAL status
ARM GAS  C:\Users\user\AppData\Local\Temp\ccuZOZlR.s 			page 73


1959:Drivers/STM32F4xx_HAL_Driver/Src/stm32f4xx_hal_rcc_ex.c ****   */
1960:Drivers/STM32F4xx_HAL_Driver/Src/stm32f4xx_hal_rcc_ex.c **** HAL_StatusTypeDef HAL_RCCEx_PeriphCLKConfig(RCC_PeriphCLKInitTypeDef  *PeriphClkInit)
1961:Drivers/STM32F4xx_HAL_Driver/Src/stm32f4xx_hal_rcc_ex.c **** {
1962:Drivers/STM32F4xx_HAL_Driver/Src/stm32f4xx_hal_rcc_ex.c ****   uint32_t tickstart = 0U;
1963:Drivers/STM32F4xx_HAL_Driver/Src/stm32f4xx_hal_rcc_ex.c ****   uint32_t tmpreg1 = 0U;
1964:Drivers/STM32F4xx_HAL_Driver/Src/stm32f4xx_hal_rcc_ex.c **** 
1965:Drivers/STM32F4xx_HAL_Driver/Src/stm32f4xx_hal_rcc_ex.c ****   /* Check the parameters */
1966:Drivers/STM32F4xx_HAL_Driver/Src/stm32f4xx_hal_rcc_ex.c ****   assert_param(IS_RCC_PERIPHCLOCK(PeriphClkInit->PeriphClockSelection));
1967:Drivers/STM32F4xx_HAL_Driver/Src/stm32f4xx_hal_rcc_ex.c **** 
1968:Drivers/STM32F4xx_HAL_Driver/Src/stm32f4xx_hal_rcc_ex.c ****   /*---------------------------- RTC configuration ---------------------------*/
1969:Drivers/STM32F4xx_HAL_Driver/Src/stm32f4xx_hal_rcc_ex.c ****   if (((PeriphClkInit->PeriphClockSelection) & RCC_PERIPHCLK_RTC) == (RCC_PERIPHCLK_RTC))
1970:Drivers/STM32F4xx_HAL_Driver/Src/stm32f4xx_hal_rcc_ex.c ****   {
1971:Drivers/STM32F4xx_HAL_Driver/Src/stm32f4xx_hal_rcc_ex.c ****     /* Check for RTC Parameters used to output RTCCLK */
1972:Drivers/STM32F4xx_HAL_Driver/Src/stm32f4xx_hal_rcc_ex.c ****     assert_param(IS_RCC_RTCCLKSOURCE(PeriphClkInit->RTCClockSelection));
1973:Drivers/STM32F4xx_HAL_Driver/Src/stm32f4xx_hal_rcc_ex.c **** 
1974:Drivers/STM32F4xx_HAL_Driver/Src/stm32f4xx_hal_rcc_ex.c ****     /* Enable Power Clock*/
1975:Drivers/STM32F4xx_HAL_Driver/Src/stm32f4xx_hal_rcc_ex.c ****     __HAL_RCC_PWR_CLK_ENABLE();
1976:Drivers/STM32F4xx_HAL_Driver/Src/stm32f4xx_hal_rcc_ex.c **** 
1977:Drivers/STM32F4xx_HAL_Driver/Src/stm32f4xx_hal_rcc_ex.c ****     /* Enable write access to Backup domain */
1978:Drivers/STM32F4xx_HAL_Driver/Src/stm32f4xx_hal_rcc_ex.c ****     PWR->CR |= PWR_CR_DBP;
1979:Drivers/STM32F4xx_HAL_Driver/Src/stm32f4xx_hal_rcc_ex.c **** 
1980:Drivers/STM32F4xx_HAL_Driver/Src/stm32f4xx_hal_rcc_ex.c ****     /* Get tick */
1981:Drivers/STM32F4xx_HAL_Driver/Src/stm32f4xx_hal_rcc_ex.c ****     tickstart = HAL_GetTick();
1982:Drivers/STM32F4xx_HAL_Driver/Src/stm32f4xx_hal_rcc_ex.c **** 
1983:Drivers/STM32F4xx_HAL_Driver/Src/stm32f4xx_hal_rcc_ex.c ****     while ((PWR->CR & PWR_CR_DBP) == RESET)
1984:Drivers/STM32F4xx_HAL_Driver/Src/stm32f4xx_hal_rcc_ex.c ****     {
1985:Drivers/STM32F4xx_HAL_Driver/Src/stm32f4xx_hal_rcc_ex.c ****       if ((HAL_GetTick() - tickstart) > RCC_DBP_TIMEOUT_VALUE)
1986:Drivers/STM32F4xx_HAL_Driver/Src/stm32f4xx_hal_rcc_ex.c ****       {
1987:Drivers/STM32F4xx_HAL_Driver/Src/stm32f4xx_hal_rcc_ex.c ****         return HAL_TIMEOUT;
1988:Drivers/STM32F4xx_HAL_Driver/Src/stm32f4xx_hal_rcc_ex.c ****       }
1989:Drivers/STM32F4xx_HAL_Driver/Src/stm32f4xx_hal_rcc_ex.c ****     }
1990:Drivers/STM32F4xx_HAL_Driver/Src/stm32f4xx_hal_rcc_ex.c ****     /* Reset the Backup domain only if the RTC Clock source selection is modified from reset value 
1991:Drivers/STM32F4xx_HAL_Driver/Src/stm32f4xx_hal_rcc_ex.c ****     tmpreg1 = (RCC->BDCR & RCC_BDCR_RTCSEL);
1992:Drivers/STM32F4xx_HAL_Driver/Src/stm32f4xx_hal_rcc_ex.c ****     if ((tmpreg1 != 0x00000000U) && ((tmpreg1) != (PeriphClkInit->RTCClockSelection & RCC_BDCR_RTCS
1993:Drivers/STM32F4xx_HAL_Driver/Src/stm32f4xx_hal_rcc_ex.c ****     {
1994:Drivers/STM32F4xx_HAL_Driver/Src/stm32f4xx_hal_rcc_ex.c ****       /* Store the content of BDCR register before the reset of Backup Domain */
1995:Drivers/STM32F4xx_HAL_Driver/Src/stm32f4xx_hal_rcc_ex.c ****       tmpreg1 = (RCC->BDCR & ~(RCC_BDCR_RTCSEL));
1996:Drivers/STM32F4xx_HAL_Driver/Src/stm32f4xx_hal_rcc_ex.c ****       /* RTC Clock selection can be changed only if the Backup Domain is reset */
1997:Drivers/STM32F4xx_HAL_Driver/Src/stm32f4xx_hal_rcc_ex.c ****       __HAL_RCC_BACKUPRESET_FORCE();
1998:Drivers/STM32F4xx_HAL_Driver/Src/stm32f4xx_hal_rcc_ex.c ****       __HAL_RCC_BACKUPRESET_RELEASE();
1999:Drivers/STM32F4xx_HAL_Driver/Src/stm32f4xx_hal_rcc_ex.c ****       /* Restore the Content of BDCR register */
2000:Drivers/STM32F4xx_HAL_Driver/Src/stm32f4xx_hal_rcc_ex.c ****       RCC->BDCR = tmpreg1;
2001:Drivers/STM32F4xx_HAL_Driver/Src/stm32f4xx_hal_rcc_ex.c **** 
2002:Drivers/STM32F4xx_HAL_Driver/Src/stm32f4xx_hal_rcc_ex.c ****       /* Wait for LSE reactivation if LSE was enable prior to Backup Domain reset */
2003:Drivers/STM32F4xx_HAL_Driver/Src/stm32f4xx_hal_rcc_ex.c ****       if (HAL_IS_BIT_SET(RCC->BDCR, RCC_BDCR_LSEON))
2004:Drivers/STM32F4xx_HAL_Driver/Src/stm32f4xx_hal_rcc_ex.c ****       {
2005:Drivers/STM32F4xx_HAL_Driver/Src/stm32f4xx_hal_rcc_ex.c ****         /* Get tick */
2006:Drivers/STM32F4xx_HAL_Driver/Src/stm32f4xx_hal_rcc_ex.c ****         tickstart = HAL_GetTick();
2007:Drivers/STM32F4xx_HAL_Driver/Src/stm32f4xx_hal_rcc_ex.c **** 
2008:Drivers/STM32F4xx_HAL_Driver/Src/stm32f4xx_hal_rcc_ex.c ****         /* Wait till LSE is ready */
2009:Drivers/STM32F4xx_HAL_Driver/Src/stm32f4xx_hal_rcc_ex.c ****         while (__HAL_RCC_GET_FLAG(RCC_FLAG_LSERDY) == RESET)
2010:Drivers/STM32F4xx_HAL_Driver/Src/stm32f4xx_hal_rcc_ex.c ****         {
2011:Drivers/STM32F4xx_HAL_Driver/Src/stm32f4xx_hal_rcc_ex.c ****           if ((HAL_GetTick() - tickstart) > RCC_LSE_TIMEOUT_VALUE)
2012:Drivers/STM32F4xx_HAL_Driver/Src/stm32f4xx_hal_rcc_ex.c ****           {
2013:Drivers/STM32F4xx_HAL_Driver/Src/stm32f4xx_hal_rcc_ex.c ****             return HAL_TIMEOUT;
2014:Drivers/STM32F4xx_HAL_Driver/Src/stm32f4xx_hal_rcc_ex.c ****           }
2015:Drivers/STM32F4xx_HAL_Driver/Src/stm32f4xx_hal_rcc_ex.c ****         }
ARM GAS  C:\Users\user\AppData\Local\Temp\ccuZOZlR.s 			page 74


2016:Drivers/STM32F4xx_HAL_Driver/Src/stm32f4xx_hal_rcc_ex.c ****       }
2017:Drivers/STM32F4xx_HAL_Driver/Src/stm32f4xx_hal_rcc_ex.c ****     }
2018:Drivers/STM32F4xx_HAL_Driver/Src/stm32f4xx_hal_rcc_ex.c ****     __HAL_RCC_RTC_CONFIG(PeriphClkInit->RTCClockSelection);
2019:Drivers/STM32F4xx_HAL_Driver/Src/stm32f4xx_hal_rcc_ex.c ****   }
2020:Drivers/STM32F4xx_HAL_Driver/Src/stm32f4xx_hal_rcc_ex.c ****   /*--------------------------------------------------------------------------*/
2021:Drivers/STM32F4xx_HAL_Driver/Src/stm32f4xx_hal_rcc_ex.c **** 
2022:Drivers/STM32F4xx_HAL_Driver/Src/stm32f4xx_hal_rcc_ex.c ****   /*---------------------------- TIM configuration ---------------------------*/
2023:Drivers/STM32F4xx_HAL_Driver/Src/stm32f4xx_hal_rcc_ex.c ****   if (((PeriphClkInit->PeriphClockSelection) & RCC_PERIPHCLK_TIM) == (RCC_PERIPHCLK_TIM))
2024:Drivers/STM32F4xx_HAL_Driver/Src/stm32f4xx_hal_rcc_ex.c ****   {
2025:Drivers/STM32F4xx_HAL_Driver/Src/stm32f4xx_hal_rcc_ex.c ****     __HAL_RCC_TIMCLKPRESCALER(PeriphClkInit->TIMPresSelection);
2026:Drivers/STM32F4xx_HAL_Driver/Src/stm32f4xx_hal_rcc_ex.c ****   }
2027:Drivers/STM32F4xx_HAL_Driver/Src/stm32f4xx_hal_rcc_ex.c ****   /*--------------------------------------------------------------------------*/
2028:Drivers/STM32F4xx_HAL_Driver/Src/stm32f4xx_hal_rcc_ex.c **** 
2029:Drivers/STM32F4xx_HAL_Driver/Src/stm32f4xx_hal_rcc_ex.c ****   /*---------------------------- FMPI2C1 Configuration -----------------------*/
2030:Drivers/STM32F4xx_HAL_Driver/Src/stm32f4xx_hal_rcc_ex.c ****   if (((PeriphClkInit->PeriphClockSelection) & RCC_PERIPHCLK_FMPI2C1) == RCC_PERIPHCLK_FMPI2C1)
2031:Drivers/STM32F4xx_HAL_Driver/Src/stm32f4xx_hal_rcc_ex.c ****   {
2032:Drivers/STM32F4xx_HAL_Driver/Src/stm32f4xx_hal_rcc_ex.c ****     /* Check the parameters */
2033:Drivers/STM32F4xx_HAL_Driver/Src/stm32f4xx_hal_rcc_ex.c ****     assert_param(IS_RCC_FMPI2C1CLKSOURCE(PeriphClkInit->Fmpi2c1ClockSelection));
2034:Drivers/STM32F4xx_HAL_Driver/Src/stm32f4xx_hal_rcc_ex.c **** 
2035:Drivers/STM32F4xx_HAL_Driver/Src/stm32f4xx_hal_rcc_ex.c ****     /* Configure the FMPI2C1 clock source */
2036:Drivers/STM32F4xx_HAL_Driver/Src/stm32f4xx_hal_rcc_ex.c ****     __HAL_RCC_FMPI2C1_CONFIG(PeriphClkInit->Fmpi2c1ClockSelection);
2037:Drivers/STM32F4xx_HAL_Driver/Src/stm32f4xx_hal_rcc_ex.c ****   }
2038:Drivers/STM32F4xx_HAL_Driver/Src/stm32f4xx_hal_rcc_ex.c ****   /*--------------------------------------------------------------------------*/
2039:Drivers/STM32F4xx_HAL_Driver/Src/stm32f4xx_hal_rcc_ex.c **** 
2040:Drivers/STM32F4xx_HAL_Driver/Src/stm32f4xx_hal_rcc_ex.c ****   /*---------------------------- LPTIM1 Configuration ------------------------*/
2041:Drivers/STM32F4xx_HAL_Driver/Src/stm32f4xx_hal_rcc_ex.c ****   if (((PeriphClkInit->PeriphClockSelection) & RCC_PERIPHCLK_LPTIM1) == RCC_PERIPHCLK_LPTIM1)
2042:Drivers/STM32F4xx_HAL_Driver/Src/stm32f4xx_hal_rcc_ex.c ****   {
2043:Drivers/STM32F4xx_HAL_Driver/Src/stm32f4xx_hal_rcc_ex.c ****     /* Check the parameters */
2044:Drivers/STM32F4xx_HAL_Driver/Src/stm32f4xx_hal_rcc_ex.c ****     assert_param(IS_RCC_LPTIM1CLKSOURCE(PeriphClkInit->Lptim1ClockSelection));
2045:Drivers/STM32F4xx_HAL_Driver/Src/stm32f4xx_hal_rcc_ex.c **** 
2046:Drivers/STM32F4xx_HAL_Driver/Src/stm32f4xx_hal_rcc_ex.c ****     /* Configure the LPTIM1 clock source */
2047:Drivers/STM32F4xx_HAL_Driver/Src/stm32f4xx_hal_rcc_ex.c ****     __HAL_RCC_LPTIM1_CONFIG(PeriphClkInit->Lptim1ClockSelection);
2048:Drivers/STM32F4xx_HAL_Driver/Src/stm32f4xx_hal_rcc_ex.c ****   }
2049:Drivers/STM32F4xx_HAL_Driver/Src/stm32f4xx_hal_rcc_ex.c **** 
2050:Drivers/STM32F4xx_HAL_Driver/Src/stm32f4xx_hal_rcc_ex.c ****   /*---------------------------- I2S Configuration ---------------------------*/
2051:Drivers/STM32F4xx_HAL_Driver/Src/stm32f4xx_hal_rcc_ex.c ****   if (((PeriphClkInit->PeriphClockSelection) & RCC_PERIPHCLK_I2S) == RCC_PERIPHCLK_I2S)
2052:Drivers/STM32F4xx_HAL_Driver/Src/stm32f4xx_hal_rcc_ex.c ****   {
2053:Drivers/STM32F4xx_HAL_Driver/Src/stm32f4xx_hal_rcc_ex.c ****     /* Check the parameters */
2054:Drivers/STM32F4xx_HAL_Driver/Src/stm32f4xx_hal_rcc_ex.c ****     assert_param(IS_RCC_I2SAPBCLKSOURCE(PeriphClkInit->I2SClockSelection));
2055:Drivers/STM32F4xx_HAL_Driver/Src/stm32f4xx_hal_rcc_ex.c **** 
2056:Drivers/STM32F4xx_HAL_Driver/Src/stm32f4xx_hal_rcc_ex.c ****     /* Configure the I2S clock source */
2057:Drivers/STM32F4xx_HAL_Driver/Src/stm32f4xx_hal_rcc_ex.c ****     __HAL_RCC_I2S_CONFIG(PeriphClkInit->I2SClockSelection);
2058:Drivers/STM32F4xx_HAL_Driver/Src/stm32f4xx_hal_rcc_ex.c ****   }
2059:Drivers/STM32F4xx_HAL_Driver/Src/stm32f4xx_hal_rcc_ex.c **** 
2060:Drivers/STM32F4xx_HAL_Driver/Src/stm32f4xx_hal_rcc_ex.c ****   return HAL_OK;
2061:Drivers/STM32F4xx_HAL_Driver/Src/stm32f4xx_hal_rcc_ex.c **** }
2062:Drivers/STM32F4xx_HAL_Driver/Src/stm32f4xx_hal_rcc_ex.c **** 
2063:Drivers/STM32F4xx_HAL_Driver/Src/stm32f4xx_hal_rcc_ex.c **** /**
2064:Drivers/STM32F4xx_HAL_Driver/Src/stm32f4xx_hal_rcc_ex.c ****   * @brief  Configures the RCC_OscInitStruct according to the internal
2065:Drivers/STM32F4xx_HAL_Driver/Src/stm32f4xx_hal_rcc_ex.c ****   * RCC configuration registers.
2066:Drivers/STM32F4xx_HAL_Driver/Src/stm32f4xx_hal_rcc_ex.c ****   * @param  PeriphClkInit pointer to an RCC_PeriphCLKInitTypeDef structure that
2067:Drivers/STM32F4xx_HAL_Driver/Src/stm32f4xx_hal_rcc_ex.c ****   * will be configured.
2068:Drivers/STM32F4xx_HAL_Driver/Src/stm32f4xx_hal_rcc_ex.c ****   * @retval None
2069:Drivers/STM32F4xx_HAL_Driver/Src/stm32f4xx_hal_rcc_ex.c ****   */
2070:Drivers/STM32F4xx_HAL_Driver/Src/stm32f4xx_hal_rcc_ex.c **** void HAL_RCCEx_GetPeriphCLKConfig(RCC_PeriphCLKInitTypeDef  *PeriphClkInit)
2071:Drivers/STM32F4xx_HAL_Driver/Src/stm32f4xx_hal_rcc_ex.c **** {
2072:Drivers/STM32F4xx_HAL_Driver/Src/stm32f4xx_hal_rcc_ex.c ****   uint32_t tempreg;
ARM GAS  C:\Users\user\AppData\Local\Temp\ccuZOZlR.s 			page 75


2073:Drivers/STM32F4xx_HAL_Driver/Src/stm32f4xx_hal_rcc_ex.c **** 
2074:Drivers/STM32F4xx_HAL_Driver/Src/stm32f4xx_hal_rcc_ex.c ****   /* Set all possible values for the extended clock type parameter------------*/
2075:Drivers/STM32F4xx_HAL_Driver/Src/stm32f4xx_hal_rcc_ex.c ****   PeriphClkInit->PeriphClockSelection = RCC_PERIPHCLK_FMPI2C1 | RCC_PERIPHCLK_LPTIM1 | RCC_PERIPHCL
2076:Drivers/STM32F4xx_HAL_Driver/Src/stm32f4xx_hal_rcc_ex.c **** 
2077:Drivers/STM32F4xx_HAL_Driver/Src/stm32f4xx_hal_rcc_ex.c ****   tempreg = (RCC->CFGR & RCC_CFGR_RTCPRE);
2078:Drivers/STM32F4xx_HAL_Driver/Src/stm32f4xx_hal_rcc_ex.c ****   PeriphClkInit->RTCClockSelection = (uint32_t)((tempreg) | (RCC->BDCR & RCC_BDCR_RTCSEL));
2079:Drivers/STM32F4xx_HAL_Driver/Src/stm32f4xx_hal_rcc_ex.c **** 
2080:Drivers/STM32F4xx_HAL_Driver/Src/stm32f4xx_hal_rcc_ex.c ****   if ((RCC->DCKCFGR & RCC_DCKCFGR_TIMPRE) == RESET)
2081:Drivers/STM32F4xx_HAL_Driver/Src/stm32f4xx_hal_rcc_ex.c ****   {
2082:Drivers/STM32F4xx_HAL_Driver/Src/stm32f4xx_hal_rcc_ex.c ****     PeriphClkInit->TIMPresSelection = RCC_TIMPRES_DESACTIVATED;
2083:Drivers/STM32F4xx_HAL_Driver/Src/stm32f4xx_hal_rcc_ex.c ****   }
2084:Drivers/STM32F4xx_HAL_Driver/Src/stm32f4xx_hal_rcc_ex.c ****   else
2085:Drivers/STM32F4xx_HAL_Driver/Src/stm32f4xx_hal_rcc_ex.c ****   {
2086:Drivers/STM32F4xx_HAL_Driver/Src/stm32f4xx_hal_rcc_ex.c ****     PeriphClkInit->TIMPresSelection = RCC_TIMPRES_ACTIVATED;
2087:Drivers/STM32F4xx_HAL_Driver/Src/stm32f4xx_hal_rcc_ex.c ****   }
2088:Drivers/STM32F4xx_HAL_Driver/Src/stm32f4xx_hal_rcc_ex.c ****   /* Get the FMPI2C1 clock configuration -------------------------------------*/
2089:Drivers/STM32F4xx_HAL_Driver/Src/stm32f4xx_hal_rcc_ex.c ****   PeriphClkInit->Fmpi2c1ClockSelection = __HAL_RCC_GET_FMPI2C1_SOURCE();
2090:Drivers/STM32F4xx_HAL_Driver/Src/stm32f4xx_hal_rcc_ex.c **** 
2091:Drivers/STM32F4xx_HAL_Driver/Src/stm32f4xx_hal_rcc_ex.c ****   /* Get the I2S clock configuration -----------------------------------------*/
2092:Drivers/STM32F4xx_HAL_Driver/Src/stm32f4xx_hal_rcc_ex.c ****   PeriphClkInit->I2SClockSelection = __HAL_RCC_GET_I2S_SOURCE();
2093:Drivers/STM32F4xx_HAL_Driver/Src/stm32f4xx_hal_rcc_ex.c **** 
2094:Drivers/STM32F4xx_HAL_Driver/Src/stm32f4xx_hal_rcc_ex.c **** 
2095:Drivers/STM32F4xx_HAL_Driver/Src/stm32f4xx_hal_rcc_ex.c **** }
2096:Drivers/STM32F4xx_HAL_Driver/Src/stm32f4xx_hal_rcc_ex.c **** /**
2097:Drivers/STM32F4xx_HAL_Driver/Src/stm32f4xx_hal_rcc_ex.c ****   * @brief  Return the peripheral clock frequency for a given peripheral(SAI..)
2098:Drivers/STM32F4xx_HAL_Driver/Src/stm32f4xx_hal_rcc_ex.c ****   * @note   Return 0 if peripheral clock identifier not managed by this API
2099:Drivers/STM32F4xx_HAL_Driver/Src/stm32f4xx_hal_rcc_ex.c ****   * @param  PeriphClk Peripheral clock identifier
2100:Drivers/STM32F4xx_HAL_Driver/Src/stm32f4xx_hal_rcc_ex.c ****   *         This parameter can be one of the following values:
2101:Drivers/STM32F4xx_HAL_Driver/Src/stm32f4xx_hal_rcc_ex.c ****   *            @arg RCC_PERIPHCLK_I2S: I2S peripheral clock
2102:Drivers/STM32F4xx_HAL_Driver/Src/stm32f4xx_hal_rcc_ex.c ****   * @retval Frequency in KHz
2103:Drivers/STM32F4xx_HAL_Driver/Src/stm32f4xx_hal_rcc_ex.c ****   */
2104:Drivers/STM32F4xx_HAL_Driver/Src/stm32f4xx_hal_rcc_ex.c **** uint32_t HAL_RCCEx_GetPeriphCLKFreq(uint32_t PeriphClk)
2105:Drivers/STM32F4xx_HAL_Driver/Src/stm32f4xx_hal_rcc_ex.c **** {
2106:Drivers/STM32F4xx_HAL_Driver/Src/stm32f4xx_hal_rcc_ex.c ****   /* This variable used to store the I2S clock frequency (value in Hz) */
2107:Drivers/STM32F4xx_HAL_Driver/Src/stm32f4xx_hal_rcc_ex.c ****   uint32_t frequency = 0U;
2108:Drivers/STM32F4xx_HAL_Driver/Src/stm32f4xx_hal_rcc_ex.c ****   /* This variable used to store the VCO Input (value in Hz) */
2109:Drivers/STM32F4xx_HAL_Driver/Src/stm32f4xx_hal_rcc_ex.c ****   uint32_t vcoinput = 0U;
2110:Drivers/STM32F4xx_HAL_Driver/Src/stm32f4xx_hal_rcc_ex.c ****   uint32_t srcclk = 0U;
2111:Drivers/STM32F4xx_HAL_Driver/Src/stm32f4xx_hal_rcc_ex.c ****   /* This variable used to store the VCO Output (value in Hz) */
2112:Drivers/STM32F4xx_HAL_Driver/Src/stm32f4xx_hal_rcc_ex.c ****   uint32_t vcooutput = 0U;
2113:Drivers/STM32F4xx_HAL_Driver/Src/stm32f4xx_hal_rcc_ex.c ****   switch (PeriphClk)
2114:Drivers/STM32F4xx_HAL_Driver/Src/stm32f4xx_hal_rcc_ex.c ****   {
2115:Drivers/STM32F4xx_HAL_Driver/Src/stm32f4xx_hal_rcc_ex.c ****     case RCC_PERIPHCLK_I2S:
2116:Drivers/STM32F4xx_HAL_Driver/Src/stm32f4xx_hal_rcc_ex.c ****     {
2117:Drivers/STM32F4xx_HAL_Driver/Src/stm32f4xx_hal_rcc_ex.c ****       /* Get the current I2S source */
2118:Drivers/STM32F4xx_HAL_Driver/Src/stm32f4xx_hal_rcc_ex.c ****       srcclk = __HAL_RCC_GET_I2S_SOURCE();
2119:Drivers/STM32F4xx_HAL_Driver/Src/stm32f4xx_hal_rcc_ex.c ****       switch (srcclk)
2120:Drivers/STM32F4xx_HAL_Driver/Src/stm32f4xx_hal_rcc_ex.c ****       {
2121:Drivers/STM32F4xx_HAL_Driver/Src/stm32f4xx_hal_rcc_ex.c ****         /* Check if I2S clock selection is External clock mapped on the I2S_CKIN pin used as I2S cl
2122:Drivers/STM32F4xx_HAL_Driver/Src/stm32f4xx_hal_rcc_ex.c ****         case RCC_I2SAPBCLKSOURCE_EXT:
2123:Drivers/STM32F4xx_HAL_Driver/Src/stm32f4xx_hal_rcc_ex.c ****         {
2124:Drivers/STM32F4xx_HAL_Driver/Src/stm32f4xx_hal_rcc_ex.c ****           /* Set the I2S clock to the external clock  value */
2125:Drivers/STM32F4xx_HAL_Driver/Src/stm32f4xx_hal_rcc_ex.c ****           frequency = EXTERNAL_CLOCK_VALUE;
2126:Drivers/STM32F4xx_HAL_Driver/Src/stm32f4xx_hal_rcc_ex.c ****           break;
2127:Drivers/STM32F4xx_HAL_Driver/Src/stm32f4xx_hal_rcc_ex.c ****         }
2128:Drivers/STM32F4xx_HAL_Driver/Src/stm32f4xx_hal_rcc_ex.c ****         /* Check if I2S clock selection is PLL VCO Output divided by PLLR used as I2S clock */
2129:Drivers/STM32F4xx_HAL_Driver/Src/stm32f4xx_hal_rcc_ex.c ****         case RCC_I2SAPBCLKSOURCE_PLLR:
ARM GAS  C:\Users\user\AppData\Local\Temp\ccuZOZlR.s 			page 76


2130:Drivers/STM32F4xx_HAL_Driver/Src/stm32f4xx_hal_rcc_ex.c ****         {
2131:Drivers/STM32F4xx_HAL_Driver/Src/stm32f4xx_hal_rcc_ex.c ****           /* Configure the PLL division factor R */
2132:Drivers/STM32F4xx_HAL_Driver/Src/stm32f4xx_hal_rcc_ex.c ****           /* PLL_VCO Input  = PLL_SOURCE/PLLM */
2133:Drivers/STM32F4xx_HAL_Driver/Src/stm32f4xx_hal_rcc_ex.c ****           if ((RCC->PLLCFGR & RCC_PLLCFGR_PLLSRC) == RCC_PLLSOURCE_HSE)
2134:Drivers/STM32F4xx_HAL_Driver/Src/stm32f4xx_hal_rcc_ex.c ****           {
2135:Drivers/STM32F4xx_HAL_Driver/Src/stm32f4xx_hal_rcc_ex.c ****             /* Get the I2S source clock value */
2136:Drivers/STM32F4xx_HAL_Driver/Src/stm32f4xx_hal_rcc_ex.c ****             vcoinput = (uint32_t)(HSE_VALUE / (uint32_t)(RCC->PLLCFGR & RCC_PLLCFGR_PLLM));
2137:Drivers/STM32F4xx_HAL_Driver/Src/stm32f4xx_hal_rcc_ex.c ****           }
2138:Drivers/STM32F4xx_HAL_Driver/Src/stm32f4xx_hal_rcc_ex.c ****           else
2139:Drivers/STM32F4xx_HAL_Driver/Src/stm32f4xx_hal_rcc_ex.c ****           {
2140:Drivers/STM32F4xx_HAL_Driver/Src/stm32f4xx_hal_rcc_ex.c ****             /* Get the I2S source clock value */
2141:Drivers/STM32F4xx_HAL_Driver/Src/stm32f4xx_hal_rcc_ex.c ****             vcoinput = (uint32_t)(HSI_VALUE / (uint32_t)(RCC->PLLCFGR & RCC_PLLCFGR_PLLM));
2142:Drivers/STM32F4xx_HAL_Driver/Src/stm32f4xx_hal_rcc_ex.c ****           }
2143:Drivers/STM32F4xx_HAL_Driver/Src/stm32f4xx_hal_rcc_ex.c **** 
2144:Drivers/STM32F4xx_HAL_Driver/Src/stm32f4xx_hal_rcc_ex.c ****           /* PLL_VCO Output = PLL_VCO Input * PLLN */
2145:Drivers/STM32F4xx_HAL_Driver/Src/stm32f4xx_hal_rcc_ex.c ****           vcooutput = (uint32_t)(vcoinput * (((RCC->PLLCFGR & RCC_PLLCFGR_PLLN) >> 6U) & (RCC_PLLCF
2146:Drivers/STM32F4xx_HAL_Driver/Src/stm32f4xx_hal_rcc_ex.c ****           /* I2S_CLK = PLL_VCO Output/PLLR */
2147:Drivers/STM32F4xx_HAL_Driver/Src/stm32f4xx_hal_rcc_ex.c ****           frequency = (uint32_t)(vcooutput / (((RCC->PLLCFGR & RCC_PLLCFGR_PLLR) >> 28U) & (RCC_PLL
2148:Drivers/STM32F4xx_HAL_Driver/Src/stm32f4xx_hal_rcc_ex.c ****           break;
2149:Drivers/STM32F4xx_HAL_Driver/Src/stm32f4xx_hal_rcc_ex.c ****         }
2150:Drivers/STM32F4xx_HAL_Driver/Src/stm32f4xx_hal_rcc_ex.c ****         /* Check if I2S clock selection is HSI or HSE depending from PLL source Clock */
2151:Drivers/STM32F4xx_HAL_Driver/Src/stm32f4xx_hal_rcc_ex.c ****         case RCC_I2SAPBCLKSOURCE_PLLSRC:
2152:Drivers/STM32F4xx_HAL_Driver/Src/stm32f4xx_hal_rcc_ex.c ****         {
2153:Drivers/STM32F4xx_HAL_Driver/Src/stm32f4xx_hal_rcc_ex.c ****           if ((RCC->PLLCFGR & RCC_PLLCFGR_PLLSRC) == RCC_PLLSOURCE_HSE)
2154:Drivers/STM32F4xx_HAL_Driver/Src/stm32f4xx_hal_rcc_ex.c ****           {
2155:Drivers/STM32F4xx_HAL_Driver/Src/stm32f4xx_hal_rcc_ex.c ****             frequency = HSE_VALUE;
2156:Drivers/STM32F4xx_HAL_Driver/Src/stm32f4xx_hal_rcc_ex.c ****           }
2157:Drivers/STM32F4xx_HAL_Driver/Src/stm32f4xx_hal_rcc_ex.c ****           else
2158:Drivers/STM32F4xx_HAL_Driver/Src/stm32f4xx_hal_rcc_ex.c ****           {
2159:Drivers/STM32F4xx_HAL_Driver/Src/stm32f4xx_hal_rcc_ex.c ****             frequency = HSI_VALUE;
2160:Drivers/STM32F4xx_HAL_Driver/Src/stm32f4xx_hal_rcc_ex.c ****           }
2161:Drivers/STM32F4xx_HAL_Driver/Src/stm32f4xx_hal_rcc_ex.c ****           break;
2162:Drivers/STM32F4xx_HAL_Driver/Src/stm32f4xx_hal_rcc_ex.c ****         }
2163:Drivers/STM32F4xx_HAL_Driver/Src/stm32f4xx_hal_rcc_ex.c ****         /* Clock not enabled for I2S*/
2164:Drivers/STM32F4xx_HAL_Driver/Src/stm32f4xx_hal_rcc_ex.c ****         default:
2165:Drivers/STM32F4xx_HAL_Driver/Src/stm32f4xx_hal_rcc_ex.c ****         {
2166:Drivers/STM32F4xx_HAL_Driver/Src/stm32f4xx_hal_rcc_ex.c ****           frequency = 0U;
2167:Drivers/STM32F4xx_HAL_Driver/Src/stm32f4xx_hal_rcc_ex.c ****           break;
2168:Drivers/STM32F4xx_HAL_Driver/Src/stm32f4xx_hal_rcc_ex.c ****         }
2169:Drivers/STM32F4xx_HAL_Driver/Src/stm32f4xx_hal_rcc_ex.c ****       }
2170:Drivers/STM32F4xx_HAL_Driver/Src/stm32f4xx_hal_rcc_ex.c ****       break;
2171:Drivers/STM32F4xx_HAL_Driver/Src/stm32f4xx_hal_rcc_ex.c ****     }
2172:Drivers/STM32F4xx_HAL_Driver/Src/stm32f4xx_hal_rcc_ex.c ****     default:
2173:Drivers/STM32F4xx_HAL_Driver/Src/stm32f4xx_hal_rcc_ex.c ****     {
2174:Drivers/STM32F4xx_HAL_Driver/Src/stm32f4xx_hal_rcc_ex.c ****       break;
2175:Drivers/STM32F4xx_HAL_Driver/Src/stm32f4xx_hal_rcc_ex.c ****     }
2176:Drivers/STM32F4xx_HAL_Driver/Src/stm32f4xx_hal_rcc_ex.c ****   }
2177:Drivers/STM32F4xx_HAL_Driver/Src/stm32f4xx_hal_rcc_ex.c ****   return frequency;
2178:Drivers/STM32F4xx_HAL_Driver/Src/stm32f4xx_hal_rcc_ex.c **** }
2179:Drivers/STM32F4xx_HAL_Driver/Src/stm32f4xx_hal_rcc_ex.c **** #endif /* STM32F410Tx || STM32F410Cx || STM32F410Rx */
2180:Drivers/STM32F4xx_HAL_Driver/Src/stm32f4xx_hal_rcc_ex.c **** 
2181:Drivers/STM32F4xx_HAL_Driver/Src/stm32f4xx_hal_rcc_ex.c **** #if defined(STM32F427xx) || defined(STM32F437xx) || defined(STM32F429xx) || defined(STM32F439xx)
2182:Drivers/STM32F4xx_HAL_Driver/Src/stm32f4xx_hal_rcc_ex.c **** /**
2183:Drivers/STM32F4xx_HAL_Driver/Src/stm32f4xx_hal_rcc_ex.c ****   * @brief  Initializes the RCC extended peripherals clocks according to the specified
2184:Drivers/STM32F4xx_HAL_Driver/Src/stm32f4xx_hal_rcc_ex.c ****   *         parameters in the RCC_PeriphCLKInitTypeDef.
2185:Drivers/STM32F4xx_HAL_Driver/Src/stm32f4xx_hal_rcc_ex.c ****   * @param  PeriphClkInit pointer to an RCC_PeriphCLKInitTypeDef structure that
2186:Drivers/STM32F4xx_HAL_Driver/Src/stm32f4xx_hal_rcc_ex.c ****   *         contains the configuration information for the Extended Peripherals
ARM GAS  C:\Users\user\AppData\Local\Temp\ccuZOZlR.s 			page 77


2187:Drivers/STM32F4xx_HAL_Driver/Src/stm32f4xx_hal_rcc_ex.c ****   *         clocks(I2S, SAI, LTDC RTC and TIM).
2188:Drivers/STM32F4xx_HAL_Driver/Src/stm32f4xx_hal_rcc_ex.c ****   *
2189:Drivers/STM32F4xx_HAL_Driver/Src/stm32f4xx_hal_rcc_ex.c ****   * @note   Care must be taken when HAL_RCCEx_PeriphCLKConfig() is used to select
2190:Drivers/STM32F4xx_HAL_Driver/Src/stm32f4xx_hal_rcc_ex.c ****   *         the RTC clock source; in this case the Backup domain will be reset in
2191:Drivers/STM32F4xx_HAL_Driver/Src/stm32f4xx_hal_rcc_ex.c ****   *         order to modify the RTC Clock source, as consequence RTC registers (including
2192:Drivers/STM32F4xx_HAL_Driver/Src/stm32f4xx_hal_rcc_ex.c ****   *         the backup registers) and RCC_BDCR register are set to their reset values.
2193:Drivers/STM32F4xx_HAL_Driver/Src/stm32f4xx_hal_rcc_ex.c ****   *
2194:Drivers/STM32F4xx_HAL_Driver/Src/stm32f4xx_hal_rcc_ex.c ****   * @retval HAL status
2195:Drivers/STM32F4xx_HAL_Driver/Src/stm32f4xx_hal_rcc_ex.c ****   */
2196:Drivers/STM32F4xx_HAL_Driver/Src/stm32f4xx_hal_rcc_ex.c **** HAL_StatusTypeDef HAL_RCCEx_PeriphCLKConfig(RCC_PeriphCLKInitTypeDef  *PeriphClkInit)
2197:Drivers/STM32F4xx_HAL_Driver/Src/stm32f4xx_hal_rcc_ex.c **** {
2198:Drivers/STM32F4xx_HAL_Driver/Src/stm32f4xx_hal_rcc_ex.c ****   uint32_t tickstart = 0U;
2199:Drivers/STM32F4xx_HAL_Driver/Src/stm32f4xx_hal_rcc_ex.c ****   uint32_t tmpreg1 = 0U;
2200:Drivers/STM32F4xx_HAL_Driver/Src/stm32f4xx_hal_rcc_ex.c **** 
2201:Drivers/STM32F4xx_HAL_Driver/Src/stm32f4xx_hal_rcc_ex.c ****   /* Check the parameters */
2202:Drivers/STM32F4xx_HAL_Driver/Src/stm32f4xx_hal_rcc_ex.c ****   assert_param(IS_RCC_PERIPHCLOCK(PeriphClkInit->PeriphClockSelection));
2203:Drivers/STM32F4xx_HAL_Driver/Src/stm32f4xx_hal_rcc_ex.c **** 
2204:Drivers/STM32F4xx_HAL_Driver/Src/stm32f4xx_hal_rcc_ex.c ****   /*----------------------- SAI/I2S Configuration (PLLI2S) -------------------*/
2205:Drivers/STM32F4xx_HAL_Driver/Src/stm32f4xx_hal_rcc_ex.c ****   /*----------------------- Common configuration SAI/I2S ---------------------*/
2206:Drivers/STM32F4xx_HAL_Driver/Src/stm32f4xx_hal_rcc_ex.c ****   /* In Case of SAI or I2S Clock Configuration through PLLI2S, PLLI2SN division
2207:Drivers/STM32F4xx_HAL_Driver/Src/stm32f4xx_hal_rcc_ex.c ****      factor is common parameters for both peripherals */
2208:Drivers/STM32F4xx_HAL_Driver/Src/stm32f4xx_hal_rcc_ex.c ****   if ((((PeriphClkInit->PeriphClockSelection) & RCC_PERIPHCLK_I2S) == RCC_PERIPHCLK_I2S) ||
2209:Drivers/STM32F4xx_HAL_Driver/Src/stm32f4xx_hal_rcc_ex.c ****       (((PeriphClkInit->PeriphClockSelection) & RCC_PERIPHCLK_SAI_PLLI2S) == RCC_PERIPHCLK_SAI_PLLI
2210:Drivers/STM32F4xx_HAL_Driver/Src/stm32f4xx_hal_rcc_ex.c ****       (((PeriphClkInit->PeriphClockSelection) & RCC_PERIPHCLK_PLLI2S) == RCC_PERIPHCLK_PLLI2S))
2211:Drivers/STM32F4xx_HAL_Driver/Src/stm32f4xx_hal_rcc_ex.c ****   {
2212:Drivers/STM32F4xx_HAL_Driver/Src/stm32f4xx_hal_rcc_ex.c ****     /* check for Parameters */
2213:Drivers/STM32F4xx_HAL_Driver/Src/stm32f4xx_hal_rcc_ex.c ****     assert_param(IS_RCC_PLLI2SN_VALUE(PeriphClkInit->PLLI2S.PLLI2SN));
2214:Drivers/STM32F4xx_HAL_Driver/Src/stm32f4xx_hal_rcc_ex.c **** 
2215:Drivers/STM32F4xx_HAL_Driver/Src/stm32f4xx_hal_rcc_ex.c ****     /* Disable the PLLI2S */
2216:Drivers/STM32F4xx_HAL_Driver/Src/stm32f4xx_hal_rcc_ex.c ****     __HAL_RCC_PLLI2S_DISABLE();
2217:Drivers/STM32F4xx_HAL_Driver/Src/stm32f4xx_hal_rcc_ex.c ****     /* Get tick */
2218:Drivers/STM32F4xx_HAL_Driver/Src/stm32f4xx_hal_rcc_ex.c ****     tickstart = HAL_GetTick();
2219:Drivers/STM32F4xx_HAL_Driver/Src/stm32f4xx_hal_rcc_ex.c ****     /* Wait till PLLI2S is disabled */
2220:Drivers/STM32F4xx_HAL_Driver/Src/stm32f4xx_hal_rcc_ex.c ****     while (__HAL_RCC_GET_FLAG(RCC_FLAG_PLLI2SRDY)  != RESET)
2221:Drivers/STM32F4xx_HAL_Driver/Src/stm32f4xx_hal_rcc_ex.c ****     {
2222:Drivers/STM32F4xx_HAL_Driver/Src/stm32f4xx_hal_rcc_ex.c ****       if ((HAL_GetTick() - tickstart) > PLLI2S_TIMEOUT_VALUE)
2223:Drivers/STM32F4xx_HAL_Driver/Src/stm32f4xx_hal_rcc_ex.c ****       {
2224:Drivers/STM32F4xx_HAL_Driver/Src/stm32f4xx_hal_rcc_ex.c ****         /* return in case of Timeout detected */
2225:Drivers/STM32F4xx_HAL_Driver/Src/stm32f4xx_hal_rcc_ex.c ****         return HAL_TIMEOUT;
2226:Drivers/STM32F4xx_HAL_Driver/Src/stm32f4xx_hal_rcc_ex.c ****       }
2227:Drivers/STM32F4xx_HAL_Driver/Src/stm32f4xx_hal_rcc_ex.c ****     }
2228:Drivers/STM32F4xx_HAL_Driver/Src/stm32f4xx_hal_rcc_ex.c **** 
2229:Drivers/STM32F4xx_HAL_Driver/Src/stm32f4xx_hal_rcc_ex.c ****     /*---------------------------- I2S configuration -------------------------*/
2230:Drivers/STM32F4xx_HAL_Driver/Src/stm32f4xx_hal_rcc_ex.c ****     /* In Case of I2S Clock Configuration through PLLI2S, PLLI2SR must be added
2231:Drivers/STM32F4xx_HAL_Driver/Src/stm32f4xx_hal_rcc_ex.c ****       only for I2S configuration */
2232:Drivers/STM32F4xx_HAL_Driver/Src/stm32f4xx_hal_rcc_ex.c ****     if (((PeriphClkInit->PeriphClockSelection) & RCC_PERIPHCLK_I2S) == (RCC_PERIPHCLK_I2S))
2233:Drivers/STM32F4xx_HAL_Driver/Src/stm32f4xx_hal_rcc_ex.c ****     {
2234:Drivers/STM32F4xx_HAL_Driver/Src/stm32f4xx_hal_rcc_ex.c ****       /* check for Parameters */
2235:Drivers/STM32F4xx_HAL_Driver/Src/stm32f4xx_hal_rcc_ex.c ****       assert_param(IS_RCC_PLLI2SR_VALUE(PeriphClkInit->PLLI2S.PLLI2SR));
2236:Drivers/STM32F4xx_HAL_Driver/Src/stm32f4xx_hal_rcc_ex.c ****       /* Configure the PLLI2S division factors */
2237:Drivers/STM32F4xx_HAL_Driver/Src/stm32f4xx_hal_rcc_ex.c ****       /* PLLI2S_VCO = f(VCO clock) = f(PLLI2S clock input) * (PLLI2SN/PLLM) */
2238:Drivers/STM32F4xx_HAL_Driver/Src/stm32f4xx_hal_rcc_ex.c ****       /* I2SCLK = f(PLLI2S clock output) = f(VCO clock) / PLLI2SR */
2239:Drivers/STM32F4xx_HAL_Driver/Src/stm32f4xx_hal_rcc_ex.c ****       __HAL_RCC_PLLI2S_CONFIG(PeriphClkInit->PLLI2S.PLLI2SN, PeriphClkInit->PLLI2S.PLLI2SR);
2240:Drivers/STM32F4xx_HAL_Driver/Src/stm32f4xx_hal_rcc_ex.c ****     }
2241:Drivers/STM32F4xx_HAL_Driver/Src/stm32f4xx_hal_rcc_ex.c **** 
2242:Drivers/STM32F4xx_HAL_Driver/Src/stm32f4xx_hal_rcc_ex.c ****     /*---------------------------- SAI configuration -------------------------*/
2243:Drivers/STM32F4xx_HAL_Driver/Src/stm32f4xx_hal_rcc_ex.c ****     /* In Case of SAI Clock Configuration through PLLI2S, PLLI2SQ and PLLI2S_DIVQ must
ARM GAS  C:\Users\user\AppData\Local\Temp\ccuZOZlR.s 			page 78


2244:Drivers/STM32F4xx_HAL_Driver/Src/stm32f4xx_hal_rcc_ex.c ****        be added only for SAI configuration */
2245:Drivers/STM32F4xx_HAL_Driver/Src/stm32f4xx_hal_rcc_ex.c ****     if (((PeriphClkInit->PeriphClockSelection) & RCC_PERIPHCLK_SAI_PLLI2S) == (RCC_PERIPHCLK_SAI_PL
2246:Drivers/STM32F4xx_HAL_Driver/Src/stm32f4xx_hal_rcc_ex.c ****     {
2247:Drivers/STM32F4xx_HAL_Driver/Src/stm32f4xx_hal_rcc_ex.c ****       /* Check the PLLI2S division factors */
2248:Drivers/STM32F4xx_HAL_Driver/Src/stm32f4xx_hal_rcc_ex.c ****       assert_param(IS_RCC_PLLI2SQ_VALUE(PeriphClkInit->PLLI2S.PLLI2SQ));
2249:Drivers/STM32F4xx_HAL_Driver/Src/stm32f4xx_hal_rcc_ex.c ****       assert_param(IS_RCC_PLLI2S_DIVQ_VALUE(PeriphClkInit->PLLI2SDivQ));
2250:Drivers/STM32F4xx_HAL_Driver/Src/stm32f4xx_hal_rcc_ex.c **** 
2251:Drivers/STM32F4xx_HAL_Driver/Src/stm32f4xx_hal_rcc_ex.c ****       /* Read PLLI2SR value from PLLI2SCFGR register (this value is not need for SAI configuration)
2252:Drivers/STM32F4xx_HAL_Driver/Src/stm32f4xx_hal_rcc_ex.c ****       tmpreg1 = ((RCC->PLLI2SCFGR & RCC_PLLI2SCFGR_PLLI2SR) >> RCC_PLLI2SCFGR_PLLI2SR_Pos);
2253:Drivers/STM32F4xx_HAL_Driver/Src/stm32f4xx_hal_rcc_ex.c ****       /* Configure the PLLI2S division factors */
2254:Drivers/STM32F4xx_HAL_Driver/Src/stm32f4xx_hal_rcc_ex.c ****       /* PLLI2S_VCO Input  = PLL_SOURCE/PLLM */
2255:Drivers/STM32F4xx_HAL_Driver/Src/stm32f4xx_hal_rcc_ex.c ****       /* PLLI2S_VCO Output = PLLI2S_VCO Input * PLLI2SN */
2256:Drivers/STM32F4xx_HAL_Driver/Src/stm32f4xx_hal_rcc_ex.c ****       /* SAI_CLK(first level) = PLLI2S_VCO Output/PLLI2SQ */
2257:Drivers/STM32F4xx_HAL_Driver/Src/stm32f4xx_hal_rcc_ex.c ****       __HAL_RCC_PLLI2S_SAICLK_CONFIG(PeriphClkInit->PLLI2S.PLLI2SN, PeriphClkInit->PLLI2S.PLLI2SQ, 
2258:Drivers/STM32F4xx_HAL_Driver/Src/stm32f4xx_hal_rcc_ex.c ****       /* SAI_CLK_x = SAI_CLK(first level)/PLLI2SDIVQ */
2259:Drivers/STM32F4xx_HAL_Driver/Src/stm32f4xx_hal_rcc_ex.c ****       __HAL_RCC_PLLI2S_PLLSAICLKDIVQ_CONFIG(PeriphClkInit->PLLI2SDivQ);
2260:Drivers/STM32F4xx_HAL_Driver/Src/stm32f4xx_hal_rcc_ex.c ****     }
2261:Drivers/STM32F4xx_HAL_Driver/Src/stm32f4xx_hal_rcc_ex.c **** 
2262:Drivers/STM32F4xx_HAL_Driver/Src/stm32f4xx_hal_rcc_ex.c ****     /*----------------- In Case of PLLI2S is just selected  -----------------*/
2263:Drivers/STM32F4xx_HAL_Driver/Src/stm32f4xx_hal_rcc_ex.c ****     if ((PeriphClkInit->PeriphClockSelection & RCC_PERIPHCLK_PLLI2S) == RCC_PERIPHCLK_PLLI2S)
2264:Drivers/STM32F4xx_HAL_Driver/Src/stm32f4xx_hal_rcc_ex.c ****     {
2265:Drivers/STM32F4xx_HAL_Driver/Src/stm32f4xx_hal_rcc_ex.c ****       /* Check for Parameters */
2266:Drivers/STM32F4xx_HAL_Driver/Src/stm32f4xx_hal_rcc_ex.c ****       assert_param(IS_RCC_PLLI2SQ_VALUE(PeriphClkInit->PLLI2S.PLLI2SQ));
2267:Drivers/STM32F4xx_HAL_Driver/Src/stm32f4xx_hal_rcc_ex.c ****       assert_param(IS_RCC_PLLI2SR_VALUE(PeriphClkInit->PLLI2S.PLLI2SR));
2268:Drivers/STM32F4xx_HAL_Driver/Src/stm32f4xx_hal_rcc_ex.c **** 
2269:Drivers/STM32F4xx_HAL_Driver/Src/stm32f4xx_hal_rcc_ex.c ****       /* Configure the PLLI2S multiplication and division factors */
2270:Drivers/STM32F4xx_HAL_Driver/Src/stm32f4xx_hal_rcc_ex.c ****       __HAL_RCC_PLLI2S_SAICLK_CONFIG(PeriphClkInit->PLLI2S.PLLI2SN, PeriphClkInit->PLLI2S.PLLI2SQ,
2271:Drivers/STM32F4xx_HAL_Driver/Src/stm32f4xx_hal_rcc_ex.c ****                                      PeriphClkInit->PLLI2S.PLLI2SR);
2272:Drivers/STM32F4xx_HAL_Driver/Src/stm32f4xx_hal_rcc_ex.c ****     }
2273:Drivers/STM32F4xx_HAL_Driver/Src/stm32f4xx_hal_rcc_ex.c **** 
2274:Drivers/STM32F4xx_HAL_Driver/Src/stm32f4xx_hal_rcc_ex.c ****     /* Enable the PLLI2S */
2275:Drivers/STM32F4xx_HAL_Driver/Src/stm32f4xx_hal_rcc_ex.c ****     __HAL_RCC_PLLI2S_ENABLE();
2276:Drivers/STM32F4xx_HAL_Driver/Src/stm32f4xx_hal_rcc_ex.c ****     /* Get tick */
2277:Drivers/STM32F4xx_HAL_Driver/Src/stm32f4xx_hal_rcc_ex.c ****     tickstart = HAL_GetTick();
2278:Drivers/STM32F4xx_HAL_Driver/Src/stm32f4xx_hal_rcc_ex.c ****     /* Wait till PLLI2S is ready */
2279:Drivers/STM32F4xx_HAL_Driver/Src/stm32f4xx_hal_rcc_ex.c ****     while (__HAL_RCC_GET_FLAG(RCC_FLAG_PLLI2SRDY)  == RESET)
2280:Drivers/STM32F4xx_HAL_Driver/Src/stm32f4xx_hal_rcc_ex.c ****     {
2281:Drivers/STM32F4xx_HAL_Driver/Src/stm32f4xx_hal_rcc_ex.c ****       if ((HAL_GetTick() - tickstart) > PLLI2S_TIMEOUT_VALUE)
2282:Drivers/STM32F4xx_HAL_Driver/Src/stm32f4xx_hal_rcc_ex.c ****       {
2283:Drivers/STM32F4xx_HAL_Driver/Src/stm32f4xx_hal_rcc_ex.c ****         /* return in case of Timeout detected */
2284:Drivers/STM32F4xx_HAL_Driver/Src/stm32f4xx_hal_rcc_ex.c ****         return HAL_TIMEOUT;
2285:Drivers/STM32F4xx_HAL_Driver/Src/stm32f4xx_hal_rcc_ex.c ****       }
2286:Drivers/STM32F4xx_HAL_Driver/Src/stm32f4xx_hal_rcc_ex.c ****     }
2287:Drivers/STM32F4xx_HAL_Driver/Src/stm32f4xx_hal_rcc_ex.c ****   }
2288:Drivers/STM32F4xx_HAL_Driver/Src/stm32f4xx_hal_rcc_ex.c ****   /*--------------------------------------------------------------------------*/
2289:Drivers/STM32F4xx_HAL_Driver/Src/stm32f4xx_hal_rcc_ex.c **** 
2290:Drivers/STM32F4xx_HAL_Driver/Src/stm32f4xx_hal_rcc_ex.c ****   /*----------------------- SAI/LTDC Configuration (PLLSAI) ------------------*/
2291:Drivers/STM32F4xx_HAL_Driver/Src/stm32f4xx_hal_rcc_ex.c ****   /*----------------------- Common configuration SAI/LTDC --------------------*/
2292:Drivers/STM32F4xx_HAL_Driver/Src/stm32f4xx_hal_rcc_ex.c ****   /* In Case of SAI or LTDC Clock Configuration through PLLSAI, PLLSAIN division
2293:Drivers/STM32F4xx_HAL_Driver/Src/stm32f4xx_hal_rcc_ex.c ****      factor is common parameters for both peripherals */
2294:Drivers/STM32F4xx_HAL_Driver/Src/stm32f4xx_hal_rcc_ex.c ****   if ((((PeriphClkInit->PeriphClockSelection) & RCC_PERIPHCLK_SAI_PLLSAI) == RCC_PERIPHCLK_SAI_PLLS
2295:Drivers/STM32F4xx_HAL_Driver/Src/stm32f4xx_hal_rcc_ex.c ****       (((PeriphClkInit->PeriphClockSelection) & RCC_PERIPHCLK_LTDC) == RCC_PERIPHCLK_LTDC))
2296:Drivers/STM32F4xx_HAL_Driver/Src/stm32f4xx_hal_rcc_ex.c ****   {
2297:Drivers/STM32F4xx_HAL_Driver/Src/stm32f4xx_hal_rcc_ex.c ****     /* Check the PLLSAI division factors */
2298:Drivers/STM32F4xx_HAL_Driver/Src/stm32f4xx_hal_rcc_ex.c ****     assert_param(IS_RCC_PLLSAIN_VALUE(PeriphClkInit->PLLSAI.PLLSAIN));
2299:Drivers/STM32F4xx_HAL_Driver/Src/stm32f4xx_hal_rcc_ex.c **** 
2300:Drivers/STM32F4xx_HAL_Driver/Src/stm32f4xx_hal_rcc_ex.c ****     /* Disable PLLSAI Clock */
ARM GAS  C:\Users\user\AppData\Local\Temp\ccuZOZlR.s 			page 79


2301:Drivers/STM32F4xx_HAL_Driver/Src/stm32f4xx_hal_rcc_ex.c ****     __HAL_RCC_PLLSAI_DISABLE();
2302:Drivers/STM32F4xx_HAL_Driver/Src/stm32f4xx_hal_rcc_ex.c ****     /* Get tick */
2303:Drivers/STM32F4xx_HAL_Driver/Src/stm32f4xx_hal_rcc_ex.c ****     tickstart = HAL_GetTick();
2304:Drivers/STM32F4xx_HAL_Driver/Src/stm32f4xx_hal_rcc_ex.c ****     /* Wait till PLLSAI is disabled */
2305:Drivers/STM32F4xx_HAL_Driver/Src/stm32f4xx_hal_rcc_ex.c ****     while (__HAL_RCC_PLLSAI_GET_FLAG() != RESET)
2306:Drivers/STM32F4xx_HAL_Driver/Src/stm32f4xx_hal_rcc_ex.c ****     {
2307:Drivers/STM32F4xx_HAL_Driver/Src/stm32f4xx_hal_rcc_ex.c ****       if ((HAL_GetTick() - tickstart) > PLLSAI_TIMEOUT_VALUE)
2308:Drivers/STM32F4xx_HAL_Driver/Src/stm32f4xx_hal_rcc_ex.c ****       {
2309:Drivers/STM32F4xx_HAL_Driver/Src/stm32f4xx_hal_rcc_ex.c ****         /* return in case of Timeout detected */
2310:Drivers/STM32F4xx_HAL_Driver/Src/stm32f4xx_hal_rcc_ex.c ****         return HAL_TIMEOUT;
2311:Drivers/STM32F4xx_HAL_Driver/Src/stm32f4xx_hal_rcc_ex.c ****       }
2312:Drivers/STM32F4xx_HAL_Driver/Src/stm32f4xx_hal_rcc_ex.c ****     }
2313:Drivers/STM32F4xx_HAL_Driver/Src/stm32f4xx_hal_rcc_ex.c **** 
2314:Drivers/STM32F4xx_HAL_Driver/Src/stm32f4xx_hal_rcc_ex.c ****     /*---------------------------- SAI configuration -------------------------*/
2315:Drivers/STM32F4xx_HAL_Driver/Src/stm32f4xx_hal_rcc_ex.c ****     /* In Case of SAI Clock Configuration through PLLSAI, PLLSAIQ and PLLSAI_DIVQ must
2316:Drivers/STM32F4xx_HAL_Driver/Src/stm32f4xx_hal_rcc_ex.c ****        be added only for SAI configuration */
2317:Drivers/STM32F4xx_HAL_Driver/Src/stm32f4xx_hal_rcc_ex.c ****     if (((PeriphClkInit->PeriphClockSelection) & RCC_PERIPHCLK_SAI_PLLSAI) == (RCC_PERIPHCLK_SAI_PL
2318:Drivers/STM32F4xx_HAL_Driver/Src/stm32f4xx_hal_rcc_ex.c ****     {
2319:Drivers/STM32F4xx_HAL_Driver/Src/stm32f4xx_hal_rcc_ex.c ****       assert_param(IS_RCC_PLLSAIQ_VALUE(PeriphClkInit->PLLSAI.PLLSAIQ));
2320:Drivers/STM32F4xx_HAL_Driver/Src/stm32f4xx_hal_rcc_ex.c ****       assert_param(IS_RCC_PLLSAI_DIVQ_VALUE(PeriphClkInit->PLLSAIDivQ));
2321:Drivers/STM32F4xx_HAL_Driver/Src/stm32f4xx_hal_rcc_ex.c **** 
2322:Drivers/STM32F4xx_HAL_Driver/Src/stm32f4xx_hal_rcc_ex.c ****       /* Read PLLSAIR value from PLLSAICFGR register (this value is not need for SAI configuration)
2323:Drivers/STM32F4xx_HAL_Driver/Src/stm32f4xx_hal_rcc_ex.c ****       tmpreg1 = ((RCC->PLLSAICFGR & RCC_PLLSAICFGR_PLLSAIR) >> RCC_PLLSAICFGR_PLLSAIR_Pos);
2324:Drivers/STM32F4xx_HAL_Driver/Src/stm32f4xx_hal_rcc_ex.c ****       /* PLLSAI_VCO Input  = PLL_SOURCE/PLLM */
2325:Drivers/STM32F4xx_HAL_Driver/Src/stm32f4xx_hal_rcc_ex.c ****       /* PLLSAI_VCO Output = PLLSAI_VCO Input * PLLSAIN */
2326:Drivers/STM32F4xx_HAL_Driver/Src/stm32f4xx_hal_rcc_ex.c ****       /* SAI_CLK(first level) = PLLSAI_VCO Output/PLLSAIQ */
2327:Drivers/STM32F4xx_HAL_Driver/Src/stm32f4xx_hal_rcc_ex.c ****       __HAL_RCC_PLLSAI_CONFIG(PeriphClkInit->PLLSAI.PLLSAIN, PeriphClkInit->PLLSAI.PLLSAIQ, tmpreg1
2328:Drivers/STM32F4xx_HAL_Driver/Src/stm32f4xx_hal_rcc_ex.c ****       /* SAI_CLK_x = SAI_CLK(first level)/PLLSAIDIVQ */
2329:Drivers/STM32F4xx_HAL_Driver/Src/stm32f4xx_hal_rcc_ex.c ****       __HAL_RCC_PLLSAI_PLLSAICLKDIVQ_CONFIG(PeriphClkInit->PLLSAIDivQ);
2330:Drivers/STM32F4xx_HAL_Driver/Src/stm32f4xx_hal_rcc_ex.c ****     }
2331:Drivers/STM32F4xx_HAL_Driver/Src/stm32f4xx_hal_rcc_ex.c **** 
2332:Drivers/STM32F4xx_HAL_Driver/Src/stm32f4xx_hal_rcc_ex.c ****     /*---------------------------- LTDC configuration ------------------------*/
2333:Drivers/STM32F4xx_HAL_Driver/Src/stm32f4xx_hal_rcc_ex.c ****     if (((PeriphClkInit->PeriphClockSelection) & RCC_PERIPHCLK_LTDC) == (RCC_PERIPHCLK_LTDC))
2334:Drivers/STM32F4xx_HAL_Driver/Src/stm32f4xx_hal_rcc_ex.c ****     {
2335:Drivers/STM32F4xx_HAL_Driver/Src/stm32f4xx_hal_rcc_ex.c ****       assert_param(IS_RCC_PLLSAIR_VALUE(PeriphClkInit->PLLSAI.PLLSAIR));
2336:Drivers/STM32F4xx_HAL_Driver/Src/stm32f4xx_hal_rcc_ex.c ****       assert_param(IS_RCC_PLLSAI_DIVR_VALUE(PeriphClkInit->PLLSAIDivR));
2337:Drivers/STM32F4xx_HAL_Driver/Src/stm32f4xx_hal_rcc_ex.c **** 
2338:Drivers/STM32F4xx_HAL_Driver/Src/stm32f4xx_hal_rcc_ex.c ****       /* Read PLLSAIR value from PLLSAICFGR register (this value is not need for SAI configuration)
2339:Drivers/STM32F4xx_HAL_Driver/Src/stm32f4xx_hal_rcc_ex.c ****       tmpreg1 = ((RCC->PLLSAICFGR & RCC_PLLSAICFGR_PLLSAIQ) >> RCC_PLLSAICFGR_PLLSAIQ_Pos);
2340:Drivers/STM32F4xx_HAL_Driver/Src/stm32f4xx_hal_rcc_ex.c ****       /* PLLSAI_VCO Input  = PLL_SOURCE/PLLM */
2341:Drivers/STM32F4xx_HAL_Driver/Src/stm32f4xx_hal_rcc_ex.c ****       /* PLLSAI_VCO Output = PLLSAI_VCO Input * PLLSAIN */
2342:Drivers/STM32F4xx_HAL_Driver/Src/stm32f4xx_hal_rcc_ex.c ****       /* LTDC_CLK(first level) = PLLSAI_VCO Output/PLLSAIR */
2343:Drivers/STM32F4xx_HAL_Driver/Src/stm32f4xx_hal_rcc_ex.c ****       __HAL_RCC_PLLSAI_CONFIG(PeriphClkInit->PLLSAI.PLLSAIN, tmpreg1, PeriphClkInit->PLLSAI.PLLSAIR
2344:Drivers/STM32F4xx_HAL_Driver/Src/stm32f4xx_hal_rcc_ex.c ****       /* LTDC_CLK = LTDC_CLK(first level)/PLLSAIDIVR */
2345:Drivers/STM32F4xx_HAL_Driver/Src/stm32f4xx_hal_rcc_ex.c ****       __HAL_RCC_PLLSAI_PLLSAICLKDIVR_CONFIG(PeriphClkInit->PLLSAIDivR);
2346:Drivers/STM32F4xx_HAL_Driver/Src/stm32f4xx_hal_rcc_ex.c ****     }
2347:Drivers/STM32F4xx_HAL_Driver/Src/stm32f4xx_hal_rcc_ex.c ****     /* Enable PLLSAI Clock */
2348:Drivers/STM32F4xx_HAL_Driver/Src/stm32f4xx_hal_rcc_ex.c ****     __HAL_RCC_PLLSAI_ENABLE();
2349:Drivers/STM32F4xx_HAL_Driver/Src/stm32f4xx_hal_rcc_ex.c ****     /* Get tick */
2350:Drivers/STM32F4xx_HAL_Driver/Src/stm32f4xx_hal_rcc_ex.c ****     tickstart = HAL_GetTick();
2351:Drivers/STM32F4xx_HAL_Driver/Src/stm32f4xx_hal_rcc_ex.c ****     /* Wait till PLLSAI is ready */
2352:Drivers/STM32F4xx_HAL_Driver/Src/stm32f4xx_hal_rcc_ex.c ****     while (__HAL_RCC_PLLSAI_GET_FLAG() == RESET)
2353:Drivers/STM32F4xx_HAL_Driver/Src/stm32f4xx_hal_rcc_ex.c ****     {
2354:Drivers/STM32F4xx_HAL_Driver/Src/stm32f4xx_hal_rcc_ex.c ****       if ((HAL_GetTick() - tickstart) > PLLSAI_TIMEOUT_VALUE)
2355:Drivers/STM32F4xx_HAL_Driver/Src/stm32f4xx_hal_rcc_ex.c ****       {
2356:Drivers/STM32F4xx_HAL_Driver/Src/stm32f4xx_hal_rcc_ex.c ****         /* return in case of Timeout detected */
2357:Drivers/STM32F4xx_HAL_Driver/Src/stm32f4xx_hal_rcc_ex.c ****         return HAL_TIMEOUT;
ARM GAS  C:\Users\user\AppData\Local\Temp\ccuZOZlR.s 			page 80


2358:Drivers/STM32F4xx_HAL_Driver/Src/stm32f4xx_hal_rcc_ex.c ****       }
2359:Drivers/STM32F4xx_HAL_Driver/Src/stm32f4xx_hal_rcc_ex.c ****     }
2360:Drivers/STM32F4xx_HAL_Driver/Src/stm32f4xx_hal_rcc_ex.c ****   }
2361:Drivers/STM32F4xx_HAL_Driver/Src/stm32f4xx_hal_rcc_ex.c ****   /*--------------------------------------------------------------------------*/
2362:Drivers/STM32F4xx_HAL_Driver/Src/stm32f4xx_hal_rcc_ex.c **** 
2363:Drivers/STM32F4xx_HAL_Driver/Src/stm32f4xx_hal_rcc_ex.c ****   /*---------------------------- RTC configuration ---------------------------*/
2364:Drivers/STM32F4xx_HAL_Driver/Src/stm32f4xx_hal_rcc_ex.c ****   if (((PeriphClkInit->PeriphClockSelection) & RCC_PERIPHCLK_RTC) == (RCC_PERIPHCLK_RTC))
2365:Drivers/STM32F4xx_HAL_Driver/Src/stm32f4xx_hal_rcc_ex.c ****   {
2366:Drivers/STM32F4xx_HAL_Driver/Src/stm32f4xx_hal_rcc_ex.c ****     /* Check for RTC Parameters used to output RTCCLK */
2367:Drivers/STM32F4xx_HAL_Driver/Src/stm32f4xx_hal_rcc_ex.c ****     assert_param(IS_RCC_RTCCLKSOURCE(PeriphClkInit->RTCClockSelection));
2368:Drivers/STM32F4xx_HAL_Driver/Src/stm32f4xx_hal_rcc_ex.c **** 
2369:Drivers/STM32F4xx_HAL_Driver/Src/stm32f4xx_hal_rcc_ex.c ****     /* Enable Power Clock*/
2370:Drivers/STM32F4xx_HAL_Driver/Src/stm32f4xx_hal_rcc_ex.c ****     __HAL_RCC_PWR_CLK_ENABLE();
2371:Drivers/STM32F4xx_HAL_Driver/Src/stm32f4xx_hal_rcc_ex.c **** 
2372:Drivers/STM32F4xx_HAL_Driver/Src/stm32f4xx_hal_rcc_ex.c ****     /* Enable write access to Backup domain */
2373:Drivers/STM32F4xx_HAL_Driver/Src/stm32f4xx_hal_rcc_ex.c ****     PWR->CR |= PWR_CR_DBP;
2374:Drivers/STM32F4xx_HAL_Driver/Src/stm32f4xx_hal_rcc_ex.c **** 
2375:Drivers/STM32F4xx_HAL_Driver/Src/stm32f4xx_hal_rcc_ex.c ****     /* Get tick */
2376:Drivers/STM32F4xx_HAL_Driver/Src/stm32f4xx_hal_rcc_ex.c ****     tickstart = HAL_GetTick();
2377:Drivers/STM32F4xx_HAL_Driver/Src/stm32f4xx_hal_rcc_ex.c **** 
2378:Drivers/STM32F4xx_HAL_Driver/Src/stm32f4xx_hal_rcc_ex.c ****     while ((PWR->CR & PWR_CR_DBP) == RESET)
2379:Drivers/STM32F4xx_HAL_Driver/Src/stm32f4xx_hal_rcc_ex.c ****     {
2380:Drivers/STM32F4xx_HAL_Driver/Src/stm32f4xx_hal_rcc_ex.c ****       if ((HAL_GetTick() - tickstart) > RCC_DBP_TIMEOUT_VALUE)
2381:Drivers/STM32F4xx_HAL_Driver/Src/stm32f4xx_hal_rcc_ex.c ****       {
2382:Drivers/STM32F4xx_HAL_Driver/Src/stm32f4xx_hal_rcc_ex.c ****         return HAL_TIMEOUT;
2383:Drivers/STM32F4xx_HAL_Driver/Src/stm32f4xx_hal_rcc_ex.c ****       }
2384:Drivers/STM32F4xx_HAL_Driver/Src/stm32f4xx_hal_rcc_ex.c ****     }
2385:Drivers/STM32F4xx_HAL_Driver/Src/stm32f4xx_hal_rcc_ex.c ****     /* Reset the Backup domain only if the RTC Clock source selection is modified from reset value 
2386:Drivers/STM32F4xx_HAL_Driver/Src/stm32f4xx_hal_rcc_ex.c ****     tmpreg1 = (RCC->BDCR & RCC_BDCR_RTCSEL);
2387:Drivers/STM32F4xx_HAL_Driver/Src/stm32f4xx_hal_rcc_ex.c ****     if ((tmpreg1 != 0x00000000U) && ((tmpreg1) != (PeriphClkInit->RTCClockSelection & RCC_BDCR_RTCS
2388:Drivers/STM32F4xx_HAL_Driver/Src/stm32f4xx_hal_rcc_ex.c ****     {
2389:Drivers/STM32F4xx_HAL_Driver/Src/stm32f4xx_hal_rcc_ex.c ****       /* Store the content of BDCR register before the reset of Backup Domain */
2390:Drivers/STM32F4xx_HAL_Driver/Src/stm32f4xx_hal_rcc_ex.c ****       tmpreg1 = (RCC->BDCR & ~(RCC_BDCR_RTCSEL));
2391:Drivers/STM32F4xx_HAL_Driver/Src/stm32f4xx_hal_rcc_ex.c ****       /* RTC Clock selection can be changed only if the Backup Domain is reset */
2392:Drivers/STM32F4xx_HAL_Driver/Src/stm32f4xx_hal_rcc_ex.c ****       __HAL_RCC_BACKUPRESET_FORCE();
2393:Drivers/STM32F4xx_HAL_Driver/Src/stm32f4xx_hal_rcc_ex.c ****       __HAL_RCC_BACKUPRESET_RELEASE();
2394:Drivers/STM32F4xx_HAL_Driver/Src/stm32f4xx_hal_rcc_ex.c ****       /* Restore the Content of BDCR register */
2395:Drivers/STM32F4xx_HAL_Driver/Src/stm32f4xx_hal_rcc_ex.c ****       RCC->BDCR = tmpreg1;
2396:Drivers/STM32F4xx_HAL_Driver/Src/stm32f4xx_hal_rcc_ex.c **** 
2397:Drivers/STM32F4xx_HAL_Driver/Src/stm32f4xx_hal_rcc_ex.c ****       /* Wait for LSE reactivation if LSE was enable prior to Backup Domain reset */
2398:Drivers/STM32F4xx_HAL_Driver/Src/stm32f4xx_hal_rcc_ex.c ****       if (HAL_IS_BIT_SET(RCC->BDCR, RCC_BDCR_LSEON))
2399:Drivers/STM32F4xx_HAL_Driver/Src/stm32f4xx_hal_rcc_ex.c ****       {
2400:Drivers/STM32F4xx_HAL_Driver/Src/stm32f4xx_hal_rcc_ex.c ****         /* Get tick */
2401:Drivers/STM32F4xx_HAL_Driver/Src/stm32f4xx_hal_rcc_ex.c ****         tickstart = HAL_GetTick();
2402:Drivers/STM32F4xx_HAL_Driver/Src/stm32f4xx_hal_rcc_ex.c **** 
2403:Drivers/STM32F4xx_HAL_Driver/Src/stm32f4xx_hal_rcc_ex.c ****         /* Wait till LSE is ready */
2404:Drivers/STM32F4xx_HAL_Driver/Src/stm32f4xx_hal_rcc_ex.c ****         while (__HAL_RCC_GET_FLAG(RCC_FLAG_LSERDY) == RESET)
2405:Drivers/STM32F4xx_HAL_Driver/Src/stm32f4xx_hal_rcc_ex.c ****         {
2406:Drivers/STM32F4xx_HAL_Driver/Src/stm32f4xx_hal_rcc_ex.c ****           if ((HAL_GetTick() - tickstart) > RCC_LSE_TIMEOUT_VALUE)
2407:Drivers/STM32F4xx_HAL_Driver/Src/stm32f4xx_hal_rcc_ex.c ****           {
2408:Drivers/STM32F4xx_HAL_Driver/Src/stm32f4xx_hal_rcc_ex.c ****             return HAL_TIMEOUT;
2409:Drivers/STM32F4xx_HAL_Driver/Src/stm32f4xx_hal_rcc_ex.c ****           }
2410:Drivers/STM32F4xx_HAL_Driver/Src/stm32f4xx_hal_rcc_ex.c ****         }
2411:Drivers/STM32F4xx_HAL_Driver/Src/stm32f4xx_hal_rcc_ex.c ****       }
2412:Drivers/STM32F4xx_HAL_Driver/Src/stm32f4xx_hal_rcc_ex.c ****     }
2413:Drivers/STM32F4xx_HAL_Driver/Src/stm32f4xx_hal_rcc_ex.c ****     __HAL_RCC_RTC_CONFIG(PeriphClkInit->RTCClockSelection);
2414:Drivers/STM32F4xx_HAL_Driver/Src/stm32f4xx_hal_rcc_ex.c ****   }
ARM GAS  C:\Users\user\AppData\Local\Temp\ccuZOZlR.s 			page 81


2415:Drivers/STM32F4xx_HAL_Driver/Src/stm32f4xx_hal_rcc_ex.c ****   /*--------------------------------------------------------------------------*/
2416:Drivers/STM32F4xx_HAL_Driver/Src/stm32f4xx_hal_rcc_ex.c **** 
2417:Drivers/STM32F4xx_HAL_Driver/Src/stm32f4xx_hal_rcc_ex.c ****   /*---------------------------- TIM configuration ---------------------------*/
2418:Drivers/STM32F4xx_HAL_Driver/Src/stm32f4xx_hal_rcc_ex.c ****   if (((PeriphClkInit->PeriphClockSelection) & RCC_PERIPHCLK_TIM) == (RCC_PERIPHCLK_TIM))
2419:Drivers/STM32F4xx_HAL_Driver/Src/stm32f4xx_hal_rcc_ex.c ****   {
2420:Drivers/STM32F4xx_HAL_Driver/Src/stm32f4xx_hal_rcc_ex.c ****     __HAL_RCC_TIMCLKPRESCALER(PeriphClkInit->TIMPresSelection);
2421:Drivers/STM32F4xx_HAL_Driver/Src/stm32f4xx_hal_rcc_ex.c ****   }
2422:Drivers/STM32F4xx_HAL_Driver/Src/stm32f4xx_hal_rcc_ex.c ****   return HAL_OK;
2423:Drivers/STM32F4xx_HAL_Driver/Src/stm32f4xx_hal_rcc_ex.c **** }
2424:Drivers/STM32F4xx_HAL_Driver/Src/stm32f4xx_hal_rcc_ex.c **** 
2425:Drivers/STM32F4xx_HAL_Driver/Src/stm32f4xx_hal_rcc_ex.c **** /**
2426:Drivers/STM32F4xx_HAL_Driver/Src/stm32f4xx_hal_rcc_ex.c ****   * @brief  Configures the PeriphClkInit according to the internal
2427:Drivers/STM32F4xx_HAL_Driver/Src/stm32f4xx_hal_rcc_ex.c ****   * RCC configuration registers.
2428:Drivers/STM32F4xx_HAL_Driver/Src/stm32f4xx_hal_rcc_ex.c ****   * @param  PeriphClkInit pointer to an RCC_PeriphCLKInitTypeDef structure that
2429:Drivers/STM32F4xx_HAL_Driver/Src/stm32f4xx_hal_rcc_ex.c ****   *         will be configured.
2430:Drivers/STM32F4xx_HAL_Driver/Src/stm32f4xx_hal_rcc_ex.c ****   * @retval None
2431:Drivers/STM32F4xx_HAL_Driver/Src/stm32f4xx_hal_rcc_ex.c ****   */
2432:Drivers/STM32F4xx_HAL_Driver/Src/stm32f4xx_hal_rcc_ex.c **** void HAL_RCCEx_GetPeriphCLKConfig(RCC_PeriphCLKInitTypeDef  *PeriphClkInit)
2433:Drivers/STM32F4xx_HAL_Driver/Src/stm32f4xx_hal_rcc_ex.c **** {
2434:Drivers/STM32F4xx_HAL_Driver/Src/stm32f4xx_hal_rcc_ex.c ****   uint32_t tempreg;
2435:Drivers/STM32F4xx_HAL_Driver/Src/stm32f4xx_hal_rcc_ex.c **** 
2436:Drivers/STM32F4xx_HAL_Driver/Src/stm32f4xx_hal_rcc_ex.c ****   /* Set all possible values for the extended clock type parameter------------*/
2437:Drivers/STM32F4xx_HAL_Driver/Src/stm32f4xx_hal_rcc_ex.c ****   PeriphClkInit->PeriphClockSelection = RCC_PERIPHCLK_I2S | RCC_PERIPHCLK_SAI_PLLSAI | RCC_PERIPHCL
2438:Drivers/STM32F4xx_HAL_Driver/Src/stm32f4xx_hal_rcc_ex.c **** 
2439:Drivers/STM32F4xx_HAL_Driver/Src/stm32f4xx_hal_rcc_ex.c ****   /* Get the PLLI2S Clock configuration -----------------------------------------------*/
2440:Drivers/STM32F4xx_HAL_Driver/Src/stm32f4xx_hal_rcc_ex.c ****   PeriphClkInit->PLLI2S.PLLI2SN = (uint32_t)((RCC->PLLI2SCFGR & RCC_PLLI2SCFGR_PLLI2SN) >> RCC_PLLI
2441:Drivers/STM32F4xx_HAL_Driver/Src/stm32f4xx_hal_rcc_ex.c ****   PeriphClkInit->PLLI2S.PLLI2SR = (uint32_t)((RCC->PLLI2SCFGR & RCC_PLLI2SCFGR_PLLI2SR) >> RCC_PLLI
2442:Drivers/STM32F4xx_HAL_Driver/Src/stm32f4xx_hal_rcc_ex.c ****   PeriphClkInit->PLLI2S.PLLI2SQ = (uint32_t)((RCC->PLLI2SCFGR & RCC_PLLI2SCFGR_PLLI2SQ) >> RCC_PLLI
2443:Drivers/STM32F4xx_HAL_Driver/Src/stm32f4xx_hal_rcc_ex.c ****   /* Get the PLLSAI Clock configuration -----------------------------------------------*/
2444:Drivers/STM32F4xx_HAL_Driver/Src/stm32f4xx_hal_rcc_ex.c ****   PeriphClkInit->PLLSAI.PLLSAIN = (uint32_t)((RCC->PLLSAICFGR & RCC_PLLSAICFGR_PLLSAIN) >> RCC_PLLS
2445:Drivers/STM32F4xx_HAL_Driver/Src/stm32f4xx_hal_rcc_ex.c ****   PeriphClkInit->PLLSAI.PLLSAIR = (uint32_t)((RCC->PLLSAICFGR & RCC_PLLSAICFGR_PLLSAIR) >> RCC_PLLS
2446:Drivers/STM32F4xx_HAL_Driver/Src/stm32f4xx_hal_rcc_ex.c ****   PeriphClkInit->PLLSAI.PLLSAIQ = (uint32_t)((RCC->PLLSAICFGR & RCC_PLLSAICFGR_PLLSAIQ) >> RCC_PLLS
2447:Drivers/STM32F4xx_HAL_Driver/Src/stm32f4xx_hal_rcc_ex.c ****   /* Get the PLLSAI/PLLI2S division factors -----------------------------------------------*/
2448:Drivers/STM32F4xx_HAL_Driver/Src/stm32f4xx_hal_rcc_ex.c ****   PeriphClkInit->PLLI2SDivQ = (uint32_t)((RCC->DCKCFGR & RCC_DCKCFGR_PLLI2SDIVQ) >> RCC_DCKCFGR_PLL
2449:Drivers/STM32F4xx_HAL_Driver/Src/stm32f4xx_hal_rcc_ex.c ****   PeriphClkInit->PLLSAIDivQ = (uint32_t)((RCC->DCKCFGR & RCC_DCKCFGR_PLLSAIDIVQ) >> RCC_DCKCFGR_PLL
2450:Drivers/STM32F4xx_HAL_Driver/Src/stm32f4xx_hal_rcc_ex.c ****   PeriphClkInit->PLLSAIDivR = (uint32_t)(RCC->DCKCFGR & RCC_DCKCFGR_PLLSAIDIVR);
2451:Drivers/STM32F4xx_HAL_Driver/Src/stm32f4xx_hal_rcc_ex.c ****   /* Get the RTC Clock configuration -----------------------------------------------*/
2452:Drivers/STM32F4xx_HAL_Driver/Src/stm32f4xx_hal_rcc_ex.c ****   tempreg = (RCC->CFGR & RCC_CFGR_RTCPRE);
2453:Drivers/STM32F4xx_HAL_Driver/Src/stm32f4xx_hal_rcc_ex.c ****   PeriphClkInit->RTCClockSelection = (uint32_t)((tempreg) | (RCC->BDCR & RCC_BDCR_RTCSEL));
2454:Drivers/STM32F4xx_HAL_Driver/Src/stm32f4xx_hal_rcc_ex.c **** 
2455:Drivers/STM32F4xx_HAL_Driver/Src/stm32f4xx_hal_rcc_ex.c ****   if ((RCC->DCKCFGR & RCC_DCKCFGR_TIMPRE) == RESET)
2456:Drivers/STM32F4xx_HAL_Driver/Src/stm32f4xx_hal_rcc_ex.c ****   {
2457:Drivers/STM32F4xx_HAL_Driver/Src/stm32f4xx_hal_rcc_ex.c ****     PeriphClkInit->TIMPresSelection = RCC_TIMPRES_DESACTIVATED;
2458:Drivers/STM32F4xx_HAL_Driver/Src/stm32f4xx_hal_rcc_ex.c ****   }
2459:Drivers/STM32F4xx_HAL_Driver/Src/stm32f4xx_hal_rcc_ex.c ****   else
2460:Drivers/STM32F4xx_HAL_Driver/Src/stm32f4xx_hal_rcc_ex.c ****   {
2461:Drivers/STM32F4xx_HAL_Driver/Src/stm32f4xx_hal_rcc_ex.c ****     PeriphClkInit->TIMPresSelection = RCC_TIMPRES_ACTIVATED;
2462:Drivers/STM32F4xx_HAL_Driver/Src/stm32f4xx_hal_rcc_ex.c ****   }
2463:Drivers/STM32F4xx_HAL_Driver/Src/stm32f4xx_hal_rcc_ex.c **** }
2464:Drivers/STM32F4xx_HAL_Driver/Src/stm32f4xx_hal_rcc_ex.c **** 
2465:Drivers/STM32F4xx_HAL_Driver/Src/stm32f4xx_hal_rcc_ex.c **** /**
2466:Drivers/STM32F4xx_HAL_Driver/Src/stm32f4xx_hal_rcc_ex.c ****   * @brief  Return the peripheral clock frequency for a given peripheral(SAI..)
2467:Drivers/STM32F4xx_HAL_Driver/Src/stm32f4xx_hal_rcc_ex.c ****   * @note   Return 0 if peripheral clock identifier not managed by this API
2468:Drivers/STM32F4xx_HAL_Driver/Src/stm32f4xx_hal_rcc_ex.c ****   * @param  PeriphClk Peripheral clock identifier
2469:Drivers/STM32F4xx_HAL_Driver/Src/stm32f4xx_hal_rcc_ex.c ****   *         This parameter can be one of the following values:
2470:Drivers/STM32F4xx_HAL_Driver/Src/stm32f4xx_hal_rcc_ex.c ****   *            @arg RCC_PERIPHCLK_I2S: I2S peripheral clock
2471:Drivers/STM32F4xx_HAL_Driver/Src/stm32f4xx_hal_rcc_ex.c ****   * @retval Frequency in KHz
ARM GAS  C:\Users\user\AppData\Local\Temp\ccuZOZlR.s 			page 82


2472:Drivers/STM32F4xx_HAL_Driver/Src/stm32f4xx_hal_rcc_ex.c ****   */
2473:Drivers/STM32F4xx_HAL_Driver/Src/stm32f4xx_hal_rcc_ex.c **** uint32_t HAL_RCCEx_GetPeriphCLKFreq(uint32_t PeriphClk)
2474:Drivers/STM32F4xx_HAL_Driver/Src/stm32f4xx_hal_rcc_ex.c **** {
2475:Drivers/STM32F4xx_HAL_Driver/Src/stm32f4xx_hal_rcc_ex.c ****   /* This variable used to store the I2S clock frequency (value in Hz) */
2476:Drivers/STM32F4xx_HAL_Driver/Src/stm32f4xx_hal_rcc_ex.c ****   uint32_t frequency = 0U;
2477:Drivers/STM32F4xx_HAL_Driver/Src/stm32f4xx_hal_rcc_ex.c ****   /* This variable used to store the VCO Input (value in Hz) */
2478:Drivers/STM32F4xx_HAL_Driver/Src/stm32f4xx_hal_rcc_ex.c ****   uint32_t vcoinput = 0U;
2479:Drivers/STM32F4xx_HAL_Driver/Src/stm32f4xx_hal_rcc_ex.c ****   uint32_t srcclk = 0U;
2480:Drivers/STM32F4xx_HAL_Driver/Src/stm32f4xx_hal_rcc_ex.c ****   /* This variable used to store the VCO Output (value in Hz) */
2481:Drivers/STM32F4xx_HAL_Driver/Src/stm32f4xx_hal_rcc_ex.c ****   uint32_t vcooutput = 0U;
2482:Drivers/STM32F4xx_HAL_Driver/Src/stm32f4xx_hal_rcc_ex.c ****   switch (PeriphClk)
2483:Drivers/STM32F4xx_HAL_Driver/Src/stm32f4xx_hal_rcc_ex.c ****   {
2484:Drivers/STM32F4xx_HAL_Driver/Src/stm32f4xx_hal_rcc_ex.c ****     case RCC_PERIPHCLK_I2S:
2485:Drivers/STM32F4xx_HAL_Driver/Src/stm32f4xx_hal_rcc_ex.c ****     {
2486:Drivers/STM32F4xx_HAL_Driver/Src/stm32f4xx_hal_rcc_ex.c ****       /* Get the current I2S source */
2487:Drivers/STM32F4xx_HAL_Driver/Src/stm32f4xx_hal_rcc_ex.c ****       srcclk = __HAL_RCC_GET_I2S_SOURCE();
2488:Drivers/STM32F4xx_HAL_Driver/Src/stm32f4xx_hal_rcc_ex.c ****       switch (srcclk)
2489:Drivers/STM32F4xx_HAL_Driver/Src/stm32f4xx_hal_rcc_ex.c ****       {
2490:Drivers/STM32F4xx_HAL_Driver/Src/stm32f4xx_hal_rcc_ex.c ****         /* Check if I2S clock selection is External clock mapped on the I2S_CKIN pin used as I2S cl
2491:Drivers/STM32F4xx_HAL_Driver/Src/stm32f4xx_hal_rcc_ex.c ****         case RCC_I2SCLKSOURCE_EXT:
2492:Drivers/STM32F4xx_HAL_Driver/Src/stm32f4xx_hal_rcc_ex.c ****         {
2493:Drivers/STM32F4xx_HAL_Driver/Src/stm32f4xx_hal_rcc_ex.c ****           /* Set the I2S clock to the external clock  value */
2494:Drivers/STM32F4xx_HAL_Driver/Src/stm32f4xx_hal_rcc_ex.c ****           frequency = EXTERNAL_CLOCK_VALUE;
2495:Drivers/STM32F4xx_HAL_Driver/Src/stm32f4xx_hal_rcc_ex.c ****           break;
2496:Drivers/STM32F4xx_HAL_Driver/Src/stm32f4xx_hal_rcc_ex.c ****         }
2497:Drivers/STM32F4xx_HAL_Driver/Src/stm32f4xx_hal_rcc_ex.c ****         /* Check if I2S clock selection is PLLI2S VCO output clock divided by PLLI2SR used as I2S c
2498:Drivers/STM32F4xx_HAL_Driver/Src/stm32f4xx_hal_rcc_ex.c ****         case RCC_I2SCLKSOURCE_PLLI2S:
2499:Drivers/STM32F4xx_HAL_Driver/Src/stm32f4xx_hal_rcc_ex.c ****         {
2500:Drivers/STM32F4xx_HAL_Driver/Src/stm32f4xx_hal_rcc_ex.c ****           /* Configure the PLLI2S division factor */
2501:Drivers/STM32F4xx_HAL_Driver/Src/stm32f4xx_hal_rcc_ex.c ****           /* PLLI2S_VCO Input  = PLL_SOURCE/PLLM */
2502:Drivers/STM32F4xx_HAL_Driver/Src/stm32f4xx_hal_rcc_ex.c ****           if ((RCC->PLLCFGR & RCC_PLLCFGR_PLLSRC) == RCC_PLLSOURCE_HSE)
2503:Drivers/STM32F4xx_HAL_Driver/Src/stm32f4xx_hal_rcc_ex.c ****           {
2504:Drivers/STM32F4xx_HAL_Driver/Src/stm32f4xx_hal_rcc_ex.c ****             /* Get the I2S source clock value */
2505:Drivers/STM32F4xx_HAL_Driver/Src/stm32f4xx_hal_rcc_ex.c ****             vcoinput = (uint32_t)(HSE_VALUE / (uint32_t)(RCC->PLLCFGR & RCC_PLLCFGR_PLLM));
2506:Drivers/STM32F4xx_HAL_Driver/Src/stm32f4xx_hal_rcc_ex.c ****           }
2507:Drivers/STM32F4xx_HAL_Driver/Src/stm32f4xx_hal_rcc_ex.c ****           else
2508:Drivers/STM32F4xx_HAL_Driver/Src/stm32f4xx_hal_rcc_ex.c ****           {
2509:Drivers/STM32F4xx_HAL_Driver/Src/stm32f4xx_hal_rcc_ex.c ****             /* Get the I2S source clock value */
2510:Drivers/STM32F4xx_HAL_Driver/Src/stm32f4xx_hal_rcc_ex.c ****             vcoinput = (uint32_t)(HSI_VALUE / (uint32_t)(RCC->PLLCFGR & RCC_PLLCFGR_PLLM));
2511:Drivers/STM32F4xx_HAL_Driver/Src/stm32f4xx_hal_rcc_ex.c ****           }
2512:Drivers/STM32F4xx_HAL_Driver/Src/stm32f4xx_hal_rcc_ex.c **** 
2513:Drivers/STM32F4xx_HAL_Driver/Src/stm32f4xx_hal_rcc_ex.c ****           /* PLLI2S_VCO Output = PLLI2S_VCO Input * PLLI2SN */
2514:Drivers/STM32F4xx_HAL_Driver/Src/stm32f4xx_hal_rcc_ex.c ****           vcooutput = (uint32_t)(vcoinput * (((RCC->PLLI2SCFGR & RCC_PLLI2SCFGR_PLLI2SN) >> 6U) & (
2515:Drivers/STM32F4xx_HAL_Driver/Src/stm32f4xx_hal_rcc_ex.c ****           /* I2S_CLK = PLLI2S_VCO Output/PLLI2SR */
2516:Drivers/STM32F4xx_HAL_Driver/Src/stm32f4xx_hal_rcc_ex.c ****           frequency = (uint32_t)(vcooutput / (((RCC->PLLI2SCFGR & RCC_PLLI2SCFGR_PLLI2SR) >> 28U) &
2517:Drivers/STM32F4xx_HAL_Driver/Src/stm32f4xx_hal_rcc_ex.c ****           break;
2518:Drivers/STM32F4xx_HAL_Driver/Src/stm32f4xx_hal_rcc_ex.c ****         }
2519:Drivers/STM32F4xx_HAL_Driver/Src/stm32f4xx_hal_rcc_ex.c ****         /* Clock not enabled for I2S*/
2520:Drivers/STM32F4xx_HAL_Driver/Src/stm32f4xx_hal_rcc_ex.c ****         default:
2521:Drivers/STM32F4xx_HAL_Driver/Src/stm32f4xx_hal_rcc_ex.c ****         {
2522:Drivers/STM32F4xx_HAL_Driver/Src/stm32f4xx_hal_rcc_ex.c ****           frequency = 0U;
2523:Drivers/STM32F4xx_HAL_Driver/Src/stm32f4xx_hal_rcc_ex.c ****           break;
2524:Drivers/STM32F4xx_HAL_Driver/Src/stm32f4xx_hal_rcc_ex.c ****         }
2525:Drivers/STM32F4xx_HAL_Driver/Src/stm32f4xx_hal_rcc_ex.c ****       }
2526:Drivers/STM32F4xx_HAL_Driver/Src/stm32f4xx_hal_rcc_ex.c ****       break;
2527:Drivers/STM32F4xx_HAL_Driver/Src/stm32f4xx_hal_rcc_ex.c ****     }
2528:Drivers/STM32F4xx_HAL_Driver/Src/stm32f4xx_hal_rcc_ex.c ****     default:
ARM GAS  C:\Users\user\AppData\Local\Temp\ccuZOZlR.s 			page 83


2529:Drivers/STM32F4xx_HAL_Driver/Src/stm32f4xx_hal_rcc_ex.c ****     {
2530:Drivers/STM32F4xx_HAL_Driver/Src/stm32f4xx_hal_rcc_ex.c ****       break;
2531:Drivers/STM32F4xx_HAL_Driver/Src/stm32f4xx_hal_rcc_ex.c ****     }
2532:Drivers/STM32F4xx_HAL_Driver/Src/stm32f4xx_hal_rcc_ex.c ****   }
2533:Drivers/STM32F4xx_HAL_Driver/Src/stm32f4xx_hal_rcc_ex.c ****   return frequency;
2534:Drivers/STM32F4xx_HAL_Driver/Src/stm32f4xx_hal_rcc_ex.c **** }
2535:Drivers/STM32F4xx_HAL_Driver/Src/stm32f4xx_hal_rcc_ex.c **** #endif /* STM32F427xx || STM32F437xx || STM32F429xx || STM32F439xx */
2536:Drivers/STM32F4xx_HAL_Driver/Src/stm32f4xx_hal_rcc_ex.c **** 
2537:Drivers/STM32F4xx_HAL_Driver/Src/stm32f4xx_hal_rcc_ex.c **** #if defined(STM32F405xx) || defined(STM32F415xx) || defined(STM32F407xx)|| defined(STM32F417xx) ||\
2538:Drivers/STM32F4xx_HAL_Driver/Src/stm32f4xx_hal_rcc_ex.c ****     defined(STM32F401xC) || defined(STM32F401xE) || defined(STM32F411xE)
2539:Drivers/STM32F4xx_HAL_Driver/Src/stm32f4xx_hal_rcc_ex.c **** /**
2540:Drivers/STM32F4xx_HAL_Driver/Src/stm32f4xx_hal_rcc_ex.c ****   * @brief  Initializes the RCC extended peripherals clocks according to the specified parameters i
2541:Drivers/STM32F4xx_HAL_Driver/Src/stm32f4xx_hal_rcc_ex.c ****   *         RCC_PeriphCLKInitTypeDef.
2542:Drivers/STM32F4xx_HAL_Driver/Src/stm32f4xx_hal_rcc_ex.c ****   * @param  PeriphClkInit pointer to an RCC_PeriphCLKInitTypeDef structure that
2543:Drivers/STM32F4xx_HAL_Driver/Src/stm32f4xx_hal_rcc_ex.c ****   *         contains the configuration information for the Extended Peripherals clocks(I2S and RTC 
2544:Drivers/STM32F4xx_HAL_Driver/Src/stm32f4xx_hal_rcc_ex.c ****   *
2545:Drivers/STM32F4xx_HAL_Driver/Src/stm32f4xx_hal_rcc_ex.c ****   * @note   A caution to be taken when HAL_RCCEx_PeriphCLKConfig() is used to select RTC clock sele
2546:Drivers/STM32F4xx_HAL_Driver/Src/stm32f4xx_hal_rcc_ex.c ****   *         the Reset of Backup domain will be applied in order to modify the RTC Clock source as c
2547:Drivers/STM32F4xx_HAL_Driver/Src/stm32f4xx_hal_rcc_ex.c ****   *        domain (RTC and RCC_BDCR register expect BKPSRAM) will be reset
2548:Drivers/STM32F4xx_HAL_Driver/Src/stm32f4xx_hal_rcc_ex.c ****   *
2549:Drivers/STM32F4xx_HAL_Driver/Src/stm32f4xx_hal_rcc_ex.c ****   * @retval HAL status
2550:Drivers/STM32F4xx_HAL_Driver/Src/stm32f4xx_hal_rcc_ex.c ****   */
2551:Drivers/STM32F4xx_HAL_Driver/Src/stm32f4xx_hal_rcc_ex.c **** HAL_StatusTypeDef HAL_RCCEx_PeriphCLKConfig(RCC_PeriphCLKInitTypeDef  *PeriphClkInit)
2552:Drivers/STM32F4xx_HAL_Driver/Src/stm32f4xx_hal_rcc_ex.c **** {
2553:Drivers/STM32F4xx_HAL_Driver/Src/stm32f4xx_hal_rcc_ex.c ****   uint32_t tickstart = 0U;
2554:Drivers/STM32F4xx_HAL_Driver/Src/stm32f4xx_hal_rcc_ex.c ****   uint32_t tmpreg1 = 0U;
2555:Drivers/STM32F4xx_HAL_Driver/Src/stm32f4xx_hal_rcc_ex.c **** 
2556:Drivers/STM32F4xx_HAL_Driver/Src/stm32f4xx_hal_rcc_ex.c ****   /* Check the parameters */
2557:Drivers/STM32F4xx_HAL_Driver/Src/stm32f4xx_hal_rcc_ex.c ****   assert_param(IS_RCC_PERIPHCLOCK(PeriphClkInit->PeriphClockSelection));
2558:Drivers/STM32F4xx_HAL_Driver/Src/stm32f4xx_hal_rcc_ex.c **** 
2559:Drivers/STM32F4xx_HAL_Driver/Src/stm32f4xx_hal_rcc_ex.c ****   /*---------------------------- I2S configuration ---------------------------*/
2560:Drivers/STM32F4xx_HAL_Driver/Src/stm32f4xx_hal_rcc_ex.c ****   if ((((PeriphClkInit->PeriphClockSelection) & RCC_PERIPHCLK_I2S) == RCC_PERIPHCLK_I2S) ||
2561:Drivers/STM32F4xx_HAL_Driver/Src/stm32f4xx_hal_rcc_ex.c ****       (((PeriphClkInit->PeriphClockSelection) & RCC_PERIPHCLK_PLLI2S) == RCC_PERIPHCLK_PLLI2S))
2562:Drivers/STM32F4xx_HAL_Driver/Src/stm32f4xx_hal_rcc_ex.c ****   {
2563:Drivers/STM32F4xx_HAL_Driver/Src/stm32f4xx_hal_rcc_ex.c ****     /* check for Parameters */
2564:Drivers/STM32F4xx_HAL_Driver/Src/stm32f4xx_hal_rcc_ex.c ****     assert_param(IS_RCC_PLLI2SR_VALUE(PeriphClkInit->PLLI2S.PLLI2SR));
2565:Drivers/STM32F4xx_HAL_Driver/Src/stm32f4xx_hal_rcc_ex.c ****     assert_param(IS_RCC_PLLI2SN_VALUE(PeriphClkInit->PLLI2S.PLLI2SN));
2566:Drivers/STM32F4xx_HAL_Driver/Src/stm32f4xx_hal_rcc_ex.c **** #if defined(STM32F411xE)
2567:Drivers/STM32F4xx_HAL_Driver/Src/stm32f4xx_hal_rcc_ex.c ****     assert_param(IS_RCC_PLLI2SM_VALUE(PeriphClkInit->PLLI2S.PLLI2SM));
2568:Drivers/STM32F4xx_HAL_Driver/Src/stm32f4xx_hal_rcc_ex.c **** #endif /* STM32F411xE */
2569:Drivers/STM32F4xx_HAL_Driver/Src/stm32f4xx_hal_rcc_ex.c ****     /* Disable the PLLI2S */
2570:Drivers/STM32F4xx_HAL_Driver/Src/stm32f4xx_hal_rcc_ex.c ****     __HAL_RCC_PLLI2S_DISABLE();
2571:Drivers/STM32F4xx_HAL_Driver/Src/stm32f4xx_hal_rcc_ex.c ****     /* Get tick */
2572:Drivers/STM32F4xx_HAL_Driver/Src/stm32f4xx_hal_rcc_ex.c ****     tickstart = HAL_GetTick();
2573:Drivers/STM32F4xx_HAL_Driver/Src/stm32f4xx_hal_rcc_ex.c ****     /* Wait till PLLI2S is disabled */
2574:Drivers/STM32F4xx_HAL_Driver/Src/stm32f4xx_hal_rcc_ex.c ****     while (__HAL_RCC_GET_FLAG(RCC_FLAG_PLLI2SRDY)  != RESET)
2575:Drivers/STM32F4xx_HAL_Driver/Src/stm32f4xx_hal_rcc_ex.c ****     {
2576:Drivers/STM32F4xx_HAL_Driver/Src/stm32f4xx_hal_rcc_ex.c ****       if ((HAL_GetTick() - tickstart) > PLLI2S_TIMEOUT_VALUE)
2577:Drivers/STM32F4xx_HAL_Driver/Src/stm32f4xx_hal_rcc_ex.c ****       {
2578:Drivers/STM32F4xx_HAL_Driver/Src/stm32f4xx_hal_rcc_ex.c ****         /* return in case of Timeout detected */
2579:Drivers/STM32F4xx_HAL_Driver/Src/stm32f4xx_hal_rcc_ex.c ****         return HAL_TIMEOUT;
2580:Drivers/STM32F4xx_HAL_Driver/Src/stm32f4xx_hal_rcc_ex.c ****       }
2581:Drivers/STM32F4xx_HAL_Driver/Src/stm32f4xx_hal_rcc_ex.c ****     }
2582:Drivers/STM32F4xx_HAL_Driver/Src/stm32f4xx_hal_rcc_ex.c **** 
2583:Drivers/STM32F4xx_HAL_Driver/Src/stm32f4xx_hal_rcc_ex.c **** #if defined(STM32F411xE)
2584:Drivers/STM32F4xx_HAL_Driver/Src/stm32f4xx_hal_rcc_ex.c ****     /* Configure the PLLI2S division factors */
2585:Drivers/STM32F4xx_HAL_Driver/Src/stm32f4xx_hal_rcc_ex.c ****     /* PLLI2S_VCO = f(VCO clock) = f(PLLI2S clock input) * (PLLI2SN/PLLI2SM) */
ARM GAS  C:\Users\user\AppData\Local\Temp\ccuZOZlR.s 			page 84


2586:Drivers/STM32F4xx_HAL_Driver/Src/stm32f4xx_hal_rcc_ex.c ****     /* I2SCLK = f(PLLI2S clock output) = f(VCO clock) / PLLI2SR */
2587:Drivers/STM32F4xx_HAL_Driver/Src/stm32f4xx_hal_rcc_ex.c ****     __HAL_RCC_PLLI2S_I2SCLK_CONFIG(PeriphClkInit->PLLI2S.PLLI2SM, PeriphClkInit->PLLI2S.PLLI2SN,
2588:Drivers/STM32F4xx_HAL_Driver/Src/stm32f4xx_hal_rcc_ex.c ****                                    PeriphClkInit->PLLI2S.PLLI2SR);
2589:Drivers/STM32F4xx_HAL_Driver/Src/stm32f4xx_hal_rcc_ex.c **** #else
2590:Drivers/STM32F4xx_HAL_Driver/Src/stm32f4xx_hal_rcc_ex.c ****     /* Configure the PLLI2S division factors */
2591:Drivers/STM32F4xx_HAL_Driver/Src/stm32f4xx_hal_rcc_ex.c ****     /* PLLI2S_VCO = f(VCO clock) = f(PLLI2S clock input) * (PLLI2SN/PLLM) */
2592:Drivers/STM32F4xx_HAL_Driver/Src/stm32f4xx_hal_rcc_ex.c ****     /* I2SCLK = f(PLLI2S clock output) = f(VCO clock) / PLLI2SR */
2593:Drivers/STM32F4xx_HAL_Driver/Src/stm32f4xx_hal_rcc_ex.c ****     __HAL_RCC_PLLI2S_CONFIG(PeriphClkInit->PLLI2S.PLLI2SN, PeriphClkInit->PLLI2S.PLLI2SR);
2594:Drivers/STM32F4xx_HAL_Driver/Src/stm32f4xx_hal_rcc_ex.c **** #endif /* STM32F411xE */
2595:Drivers/STM32F4xx_HAL_Driver/Src/stm32f4xx_hal_rcc_ex.c **** 
2596:Drivers/STM32F4xx_HAL_Driver/Src/stm32f4xx_hal_rcc_ex.c ****     /* Enable the PLLI2S */
2597:Drivers/STM32F4xx_HAL_Driver/Src/stm32f4xx_hal_rcc_ex.c ****     __HAL_RCC_PLLI2S_ENABLE();
2598:Drivers/STM32F4xx_HAL_Driver/Src/stm32f4xx_hal_rcc_ex.c ****     /* Get tick */
2599:Drivers/STM32F4xx_HAL_Driver/Src/stm32f4xx_hal_rcc_ex.c ****     tickstart = HAL_GetTick();
2600:Drivers/STM32F4xx_HAL_Driver/Src/stm32f4xx_hal_rcc_ex.c ****     /* Wait till PLLI2S is ready */
2601:Drivers/STM32F4xx_HAL_Driver/Src/stm32f4xx_hal_rcc_ex.c ****     while (__HAL_RCC_GET_FLAG(RCC_FLAG_PLLI2SRDY)  == RESET)
2602:Drivers/STM32F4xx_HAL_Driver/Src/stm32f4xx_hal_rcc_ex.c ****     {
2603:Drivers/STM32F4xx_HAL_Driver/Src/stm32f4xx_hal_rcc_ex.c ****       if ((HAL_GetTick() - tickstart) > PLLI2S_TIMEOUT_VALUE)
2604:Drivers/STM32F4xx_HAL_Driver/Src/stm32f4xx_hal_rcc_ex.c ****       {
2605:Drivers/STM32F4xx_HAL_Driver/Src/stm32f4xx_hal_rcc_ex.c ****         /* return in case of Timeout detected */
2606:Drivers/STM32F4xx_HAL_Driver/Src/stm32f4xx_hal_rcc_ex.c ****         return HAL_TIMEOUT;
2607:Drivers/STM32F4xx_HAL_Driver/Src/stm32f4xx_hal_rcc_ex.c ****       }
2608:Drivers/STM32F4xx_HAL_Driver/Src/stm32f4xx_hal_rcc_ex.c ****     }
2609:Drivers/STM32F4xx_HAL_Driver/Src/stm32f4xx_hal_rcc_ex.c ****   }
2610:Drivers/STM32F4xx_HAL_Driver/Src/stm32f4xx_hal_rcc_ex.c **** 
2611:Drivers/STM32F4xx_HAL_Driver/Src/stm32f4xx_hal_rcc_ex.c ****   /*---------------------------- RTC configuration ---------------------------*/
2612:Drivers/STM32F4xx_HAL_Driver/Src/stm32f4xx_hal_rcc_ex.c ****   if (((PeriphClkInit->PeriphClockSelection) & RCC_PERIPHCLK_RTC) == (RCC_PERIPHCLK_RTC))
2613:Drivers/STM32F4xx_HAL_Driver/Src/stm32f4xx_hal_rcc_ex.c ****   {
2614:Drivers/STM32F4xx_HAL_Driver/Src/stm32f4xx_hal_rcc_ex.c ****     /* Check for RTC Parameters used to output RTCCLK */
2615:Drivers/STM32F4xx_HAL_Driver/Src/stm32f4xx_hal_rcc_ex.c ****     assert_param(IS_RCC_RTCCLKSOURCE(PeriphClkInit->RTCClockSelection));
2616:Drivers/STM32F4xx_HAL_Driver/Src/stm32f4xx_hal_rcc_ex.c **** 
2617:Drivers/STM32F4xx_HAL_Driver/Src/stm32f4xx_hal_rcc_ex.c ****     /* Enable Power Clock*/
2618:Drivers/STM32F4xx_HAL_Driver/Src/stm32f4xx_hal_rcc_ex.c ****     __HAL_RCC_PWR_CLK_ENABLE();
2619:Drivers/STM32F4xx_HAL_Driver/Src/stm32f4xx_hal_rcc_ex.c **** 
2620:Drivers/STM32F4xx_HAL_Driver/Src/stm32f4xx_hal_rcc_ex.c ****     /* Enable write access to Backup domain */
2621:Drivers/STM32F4xx_HAL_Driver/Src/stm32f4xx_hal_rcc_ex.c ****     PWR->CR |= PWR_CR_DBP;
2622:Drivers/STM32F4xx_HAL_Driver/Src/stm32f4xx_hal_rcc_ex.c **** 
2623:Drivers/STM32F4xx_HAL_Driver/Src/stm32f4xx_hal_rcc_ex.c ****     /* Get tick */
2624:Drivers/STM32F4xx_HAL_Driver/Src/stm32f4xx_hal_rcc_ex.c ****     tickstart = HAL_GetTick();
2625:Drivers/STM32F4xx_HAL_Driver/Src/stm32f4xx_hal_rcc_ex.c **** 
2626:Drivers/STM32F4xx_HAL_Driver/Src/stm32f4xx_hal_rcc_ex.c ****     while ((PWR->CR & PWR_CR_DBP) == RESET)
2627:Drivers/STM32F4xx_HAL_Driver/Src/stm32f4xx_hal_rcc_ex.c ****     {
2628:Drivers/STM32F4xx_HAL_Driver/Src/stm32f4xx_hal_rcc_ex.c ****       if ((HAL_GetTick() - tickstart) > RCC_DBP_TIMEOUT_VALUE)
2629:Drivers/STM32F4xx_HAL_Driver/Src/stm32f4xx_hal_rcc_ex.c ****       {
2630:Drivers/STM32F4xx_HAL_Driver/Src/stm32f4xx_hal_rcc_ex.c ****         return HAL_TIMEOUT;
2631:Drivers/STM32F4xx_HAL_Driver/Src/stm32f4xx_hal_rcc_ex.c ****       }
2632:Drivers/STM32F4xx_HAL_Driver/Src/stm32f4xx_hal_rcc_ex.c ****     }
2633:Drivers/STM32F4xx_HAL_Driver/Src/stm32f4xx_hal_rcc_ex.c ****     /* Reset the Backup domain only if the RTC Clock source selection is modified from reset value 
2634:Drivers/STM32F4xx_HAL_Driver/Src/stm32f4xx_hal_rcc_ex.c ****     tmpreg1 = (RCC->BDCR & RCC_BDCR_RTCSEL);
2635:Drivers/STM32F4xx_HAL_Driver/Src/stm32f4xx_hal_rcc_ex.c ****     if ((tmpreg1 != 0x00000000U) && ((tmpreg1) != (PeriphClkInit->RTCClockSelection & RCC_BDCR_RTCS
2636:Drivers/STM32F4xx_HAL_Driver/Src/stm32f4xx_hal_rcc_ex.c ****     {
2637:Drivers/STM32F4xx_HAL_Driver/Src/stm32f4xx_hal_rcc_ex.c ****       /* Store the content of BDCR register before the reset of Backup Domain */
2638:Drivers/STM32F4xx_HAL_Driver/Src/stm32f4xx_hal_rcc_ex.c ****       tmpreg1 = (RCC->BDCR & ~(RCC_BDCR_RTCSEL));
2639:Drivers/STM32F4xx_HAL_Driver/Src/stm32f4xx_hal_rcc_ex.c ****       /* RTC Clock selection can be changed only if the Backup Domain is reset */
2640:Drivers/STM32F4xx_HAL_Driver/Src/stm32f4xx_hal_rcc_ex.c ****       __HAL_RCC_BACKUPRESET_FORCE();
2641:Drivers/STM32F4xx_HAL_Driver/Src/stm32f4xx_hal_rcc_ex.c ****       __HAL_RCC_BACKUPRESET_RELEASE();
2642:Drivers/STM32F4xx_HAL_Driver/Src/stm32f4xx_hal_rcc_ex.c ****       /* Restore the Content of BDCR register */
ARM GAS  C:\Users\user\AppData\Local\Temp\ccuZOZlR.s 			page 85


2643:Drivers/STM32F4xx_HAL_Driver/Src/stm32f4xx_hal_rcc_ex.c ****       RCC->BDCR = tmpreg1;
2644:Drivers/STM32F4xx_HAL_Driver/Src/stm32f4xx_hal_rcc_ex.c **** 
2645:Drivers/STM32F4xx_HAL_Driver/Src/stm32f4xx_hal_rcc_ex.c ****       /* Wait for LSE reactivation if LSE was enable prior to Backup Domain reset */
2646:Drivers/STM32F4xx_HAL_Driver/Src/stm32f4xx_hal_rcc_ex.c ****       if (HAL_IS_BIT_SET(RCC->BDCR, RCC_BDCR_LSEON))
2647:Drivers/STM32F4xx_HAL_Driver/Src/stm32f4xx_hal_rcc_ex.c ****       {
2648:Drivers/STM32F4xx_HAL_Driver/Src/stm32f4xx_hal_rcc_ex.c ****         /* Get tick */
2649:Drivers/STM32F4xx_HAL_Driver/Src/stm32f4xx_hal_rcc_ex.c ****         tickstart = HAL_GetTick();
2650:Drivers/STM32F4xx_HAL_Driver/Src/stm32f4xx_hal_rcc_ex.c **** 
2651:Drivers/STM32F4xx_HAL_Driver/Src/stm32f4xx_hal_rcc_ex.c ****         /* Wait till LSE is ready */
2652:Drivers/STM32F4xx_HAL_Driver/Src/stm32f4xx_hal_rcc_ex.c ****         while (__HAL_RCC_GET_FLAG(RCC_FLAG_LSERDY) == RESET)
2653:Drivers/STM32F4xx_HAL_Driver/Src/stm32f4xx_hal_rcc_ex.c ****         {
2654:Drivers/STM32F4xx_HAL_Driver/Src/stm32f4xx_hal_rcc_ex.c ****           if ((HAL_GetTick() - tickstart) > RCC_LSE_TIMEOUT_VALUE)
2655:Drivers/STM32F4xx_HAL_Driver/Src/stm32f4xx_hal_rcc_ex.c ****           {
2656:Drivers/STM32F4xx_HAL_Driver/Src/stm32f4xx_hal_rcc_ex.c ****             return HAL_TIMEOUT;
2657:Drivers/STM32F4xx_HAL_Driver/Src/stm32f4xx_hal_rcc_ex.c ****           }
2658:Drivers/STM32F4xx_HAL_Driver/Src/stm32f4xx_hal_rcc_ex.c ****         }
2659:Drivers/STM32F4xx_HAL_Driver/Src/stm32f4xx_hal_rcc_ex.c ****       }
2660:Drivers/STM32F4xx_HAL_Driver/Src/stm32f4xx_hal_rcc_ex.c ****     }
2661:Drivers/STM32F4xx_HAL_Driver/Src/stm32f4xx_hal_rcc_ex.c ****     __HAL_RCC_RTC_CONFIG(PeriphClkInit->RTCClockSelection);
2662:Drivers/STM32F4xx_HAL_Driver/Src/stm32f4xx_hal_rcc_ex.c ****   }
2663:Drivers/STM32F4xx_HAL_Driver/Src/stm32f4xx_hal_rcc_ex.c **** #if defined(STM32F401xC) || defined(STM32F401xE) || defined(STM32F411xE)
2664:Drivers/STM32F4xx_HAL_Driver/Src/stm32f4xx_hal_rcc_ex.c ****   /*---------------------------- TIM configuration ---------------------------*/
2665:Drivers/STM32F4xx_HAL_Driver/Src/stm32f4xx_hal_rcc_ex.c ****   if (((PeriphClkInit->PeriphClockSelection) & RCC_PERIPHCLK_TIM) == (RCC_PERIPHCLK_TIM))
2666:Drivers/STM32F4xx_HAL_Driver/Src/stm32f4xx_hal_rcc_ex.c ****   {
2667:Drivers/STM32F4xx_HAL_Driver/Src/stm32f4xx_hal_rcc_ex.c ****     __HAL_RCC_TIMCLKPRESCALER(PeriphClkInit->TIMPresSelection);
2668:Drivers/STM32F4xx_HAL_Driver/Src/stm32f4xx_hal_rcc_ex.c ****   }
2669:Drivers/STM32F4xx_HAL_Driver/Src/stm32f4xx_hal_rcc_ex.c **** #endif /* STM32F401xC || STM32F401xE || STM32F411xE */
2670:Drivers/STM32F4xx_HAL_Driver/Src/stm32f4xx_hal_rcc_ex.c ****   return HAL_OK;
2671:Drivers/STM32F4xx_HAL_Driver/Src/stm32f4xx_hal_rcc_ex.c **** }
2672:Drivers/STM32F4xx_HAL_Driver/Src/stm32f4xx_hal_rcc_ex.c **** 
2673:Drivers/STM32F4xx_HAL_Driver/Src/stm32f4xx_hal_rcc_ex.c **** /**
2674:Drivers/STM32F4xx_HAL_Driver/Src/stm32f4xx_hal_rcc_ex.c ****   * @brief  Configures the RCC_OscInitStruct according to the internal
2675:Drivers/STM32F4xx_HAL_Driver/Src/stm32f4xx_hal_rcc_ex.c ****   * RCC configuration registers.
2676:Drivers/STM32F4xx_HAL_Driver/Src/stm32f4xx_hal_rcc_ex.c ****   * @param  PeriphClkInit pointer to an RCC_PeriphCLKInitTypeDef structure that
2677:Drivers/STM32F4xx_HAL_Driver/Src/stm32f4xx_hal_rcc_ex.c ****   * will be configured.
2678:Drivers/STM32F4xx_HAL_Driver/Src/stm32f4xx_hal_rcc_ex.c ****   * @retval None
2679:Drivers/STM32F4xx_HAL_Driver/Src/stm32f4xx_hal_rcc_ex.c ****   */
2680:Drivers/STM32F4xx_HAL_Driver/Src/stm32f4xx_hal_rcc_ex.c **** void HAL_RCCEx_GetPeriphCLKConfig(RCC_PeriphCLKInitTypeDef  *PeriphClkInit)
2681:Drivers/STM32F4xx_HAL_Driver/Src/stm32f4xx_hal_rcc_ex.c **** {
2682:Drivers/STM32F4xx_HAL_Driver/Src/stm32f4xx_hal_rcc_ex.c ****   uint32_t tempreg;
2683:Drivers/STM32F4xx_HAL_Driver/Src/stm32f4xx_hal_rcc_ex.c **** 
2684:Drivers/STM32F4xx_HAL_Driver/Src/stm32f4xx_hal_rcc_ex.c ****   /* Set all possible values for the extended clock type parameter------------*/
2685:Drivers/STM32F4xx_HAL_Driver/Src/stm32f4xx_hal_rcc_ex.c ****   PeriphClkInit->PeriphClockSelection = RCC_PERIPHCLK_I2S | RCC_PERIPHCLK_RTC;
2686:Drivers/STM32F4xx_HAL_Driver/Src/stm32f4xx_hal_rcc_ex.c **** 
2687:Drivers/STM32F4xx_HAL_Driver/Src/stm32f4xx_hal_rcc_ex.c ****   /* Get the PLLI2S Clock configuration --------------------------------------*/
2688:Drivers/STM32F4xx_HAL_Driver/Src/stm32f4xx_hal_rcc_ex.c ****   PeriphClkInit->PLLI2S.PLLI2SN = (uint32_t)((RCC->PLLI2SCFGR & RCC_PLLI2SCFGR_PLLI2SN) >> RCC_PLLI
2689:Drivers/STM32F4xx_HAL_Driver/Src/stm32f4xx_hal_rcc_ex.c ****   PeriphClkInit->PLLI2S.PLLI2SR = (uint32_t)((RCC->PLLI2SCFGR & RCC_PLLI2SCFGR_PLLI2SR) >> RCC_PLLI
2690:Drivers/STM32F4xx_HAL_Driver/Src/stm32f4xx_hal_rcc_ex.c **** #if defined(STM32F411xE)
2691:Drivers/STM32F4xx_HAL_Driver/Src/stm32f4xx_hal_rcc_ex.c ****   PeriphClkInit->PLLI2S.PLLI2SM = (uint32_t)(RCC->PLLI2SCFGR & RCC_PLLI2SCFGR_PLLI2SM);
2692:Drivers/STM32F4xx_HAL_Driver/Src/stm32f4xx_hal_rcc_ex.c **** #endif /* STM32F411xE */
2693:Drivers/STM32F4xx_HAL_Driver/Src/stm32f4xx_hal_rcc_ex.c ****   /* Get the RTC Clock configuration -----------------------------------------*/
2694:Drivers/STM32F4xx_HAL_Driver/Src/stm32f4xx_hal_rcc_ex.c ****   tempreg = (RCC->CFGR & RCC_CFGR_RTCPRE);
2695:Drivers/STM32F4xx_HAL_Driver/Src/stm32f4xx_hal_rcc_ex.c ****   PeriphClkInit->RTCClockSelection = (uint32_t)((tempreg) | (RCC->BDCR & RCC_BDCR_RTCSEL));
2696:Drivers/STM32F4xx_HAL_Driver/Src/stm32f4xx_hal_rcc_ex.c **** 
2697:Drivers/STM32F4xx_HAL_Driver/Src/stm32f4xx_hal_rcc_ex.c **** #if defined(STM32F401xC) || defined(STM32F401xE) || defined(STM32F411xE)
2698:Drivers/STM32F4xx_HAL_Driver/Src/stm32f4xx_hal_rcc_ex.c ****   /* Get the TIM Prescaler configuration -------------------------------------*/
2699:Drivers/STM32F4xx_HAL_Driver/Src/stm32f4xx_hal_rcc_ex.c ****   if ((RCC->DCKCFGR & RCC_DCKCFGR_TIMPRE) == RESET)
ARM GAS  C:\Users\user\AppData\Local\Temp\ccuZOZlR.s 			page 86


2700:Drivers/STM32F4xx_HAL_Driver/Src/stm32f4xx_hal_rcc_ex.c ****   {
2701:Drivers/STM32F4xx_HAL_Driver/Src/stm32f4xx_hal_rcc_ex.c ****     PeriphClkInit->TIMPresSelection = RCC_TIMPRES_DESACTIVATED;
2702:Drivers/STM32F4xx_HAL_Driver/Src/stm32f4xx_hal_rcc_ex.c ****   }
2703:Drivers/STM32F4xx_HAL_Driver/Src/stm32f4xx_hal_rcc_ex.c ****   else
2704:Drivers/STM32F4xx_HAL_Driver/Src/stm32f4xx_hal_rcc_ex.c ****   {
2705:Drivers/STM32F4xx_HAL_Driver/Src/stm32f4xx_hal_rcc_ex.c ****     PeriphClkInit->TIMPresSelection = RCC_TIMPRES_ACTIVATED;
2706:Drivers/STM32F4xx_HAL_Driver/Src/stm32f4xx_hal_rcc_ex.c ****   }
2707:Drivers/STM32F4xx_HAL_Driver/Src/stm32f4xx_hal_rcc_ex.c **** #endif /* STM32F401xC || STM32F401xE || STM32F411xE */
2708:Drivers/STM32F4xx_HAL_Driver/Src/stm32f4xx_hal_rcc_ex.c **** }
2709:Drivers/STM32F4xx_HAL_Driver/Src/stm32f4xx_hal_rcc_ex.c **** 
2710:Drivers/STM32F4xx_HAL_Driver/Src/stm32f4xx_hal_rcc_ex.c **** /**
2711:Drivers/STM32F4xx_HAL_Driver/Src/stm32f4xx_hal_rcc_ex.c ****   * @brief  Return the peripheral clock frequency for a given peripheral(SAI..)
2712:Drivers/STM32F4xx_HAL_Driver/Src/stm32f4xx_hal_rcc_ex.c ****   * @note   Return 0 if peripheral clock identifier not managed by this API
2713:Drivers/STM32F4xx_HAL_Driver/Src/stm32f4xx_hal_rcc_ex.c ****   * @param  PeriphClk Peripheral clock identifier
2714:Drivers/STM32F4xx_HAL_Driver/Src/stm32f4xx_hal_rcc_ex.c ****   *         This parameter can be one of the following values:
2715:Drivers/STM32F4xx_HAL_Driver/Src/stm32f4xx_hal_rcc_ex.c ****   *            @arg RCC_PERIPHCLK_I2S: I2S peripheral clock
2716:Drivers/STM32F4xx_HAL_Driver/Src/stm32f4xx_hal_rcc_ex.c ****   * @retval Frequency in KHz
2717:Drivers/STM32F4xx_HAL_Driver/Src/stm32f4xx_hal_rcc_ex.c ****   */
2718:Drivers/STM32F4xx_HAL_Driver/Src/stm32f4xx_hal_rcc_ex.c **** uint32_t HAL_RCCEx_GetPeriphCLKFreq(uint32_t PeriphClk)
2719:Drivers/STM32F4xx_HAL_Driver/Src/stm32f4xx_hal_rcc_ex.c **** {
2720:Drivers/STM32F4xx_HAL_Driver/Src/stm32f4xx_hal_rcc_ex.c ****   /* This variable used to store the I2S clock frequency (value in Hz) */
2721:Drivers/STM32F4xx_HAL_Driver/Src/stm32f4xx_hal_rcc_ex.c ****   uint32_t frequency = 0U;
2722:Drivers/STM32F4xx_HAL_Driver/Src/stm32f4xx_hal_rcc_ex.c ****   /* This variable used to store the VCO Input (value in Hz) */
2723:Drivers/STM32F4xx_HAL_Driver/Src/stm32f4xx_hal_rcc_ex.c ****   uint32_t vcoinput = 0U;
2724:Drivers/STM32F4xx_HAL_Driver/Src/stm32f4xx_hal_rcc_ex.c ****   uint32_t srcclk = 0U;
2725:Drivers/STM32F4xx_HAL_Driver/Src/stm32f4xx_hal_rcc_ex.c ****   /* This variable used to store the VCO Output (value in Hz) */
2726:Drivers/STM32F4xx_HAL_Driver/Src/stm32f4xx_hal_rcc_ex.c ****   uint32_t vcooutput = 0U;
2727:Drivers/STM32F4xx_HAL_Driver/Src/stm32f4xx_hal_rcc_ex.c ****   switch (PeriphClk)
2728:Drivers/STM32F4xx_HAL_Driver/Src/stm32f4xx_hal_rcc_ex.c ****   {
2729:Drivers/STM32F4xx_HAL_Driver/Src/stm32f4xx_hal_rcc_ex.c ****     case RCC_PERIPHCLK_I2S:
2730:Drivers/STM32F4xx_HAL_Driver/Src/stm32f4xx_hal_rcc_ex.c ****     {
2731:Drivers/STM32F4xx_HAL_Driver/Src/stm32f4xx_hal_rcc_ex.c ****       /* Get the current I2S source */
2732:Drivers/STM32F4xx_HAL_Driver/Src/stm32f4xx_hal_rcc_ex.c ****       srcclk = __HAL_RCC_GET_I2S_SOURCE();
2733:Drivers/STM32F4xx_HAL_Driver/Src/stm32f4xx_hal_rcc_ex.c ****       switch (srcclk)
2734:Drivers/STM32F4xx_HAL_Driver/Src/stm32f4xx_hal_rcc_ex.c ****       {
2735:Drivers/STM32F4xx_HAL_Driver/Src/stm32f4xx_hal_rcc_ex.c ****         /* Check if I2S clock selection is External clock mapped on the I2S_CKIN pin used as I2S cl
2736:Drivers/STM32F4xx_HAL_Driver/Src/stm32f4xx_hal_rcc_ex.c ****         case RCC_I2SCLKSOURCE_EXT:
2737:Drivers/STM32F4xx_HAL_Driver/Src/stm32f4xx_hal_rcc_ex.c ****         {
2738:Drivers/STM32F4xx_HAL_Driver/Src/stm32f4xx_hal_rcc_ex.c ****           /* Set the I2S clock to the external clock  value */
2739:Drivers/STM32F4xx_HAL_Driver/Src/stm32f4xx_hal_rcc_ex.c ****           frequency = EXTERNAL_CLOCK_VALUE;
2740:Drivers/STM32F4xx_HAL_Driver/Src/stm32f4xx_hal_rcc_ex.c ****           break;
2741:Drivers/STM32F4xx_HAL_Driver/Src/stm32f4xx_hal_rcc_ex.c ****         }
2742:Drivers/STM32F4xx_HAL_Driver/Src/stm32f4xx_hal_rcc_ex.c ****         /* Check if I2S clock selection is PLLI2S VCO output clock divided by PLLI2SR used as I2S c
2743:Drivers/STM32F4xx_HAL_Driver/Src/stm32f4xx_hal_rcc_ex.c ****         case RCC_I2SCLKSOURCE_PLLI2S:
2744:Drivers/STM32F4xx_HAL_Driver/Src/stm32f4xx_hal_rcc_ex.c ****         {
2745:Drivers/STM32F4xx_HAL_Driver/Src/stm32f4xx_hal_rcc_ex.c **** #if defined(STM32F411xE)
2746:Drivers/STM32F4xx_HAL_Driver/Src/stm32f4xx_hal_rcc_ex.c ****           /* Configure the PLLI2S division factor */
2747:Drivers/STM32F4xx_HAL_Driver/Src/stm32f4xx_hal_rcc_ex.c ****           /* PLLI2S_VCO Input  = PLL_SOURCE/PLLI2SM */
2748:Drivers/STM32F4xx_HAL_Driver/Src/stm32f4xx_hal_rcc_ex.c ****           if ((RCC->PLLCFGR & RCC_PLLCFGR_PLLSRC) == RCC_PLLSOURCE_HSE)
2749:Drivers/STM32F4xx_HAL_Driver/Src/stm32f4xx_hal_rcc_ex.c ****           {
2750:Drivers/STM32F4xx_HAL_Driver/Src/stm32f4xx_hal_rcc_ex.c ****             /* Get the I2S source clock value */
2751:Drivers/STM32F4xx_HAL_Driver/Src/stm32f4xx_hal_rcc_ex.c ****             vcoinput = (uint32_t)(HSE_VALUE / (uint32_t)(RCC->PLLI2SCFGR & RCC_PLLI2SCFGR_PLLI2SM))
2752:Drivers/STM32F4xx_HAL_Driver/Src/stm32f4xx_hal_rcc_ex.c ****           }
2753:Drivers/STM32F4xx_HAL_Driver/Src/stm32f4xx_hal_rcc_ex.c ****           else
2754:Drivers/STM32F4xx_HAL_Driver/Src/stm32f4xx_hal_rcc_ex.c ****           {
2755:Drivers/STM32F4xx_HAL_Driver/Src/stm32f4xx_hal_rcc_ex.c ****             /* Get the I2S source clock value */
2756:Drivers/STM32F4xx_HAL_Driver/Src/stm32f4xx_hal_rcc_ex.c ****             vcoinput = (uint32_t)(HSI_VALUE / (uint32_t)(RCC->PLLI2SCFGR & RCC_PLLI2SCFGR_PLLI2SM))
ARM GAS  C:\Users\user\AppData\Local\Temp\ccuZOZlR.s 			page 87


2757:Drivers/STM32F4xx_HAL_Driver/Src/stm32f4xx_hal_rcc_ex.c ****           }
2758:Drivers/STM32F4xx_HAL_Driver/Src/stm32f4xx_hal_rcc_ex.c **** #else
2759:Drivers/STM32F4xx_HAL_Driver/Src/stm32f4xx_hal_rcc_ex.c ****           /* Configure the PLLI2S division factor */
2760:Drivers/STM32F4xx_HAL_Driver/Src/stm32f4xx_hal_rcc_ex.c ****           /* PLLI2S_VCO Input  = PLL_SOURCE/PLLM */
2761:Drivers/STM32F4xx_HAL_Driver/Src/stm32f4xx_hal_rcc_ex.c ****           if ((RCC->PLLCFGR & RCC_PLLCFGR_PLLSRC) == RCC_PLLSOURCE_HSE)
2762:Drivers/STM32F4xx_HAL_Driver/Src/stm32f4xx_hal_rcc_ex.c ****           {
2763:Drivers/STM32F4xx_HAL_Driver/Src/stm32f4xx_hal_rcc_ex.c ****             /* Get the I2S source clock value */
2764:Drivers/STM32F4xx_HAL_Driver/Src/stm32f4xx_hal_rcc_ex.c ****             vcoinput = (uint32_t)(HSE_VALUE / (uint32_t)(RCC->PLLCFGR & RCC_PLLCFGR_PLLM));
2765:Drivers/STM32F4xx_HAL_Driver/Src/stm32f4xx_hal_rcc_ex.c ****           }
2766:Drivers/STM32F4xx_HAL_Driver/Src/stm32f4xx_hal_rcc_ex.c ****           else
2767:Drivers/STM32F4xx_HAL_Driver/Src/stm32f4xx_hal_rcc_ex.c ****           {
2768:Drivers/STM32F4xx_HAL_Driver/Src/stm32f4xx_hal_rcc_ex.c ****             /* Get the I2S source clock value */
2769:Drivers/STM32F4xx_HAL_Driver/Src/stm32f4xx_hal_rcc_ex.c ****             vcoinput = (uint32_t)(HSI_VALUE / (uint32_t)(RCC->PLLCFGR & RCC_PLLCFGR_PLLM));
2770:Drivers/STM32F4xx_HAL_Driver/Src/stm32f4xx_hal_rcc_ex.c ****           }
2771:Drivers/STM32F4xx_HAL_Driver/Src/stm32f4xx_hal_rcc_ex.c **** #endif /* STM32F411xE */
2772:Drivers/STM32F4xx_HAL_Driver/Src/stm32f4xx_hal_rcc_ex.c ****           /* PLLI2S_VCO Output = PLLI2S_VCO Input * PLLI2SN */
2773:Drivers/STM32F4xx_HAL_Driver/Src/stm32f4xx_hal_rcc_ex.c ****           vcooutput = (uint32_t)(vcoinput * (((RCC->PLLI2SCFGR & RCC_PLLI2SCFGR_PLLI2SN) >> 6U) & (
2774:Drivers/STM32F4xx_HAL_Driver/Src/stm32f4xx_hal_rcc_ex.c ****           /* I2S_CLK = PLLI2S_VCO Output/PLLI2SR */
2775:Drivers/STM32F4xx_HAL_Driver/Src/stm32f4xx_hal_rcc_ex.c ****           frequency = (uint32_t)(vcooutput / (((RCC->PLLI2SCFGR & RCC_PLLI2SCFGR_PLLI2SR) >> 28U) &
2776:Drivers/STM32F4xx_HAL_Driver/Src/stm32f4xx_hal_rcc_ex.c ****           break;
2777:Drivers/STM32F4xx_HAL_Driver/Src/stm32f4xx_hal_rcc_ex.c ****         }
2778:Drivers/STM32F4xx_HAL_Driver/Src/stm32f4xx_hal_rcc_ex.c ****         /* Clock not enabled for I2S*/
2779:Drivers/STM32F4xx_HAL_Driver/Src/stm32f4xx_hal_rcc_ex.c ****         default:
2780:Drivers/STM32F4xx_HAL_Driver/Src/stm32f4xx_hal_rcc_ex.c ****         {
2781:Drivers/STM32F4xx_HAL_Driver/Src/stm32f4xx_hal_rcc_ex.c ****           frequency = 0U;
2782:Drivers/STM32F4xx_HAL_Driver/Src/stm32f4xx_hal_rcc_ex.c ****           break;
2783:Drivers/STM32F4xx_HAL_Driver/Src/stm32f4xx_hal_rcc_ex.c ****         }
2784:Drivers/STM32F4xx_HAL_Driver/Src/stm32f4xx_hal_rcc_ex.c ****       }
2785:Drivers/STM32F4xx_HAL_Driver/Src/stm32f4xx_hal_rcc_ex.c ****       break;
2786:Drivers/STM32F4xx_HAL_Driver/Src/stm32f4xx_hal_rcc_ex.c ****     }
2787:Drivers/STM32F4xx_HAL_Driver/Src/stm32f4xx_hal_rcc_ex.c ****     default:
2788:Drivers/STM32F4xx_HAL_Driver/Src/stm32f4xx_hal_rcc_ex.c ****     {
2789:Drivers/STM32F4xx_HAL_Driver/Src/stm32f4xx_hal_rcc_ex.c ****       break;
2790:Drivers/STM32F4xx_HAL_Driver/Src/stm32f4xx_hal_rcc_ex.c ****     }
2791:Drivers/STM32F4xx_HAL_Driver/Src/stm32f4xx_hal_rcc_ex.c ****   }
2792:Drivers/STM32F4xx_HAL_Driver/Src/stm32f4xx_hal_rcc_ex.c ****   return frequency;
2793:Drivers/STM32F4xx_HAL_Driver/Src/stm32f4xx_hal_rcc_ex.c **** }
2794:Drivers/STM32F4xx_HAL_Driver/Src/stm32f4xx_hal_rcc_ex.c **** #endif /* STM32F405xx || STM32F415xx || STM32F407xx || STM32F417xx || STM32F401xC || STM32F401xE  |
2795:Drivers/STM32F4xx_HAL_Driver/Src/stm32f4xx_hal_rcc_ex.c **** 
2796:Drivers/STM32F4xx_HAL_Driver/Src/stm32f4xx_hal_rcc_ex.c **** #if defined(STM32F410Tx) || defined(STM32F410Cx) || defined(STM32F410Rx) || defined(STM32F411xE) ||
2797:Drivers/STM32F4xx_HAL_Driver/Src/stm32f4xx_hal_rcc_ex.c ****     defined(STM32F412Vx) || defined(STM32F412Rx) || defined(STM32F412Cx) || defined(STM32F413xx) ||
2798:Drivers/STM32F4xx_HAL_Driver/Src/stm32f4xx_hal_rcc_ex.c **** /**
2799:Drivers/STM32F4xx_HAL_Driver/Src/stm32f4xx_hal_rcc_ex.c ****   * @brief  Select LSE mode
2800:Drivers/STM32F4xx_HAL_Driver/Src/stm32f4xx_hal_rcc_ex.c ****   *
2801:Drivers/STM32F4xx_HAL_Driver/Src/stm32f4xx_hal_rcc_ex.c ****   * @note   This mode is only available for STM32F410xx/STM32F411xx/STM32F446xx/STM32F469xx/STM32F4
2802:Drivers/STM32F4xx_HAL_Driver/Src/stm32f4xx_hal_rcc_ex.c ****   *
2803:Drivers/STM32F4xx_HAL_Driver/Src/stm32f4xx_hal_rcc_ex.c ****   * @param  Mode specifies the LSE mode.
2804:Drivers/STM32F4xx_HAL_Driver/Src/stm32f4xx_hal_rcc_ex.c ****   *          This parameter can be one of the following values:
2805:Drivers/STM32F4xx_HAL_Driver/Src/stm32f4xx_hal_rcc_ex.c ****   *            @arg RCC_LSE_LOWPOWER_MODE:  LSE oscillator in low power mode selection
2806:Drivers/STM32F4xx_HAL_Driver/Src/stm32f4xx_hal_rcc_ex.c ****   *            @arg RCC_LSE_HIGHDRIVE_MODE: LSE oscillator in High Drive mode selection
2807:Drivers/STM32F4xx_HAL_Driver/Src/stm32f4xx_hal_rcc_ex.c ****   * @retval None
2808:Drivers/STM32F4xx_HAL_Driver/Src/stm32f4xx_hal_rcc_ex.c ****   */
2809:Drivers/STM32F4xx_HAL_Driver/Src/stm32f4xx_hal_rcc_ex.c **** void HAL_RCCEx_SelectLSEMode(uint8_t Mode)
2810:Drivers/STM32F4xx_HAL_Driver/Src/stm32f4xx_hal_rcc_ex.c **** {
 1766              		.loc 1 2810 1 is_stmt 1 view -0
 1767              		.cfi_startproc
 1768              		@ args = 0, pretend = 0, frame = 0
ARM GAS  C:\Users\user\AppData\Local\Temp\ccuZOZlR.s 			page 88


 1769              		@ frame_needed = 0, uses_anonymous_args = 0
 1770              		@ link register save eliminated.
2811:Drivers/STM32F4xx_HAL_Driver/Src/stm32f4xx_hal_rcc_ex.c ****   /* Check the parameters */
2812:Drivers/STM32F4xx_HAL_Driver/Src/stm32f4xx_hal_rcc_ex.c ****   assert_param(IS_RCC_LSE_MODE(Mode));
 1771              		.loc 1 2812 3 view .LVU621
2813:Drivers/STM32F4xx_HAL_Driver/Src/stm32f4xx_hal_rcc_ex.c ****   if (Mode == RCC_LSE_HIGHDRIVE_MODE)
 1772              		.loc 1 2813 3 view .LVU622
 1773              		.loc 1 2813 6 is_stmt 0 view .LVU623
 1774 0000 0128     		cmp	r0, #1
 1775 0002 05D0     		beq	.L133
2814:Drivers/STM32F4xx_HAL_Driver/Src/stm32f4xx_hal_rcc_ex.c ****   {
2815:Drivers/STM32F4xx_HAL_Driver/Src/stm32f4xx_hal_rcc_ex.c ****     SET_BIT(RCC->BDCR, RCC_BDCR_LSEMOD);
2816:Drivers/STM32F4xx_HAL_Driver/Src/stm32f4xx_hal_rcc_ex.c ****   }
2817:Drivers/STM32F4xx_HAL_Driver/Src/stm32f4xx_hal_rcc_ex.c ****   else
2818:Drivers/STM32F4xx_HAL_Driver/Src/stm32f4xx_hal_rcc_ex.c ****   {
2819:Drivers/STM32F4xx_HAL_Driver/Src/stm32f4xx_hal_rcc_ex.c ****     CLEAR_BIT(RCC->BDCR, RCC_BDCR_LSEMOD);
 1776              		.loc 1 2819 5 is_stmt 1 view .LVU624
 1777 0004 054A     		ldr	r2, .L134
 1778 0006 136F     		ldr	r3, [r2, #112]
 1779 0008 23F00803 		bic	r3, r3, #8
 1780 000c 1367     		str	r3, [r2, #112]
2820:Drivers/STM32F4xx_HAL_Driver/Src/stm32f4xx_hal_rcc_ex.c ****   }
2821:Drivers/STM32F4xx_HAL_Driver/Src/stm32f4xx_hal_rcc_ex.c **** }
 1781              		.loc 1 2821 1 is_stmt 0 view .LVU625
 1782 000e 7047     		bx	lr
 1783              	.L133:
2815:Drivers/STM32F4xx_HAL_Driver/Src/stm32f4xx_hal_rcc_ex.c ****   }
 1784              		.loc 1 2815 5 is_stmt 1 view .LVU626
 1785 0010 024A     		ldr	r2, .L134
 1786 0012 136F     		ldr	r3, [r2, #112]
 1787 0014 43F00803 		orr	r3, r3, #8
 1788 0018 1367     		str	r3, [r2, #112]
 1789 001a 7047     		bx	lr
 1790              	.L135:
 1791              		.align	2
 1792              	.L134:
 1793 001c 00380240 		.word	1073887232
 1794              		.cfi_endproc
 1795              	.LFE137:
 1797              		.section	.text.HAL_RCCEx_EnablePLLI2S,"ax",%progbits
 1798              		.align	1
 1799              		.global	HAL_RCCEx_EnablePLLI2S
 1800              		.syntax unified
 1801              		.thumb
 1802              		.thumb_func
 1804              	HAL_RCCEx_EnablePLLI2S:
 1805              	.LVL170:
 1806              	.LFB138:
2822:Drivers/STM32F4xx_HAL_Driver/Src/stm32f4xx_hal_rcc_ex.c **** 
2823:Drivers/STM32F4xx_HAL_Driver/Src/stm32f4xx_hal_rcc_ex.c **** #endif /* STM32F410xx || STM32F411xE || STM32F446xx || STM32F469xx || STM32F479xx || STM32F412Zx ||
2824:Drivers/STM32F4xx_HAL_Driver/Src/stm32f4xx_hal_rcc_ex.c **** 
2825:Drivers/STM32F4xx_HAL_Driver/Src/stm32f4xx_hal_rcc_ex.c **** /** @defgroup RCCEx_Exported_Functions_Group2 Extended Clock management functions
2826:Drivers/STM32F4xx_HAL_Driver/Src/stm32f4xx_hal_rcc_ex.c ****   *  @brief  Extended Clock management functions
2827:Drivers/STM32F4xx_HAL_Driver/Src/stm32f4xx_hal_rcc_ex.c ****   *
2828:Drivers/STM32F4xx_HAL_Driver/Src/stm32f4xx_hal_rcc_ex.c **** @verbatim
2829:Drivers/STM32F4xx_HAL_Driver/Src/stm32f4xx_hal_rcc_ex.c ****  ===============================================================================
2830:Drivers/STM32F4xx_HAL_Driver/Src/stm32f4xx_hal_rcc_ex.c ****                 ##### Extended clock management functions  #####
ARM GAS  C:\Users\user\AppData\Local\Temp\ccuZOZlR.s 			page 89


2831:Drivers/STM32F4xx_HAL_Driver/Src/stm32f4xx_hal_rcc_ex.c ****  ===============================================================================
2832:Drivers/STM32F4xx_HAL_Driver/Src/stm32f4xx_hal_rcc_ex.c ****     [..]
2833:Drivers/STM32F4xx_HAL_Driver/Src/stm32f4xx_hal_rcc_ex.c ****     This subsection provides a set of functions allowing to control the
2834:Drivers/STM32F4xx_HAL_Driver/Src/stm32f4xx_hal_rcc_ex.c ****     activation or deactivation of PLLI2S, PLLSAI.
2835:Drivers/STM32F4xx_HAL_Driver/Src/stm32f4xx_hal_rcc_ex.c **** @endverbatim
2836:Drivers/STM32F4xx_HAL_Driver/Src/stm32f4xx_hal_rcc_ex.c ****   * @{
2837:Drivers/STM32F4xx_HAL_Driver/Src/stm32f4xx_hal_rcc_ex.c ****   */
2838:Drivers/STM32F4xx_HAL_Driver/Src/stm32f4xx_hal_rcc_ex.c **** 
2839:Drivers/STM32F4xx_HAL_Driver/Src/stm32f4xx_hal_rcc_ex.c **** #if defined(RCC_PLLI2S_SUPPORT)
2840:Drivers/STM32F4xx_HAL_Driver/Src/stm32f4xx_hal_rcc_ex.c **** /**
2841:Drivers/STM32F4xx_HAL_Driver/Src/stm32f4xx_hal_rcc_ex.c ****   * @brief  Enable PLLI2S.
2842:Drivers/STM32F4xx_HAL_Driver/Src/stm32f4xx_hal_rcc_ex.c ****   * @param  PLLI2SInit  pointer to an RCC_PLLI2SInitTypeDef structure that
2843:Drivers/STM32F4xx_HAL_Driver/Src/stm32f4xx_hal_rcc_ex.c ****   *         contains the configuration information for the PLLI2S
2844:Drivers/STM32F4xx_HAL_Driver/Src/stm32f4xx_hal_rcc_ex.c ****   * @retval HAL status
2845:Drivers/STM32F4xx_HAL_Driver/Src/stm32f4xx_hal_rcc_ex.c ****   */
2846:Drivers/STM32F4xx_HAL_Driver/Src/stm32f4xx_hal_rcc_ex.c **** HAL_StatusTypeDef HAL_RCCEx_EnablePLLI2S(RCC_PLLI2SInitTypeDef  *PLLI2SInit)
2847:Drivers/STM32F4xx_HAL_Driver/Src/stm32f4xx_hal_rcc_ex.c **** {
 1807              		.loc 1 2847 1 view -0
 1808              		.cfi_startproc
 1809              		@ args = 0, pretend = 0, frame = 0
 1810              		@ frame_needed = 0, uses_anonymous_args = 0
 1811              		.loc 1 2847 1 is_stmt 0 view .LVU628
 1812 0000 38B5     		push	{r3, r4, r5, lr}
 1813              	.LCFI4:
 1814              		.cfi_def_cfa_offset 16
 1815              		.cfi_offset 3, -16
 1816              		.cfi_offset 4, -12
 1817              		.cfi_offset 5, -8
 1818              		.cfi_offset 14, -4
 1819 0002 0546     		mov	r5, r0
2848:Drivers/STM32F4xx_HAL_Driver/Src/stm32f4xx_hal_rcc_ex.c ****   uint32_t tickstart;
 1820              		.loc 1 2848 3 is_stmt 1 view .LVU629
2849:Drivers/STM32F4xx_HAL_Driver/Src/stm32f4xx_hal_rcc_ex.c **** 
2850:Drivers/STM32F4xx_HAL_Driver/Src/stm32f4xx_hal_rcc_ex.c ****   /* Check for parameters */
2851:Drivers/STM32F4xx_HAL_Driver/Src/stm32f4xx_hal_rcc_ex.c ****   assert_param(IS_RCC_PLLI2SN_VALUE(PLLI2SInit->PLLI2SN));
 1821              		.loc 1 2851 3 view .LVU630
2852:Drivers/STM32F4xx_HAL_Driver/Src/stm32f4xx_hal_rcc_ex.c ****   assert_param(IS_RCC_PLLI2SR_VALUE(PLLI2SInit->PLLI2SR));
 1822              		.loc 1 2852 3 view .LVU631
2853:Drivers/STM32F4xx_HAL_Driver/Src/stm32f4xx_hal_rcc_ex.c **** #if defined(RCC_PLLI2SCFGR_PLLI2SM)
2854:Drivers/STM32F4xx_HAL_Driver/Src/stm32f4xx_hal_rcc_ex.c ****   assert_param(IS_RCC_PLLI2SM_VALUE(PLLI2SInit->PLLI2SM));
 1823              		.loc 1 2854 3 view .LVU632
2855:Drivers/STM32F4xx_HAL_Driver/Src/stm32f4xx_hal_rcc_ex.c **** #endif /* RCC_PLLI2SCFGR_PLLI2SM */
2856:Drivers/STM32F4xx_HAL_Driver/Src/stm32f4xx_hal_rcc_ex.c **** #if defined(RCC_PLLI2SCFGR_PLLI2SP)
2857:Drivers/STM32F4xx_HAL_Driver/Src/stm32f4xx_hal_rcc_ex.c ****   assert_param(IS_RCC_PLLI2SP_VALUE(PLLI2SInit->PLLI2SP));
 1824              		.loc 1 2857 3 view .LVU633
2858:Drivers/STM32F4xx_HAL_Driver/Src/stm32f4xx_hal_rcc_ex.c **** #endif /* RCC_PLLI2SCFGR_PLLI2SP */
2859:Drivers/STM32F4xx_HAL_Driver/Src/stm32f4xx_hal_rcc_ex.c **** #if defined(RCC_PLLI2SCFGR_PLLI2SQ)
2860:Drivers/STM32F4xx_HAL_Driver/Src/stm32f4xx_hal_rcc_ex.c ****   assert_param(IS_RCC_PLLI2SQ_VALUE(PLLI2SInit->PLLI2SQ));
 1825              		.loc 1 2860 3 view .LVU634
2861:Drivers/STM32F4xx_HAL_Driver/Src/stm32f4xx_hal_rcc_ex.c **** #endif /* RCC_PLLI2SCFGR_PLLI2SQ */
2862:Drivers/STM32F4xx_HAL_Driver/Src/stm32f4xx_hal_rcc_ex.c **** 
2863:Drivers/STM32F4xx_HAL_Driver/Src/stm32f4xx_hal_rcc_ex.c ****   /* Disable the PLLI2S */
2864:Drivers/STM32F4xx_HAL_Driver/Src/stm32f4xx_hal_rcc_ex.c ****   __HAL_RCC_PLLI2S_DISABLE();
 1826              		.loc 1 2864 3 view .LVU635
 1827 0004 1B4B     		ldr	r3, .L147
 1828 0006 0022     		movs	r2, #0
 1829 0008 9A66     		str	r2, [r3, #104]
ARM GAS  C:\Users\user\AppData\Local\Temp\ccuZOZlR.s 			page 90


2865:Drivers/STM32F4xx_HAL_Driver/Src/stm32f4xx_hal_rcc_ex.c **** 
2866:Drivers/STM32F4xx_HAL_Driver/Src/stm32f4xx_hal_rcc_ex.c ****   /* Wait till PLLI2S is disabled */
2867:Drivers/STM32F4xx_HAL_Driver/Src/stm32f4xx_hal_rcc_ex.c ****   tickstart = HAL_GetTick();
 1830              		.loc 1 2867 3 view .LVU636
 1831              		.loc 1 2867 15 is_stmt 0 view .LVU637
 1832 000a FFF7FEFF 		bl	HAL_GetTick
 1833              	.LVL171:
 1834              		.loc 1 2867 15 view .LVU638
 1835 000e 0446     		mov	r4, r0
 1836              	.LVL172:
2868:Drivers/STM32F4xx_HAL_Driver/Src/stm32f4xx_hal_rcc_ex.c ****   while (__HAL_RCC_GET_FLAG(RCC_FLAG_PLLI2SRDY) != RESET)
 1837              		.loc 1 2868 3 is_stmt 1 view .LVU639
 1838              	.L137:
 1839              		.loc 1 2868 49 view .LVU640
 1840              		.loc 1 2868 10 is_stmt 0 view .LVU641
 1841 0010 194B     		ldr	r3, .L147+4
 1842 0012 1B68     		ldr	r3, [r3]
 1843              		.loc 1 2868 49 view .LVU642
 1844 0014 13F0006F 		tst	r3, #134217728
 1845 0018 06D0     		beq	.L145
2869:Drivers/STM32F4xx_HAL_Driver/Src/stm32f4xx_hal_rcc_ex.c ****   {
2870:Drivers/STM32F4xx_HAL_Driver/Src/stm32f4xx_hal_rcc_ex.c ****     if ((HAL_GetTick() - tickstart) > PLLI2S_TIMEOUT_VALUE)
 1846              		.loc 1 2870 5 is_stmt 1 view .LVU643
 1847              		.loc 1 2870 10 is_stmt 0 view .LVU644
 1848 001a FFF7FEFF 		bl	HAL_GetTick
 1849              	.LVL173:
 1850              		.loc 1 2870 24 discriminator 1 view .LVU645
 1851 001e 001B     		subs	r0, r0, r4
 1852              		.loc 1 2870 8 discriminator 1 view .LVU646
 1853 0020 0228     		cmp	r0, #2
 1854 0022 F5D9     		bls	.L137
2871:Drivers/STM32F4xx_HAL_Driver/Src/stm32f4xx_hal_rcc_ex.c ****     {
2872:Drivers/STM32F4xx_HAL_Driver/Src/stm32f4xx_hal_rcc_ex.c ****       /* return in case of Timeout detected */
2873:Drivers/STM32F4xx_HAL_Driver/Src/stm32f4xx_hal_rcc_ex.c ****       return HAL_TIMEOUT;
 1855              		.loc 1 2873 14 view .LVU647
 1856 0024 0320     		movs	r0, #3
 1857              	.L138:
2874:Drivers/STM32F4xx_HAL_Driver/Src/stm32f4xx_hal_rcc_ex.c ****     }
2875:Drivers/STM32F4xx_HAL_Driver/Src/stm32f4xx_hal_rcc_ex.c ****   }
2876:Drivers/STM32F4xx_HAL_Driver/Src/stm32f4xx_hal_rcc_ex.c **** 
2877:Drivers/STM32F4xx_HAL_Driver/Src/stm32f4xx_hal_rcc_ex.c ****   /* Configure the PLLI2S division factors */
2878:Drivers/STM32F4xx_HAL_Driver/Src/stm32f4xx_hal_rcc_ex.c **** #if defined(STM32F446xx)
2879:Drivers/STM32F4xx_HAL_Driver/Src/stm32f4xx_hal_rcc_ex.c ****   /* PLLI2S_VCO = f(VCO clock) = f(PLLI2S clock input) * (PLLI2SN/PLLI2SM) */
2880:Drivers/STM32F4xx_HAL_Driver/Src/stm32f4xx_hal_rcc_ex.c ****   /* I2SPCLK = PLLI2S_VCO / PLLI2SP */
2881:Drivers/STM32F4xx_HAL_Driver/Src/stm32f4xx_hal_rcc_ex.c ****   /* I2SQCLK = PLLI2S_VCO / PLLI2SQ */
2882:Drivers/STM32F4xx_HAL_Driver/Src/stm32f4xx_hal_rcc_ex.c ****   /* I2SRCLK = PLLI2S_VCO / PLLI2SR */
2883:Drivers/STM32F4xx_HAL_Driver/Src/stm32f4xx_hal_rcc_ex.c ****   __HAL_RCC_PLLI2S_CONFIG(PLLI2SInit->PLLI2SM, PLLI2SInit->PLLI2SN, \
2884:Drivers/STM32F4xx_HAL_Driver/Src/stm32f4xx_hal_rcc_ex.c ****                           PLLI2SInit->PLLI2SP, PLLI2SInit->PLLI2SQ, PLLI2SInit->PLLI2SR);
2885:Drivers/STM32F4xx_HAL_Driver/Src/stm32f4xx_hal_rcc_ex.c **** #elif defined(STM32F412Zx) || defined(STM32F412Vx) || defined(STM32F412Rx) || defined(STM32F412Cx) 
2886:Drivers/STM32F4xx_HAL_Driver/Src/stm32f4xx_hal_rcc_ex.c ****       defined(STM32F413xx) || defined(STM32F423xx)
2887:Drivers/STM32F4xx_HAL_Driver/Src/stm32f4xx_hal_rcc_ex.c ****   /* PLLI2S_VCO = f(VCO clock) = f(PLLI2S clock input) * (PLLI2SN/PLLI2SM)*/
2888:Drivers/STM32F4xx_HAL_Driver/Src/stm32f4xx_hal_rcc_ex.c ****   /* I2SQCLK = PLLI2S_VCO / PLLI2SQ */
2889:Drivers/STM32F4xx_HAL_Driver/Src/stm32f4xx_hal_rcc_ex.c ****   /* I2SRCLK = PLLI2S_VCO / PLLI2SR */
2890:Drivers/STM32F4xx_HAL_Driver/Src/stm32f4xx_hal_rcc_ex.c ****   __HAL_RCC_PLLI2S_CONFIG(PLLI2SInit->PLLI2SM, PLLI2SInit->PLLI2SN, \
2891:Drivers/STM32F4xx_HAL_Driver/Src/stm32f4xx_hal_rcc_ex.c ****                           PLLI2SInit->PLLI2SQ, PLLI2SInit->PLLI2SR);
2892:Drivers/STM32F4xx_HAL_Driver/Src/stm32f4xx_hal_rcc_ex.c **** #elif defined(STM32F427xx) || defined(STM32F437xx) || defined(STM32F429xx) || defined(STM32F439xx) 
2893:Drivers/STM32F4xx_HAL_Driver/Src/stm32f4xx_hal_rcc_ex.c ****       defined(STM32F469xx) || defined(STM32F479xx)
ARM GAS  C:\Users\user\AppData\Local\Temp\ccuZOZlR.s 			page 91


2894:Drivers/STM32F4xx_HAL_Driver/Src/stm32f4xx_hal_rcc_ex.c ****   /* PLLI2S_VCO = f(VCO clock) = f(PLLI2S clock input) * PLLI2SN */
2895:Drivers/STM32F4xx_HAL_Driver/Src/stm32f4xx_hal_rcc_ex.c ****   /* I2SQCLK = PLLI2S_VCO / PLLI2SQ */
2896:Drivers/STM32F4xx_HAL_Driver/Src/stm32f4xx_hal_rcc_ex.c ****   /* I2SRCLK = PLLI2S_VCO / PLLI2SR */
2897:Drivers/STM32F4xx_HAL_Driver/Src/stm32f4xx_hal_rcc_ex.c ****   __HAL_RCC_PLLI2S_SAICLK_CONFIG(PLLI2SInit->PLLI2SN, PLLI2SInit->PLLI2SQ, PLLI2SInit->PLLI2SR);
2898:Drivers/STM32F4xx_HAL_Driver/Src/stm32f4xx_hal_rcc_ex.c **** #elif defined(STM32F411xE)
2899:Drivers/STM32F4xx_HAL_Driver/Src/stm32f4xx_hal_rcc_ex.c ****   /* PLLI2S_VCO = f(VCO clock) = f(PLLI2S clock input) * (PLLI2SN/PLLI2SM) */
2900:Drivers/STM32F4xx_HAL_Driver/Src/stm32f4xx_hal_rcc_ex.c ****   /* I2SRCLK = PLLI2S_VCO / PLLI2SR */
2901:Drivers/STM32F4xx_HAL_Driver/Src/stm32f4xx_hal_rcc_ex.c ****   __HAL_RCC_PLLI2S_I2SCLK_CONFIG(PLLI2SInit->PLLI2SM, PLLI2SInit->PLLI2SN, PLLI2SInit->PLLI2SR);
2902:Drivers/STM32F4xx_HAL_Driver/Src/stm32f4xx_hal_rcc_ex.c **** #else
2903:Drivers/STM32F4xx_HAL_Driver/Src/stm32f4xx_hal_rcc_ex.c ****   /* PLLI2S_VCO = f(VCO clock) = f(PLLI2S clock input) x PLLI2SN */
2904:Drivers/STM32F4xx_HAL_Driver/Src/stm32f4xx_hal_rcc_ex.c ****   /* I2SRCLK = PLLI2S_VCO / PLLI2SR */
2905:Drivers/STM32F4xx_HAL_Driver/Src/stm32f4xx_hal_rcc_ex.c ****   __HAL_RCC_PLLI2S_CONFIG(PLLI2SInit->PLLI2SN, PLLI2SInit->PLLI2SR);
2906:Drivers/STM32F4xx_HAL_Driver/Src/stm32f4xx_hal_rcc_ex.c **** #endif /* STM32F446xx */
2907:Drivers/STM32F4xx_HAL_Driver/Src/stm32f4xx_hal_rcc_ex.c **** 
2908:Drivers/STM32F4xx_HAL_Driver/Src/stm32f4xx_hal_rcc_ex.c ****   /* Enable the PLLI2S */
2909:Drivers/STM32F4xx_HAL_Driver/Src/stm32f4xx_hal_rcc_ex.c ****   __HAL_RCC_PLLI2S_ENABLE();
2910:Drivers/STM32F4xx_HAL_Driver/Src/stm32f4xx_hal_rcc_ex.c **** 
2911:Drivers/STM32F4xx_HAL_Driver/Src/stm32f4xx_hal_rcc_ex.c ****   /* Wait till PLLI2S is ready */
2912:Drivers/STM32F4xx_HAL_Driver/Src/stm32f4xx_hal_rcc_ex.c ****   tickstart = HAL_GetTick();
2913:Drivers/STM32F4xx_HAL_Driver/Src/stm32f4xx_hal_rcc_ex.c ****   while (__HAL_RCC_GET_FLAG(RCC_FLAG_PLLI2SRDY) == RESET)
2914:Drivers/STM32F4xx_HAL_Driver/Src/stm32f4xx_hal_rcc_ex.c ****   {
2915:Drivers/STM32F4xx_HAL_Driver/Src/stm32f4xx_hal_rcc_ex.c ****     if ((HAL_GetTick() - tickstart) > PLLI2S_TIMEOUT_VALUE)
2916:Drivers/STM32F4xx_HAL_Driver/Src/stm32f4xx_hal_rcc_ex.c ****     {
2917:Drivers/STM32F4xx_HAL_Driver/Src/stm32f4xx_hal_rcc_ex.c ****       /* return in case of Timeout detected */
2918:Drivers/STM32F4xx_HAL_Driver/Src/stm32f4xx_hal_rcc_ex.c ****       return HAL_TIMEOUT;
2919:Drivers/STM32F4xx_HAL_Driver/Src/stm32f4xx_hal_rcc_ex.c ****     }
2920:Drivers/STM32F4xx_HAL_Driver/Src/stm32f4xx_hal_rcc_ex.c ****   }
2921:Drivers/STM32F4xx_HAL_Driver/Src/stm32f4xx_hal_rcc_ex.c **** 
2922:Drivers/STM32F4xx_HAL_Driver/Src/stm32f4xx_hal_rcc_ex.c ****   return HAL_OK;
2923:Drivers/STM32F4xx_HAL_Driver/Src/stm32f4xx_hal_rcc_ex.c **** }
 1858              		.loc 1 2923 1 view .LVU648
 1859 0026 38BD     		pop	{r3, r4, r5, pc}
 1860              	.LVL174:
 1861              	.L145:
2883:Drivers/STM32F4xx_HAL_Driver/Src/stm32f4xx_hal_rcc_ex.c ****                           PLLI2SInit->PLLI2SP, PLLI2SInit->PLLI2SQ, PLLI2SInit->PLLI2SR);
 1862              		.loc 1 2883 3 is_stmt 1 view .LVU649
 1863 0028 2B68     		ldr	r3, [r5]
 1864 002a 6A68     		ldr	r2, [r5, #4]
 1865 002c 43EA8213 		orr	r3, r3, r2, lsl #6
 1866 0030 AA68     		ldr	r2, [r5, #8]
 1867 0032 5208     		lsrs	r2, r2, #1
 1868 0034 013A     		subs	r2, r2, #1
 1869 0036 43EA0243 		orr	r3, r3, r2, lsl #16
 1870 003a EA68     		ldr	r2, [r5, #12]
 1871 003c 43EA0263 		orr	r3, r3, r2, lsl #24
 1872 0040 2A69     		ldr	r2, [r5, #16]
 1873 0042 43EA0273 		orr	r3, r3, r2, lsl #28
 1874 0046 0C4A     		ldr	r2, .L147+4
 1875 0048 C2F88430 		str	r3, [r2, #132]
2909:Drivers/STM32F4xx_HAL_Driver/Src/stm32f4xx_hal_rcc_ex.c **** 
 1876              		.loc 1 2909 3 view .LVU650
 1877 004c 094B     		ldr	r3, .L147
 1878 004e 0122     		movs	r2, #1
 1879 0050 9A66     		str	r2, [r3, #104]
2912:Drivers/STM32F4xx_HAL_Driver/Src/stm32f4xx_hal_rcc_ex.c ****   while (__HAL_RCC_GET_FLAG(RCC_FLAG_PLLI2SRDY) == RESET)
 1880              		.loc 1 2912 3 view .LVU651
2912:Drivers/STM32F4xx_HAL_Driver/Src/stm32f4xx_hal_rcc_ex.c ****   while (__HAL_RCC_GET_FLAG(RCC_FLAG_PLLI2SRDY) == RESET)
ARM GAS  C:\Users\user\AppData\Local\Temp\ccuZOZlR.s 			page 92


 1881              		.loc 1 2912 15 is_stmt 0 view .LVU652
 1882 0052 FFF7FEFF 		bl	HAL_GetTick
 1883              	.LVL175:
 1884 0056 0446     		mov	r4, r0
 1885              	.LVL176:
2913:Drivers/STM32F4xx_HAL_Driver/Src/stm32f4xx_hal_rcc_ex.c ****   {
 1886              		.loc 1 2913 3 is_stmt 1 view .LVU653
 1887              	.L140:
2913:Drivers/STM32F4xx_HAL_Driver/Src/stm32f4xx_hal_rcc_ex.c ****   {
 1888              		.loc 1 2913 49 view .LVU654
2913:Drivers/STM32F4xx_HAL_Driver/Src/stm32f4xx_hal_rcc_ex.c ****   {
 1889              		.loc 1 2913 10 is_stmt 0 view .LVU655
 1890 0058 074B     		ldr	r3, .L147+4
 1891 005a 1B68     		ldr	r3, [r3]
2913:Drivers/STM32F4xx_HAL_Driver/Src/stm32f4xx_hal_rcc_ex.c ****   {
 1892              		.loc 1 2913 49 view .LVU656
 1893 005c 13F0006F 		tst	r3, #134217728
 1894 0060 06D1     		bne	.L146
2915:Drivers/STM32F4xx_HAL_Driver/Src/stm32f4xx_hal_rcc_ex.c ****     {
 1895              		.loc 1 2915 5 is_stmt 1 view .LVU657
2915:Drivers/STM32F4xx_HAL_Driver/Src/stm32f4xx_hal_rcc_ex.c ****     {
 1896              		.loc 1 2915 10 is_stmt 0 view .LVU658
 1897 0062 FFF7FEFF 		bl	HAL_GetTick
 1898              	.LVL177:
2915:Drivers/STM32F4xx_HAL_Driver/Src/stm32f4xx_hal_rcc_ex.c ****     {
 1899              		.loc 1 2915 24 discriminator 1 view .LVU659
 1900 0066 001B     		subs	r0, r0, r4
2915:Drivers/STM32F4xx_HAL_Driver/Src/stm32f4xx_hal_rcc_ex.c ****     {
 1901              		.loc 1 2915 8 discriminator 1 view .LVU660
 1902 0068 0228     		cmp	r0, #2
 1903 006a F5D9     		bls	.L140
2918:Drivers/STM32F4xx_HAL_Driver/Src/stm32f4xx_hal_rcc_ex.c ****     }
 1904              		.loc 1 2918 14 view .LVU661
 1905 006c 0320     		movs	r0, #3
 1906 006e DAE7     		b	.L138
 1907              	.L146:
2922:Drivers/STM32F4xx_HAL_Driver/Src/stm32f4xx_hal_rcc_ex.c **** }
 1908              		.loc 1 2922 10 view .LVU662
 1909 0070 0020     		movs	r0, #0
 1910 0072 D8E7     		b	.L138
 1911              	.L148:
 1912              		.align	2
 1913              	.L147:
 1914 0074 00004742 		.word	1111949312
 1915 0078 00380240 		.word	1073887232
 1916              		.cfi_endproc
 1917              	.LFE138:
 1919              		.section	.text.HAL_RCCEx_DisablePLLI2S,"ax",%progbits
 1920              		.align	1
 1921              		.global	HAL_RCCEx_DisablePLLI2S
 1922              		.syntax unified
 1923              		.thumb
 1924              		.thumb_func
 1926              	HAL_RCCEx_DisablePLLI2S:
 1927              	.LFB139:
2924:Drivers/STM32F4xx_HAL_Driver/Src/stm32f4xx_hal_rcc_ex.c **** 
2925:Drivers/STM32F4xx_HAL_Driver/Src/stm32f4xx_hal_rcc_ex.c **** /**
ARM GAS  C:\Users\user\AppData\Local\Temp\ccuZOZlR.s 			page 93


2926:Drivers/STM32F4xx_HAL_Driver/Src/stm32f4xx_hal_rcc_ex.c ****   * @brief  Disable PLLI2S.
2927:Drivers/STM32F4xx_HAL_Driver/Src/stm32f4xx_hal_rcc_ex.c ****   * @retval HAL status
2928:Drivers/STM32F4xx_HAL_Driver/Src/stm32f4xx_hal_rcc_ex.c ****   */
2929:Drivers/STM32F4xx_HAL_Driver/Src/stm32f4xx_hal_rcc_ex.c **** HAL_StatusTypeDef HAL_RCCEx_DisablePLLI2S(void)
2930:Drivers/STM32F4xx_HAL_Driver/Src/stm32f4xx_hal_rcc_ex.c **** {
 1928              		.loc 1 2930 1 is_stmt 1 view -0
 1929              		.cfi_startproc
 1930              		@ args = 0, pretend = 0, frame = 0
 1931              		@ frame_needed = 0, uses_anonymous_args = 0
 1932 0000 10B5     		push	{r4, lr}
 1933              	.LCFI5:
 1934              		.cfi_def_cfa_offset 8
 1935              		.cfi_offset 4, -8
 1936              		.cfi_offset 14, -4
2931:Drivers/STM32F4xx_HAL_Driver/Src/stm32f4xx_hal_rcc_ex.c ****   uint32_t tickstart;
 1937              		.loc 1 2931 3 view .LVU664
2932:Drivers/STM32F4xx_HAL_Driver/Src/stm32f4xx_hal_rcc_ex.c **** 
2933:Drivers/STM32F4xx_HAL_Driver/Src/stm32f4xx_hal_rcc_ex.c ****   /* Disable the PLLI2S */
2934:Drivers/STM32F4xx_HAL_Driver/Src/stm32f4xx_hal_rcc_ex.c ****   __HAL_RCC_PLLI2S_DISABLE();
 1938              		.loc 1 2934 3 view .LVU665
 1939 0002 0A4B     		ldr	r3, .L156
 1940 0004 0022     		movs	r2, #0
 1941 0006 9A66     		str	r2, [r3, #104]
2935:Drivers/STM32F4xx_HAL_Driver/Src/stm32f4xx_hal_rcc_ex.c **** 
2936:Drivers/STM32F4xx_HAL_Driver/Src/stm32f4xx_hal_rcc_ex.c ****   /* Wait till PLLI2S is disabled */
2937:Drivers/STM32F4xx_HAL_Driver/Src/stm32f4xx_hal_rcc_ex.c ****   tickstart = HAL_GetTick();
 1942              		.loc 1 2937 3 view .LVU666
 1943              		.loc 1 2937 15 is_stmt 0 view .LVU667
 1944 0008 FFF7FEFF 		bl	HAL_GetTick
 1945              	.LVL178:
 1946 000c 0446     		mov	r4, r0
 1947              	.LVL179:
2938:Drivers/STM32F4xx_HAL_Driver/Src/stm32f4xx_hal_rcc_ex.c ****   while (READ_BIT(RCC->CR, RCC_CR_PLLI2SRDY) != RESET)
 1948              		.loc 1 2938 3 is_stmt 1 view .LVU668
 1949              	.L150:
 1950              		.loc 1 2938 46 view .LVU669
 1951              		.loc 1 2938 10 is_stmt 0 view .LVU670
 1952 000e 084B     		ldr	r3, .L156+4
 1953 0010 1B68     		ldr	r3, [r3]
 1954              		.loc 1 2938 46 view .LVU671
 1955 0012 13F0006F 		tst	r3, #134217728
 1956 0016 06D0     		beq	.L155
2939:Drivers/STM32F4xx_HAL_Driver/Src/stm32f4xx_hal_rcc_ex.c ****   {
2940:Drivers/STM32F4xx_HAL_Driver/Src/stm32f4xx_hal_rcc_ex.c ****     if ((HAL_GetTick() - tickstart) > PLLI2S_TIMEOUT_VALUE)
 1957              		.loc 1 2940 5 is_stmt 1 view .LVU672
 1958              		.loc 1 2940 10 is_stmt 0 view .LVU673
 1959 0018 FFF7FEFF 		bl	HAL_GetTick
 1960              	.LVL180:
 1961              		.loc 1 2940 24 discriminator 1 view .LVU674
 1962 001c 001B     		subs	r0, r0, r4
 1963              		.loc 1 2940 8 discriminator 1 view .LVU675
 1964 001e 0228     		cmp	r0, #2
 1965 0020 F5D9     		bls	.L150
2941:Drivers/STM32F4xx_HAL_Driver/Src/stm32f4xx_hal_rcc_ex.c ****     {
2942:Drivers/STM32F4xx_HAL_Driver/Src/stm32f4xx_hal_rcc_ex.c ****       /* return in case of Timeout detected */
2943:Drivers/STM32F4xx_HAL_Driver/Src/stm32f4xx_hal_rcc_ex.c ****       return HAL_TIMEOUT;
 1966              		.loc 1 2943 14 view .LVU676
ARM GAS  C:\Users\user\AppData\Local\Temp\ccuZOZlR.s 			page 94


 1967 0022 0320     		movs	r0, #3
 1968 0024 00E0     		b	.L151
 1969              	.L155:
2944:Drivers/STM32F4xx_HAL_Driver/Src/stm32f4xx_hal_rcc_ex.c ****     }
2945:Drivers/STM32F4xx_HAL_Driver/Src/stm32f4xx_hal_rcc_ex.c ****   }
2946:Drivers/STM32F4xx_HAL_Driver/Src/stm32f4xx_hal_rcc_ex.c **** 
2947:Drivers/STM32F4xx_HAL_Driver/Src/stm32f4xx_hal_rcc_ex.c ****   return HAL_OK;
 1970              		.loc 1 2947 10 view .LVU677
 1971 0026 0020     		movs	r0, #0
 1972              	.L151:
2948:Drivers/STM32F4xx_HAL_Driver/Src/stm32f4xx_hal_rcc_ex.c **** }
 1973              		.loc 1 2948 1 view .LVU678
 1974 0028 10BD     		pop	{r4, pc}
 1975              	.LVL181:
 1976              	.L157:
 1977              		.loc 1 2948 1 view .LVU679
 1978 002a 00BF     		.align	2
 1979              	.L156:
 1980 002c 00004742 		.word	1111949312
 1981 0030 00380240 		.word	1073887232
 1982              		.cfi_endproc
 1983              	.LFE139:
 1985              		.section	.text.HAL_RCCEx_EnablePLLSAI,"ax",%progbits
 1986              		.align	1
 1987              		.global	HAL_RCCEx_EnablePLLSAI
 1988              		.syntax unified
 1989              		.thumb
 1990              		.thumb_func
 1992              	HAL_RCCEx_EnablePLLSAI:
 1993              	.LVL182:
 1994              	.LFB140:
2949:Drivers/STM32F4xx_HAL_Driver/Src/stm32f4xx_hal_rcc_ex.c **** 
2950:Drivers/STM32F4xx_HAL_Driver/Src/stm32f4xx_hal_rcc_ex.c **** #endif /* RCC_PLLI2S_SUPPORT */
2951:Drivers/STM32F4xx_HAL_Driver/Src/stm32f4xx_hal_rcc_ex.c **** 
2952:Drivers/STM32F4xx_HAL_Driver/Src/stm32f4xx_hal_rcc_ex.c **** #if defined(RCC_PLLSAI_SUPPORT)
2953:Drivers/STM32F4xx_HAL_Driver/Src/stm32f4xx_hal_rcc_ex.c **** /**
2954:Drivers/STM32F4xx_HAL_Driver/Src/stm32f4xx_hal_rcc_ex.c ****   * @brief  Enable PLLSAI.
2955:Drivers/STM32F4xx_HAL_Driver/Src/stm32f4xx_hal_rcc_ex.c ****   * @param  PLLSAIInit  pointer to an RCC_PLLSAIInitTypeDef structure that
2956:Drivers/STM32F4xx_HAL_Driver/Src/stm32f4xx_hal_rcc_ex.c ****   *         contains the configuration information for the PLLSAI
2957:Drivers/STM32F4xx_HAL_Driver/Src/stm32f4xx_hal_rcc_ex.c ****   * @retval HAL status
2958:Drivers/STM32F4xx_HAL_Driver/Src/stm32f4xx_hal_rcc_ex.c ****   */
2959:Drivers/STM32F4xx_HAL_Driver/Src/stm32f4xx_hal_rcc_ex.c **** HAL_StatusTypeDef HAL_RCCEx_EnablePLLSAI(RCC_PLLSAIInitTypeDef  *PLLSAIInit)
2960:Drivers/STM32F4xx_HAL_Driver/Src/stm32f4xx_hal_rcc_ex.c **** {
 1995              		.loc 1 2960 1 is_stmt 1 view -0
 1996              		.cfi_startproc
 1997              		@ args = 0, pretend = 0, frame = 0
 1998              		@ frame_needed = 0, uses_anonymous_args = 0
 1999              		.loc 1 2960 1 is_stmt 0 view .LVU681
 2000 0000 38B5     		push	{r3, r4, r5, lr}
 2001              	.LCFI6:
 2002              		.cfi_def_cfa_offset 16
 2003              		.cfi_offset 3, -16
 2004              		.cfi_offset 4, -12
 2005              		.cfi_offset 5, -8
 2006              		.cfi_offset 14, -4
 2007 0002 0546     		mov	r5, r0
2961:Drivers/STM32F4xx_HAL_Driver/Src/stm32f4xx_hal_rcc_ex.c ****   uint32_t tickstart;
ARM GAS  C:\Users\user\AppData\Local\Temp\ccuZOZlR.s 			page 95


 2008              		.loc 1 2961 3 is_stmt 1 view .LVU682
2962:Drivers/STM32F4xx_HAL_Driver/Src/stm32f4xx_hal_rcc_ex.c **** 
2963:Drivers/STM32F4xx_HAL_Driver/Src/stm32f4xx_hal_rcc_ex.c ****   /* Check for parameters */
2964:Drivers/STM32F4xx_HAL_Driver/Src/stm32f4xx_hal_rcc_ex.c ****   assert_param(IS_RCC_PLLSAIN_VALUE(PLLSAIInit->PLLSAIN));
 2009              		.loc 1 2964 3 view .LVU683
2965:Drivers/STM32F4xx_HAL_Driver/Src/stm32f4xx_hal_rcc_ex.c ****   assert_param(IS_RCC_PLLSAIQ_VALUE(PLLSAIInit->PLLSAIQ));
 2010              		.loc 1 2965 3 view .LVU684
2966:Drivers/STM32F4xx_HAL_Driver/Src/stm32f4xx_hal_rcc_ex.c **** #if defined(RCC_PLLSAICFGR_PLLSAIM)
2967:Drivers/STM32F4xx_HAL_Driver/Src/stm32f4xx_hal_rcc_ex.c ****   assert_param(IS_RCC_PLLSAIM_VALUE(PLLSAIInit->PLLSAIM));
 2011              		.loc 1 2967 3 view .LVU685
2968:Drivers/STM32F4xx_HAL_Driver/Src/stm32f4xx_hal_rcc_ex.c **** #endif /* RCC_PLLSAICFGR_PLLSAIM */
2969:Drivers/STM32F4xx_HAL_Driver/Src/stm32f4xx_hal_rcc_ex.c **** #if defined(RCC_PLLSAICFGR_PLLSAIP)
2970:Drivers/STM32F4xx_HAL_Driver/Src/stm32f4xx_hal_rcc_ex.c ****   assert_param(IS_RCC_PLLSAIP_VALUE(PLLSAIInit->PLLSAIP));
 2012              		.loc 1 2970 3 view .LVU686
2971:Drivers/STM32F4xx_HAL_Driver/Src/stm32f4xx_hal_rcc_ex.c **** #endif /* RCC_PLLSAICFGR_PLLSAIP */
2972:Drivers/STM32F4xx_HAL_Driver/Src/stm32f4xx_hal_rcc_ex.c **** #if defined(RCC_PLLSAICFGR_PLLSAIR)
2973:Drivers/STM32F4xx_HAL_Driver/Src/stm32f4xx_hal_rcc_ex.c ****   assert_param(IS_RCC_PLLSAIR_VALUE(PLLSAIInit->PLLSAIR));
2974:Drivers/STM32F4xx_HAL_Driver/Src/stm32f4xx_hal_rcc_ex.c **** #endif /* RCC_PLLSAICFGR_PLLSAIR */
2975:Drivers/STM32F4xx_HAL_Driver/Src/stm32f4xx_hal_rcc_ex.c **** 
2976:Drivers/STM32F4xx_HAL_Driver/Src/stm32f4xx_hal_rcc_ex.c ****   /* Disable the PLLSAI */
2977:Drivers/STM32F4xx_HAL_Driver/Src/stm32f4xx_hal_rcc_ex.c ****   __HAL_RCC_PLLSAI_DISABLE();
 2013              		.loc 1 2977 3 view .LVU687
 2014 0004 1A4B     		ldr	r3, .L169
 2015 0006 0022     		movs	r2, #0
 2016 0008 1A67     		str	r2, [r3, #112]
2978:Drivers/STM32F4xx_HAL_Driver/Src/stm32f4xx_hal_rcc_ex.c **** 
2979:Drivers/STM32F4xx_HAL_Driver/Src/stm32f4xx_hal_rcc_ex.c ****   /* Wait till PLLSAI is disabled */
2980:Drivers/STM32F4xx_HAL_Driver/Src/stm32f4xx_hal_rcc_ex.c ****   tickstart = HAL_GetTick();
 2017              		.loc 1 2980 3 view .LVU688
 2018              		.loc 1 2980 15 is_stmt 0 view .LVU689
 2019 000a FFF7FEFF 		bl	HAL_GetTick
 2020              	.LVL183:
 2021              		.loc 1 2980 15 view .LVU690
 2022 000e 0446     		mov	r4, r0
 2023              	.LVL184:
2981:Drivers/STM32F4xx_HAL_Driver/Src/stm32f4xx_hal_rcc_ex.c ****   while (__HAL_RCC_PLLSAI_GET_FLAG() != RESET)
 2024              		.loc 1 2981 3 is_stmt 1 view .LVU691
 2025              	.L159:
 2026              		.loc 1 2981 38 view .LVU692
 2027              		.loc 1 2981 10 is_stmt 0 view .LVU693
 2028 0010 184B     		ldr	r3, .L169+4
 2029 0012 1B68     		ldr	r3, [r3]
 2030              		.loc 1 2981 38 view .LVU694
 2031 0014 13F0005F 		tst	r3, #536870912
 2032 0018 06D0     		beq	.L167
2982:Drivers/STM32F4xx_HAL_Driver/Src/stm32f4xx_hal_rcc_ex.c ****   {
2983:Drivers/STM32F4xx_HAL_Driver/Src/stm32f4xx_hal_rcc_ex.c ****     if ((HAL_GetTick() - tickstart) > PLLSAI_TIMEOUT_VALUE)
 2033              		.loc 1 2983 5 is_stmt 1 view .LVU695
 2034              		.loc 1 2983 10 is_stmt 0 view .LVU696
 2035 001a FFF7FEFF 		bl	HAL_GetTick
 2036              	.LVL185:
 2037              		.loc 1 2983 24 discriminator 1 view .LVU697
 2038 001e 001B     		subs	r0, r0, r4
 2039              		.loc 1 2983 8 discriminator 1 view .LVU698
 2040 0020 0228     		cmp	r0, #2
 2041 0022 F5D9     		bls	.L159
2984:Drivers/STM32F4xx_HAL_Driver/Src/stm32f4xx_hal_rcc_ex.c ****     {
ARM GAS  C:\Users\user\AppData\Local\Temp\ccuZOZlR.s 			page 96


2985:Drivers/STM32F4xx_HAL_Driver/Src/stm32f4xx_hal_rcc_ex.c ****       /* return in case of Timeout detected */
2986:Drivers/STM32F4xx_HAL_Driver/Src/stm32f4xx_hal_rcc_ex.c ****       return HAL_TIMEOUT;
 2042              		.loc 1 2986 14 view .LVU699
 2043 0024 0320     		movs	r0, #3
 2044              	.L160:
2987:Drivers/STM32F4xx_HAL_Driver/Src/stm32f4xx_hal_rcc_ex.c ****     }
2988:Drivers/STM32F4xx_HAL_Driver/Src/stm32f4xx_hal_rcc_ex.c ****   }
2989:Drivers/STM32F4xx_HAL_Driver/Src/stm32f4xx_hal_rcc_ex.c **** 
2990:Drivers/STM32F4xx_HAL_Driver/Src/stm32f4xx_hal_rcc_ex.c ****   /* Configure the PLLSAI division factors */
2991:Drivers/STM32F4xx_HAL_Driver/Src/stm32f4xx_hal_rcc_ex.c **** #if defined(STM32F446xx)
2992:Drivers/STM32F4xx_HAL_Driver/Src/stm32f4xx_hal_rcc_ex.c ****   /* PLLSAI_VCO = f(VCO clock) = f(PLLSAI clock input) * (PLLSAIN/PLLSAIM) */
2993:Drivers/STM32F4xx_HAL_Driver/Src/stm32f4xx_hal_rcc_ex.c ****   /* SAIPCLK = PLLSAI_VCO / PLLSAIP */
2994:Drivers/STM32F4xx_HAL_Driver/Src/stm32f4xx_hal_rcc_ex.c ****   /* SAIQCLK = PLLSAI_VCO / PLLSAIQ */
2995:Drivers/STM32F4xx_HAL_Driver/Src/stm32f4xx_hal_rcc_ex.c ****   /* SAIRCLK = PLLSAI_VCO / PLLSAIR */
2996:Drivers/STM32F4xx_HAL_Driver/Src/stm32f4xx_hal_rcc_ex.c ****   __HAL_RCC_PLLSAI_CONFIG(PLLSAIInit->PLLSAIM, PLLSAIInit->PLLSAIN, \
2997:Drivers/STM32F4xx_HAL_Driver/Src/stm32f4xx_hal_rcc_ex.c ****                           PLLSAIInit->PLLSAIP, PLLSAIInit->PLLSAIQ, 0U);
2998:Drivers/STM32F4xx_HAL_Driver/Src/stm32f4xx_hal_rcc_ex.c **** #elif defined(STM32F469xx) || defined(STM32F479xx)
2999:Drivers/STM32F4xx_HAL_Driver/Src/stm32f4xx_hal_rcc_ex.c ****   /* PLLSAI_VCO = f(VCO clock) = f(PLLSAI clock input) * PLLSAIN */
3000:Drivers/STM32F4xx_HAL_Driver/Src/stm32f4xx_hal_rcc_ex.c ****   /* SAIPCLK = PLLSAI_VCO / PLLSAIP */
3001:Drivers/STM32F4xx_HAL_Driver/Src/stm32f4xx_hal_rcc_ex.c ****   /* SAIQCLK = PLLSAI_VCO / PLLSAIQ */
3002:Drivers/STM32F4xx_HAL_Driver/Src/stm32f4xx_hal_rcc_ex.c ****   /* SAIRCLK = PLLSAI_VCO / PLLSAIR */
3003:Drivers/STM32F4xx_HAL_Driver/Src/stm32f4xx_hal_rcc_ex.c ****   __HAL_RCC_PLLSAI_CONFIG(PLLSAIInit->PLLSAIN, PLLSAIInit->PLLSAIP, \
3004:Drivers/STM32F4xx_HAL_Driver/Src/stm32f4xx_hal_rcc_ex.c ****                           PLLSAIInit->PLLSAIQ, PLLSAIInit->PLLSAIR);
3005:Drivers/STM32F4xx_HAL_Driver/Src/stm32f4xx_hal_rcc_ex.c **** #else
3006:Drivers/STM32F4xx_HAL_Driver/Src/stm32f4xx_hal_rcc_ex.c ****   /* PLLSAI_VCO = f(VCO clock) = f(PLLSAI clock input) x PLLSAIN */
3007:Drivers/STM32F4xx_HAL_Driver/Src/stm32f4xx_hal_rcc_ex.c ****   /* SAIQCLK = PLLSAI_VCO / PLLSAIQ */
3008:Drivers/STM32F4xx_HAL_Driver/Src/stm32f4xx_hal_rcc_ex.c ****   /* SAIRCLK = PLLSAI_VCO / PLLSAIR */
3009:Drivers/STM32F4xx_HAL_Driver/Src/stm32f4xx_hal_rcc_ex.c ****   __HAL_RCC_PLLSAI_CONFIG(PLLSAIInit->PLLSAIN, PLLSAIInit->PLLSAIQ, PLLSAIInit->PLLSAIR);
3010:Drivers/STM32F4xx_HAL_Driver/Src/stm32f4xx_hal_rcc_ex.c **** #endif /* STM32F446xx */
3011:Drivers/STM32F4xx_HAL_Driver/Src/stm32f4xx_hal_rcc_ex.c **** 
3012:Drivers/STM32F4xx_HAL_Driver/Src/stm32f4xx_hal_rcc_ex.c ****   /* Enable the PLLSAI */
3013:Drivers/STM32F4xx_HAL_Driver/Src/stm32f4xx_hal_rcc_ex.c ****   __HAL_RCC_PLLSAI_ENABLE();
3014:Drivers/STM32F4xx_HAL_Driver/Src/stm32f4xx_hal_rcc_ex.c **** 
3015:Drivers/STM32F4xx_HAL_Driver/Src/stm32f4xx_hal_rcc_ex.c ****   /* Wait till PLLSAI is ready */
3016:Drivers/STM32F4xx_HAL_Driver/Src/stm32f4xx_hal_rcc_ex.c ****   tickstart = HAL_GetTick();
3017:Drivers/STM32F4xx_HAL_Driver/Src/stm32f4xx_hal_rcc_ex.c ****   while (__HAL_RCC_PLLSAI_GET_FLAG() == RESET)
3018:Drivers/STM32F4xx_HAL_Driver/Src/stm32f4xx_hal_rcc_ex.c ****   {
3019:Drivers/STM32F4xx_HAL_Driver/Src/stm32f4xx_hal_rcc_ex.c ****     if ((HAL_GetTick() - tickstart) > PLLSAI_TIMEOUT_VALUE)
3020:Drivers/STM32F4xx_HAL_Driver/Src/stm32f4xx_hal_rcc_ex.c ****     {
3021:Drivers/STM32F4xx_HAL_Driver/Src/stm32f4xx_hal_rcc_ex.c ****       /* return in case of Timeout detected */
3022:Drivers/STM32F4xx_HAL_Driver/Src/stm32f4xx_hal_rcc_ex.c ****       return HAL_TIMEOUT;
3023:Drivers/STM32F4xx_HAL_Driver/Src/stm32f4xx_hal_rcc_ex.c ****     }
3024:Drivers/STM32F4xx_HAL_Driver/Src/stm32f4xx_hal_rcc_ex.c ****   }
3025:Drivers/STM32F4xx_HAL_Driver/Src/stm32f4xx_hal_rcc_ex.c **** 
3026:Drivers/STM32F4xx_HAL_Driver/Src/stm32f4xx_hal_rcc_ex.c ****   return HAL_OK;
3027:Drivers/STM32F4xx_HAL_Driver/Src/stm32f4xx_hal_rcc_ex.c **** }
 2045              		.loc 1 3027 1 view .LVU700
 2046 0026 38BD     		pop	{r3, r4, r5, pc}
 2047              	.LVL186:
 2048              	.L167:
2996:Drivers/STM32F4xx_HAL_Driver/Src/stm32f4xx_hal_rcc_ex.c ****                           PLLSAIInit->PLLSAIP, PLLSAIInit->PLLSAIQ, 0U);
 2049              		.loc 1 2996 3 is_stmt 1 view .LVU701
 2050 0028 2B68     		ldr	r3, [r5]
 2051 002a 6A68     		ldr	r2, [r5, #4]
 2052 002c 43EA8213 		orr	r3, r3, r2, lsl #6
 2053 0030 AA68     		ldr	r2, [r5, #8]
 2054 0032 5208     		lsrs	r2, r2, #1
ARM GAS  C:\Users\user\AppData\Local\Temp\ccuZOZlR.s 			page 97


 2055 0034 013A     		subs	r2, r2, #1
 2056 0036 43EA0243 		orr	r3, r3, r2, lsl #16
 2057 003a EA68     		ldr	r2, [r5, #12]
 2058 003c 43EA0263 		orr	r3, r3, r2, lsl #24
 2059 0040 0C4A     		ldr	r2, .L169+4
 2060 0042 C2F88830 		str	r3, [r2, #136]
3013:Drivers/STM32F4xx_HAL_Driver/Src/stm32f4xx_hal_rcc_ex.c **** 
 2061              		.loc 1 3013 3 view .LVU702
 2062 0046 0A4B     		ldr	r3, .L169
 2063 0048 0122     		movs	r2, #1
 2064 004a 1A67     		str	r2, [r3, #112]
3016:Drivers/STM32F4xx_HAL_Driver/Src/stm32f4xx_hal_rcc_ex.c ****   while (__HAL_RCC_PLLSAI_GET_FLAG() == RESET)
 2065              		.loc 1 3016 3 view .LVU703
3016:Drivers/STM32F4xx_HAL_Driver/Src/stm32f4xx_hal_rcc_ex.c ****   while (__HAL_RCC_PLLSAI_GET_FLAG() == RESET)
 2066              		.loc 1 3016 15 is_stmt 0 view .LVU704
 2067 004c FFF7FEFF 		bl	HAL_GetTick
 2068              	.LVL187:
 2069 0050 0446     		mov	r4, r0
 2070              	.LVL188:
3017:Drivers/STM32F4xx_HAL_Driver/Src/stm32f4xx_hal_rcc_ex.c ****   {
 2071              		.loc 1 3017 3 is_stmt 1 view .LVU705
 2072              	.L162:
3017:Drivers/STM32F4xx_HAL_Driver/Src/stm32f4xx_hal_rcc_ex.c ****   {
 2073              		.loc 1 3017 38 view .LVU706
3017:Drivers/STM32F4xx_HAL_Driver/Src/stm32f4xx_hal_rcc_ex.c ****   {
 2074              		.loc 1 3017 10 is_stmt 0 view .LVU707
 2075 0052 084B     		ldr	r3, .L169+4
 2076 0054 1B68     		ldr	r3, [r3]
3017:Drivers/STM32F4xx_HAL_Driver/Src/stm32f4xx_hal_rcc_ex.c ****   {
 2077              		.loc 1 3017 38 view .LVU708
 2078 0056 13F0005F 		tst	r3, #536870912
 2079 005a 06D1     		bne	.L168
3019:Drivers/STM32F4xx_HAL_Driver/Src/stm32f4xx_hal_rcc_ex.c ****     {
 2080              		.loc 1 3019 5 is_stmt 1 view .LVU709
3019:Drivers/STM32F4xx_HAL_Driver/Src/stm32f4xx_hal_rcc_ex.c ****     {
 2081              		.loc 1 3019 10 is_stmt 0 view .LVU710
 2082 005c FFF7FEFF 		bl	HAL_GetTick
 2083              	.LVL189:
3019:Drivers/STM32F4xx_HAL_Driver/Src/stm32f4xx_hal_rcc_ex.c ****     {
 2084              		.loc 1 3019 24 discriminator 1 view .LVU711
 2085 0060 001B     		subs	r0, r0, r4
3019:Drivers/STM32F4xx_HAL_Driver/Src/stm32f4xx_hal_rcc_ex.c ****     {
 2086              		.loc 1 3019 8 discriminator 1 view .LVU712
 2087 0062 0228     		cmp	r0, #2
 2088 0064 F5D9     		bls	.L162
3022:Drivers/STM32F4xx_HAL_Driver/Src/stm32f4xx_hal_rcc_ex.c ****     }
 2089              		.loc 1 3022 14 view .LVU713
 2090 0066 0320     		movs	r0, #3
 2091 0068 DDE7     		b	.L160
 2092              	.L168:
3026:Drivers/STM32F4xx_HAL_Driver/Src/stm32f4xx_hal_rcc_ex.c **** }
 2093              		.loc 1 3026 10 view .LVU714
 2094 006a 0020     		movs	r0, #0
 2095 006c DBE7     		b	.L160
 2096              	.L170:
 2097 006e 00BF     		.align	2
 2098              	.L169:
ARM GAS  C:\Users\user\AppData\Local\Temp\ccuZOZlR.s 			page 98


 2099 0070 00004742 		.word	1111949312
 2100 0074 00380240 		.word	1073887232
 2101              		.cfi_endproc
 2102              	.LFE140:
 2104              		.section	.text.HAL_RCCEx_DisablePLLSAI,"ax",%progbits
 2105              		.align	1
 2106              		.global	HAL_RCCEx_DisablePLLSAI
 2107              		.syntax unified
 2108              		.thumb
 2109              		.thumb_func
 2111              	HAL_RCCEx_DisablePLLSAI:
 2112              	.LFB141:
3028:Drivers/STM32F4xx_HAL_Driver/Src/stm32f4xx_hal_rcc_ex.c **** 
3029:Drivers/STM32F4xx_HAL_Driver/Src/stm32f4xx_hal_rcc_ex.c **** /**
3030:Drivers/STM32F4xx_HAL_Driver/Src/stm32f4xx_hal_rcc_ex.c ****   * @brief  Disable PLLSAI.
3031:Drivers/STM32F4xx_HAL_Driver/Src/stm32f4xx_hal_rcc_ex.c ****   * @retval HAL status
3032:Drivers/STM32F4xx_HAL_Driver/Src/stm32f4xx_hal_rcc_ex.c ****   */
3033:Drivers/STM32F4xx_HAL_Driver/Src/stm32f4xx_hal_rcc_ex.c **** HAL_StatusTypeDef HAL_RCCEx_DisablePLLSAI(void)
3034:Drivers/STM32F4xx_HAL_Driver/Src/stm32f4xx_hal_rcc_ex.c **** {
 2113              		.loc 1 3034 1 is_stmt 1 view -0
 2114              		.cfi_startproc
 2115              		@ args = 0, pretend = 0, frame = 0
 2116              		@ frame_needed = 0, uses_anonymous_args = 0
 2117 0000 10B5     		push	{r4, lr}
 2118              	.LCFI7:
 2119              		.cfi_def_cfa_offset 8
 2120              		.cfi_offset 4, -8
 2121              		.cfi_offset 14, -4
3035:Drivers/STM32F4xx_HAL_Driver/Src/stm32f4xx_hal_rcc_ex.c ****   uint32_t tickstart;
 2122              		.loc 1 3035 3 view .LVU716
3036:Drivers/STM32F4xx_HAL_Driver/Src/stm32f4xx_hal_rcc_ex.c **** 
3037:Drivers/STM32F4xx_HAL_Driver/Src/stm32f4xx_hal_rcc_ex.c ****   /* Disable the PLLSAI */
3038:Drivers/STM32F4xx_HAL_Driver/Src/stm32f4xx_hal_rcc_ex.c ****   __HAL_RCC_PLLSAI_DISABLE();
 2123              		.loc 1 3038 3 view .LVU717
 2124 0002 0A4B     		ldr	r3, .L178
 2125 0004 0022     		movs	r2, #0
 2126 0006 1A67     		str	r2, [r3, #112]
3039:Drivers/STM32F4xx_HAL_Driver/Src/stm32f4xx_hal_rcc_ex.c **** 
3040:Drivers/STM32F4xx_HAL_Driver/Src/stm32f4xx_hal_rcc_ex.c ****   /* Wait till PLLSAI is disabled */
3041:Drivers/STM32F4xx_HAL_Driver/Src/stm32f4xx_hal_rcc_ex.c ****   tickstart = HAL_GetTick();
 2127              		.loc 1 3041 3 view .LVU718
 2128              		.loc 1 3041 15 is_stmt 0 view .LVU719
 2129 0008 FFF7FEFF 		bl	HAL_GetTick
 2130              	.LVL190:
 2131 000c 0446     		mov	r4, r0
 2132              	.LVL191:
3042:Drivers/STM32F4xx_HAL_Driver/Src/stm32f4xx_hal_rcc_ex.c ****   while (__HAL_RCC_PLLSAI_GET_FLAG() != RESET)
 2133              		.loc 1 3042 3 is_stmt 1 view .LVU720
 2134              	.L172:
 2135              		.loc 1 3042 38 view .LVU721
 2136              		.loc 1 3042 10 is_stmt 0 view .LVU722
 2137 000e 084B     		ldr	r3, .L178+4
 2138 0010 1B68     		ldr	r3, [r3]
 2139              		.loc 1 3042 38 view .LVU723
 2140 0012 13F0005F 		tst	r3, #536870912
 2141 0016 06D0     		beq	.L177
3043:Drivers/STM32F4xx_HAL_Driver/Src/stm32f4xx_hal_rcc_ex.c ****   {
ARM GAS  C:\Users\user\AppData\Local\Temp\ccuZOZlR.s 			page 99


3044:Drivers/STM32F4xx_HAL_Driver/Src/stm32f4xx_hal_rcc_ex.c ****     if ((HAL_GetTick() - tickstart) > PLLSAI_TIMEOUT_VALUE)
 2142              		.loc 1 3044 5 is_stmt 1 view .LVU724
 2143              		.loc 1 3044 10 is_stmt 0 view .LVU725
 2144 0018 FFF7FEFF 		bl	HAL_GetTick
 2145              	.LVL192:
 2146              		.loc 1 3044 24 discriminator 1 view .LVU726
 2147 001c 001B     		subs	r0, r0, r4
 2148              		.loc 1 3044 8 discriminator 1 view .LVU727
 2149 001e 0228     		cmp	r0, #2
 2150 0020 F5D9     		bls	.L172
3045:Drivers/STM32F4xx_HAL_Driver/Src/stm32f4xx_hal_rcc_ex.c ****     {
3046:Drivers/STM32F4xx_HAL_Driver/Src/stm32f4xx_hal_rcc_ex.c ****       /* return in case of Timeout detected */
3047:Drivers/STM32F4xx_HAL_Driver/Src/stm32f4xx_hal_rcc_ex.c ****       return HAL_TIMEOUT;
 2151              		.loc 1 3047 14 view .LVU728
 2152 0022 0320     		movs	r0, #3
 2153 0024 00E0     		b	.L173
 2154              	.L177:
3048:Drivers/STM32F4xx_HAL_Driver/Src/stm32f4xx_hal_rcc_ex.c ****     }
3049:Drivers/STM32F4xx_HAL_Driver/Src/stm32f4xx_hal_rcc_ex.c ****   }
3050:Drivers/STM32F4xx_HAL_Driver/Src/stm32f4xx_hal_rcc_ex.c **** 
3051:Drivers/STM32F4xx_HAL_Driver/Src/stm32f4xx_hal_rcc_ex.c ****   return HAL_OK;
 2155              		.loc 1 3051 10 view .LVU729
 2156 0026 0020     		movs	r0, #0
 2157              	.L173:
3052:Drivers/STM32F4xx_HAL_Driver/Src/stm32f4xx_hal_rcc_ex.c **** }
 2158              		.loc 1 3052 1 view .LVU730
 2159 0028 10BD     		pop	{r4, pc}
 2160              	.LVL193:
 2161              	.L179:
 2162              		.loc 1 3052 1 view .LVU731
 2163 002a 00BF     		.align	2
 2164              	.L178:
 2165 002c 00004742 		.word	1111949312
 2166 0030 00380240 		.word	1073887232
 2167              		.cfi_endproc
 2168              	.LFE141:
 2170              		.section	.text.HAL_RCC_GetSysClockFreq,"ax",%progbits
 2171              		.align	1
 2172              		.global	HAL_RCC_GetSysClockFreq
 2173              		.syntax unified
 2174              		.thumb
 2175              		.thumb_func
 2177              	HAL_RCC_GetSysClockFreq:
 2178              	.LFB142:
3053:Drivers/STM32F4xx_HAL_Driver/Src/stm32f4xx_hal_rcc_ex.c **** 
3054:Drivers/STM32F4xx_HAL_Driver/Src/stm32f4xx_hal_rcc_ex.c **** #endif /* RCC_PLLSAI_SUPPORT */
3055:Drivers/STM32F4xx_HAL_Driver/Src/stm32f4xx_hal_rcc_ex.c **** 
3056:Drivers/STM32F4xx_HAL_Driver/Src/stm32f4xx_hal_rcc_ex.c **** /**
3057:Drivers/STM32F4xx_HAL_Driver/Src/stm32f4xx_hal_rcc_ex.c ****   * @}
3058:Drivers/STM32F4xx_HAL_Driver/Src/stm32f4xx_hal_rcc_ex.c ****   */
3059:Drivers/STM32F4xx_HAL_Driver/Src/stm32f4xx_hal_rcc_ex.c **** 
3060:Drivers/STM32F4xx_HAL_Driver/Src/stm32f4xx_hal_rcc_ex.c **** #if defined(STM32F446xx)
3061:Drivers/STM32F4xx_HAL_Driver/Src/stm32f4xx_hal_rcc_ex.c **** /**
3062:Drivers/STM32F4xx_HAL_Driver/Src/stm32f4xx_hal_rcc_ex.c ****   * @brief  Returns the SYSCLK frequency
3063:Drivers/STM32F4xx_HAL_Driver/Src/stm32f4xx_hal_rcc_ex.c ****   *
3064:Drivers/STM32F4xx_HAL_Driver/Src/stm32f4xx_hal_rcc_ex.c ****   * @note   This function implementation is valid only for STM32F446xx devices.
3065:Drivers/STM32F4xx_HAL_Driver/Src/stm32f4xx_hal_rcc_ex.c ****   * @note   This function add the PLL/PLLR System clock source
ARM GAS  C:\Users\user\AppData\Local\Temp\ccuZOZlR.s 			page 100


3066:Drivers/STM32F4xx_HAL_Driver/Src/stm32f4xx_hal_rcc_ex.c ****   *
3067:Drivers/STM32F4xx_HAL_Driver/Src/stm32f4xx_hal_rcc_ex.c ****   * @note   The system frequency computed by this function is not the real
3068:Drivers/STM32F4xx_HAL_Driver/Src/stm32f4xx_hal_rcc_ex.c ****   *         frequency in the chip. It is calculated based on the predefined
3069:Drivers/STM32F4xx_HAL_Driver/Src/stm32f4xx_hal_rcc_ex.c ****   *         constant and the selected clock source:
3070:Drivers/STM32F4xx_HAL_Driver/Src/stm32f4xx_hal_rcc_ex.c ****   * @note     If SYSCLK source is HSI, function returns values based on HSI_VALUE(*)
3071:Drivers/STM32F4xx_HAL_Driver/Src/stm32f4xx_hal_rcc_ex.c ****   * @note     If SYSCLK source is HSE, function returns values based on HSE_VALUE(**)
3072:Drivers/STM32F4xx_HAL_Driver/Src/stm32f4xx_hal_rcc_ex.c ****   * @note     If SYSCLK source is PLL or PLLR, function returns values based on HSE_VALUE(**)
3073:Drivers/STM32F4xx_HAL_Driver/Src/stm32f4xx_hal_rcc_ex.c ****   *           or HSI_VALUE(*) multiplied/divided by the PLL factors.
3074:Drivers/STM32F4xx_HAL_Driver/Src/stm32f4xx_hal_rcc_ex.c ****   * @note     (*) HSI_VALUE is a constant defined in stm32f4xx_hal_conf.h file (default value
3075:Drivers/STM32F4xx_HAL_Driver/Src/stm32f4xx_hal_rcc_ex.c ****   *               16 MHz) but the real value may vary depending on the variations
3076:Drivers/STM32F4xx_HAL_Driver/Src/stm32f4xx_hal_rcc_ex.c ****   *               in voltage and temperature.
3077:Drivers/STM32F4xx_HAL_Driver/Src/stm32f4xx_hal_rcc_ex.c ****   * @note     (**) HSE_VALUE is a constant defined in stm32f4xx_hal_conf.h file (default value
3078:Drivers/STM32F4xx_HAL_Driver/Src/stm32f4xx_hal_rcc_ex.c ****   *                25 MHz), user has to ensure that HSE_VALUE is same as the real
3079:Drivers/STM32F4xx_HAL_Driver/Src/stm32f4xx_hal_rcc_ex.c ****   *                frequency of the crystal used. Otherwise, this function may
3080:Drivers/STM32F4xx_HAL_Driver/Src/stm32f4xx_hal_rcc_ex.c ****   *                have wrong result.
3081:Drivers/STM32F4xx_HAL_Driver/Src/stm32f4xx_hal_rcc_ex.c ****   *
3082:Drivers/STM32F4xx_HAL_Driver/Src/stm32f4xx_hal_rcc_ex.c ****   * @note   The result of this function could be not correct when using fractional
3083:Drivers/STM32F4xx_HAL_Driver/Src/stm32f4xx_hal_rcc_ex.c ****   *         value for HSE crystal.
3084:Drivers/STM32F4xx_HAL_Driver/Src/stm32f4xx_hal_rcc_ex.c ****   *
3085:Drivers/STM32F4xx_HAL_Driver/Src/stm32f4xx_hal_rcc_ex.c ****   * @note   This function can be used by the user application to compute the
3086:Drivers/STM32F4xx_HAL_Driver/Src/stm32f4xx_hal_rcc_ex.c ****   *         baudrate for the communication peripherals or configure other parameters.
3087:Drivers/STM32F4xx_HAL_Driver/Src/stm32f4xx_hal_rcc_ex.c ****   *
3088:Drivers/STM32F4xx_HAL_Driver/Src/stm32f4xx_hal_rcc_ex.c ****   * @note   Each time SYSCLK changes, this function must be called to update the
3089:Drivers/STM32F4xx_HAL_Driver/Src/stm32f4xx_hal_rcc_ex.c ****   *         right SYSCLK value. Otherwise, any configuration based on this function will be incorre
3090:Drivers/STM32F4xx_HAL_Driver/Src/stm32f4xx_hal_rcc_ex.c ****   *
3091:Drivers/STM32F4xx_HAL_Driver/Src/stm32f4xx_hal_rcc_ex.c ****   *
3092:Drivers/STM32F4xx_HAL_Driver/Src/stm32f4xx_hal_rcc_ex.c ****   * @retval SYSCLK frequency
3093:Drivers/STM32F4xx_HAL_Driver/Src/stm32f4xx_hal_rcc_ex.c ****   */
3094:Drivers/STM32F4xx_HAL_Driver/Src/stm32f4xx_hal_rcc_ex.c **** uint32_t HAL_RCC_GetSysClockFreq(void)
3095:Drivers/STM32F4xx_HAL_Driver/Src/stm32f4xx_hal_rcc_ex.c **** {
 2179              		.loc 1 3095 1 is_stmt 1 view -0
 2180              		.cfi_startproc
 2181              		@ args = 0, pretend = 0, frame = 0
 2182              		@ frame_needed = 0, uses_anonymous_args = 0
 2183 0000 08B5     		push	{r3, lr}
 2184              	.LCFI8:
 2185              		.cfi_def_cfa_offset 8
 2186              		.cfi_offset 3, -8
 2187              		.cfi_offset 14, -4
3096:Drivers/STM32F4xx_HAL_Driver/Src/stm32f4xx_hal_rcc_ex.c ****   uint32_t pllm = 0U;
 2188              		.loc 1 3096 3 view .LVU733
 2189              	.LVL194:
3097:Drivers/STM32F4xx_HAL_Driver/Src/stm32f4xx_hal_rcc_ex.c ****   uint32_t pllvco = 0U;
 2190              		.loc 1 3097 3 view .LVU734
3098:Drivers/STM32F4xx_HAL_Driver/Src/stm32f4xx_hal_rcc_ex.c ****   uint32_t pllp = 0U;
 2191              		.loc 1 3098 3 view .LVU735
3099:Drivers/STM32F4xx_HAL_Driver/Src/stm32f4xx_hal_rcc_ex.c ****   uint32_t pllr = 0U;
 2192              		.loc 1 3099 3 view .LVU736
3100:Drivers/STM32F4xx_HAL_Driver/Src/stm32f4xx_hal_rcc_ex.c ****   uint32_t sysclockfreq = 0U;
 2193              		.loc 1 3100 3 view .LVU737
3101:Drivers/STM32F4xx_HAL_Driver/Src/stm32f4xx_hal_rcc_ex.c **** 
3102:Drivers/STM32F4xx_HAL_Driver/Src/stm32f4xx_hal_rcc_ex.c ****   /* Get SYSCLK source -------------------------------------------------------*/
3103:Drivers/STM32F4xx_HAL_Driver/Src/stm32f4xx_hal_rcc_ex.c ****   switch (RCC->CFGR & RCC_CFGR_SWS)
 2194              		.loc 1 3103 3 view .LVU738
 2195              		.loc 1 3103 14 is_stmt 0 view .LVU739
 2196 0002 464B     		ldr	r3, .L190
 2197 0004 9B68     		ldr	r3, [r3, #8]
ARM GAS  C:\Users\user\AppData\Local\Temp\ccuZOZlR.s 			page 101


 2198              		.loc 1 3103 21 view .LVU740
 2199 0006 03F00C03 		and	r3, r3, #12
 2200              		.loc 1 3103 3 view .LVU741
 2201 000a 082B     		cmp	r3, #8
 2202 000c 05D0     		beq	.L181
 2203 000e 0C2B     		cmp	r3, #12
 2204 0010 43D0     		beq	.L182
 2205 0012 042B     		cmp	r3, #4
 2206 0014 7FD1     		bne	.L188
3104:Drivers/STM32F4xx_HAL_Driver/Src/stm32f4xx_hal_rcc_ex.c ****   {
3105:Drivers/STM32F4xx_HAL_Driver/Src/stm32f4xx_hal_rcc_ex.c ****     case RCC_CFGR_SWS_HSI:  /* HSI used as system clock source */
3106:Drivers/STM32F4xx_HAL_Driver/Src/stm32f4xx_hal_rcc_ex.c ****     {
3107:Drivers/STM32F4xx_HAL_Driver/Src/stm32f4xx_hal_rcc_ex.c ****       sysclockfreq = HSI_VALUE;
3108:Drivers/STM32F4xx_HAL_Driver/Src/stm32f4xx_hal_rcc_ex.c ****       break;
3109:Drivers/STM32F4xx_HAL_Driver/Src/stm32f4xx_hal_rcc_ex.c ****     }
3110:Drivers/STM32F4xx_HAL_Driver/Src/stm32f4xx_hal_rcc_ex.c ****     case RCC_CFGR_SWS_HSE:  /* HSE used as system clock  source */
3111:Drivers/STM32F4xx_HAL_Driver/Src/stm32f4xx_hal_rcc_ex.c ****     {
3112:Drivers/STM32F4xx_HAL_Driver/Src/stm32f4xx_hal_rcc_ex.c ****       sysclockfreq = HSE_VALUE;
 2207              		.loc 1 3112 20 view .LVU742
 2208 0016 4248     		ldr	r0, .L190+4
 2209 0018 19E0     		b	.L180
 2210              	.L181:
3113:Drivers/STM32F4xx_HAL_Driver/Src/stm32f4xx_hal_rcc_ex.c ****       break;
3114:Drivers/STM32F4xx_HAL_Driver/Src/stm32f4xx_hal_rcc_ex.c ****     }
3115:Drivers/STM32F4xx_HAL_Driver/Src/stm32f4xx_hal_rcc_ex.c ****     case RCC_CFGR_SWS_PLL:  /* PLL/PLLP used as system clock  source */
3116:Drivers/STM32F4xx_HAL_Driver/Src/stm32f4xx_hal_rcc_ex.c ****     {
3117:Drivers/STM32F4xx_HAL_Driver/Src/stm32f4xx_hal_rcc_ex.c ****       /* PLL_VCO = (HSE_VALUE or HSI_VALUE / PLLM) * PLLN
3118:Drivers/STM32F4xx_HAL_Driver/Src/stm32f4xx_hal_rcc_ex.c ****       SYSCLK = PLL_VCO / PLLP */
3119:Drivers/STM32F4xx_HAL_Driver/Src/stm32f4xx_hal_rcc_ex.c ****       pllm = RCC->PLLCFGR & RCC_PLLCFGR_PLLM;
 2211              		.loc 1 3119 7 is_stmt 1 view .LVU743
 2212              		.loc 1 3119 17 is_stmt 0 view .LVU744
 2213 001a 404B     		ldr	r3, .L190
 2214 001c 5A68     		ldr	r2, [r3, #4]
 2215              		.loc 1 3119 12 view .LVU745
 2216 001e 02F03F02 		and	r2, r2, #63
 2217              	.LVL195:
3120:Drivers/STM32F4xx_HAL_Driver/Src/stm32f4xx_hal_rcc_ex.c ****       if (__HAL_RCC_GET_PLL_OSCSOURCE() != RCC_PLLSOURCE_HSI)
 2218              		.loc 1 3120 7 is_stmt 1 view .LVU746
 2219              		.loc 1 3120 11 is_stmt 0 view .LVU747
 2220 0022 5B68     		ldr	r3, [r3, #4]
 2221              		.loc 1 3120 10 view .LVU748
 2222 0024 13F4800F 		tst	r3, #4194304
 2223 0028 12D0     		beq	.L184
3121:Drivers/STM32F4xx_HAL_Driver/Src/stm32f4xx_hal_rcc_ex.c ****       {
3122:Drivers/STM32F4xx_HAL_Driver/Src/stm32f4xx_hal_rcc_ex.c ****         /* HSE used as PLL clock source */
3123:Drivers/STM32F4xx_HAL_Driver/Src/stm32f4xx_hal_rcc_ex.c ****         pllvco = (uint32_t)((((uint64_t) HSE_VALUE * ((uint64_t)((RCC->PLLCFGR & RCC_PLLCFGR_PLLN) 
 2224              		.loc 1 3123 9 is_stmt 1 view .LVU749
 2225              		.loc 1 3123 70 is_stmt 0 view .LVU750
 2226 002a 3C4B     		ldr	r3, .L190
 2227 002c 5968     		ldr	r1, [r3, #4]
 2228              		.loc 1 3123 55 view .LVU751
 2229 002e C1F38811 		ubfx	r1, r1, #6, #9
 2230              		.loc 1 3123 52 view .LVU752
 2231 0032 3B48     		ldr	r0, .L190+4
 2232              		.loc 1 3123 128 view .LVU753
 2233 0034 0023     		movs	r3, #0
 2234 0036 A1FB0001 		umull	r0, r1, r1, r0
ARM GAS  C:\Users\user\AppData\Local\Temp\ccuZOZlR.s 			page 102


 2235 003a FFF7FEFF 		bl	__aeabi_uldivmod
 2236              	.LVL196:
 2237              	.L185:
3124:Drivers/STM32F4xx_HAL_Driver/Src/stm32f4xx_hal_rcc_ex.c ****       }
3125:Drivers/STM32F4xx_HAL_Driver/Src/stm32f4xx_hal_rcc_ex.c ****       else
3126:Drivers/STM32F4xx_HAL_Driver/Src/stm32f4xx_hal_rcc_ex.c ****       {
3127:Drivers/STM32F4xx_HAL_Driver/Src/stm32f4xx_hal_rcc_ex.c ****         /* HSI used as PLL clock source */
3128:Drivers/STM32F4xx_HAL_Driver/Src/stm32f4xx_hal_rcc_ex.c ****         pllvco = (uint32_t)((((uint64_t) HSI_VALUE * ((uint64_t)((RCC->PLLCFGR & RCC_PLLCFGR_PLLN) 
3129:Drivers/STM32F4xx_HAL_Driver/Src/stm32f4xx_hal_rcc_ex.c ****       }
3130:Drivers/STM32F4xx_HAL_Driver/Src/stm32f4xx_hal_rcc_ex.c ****       pllp = ((((RCC->PLLCFGR & RCC_PLLCFGR_PLLP) >> RCC_PLLCFGR_PLLP_Pos) + 1U) * 2U);
 2238              		.loc 1 3130 7 is_stmt 1 view .LVU754
 2239              		.loc 1 3130 21 is_stmt 0 view .LVU755
 2240 003e 374B     		ldr	r3, .L190
 2241 0040 5B68     		ldr	r3, [r3, #4]
 2242              		.loc 1 3130 51 view .LVU756
 2243 0042 C3F30143 		ubfx	r3, r3, #16, #2
 2244              		.loc 1 3130 76 view .LVU757
 2245 0046 0133     		adds	r3, r3, #1
 2246              		.loc 1 3130 12 view .LVU758
 2247 0048 5B00     		lsls	r3, r3, #1
 2248              	.LVL197:
3131:Drivers/STM32F4xx_HAL_Driver/Src/stm32f4xx_hal_rcc_ex.c **** 
3132:Drivers/STM32F4xx_HAL_Driver/Src/stm32f4xx_hal_rcc_ex.c ****       sysclockfreq = pllvco / pllp;
 2249              		.loc 1 3132 7 is_stmt 1 view .LVU759
 2250              		.loc 1 3132 20 is_stmt 0 view .LVU760
 2251 004a B0FBF3F0 		udiv	r0, r0, r3
 2252              	.LVL198:
3133:Drivers/STM32F4xx_HAL_Driver/Src/stm32f4xx_hal_rcc_ex.c ****       break;
 2253              		.loc 1 3133 7 is_stmt 1 view .LVU761
 2254              	.L180:
3134:Drivers/STM32F4xx_HAL_Driver/Src/stm32f4xx_hal_rcc_ex.c ****     }
3135:Drivers/STM32F4xx_HAL_Driver/Src/stm32f4xx_hal_rcc_ex.c ****     case RCC_CFGR_SWS_PLLR:  /* PLL/PLLR used as system clock  source */
3136:Drivers/STM32F4xx_HAL_Driver/Src/stm32f4xx_hal_rcc_ex.c ****     {
3137:Drivers/STM32F4xx_HAL_Driver/Src/stm32f4xx_hal_rcc_ex.c ****       /* PLL_VCO = (HSE_VALUE or HSI_VALUE / PLLM) * PLLN
3138:Drivers/STM32F4xx_HAL_Driver/Src/stm32f4xx_hal_rcc_ex.c ****       SYSCLK = PLL_VCO / PLLR */
3139:Drivers/STM32F4xx_HAL_Driver/Src/stm32f4xx_hal_rcc_ex.c ****       pllm = RCC->PLLCFGR & RCC_PLLCFGR_PLLM;
3140:Drivers/STM32F4xx_HAL_Driver/Src/stm32f4xx_hal_rcc_ex.c ****       if (__HAL_RCC_GET_PLL_OSCSOURCE() != RCC_PLLSOURCE_HSI)
3141:Drivers/STM32F4xx_HAL_Driver/Src/stm32f4xx_hal_rcc_ex.c ****       {
3142:Drivers/STM32F4xx_HAL_Driver/Src/stm32f4xx_hal_rcc_ex.c ****         /* HSE used as PLL clock source */
3143:Drivers/STM32F4xx_HAL_Driver/Src/stm32f4xx_hal_rcc_ex.c ****         pllvco = (uint32_t)((((uint64_t) HSE_VALUE * ((uint64_t)((RCC->PLLCFGR & RCC_PLLCFGR_PLLN) 
3144:Drivers/STM32F4xx_HAL_Driver/Src/stm32f4xx_hal_rcc_ex.c ****       }
3145:Drivers/STM32F4xx_HAL_Driver/Src/stm32f4xx_hal_rcc_ex.c ****       else
3146:Drivers/STM32F4xx_HAL_Driver/Src/stm32f4xx_hal_rcc_ex.c ****       {
3147:Drivers/STM32F4xx_HAL_Driver/Src/stm32f4xx_hal_rcc_ex.c ****         /* HSI used as PLL clock source */
3148:Drivers/STM32F4xx_HAL_Driver/Src/stm32f4xx_hal_rcc_ex.c ****         pllvco = (uint32_t)((((uint64_t) HSI_VALUE * ((uint64_t)((RCC->PLLCFGR & RCC_PLLCFGR_PLLN) 
3149:Drivers/STM32F4xx_HAL_Driver/Src/stm32f4xx_hal_rcc_ex.c ****       }
3150:Drivers/STM32F4xx_HAL_Driver/Src/stm32f4xx_hal_rcc_ex.c ****       pllr = ((RCC->PLLCFGR & RCC_PLLCFGR_PLLR) >> RCC_PLLCFGR_PLLR_Pos);
3151:Drivers/STM32F4xx_HAL_Driver/Src/stm32f4xx_hal_rcc_ex.c **** 
3152:Drivers/STM32F4xx_HAL_Driver/Src/stm32f4xx_hal_rcc_ex.c ****       sysclockfreq = pllvco / pllr;
3153:Drivers/STM32F4xx_HAL_Driver/Src/stm32f4xx_hal_rcc_ex.c ****       break;
3154:Drivers/STM32F4xx_HAL_Driver/Src/stm32f4xx_hal_rcc_ex.c ****     }
3155:Drivers/STM32F4xx_HAL_Driver/Src/stm32f4xx_hal_rcc_ex.c ****     default:
3156:Drivers/STM32F4xx_HAL_Driver/Src/stm32f4xx_hal_rcc_ex.c ****     {
3157:Drivers/STM32F4xx_HAL_Driver/Src/stm32f4xx_hal_rcc_ex.c ****       sysclockfreq = HSI_VALUE;
3158:Drivers/STM32F4xx_HAL_Driver/Src/stm32f4xx_hal_rcc_ex.c ****       break;
3159:Drivers/STM32F4xx_HAL_Driver/Src/stm32f4xx_hal_rcc_ex.c ****     }
3160:Drivers/STM32F4xx_HAL_Driver/Src/stm32f4xx_hal_rcc_ex.c ****   }
ARM GAS  C:\Users\user\AppData\Local\Temp\ccuZOZlR.s 			page 103


3161:Drivers/STM32F4xx_HAL_Driver/Src/stm32f4xx_hal_rcc_ex.c ****   return sysclockfreq;
3162:Drivers/STM32F4xx_HAL_Driver/Src/stm32f4xx_hal_rcc_ex.c **** }
 2255              		.loc 1 3162 1 is_stmt 0 view .LVU762
 2256 004e 08BD     		pop	{r3, pc}
 2257              	.LVL199:
 2258              	.L184:
3128:Drivers/STM32F4xx_HAL_Driver/Src/stm32f4xx_hal_rcc_ex.c ****       }
 2259              		.loc 1 3128 9 is_stmt 1 view .LVU763
3128:Drivers/STM32F4xx_HAL_Driver/Src/stm32f4xx_hal_rcc_ex.c ****       }
 2260              		.loc 1 3128 70 is_stmt 0 view .LVU764
 2261 0050 324B     		ldr	r3, .L190
 2262 0052 5868     		ldr	r0, [r3, #4]
3128:Drivers/STM32F4xx_HAL_Driver/Src/stm32f4xx_hal_rcc_ex.c ****       }
 2263              		.loc 1 3128 55 view .LVU765
 2264 0054 C0F38810 		ubfx	r0, r0, #6, #9
3128:Drivers/STM32F4xx_HAL_Driver/Src/stm32f4xx_hal_rcc_ex.c ****       }
 2265              		.loc 1 3128 52 view .LVU766
 2266 0058 4FEA401C 		lsl	ip, r0, #5
 2267 005c BCEB000C 		subs	ip, ip, r0
 2268 0060 6EEB0E0E 		sbc	lr, lr, lr
 2269 0064 4FEA8E13 		lsl	r3, lr, #6
 2270 0068 43EA9C63 		orr	r3, r3, ip, lsr #26
 2271 006c 4FEA8C11 		lsl	r1, ip, #6
 2272 0070 B1EB0C01 		subs	r1, r1, ip
 2273 0074 63EB0E03 		sbc	r3, r3, lr
 2274 0078 DB00     		lsls	r3, r3, #3
 2275 007a 43EA5173 		orr	r3, r3, r1, lsr #29
 2276 007e C900     		lsls	r1, r1, #3
 2277 0080 11EB000C 		adds	ip, r1, r0
 2278 0084 43F10003 		adc	r3, r3, #0
 2279 0088 9902     		lsls	r1, r3, #10
3128:Drivers/STM32F4xx_HAL_Driver/Src/stm32f4xx_hal_rcc_ex.c ****       }
 2280              		.loc 1 3128 128 view .LVU767
 2281 008a 0023     		movs	r3, #0
 2282 008c 4FEA8C20 		lsl	r0, ip, #10
 2283 0090 41EA9C51 		orr	r1, r1, ip, lsr #22
 2284 0094 FFF7FEFF 		bl	__aeabi_uldivmod
 2285              	.LVL200:
3128:Drivers/STM32F4xx_HAL_Driver/Src/stm32f4xx_hal_rcc_ex.c ****       }
 2286              		.loc 1 3128 128 view .LVU768
 2287 0098 D1E7     		b	.L185
 2288              	.LVL201:
 2289              	.L182:
3139:Drivers/STM32F4xx_HAL_Driver/Src/stm32f4xx_hal_rcc_ex.c ****       if (__HAL_RCC_GET_PLL_OSCSOURCE() != RCC_PLLSOURCE_HSI)
 2290              		.loc 1 3139 7 is_stmt 1 view .LVU769
3139:Drivers/STM32F4xx_HAL_Driver/Src/stm32f4xx_hal_rcc_ex.c ****       if (__HAL_RCC_GET_PLL_OSCSOURCE() != RCC_PLLSOURCE_HSI)
 2291              		.loc 1 3139 17 is_stmt 0 view .LVU770
 2292 009a 204B     		ldr	r3, .L190
 2293 009c 5A68     		ldr	r2, [r3, #4]
3139:Drivers/STM32F4xx_HAL_Driver/Src/stm32f4xx_hal_rcc_ex.c ****       if (__HAL_RCC_GET_PLL_OSCSOURCE() != RCC_PLLSOURCE_HSI)
 2294              		.loc 1 3139 12 view .LVU771
 2295 009e 02F03F02 		and	r2, r2, #63
 2296              	.LVL202:
3140:Drivers/STM32F4xx_HAL_Driver/Src/stm32f4xx_hal_rcc_ex.c ****       {
 2297              		.loc 1 3140 7 is_stmt 1 view .LVU772
3140:Drivers/STM32F4xx_HAL_Driver/Src/stm32f4xx_hal_rcc_ex.c ****       {
 2298              		.loc 1 3140 11 is_stmt 0 view .LVU773
ARM GAS  C:\Users\user\AppData\Local\Temp\ccuZOZlR.s 			page 104


 2299 00a2 5B68     		ldr	r3, [r3, #4]
3140:Drivers/STM32F4xx_HAL_Driver/Src/stm32f4xx_hal_rcc_ex.c ****       {
 2300              		.loc 1 3140 10 view .LVU774
 2301 00a4 13F4800F 		tst	r3, #4194304
 2302 00a8 10D0     		beq	.L186
3143:Drivers/STM32F4xx_HAL_Driver/Src/stm32f4xx_hal_rcc_ex.c ****       }
 2303              		.loc 1 3143 9 is_stmt 1 view .LVU775
3143:Drivers/STM32F4xx_HAL_Driver/Src/stm32f4xx_hal_rcc_ex.c ****       }
 2304              		.loc 1 3143 70 is_stmt 0 view .LVU776
 2305 00aa 1C4B     		ldr	r3, .L190
 2306 00ac 5968     		ldr	r1, [r3, #4]
3143:Drivers/STM32F4xx_HAL_Driver/Src/stm32f4xx_hal_rcc_ex.c ****       }
 2307              		.loc 1 3143 55 view .LVU777
 2308 00ae C1F38811 		ubfx	r1, r1, #6, #9
3143:Drivers/STM32F4xx_HAL_Driver/Src/stm32f4xx_hal_rcc_ex.c ****       }
 2309              		.loc 1 3143 52 view .LVU778
 2310 00b2 1B48     		ldr	r0, .L190+4
3143:Drivers/STM32F4xx_HAL_Driver/Src/stm32f4xx_hal_rcc_ex.c ****       }
 2311              		.loc 1 3143 128 view .LVU779
 2312 00b4 0023     		movs	r3, #0
 2313 00b6 A1FB0001 		umull	r0, r1, r1, r0
 2314 00ba FFF7FEFF 		bl	__aeabi_uldivmod
 2315              	.LVL203:
 2316              	.L187:
3150:Drivers/STM32F4xx_HAL_Driver/Src/stm32f4xx_hal_rcc_ex.c **** 
 2317              		.loc 1 3150 7 is_stmt 1 view .LVU780
3150:Drivers/STM32F4xx_HAL_Driver/Src/stm32f4xx_hal_rcc_ex.c **** 
 2318              		.loc 1 3150 19 is_stmt 0 view .LVU781
 2319 00be 174B     		ldr	r3, .L190
 2320 00c0 5B68     		ldr	r3, [r3, #4]
3150:Drivers/STM32F4xx_HAL_Driver/Src/stm32f4xx_hal_rcc_ex.c **** 
 2321              		.loc 1 3150 12 view .LVU782
 2322 00c2 C3F30273 		ubfx	r3, r3, #28, #3
 2323              	.LVL204:
3152:Drivers/STM32F4xx_HAL_Driver/Src/stm32f4xx_hal_rcc_ex.c ****       break;
 2324              		.loc 1 3152 7 is_stmt 1 view .LVU783
3152:Drivers/STM32F4xx_HAL_Driver/Src/stm32f4xx_hal_rcc_ex.c ****       break;
 2325              		.loc 1 3152 20 is_stmt 0 view .LVU784
 2326 00c6 B0FBF3F0 		udiv	r0, r0, r3
 2327              	.LVL205:
3153:Drivers/STM32F4xx_HAL_Driver/Src/stm32f4xx_hal_rcc_ex.c ****     }
 2328              		.loc 1 3153 7 is_stmt 1 view .LVU785
 2329 00ca C0E7     		b	.L180
 2330              	.LVL206:
 2331              	.L186:
3148:Drivers/STM32F4xx_HAL_Driver/Src/stm32f4xx_hal_rcc_ex.c ****       }
 2332              		.loc 1 3148 9 view .LVU786
3148:Drivers/STM32F4xx_HAL_Driver/Src/stm32f4xx_hal_rcc_ex.c ****       }
 2333              		.loc 1 3148 70 is_stmt 0 view .LVU787
 2334 00cc 134B     		ldr	r3, .L190
 2335 00ce 5868     		ldr	r0, [r3, #4]
3148:Drivers/STM32F4xx_HAL_Driver/Src/stm32f4xx_hal_rcc_ex.c ****       }
 2336              		.loc 1 3148 55 view .LVU788
 2337 00d0 C0F38810 		ubfx	r0, r0, #6, #9
3148:Drivers/STM32F4xx_HAL_Driver/Src/stm32f4xx_hal_rcc_ex.c ****       }
 2338              		.loc 1 3148 52 view .LVU789
 2339 00d4 4FEA401C 		lsl	ip, r0, #5
ARM GAS  C:\Users\user\AppData\Local\Temp\ccuZOZlR.s 			page 105


 2340 00d8 BCEB000C 		subs	ip, ip, r0
 2341 00dc 6EEB0E0E 		sbc	lr, lr, lr
 2342 00e0 4FEA8E13 		lsl	r3, lr, #6
 2343 00e4 43EA9C63 		orr	r3, r3, ip, lsr #26
 2344 00e8 4FEA8C11 		lsl	r1, ip, #6
 2345 00ec B1EB0C01 		subs	r1, r1, ip
 2346 00f0 63EB0E03 		sbc	r3, r3, lr
 2347 00f4 DB00     		lsls	r3, r3, #3
 2348 00f6 43EA5173 		orr	r3, r3, r1, lsr #29
 2349 00fa C900     		lsls	r1, r1, #3
 2350 00fc 11EB000C 		adds	ip, r1, r0
 2351 0100 43F10003 		adc	r3, r3, #0
 2352 0104 9902     		lsls	r1, r3, #10
3148:Drivers/STM32F4xx_HAL_Driver/Src/stm32f4xx_hal_rcc_ex.c ****       }
 2353              		.loc 1 3148 128 view .LVU790
 2354 0106 0023     		movs	r3, #0
 2355 0108 4FEA8C20 		lsl	r0, ip, #10
 2356 010c 41EA9C51 		orr	r1, r1, ip, lsr #22
 2357 0110 FFF7FEFF 		bl	__aeabi_uldivmod
 2358              	.LVL207:
3148:Drivers/STM32F4xx_HAL_Driver/Src/stm32f4xx_hal_rcc_ex.c ****       }
 2359              		.loc 1 3148 128 view .LVU791
 2360 0114 D3E7     		b	.L187
 2361              	.LVL208:
 2362              	.L188:
3103:Drivers/STM32F4xx_HAL_Driver/Src/stm32f4xx_hal_rcc_ex.c ****   {
 2363              		.loc 1 3103 3 view .LVU792
 2364 0116 0348     		ldr	r0, .L190+8
 2365              	.LVL209:
3161:Drivers/STM32F4xx_HAL_Driver/Src/stm32f4xx_hal_rcc_ex.c **** }
 2366              		.loc 1 3161 3 is_stmt 1 view .LVU793
3161:Drivers/STM32F4xx_HAL_Driver/Src/stm32f4xx_hal_rcc_ex.c **** }
 2367              		.loc 1 3161 10 is_stmt 0 view .LVU794
 2368 0118 99E7     		b	.L180
 2369              	.L191:
 2370 011a 00BF     		.align	2
 2371              	.L190:
 2372 011c 00380240 		.word	1073887232
 2373 0120 40787D01 		.word	25000000
 2374 0124 0024F400 		.word	16000000
 2375              		.cfi_endproc
 2376              	.LFE142:
 2378              		.section	.text.HAL_RCC_DeInit,"ax",%progbits
 2379              		.align	1
 2380              		.global	HAL_RCC_DeInit
 2381              		.syntax unified
 2382              		.thumb
 2383              		.thumb_func
 2385              	HAL_RCC_DeInit:
 2386              	.LFB143:
3163:Drivers/STM32F4xx_HAL_Driver/Src/stm32f4xx_hal_rcc_ex.c **** #endif /* STM32F446xx */
3164:Drivers/STM32F4xx_HAL_Driver/Src/stm32f4xx_hal_rcc_ex.c **** 
3165:Drivers/STM32F4xx_HAL_Driver/Src/stm32f4xx_hal_rcc_ex.c **** /**
3166:Drivers/STM32F4xx_HAL_Driver/Src/stm32f4xx_hal_rcc_ex.c ****   * @}
3167:Drivers/STM32F4xx_HAL_Driver/Src/stm32f4xx_hal_rcc_ex.c ****   */
3168:Drivers/STM32F4xx_HAL_Driver/Src/stm32f4xx_hal_rcc_ex.c **** 
3169:Drivers/STM32F4xx_HAL_Driver/Src/stm32f4xx_hal_rcc_ex.c **** /**
ARM GAS  C:\Users\user\AppData\Local\Temp\ccuZOZlR.s 			page 106


3170:Drivers/STM32F4xx_HAL_Driver/Src/stm32f4xx_hal_rcc_ex.c ****   * @}
3171:Drivers/STM32F4xx_HAL_Driver/Src/stm32f4xx_hal_rcc_ex.c ****   */
3172:Drivers/STM32F4xx_HAL_Driver/Src/stm32f4xx_hal_rcc_ex.c **** 
3173:Drivers/STM32F4xx_HAL_Driver/Src/stm32f4xx_hal_rcc_ex.c **** /**
3174:Drivers/STM32F4xx_HAL_Driver/Src/stm32f4xx_hal_rcc_ex.c ****   * @brief  Resets the RCC clock configuration to the default reset state.
3175:Drivers/STM32F4xx_HAL_Driver/Src/stm32f4xx_hal_rcc_ex.c ****   * @note   The default reset state of the clock configuration is given below:
3176:Drivers/STM32F4xx_HAL_Driver/Src/stm32f4xx_hal_rcc_ex.c ****   *            - HSI ON and used as system clock source
3177:Drivers/STM32F4xx_HAL_Driver/Src/stm32f4xx_hal_rcc_ex.c ****   *            - HSE, PLL, PLLI2S and PLLSAI OFF
3178:Drivers/STM32F4xx_HAL_Driver/Src/stm32f4xx_hal_rcc_ex.c ****   *            - AHB, APB1 and APB2 prescaler set to 1.
3179:Drivers/STM32F4xx_HAL_Driver/Src/stm32f4xx_hal_rcc_ex.c ****   *            - CSS, MCO1 and MCO2 OFF
3180:Drivers/STM32F4xx_HAL_Driver/Src/stm32f4xx_hal_rcc_ex.c ****   *            - All interrupts disabled
3181:Drivers/STM32F4xx_HAL_Driver/Src/stm32f4xx_hal_rcc_ex.c ****   * @note   This function doesn't modify the configuration of the
3182:Drivers/STM32F4xx_HAL_Driver/Src/stm32f4xx_hal_rcc_ex.c ****   *            - Peripheral clocks
3183:Drivers/STM32F4xx_HAL_Driver/Src/stm32f4xx_hal_rcc_ex.c ****   *            - LSI, LSE and RTC clocks
3184:Drivers/STM32F4xx_HAL_Driver/Src/stm32f4xx_hal_rcc_ex.c ****   * @retval HAL status
3185:Drivers/STM32F4xx_HAL_Driver/Src/stm32f4xx_hal_rcc_ex.c ****   */
3186:Drivers/STM32F4xx_HAL_Driver/Src/stm32f4xx_hal_rcc_ex.c **** HAL_StatusTypeDef HAL_RCC_DeInit(void)
3187:Drivers/STM32F4xx_HAL_Driver/Src/stm32f4xx_hal_rcc_ex.c **** {
 2387              		.loc 1 3187 1 is_stmt 1 view -0
 2388              		.cfi_startproc
 2389              		@ args = 0, pretend = 0, frame = 0
 2390              		@ frame_needed = 0, uses_anonymous_args = 0
 2391 0000 38B5     		push	{r3, r4, r5, lr}
 2392              	.LCFI9:
 2393              		.cfi_def_cfa_offset 16
 2394              		.cfi_offset 3, -16
 2395              		.cfi_offset 4, -12
 2396              		.cfi_offset 5, -8
 2397              		.cfi_offset 14, -4
3188:Drivers/STM32F4xx_HAL_Driver/Src/stm32f4xx_hal_rcc_ex.c ****   uint32_t tickstart;
 2398              		.loc 1 3188 3 view .LVU796
3189:Drivers/STM32F4xx_HAL_Driver/Src/stm32f4xx_hal_rcc_ex.c **** 
3190:Drivers/STM32F4xx_HAL_Driver/Src/stm32f4xx_hal_rcc_ex.c ****   /* Get Start Tick */
3191:Drivers/STM32F4xx_HAL_Driver/Src/stm32f4xx_hal_rcc_ex.c ****   tickstart = HAL_GetTick();
 2399              		.loc 1 3191 3 view .LVU797
 2400              		.loc 1 3191 15 is_stmt 0 view .LVU798
 2401 0002 FFF7FEFF 		bl	HAL_GetTick
 2402              	.LVL210:
 2403 0006 0446     		mov	r4, r0
 2404              	.LVL211:
3192:Drivers/STM32F4xx_HAL_Driver/Src/stm32f4xx_hal_rcc_ex.c **** 
3193:Drivers/STM32F4xx_HAL_Driver/Src/stm32f4xx_hal_rcc_ex.c ****   /* Set HSION bit to the reset value */
3194:Drivers/STM32F4xx_HAL_Driver/Src/stm32f4xx_hal_rcc_ex.c ****   SET_BIT(RCC->CR, RCC_CR_HSION);
 2405              		.loc 1 3194 3 is_stmt 1 view .LVU799
 2406 0008 564A     		ldr	r2, .L219
 2407 000a 1368     		ldr	r3, [r2]
 2408 000c 43F00103 		orr	r3, r3, #1
 2409 0010 1360     		str	r3, [r2]
3195:Drivers/STM32F4xx_HAL_Driver/Src/stm32f4xx_hal_rcc_ex.c **** 
3196:Drivers/STM32F4xx_HAL_Driver/Src/stm32f4xx_hal_rcc_ex.c ****   /* Wait till HSI is ready */
3197:Drivers/STM32F4xx_HAL_Driver/Src/stm32f4xx_hal_rcc_ex.c ****   while (READ_BIT(RCC->CR, RCC_CR_HSIRDY) == RESET)
 2410              		.loc 1 3197 3 view .LVU800
 2411              	.LVL212:
 2412              	.L193:
 2413              		.loc 1 3197 43 view .LVU801
 2414              		.loc 1 3197 10 is_stmt 0 view .LVU802
 2415 0012 544B     		ldr	r3, .L219
ARM GAS  C:\Users\user\AppData\Local\Temp\ccuZOZlR.s 			page 107


 2416 0014 1B68     		ldr	r3, [r3]
 2417              		.loc 1 3197 43 view .LVU803
 2418 0016 13F0020F 		tst	r3, #2
 2419 001a 06D1     		bne	.L213
3198:Drivers/STM32F4xx_HAL_Driver/Src/stm32f4xx_hal_rcc_ex.c ****   {
3199:Drivers/STM32F4xx_HAL_Driver/Src/stm32f4xx_hal_rcc_ex.c ****     if ((HAL_GetTick() - tickstart) > HSI_TIMEOUT_VALUE)
 2420              		.loc 1 3199 5 is_stmt 1 view .LVU804
 2421              		.loc 1 3199 10 is_stmt 0 view .LVU805
 2422 001c FFF7FEFF 		bl	HAL_GetTick
 2423              	.LVL213:
 2424              		.loc 1 3199 24 discriminator 1 view .LVU806
 2425 0020 001B     		subs	r0, r0, r4
 2426              		.loc 1 3199 8 discriminator 1 view .LVU807
 2427 0022 0228     		cmp	r0, #2
 2428 0024 F5D9     		bls	.L193
3200:Drivers/STM32F4xx_HAL_Driver/Src/stm32f4xx_hal_rcc_ex.c ****     {
3201:Drivers/STM32F4xx_HAL_Driver/Src/stm32f4xx_hal_rcc_ex.c ****       return HAL_TIMEOUT;
 2429              		.loc 1 3201 14 view .LVU808
 2430 0026 0320     		movs	r0, #3
 2431              	.L194:
3202:Drivers/STM32F4xx_HAL_Driver/Src/stm32f4xx_hal_rcc_ex.c ****     }
3203:Drivers/STM32F4xx_HAL_Driver/Src/stm32f4xx_hal_rcc_ex.c ****   }
3204:Drivers/STM32F4xx_HAL_Driver/Src/stm32f4xx_hal_rcc_ex.c **** 
3205:Drivers/STM32F4xx_HAL_Driver/Src/stm32f4xx_hal_rcc_ex.c ****   /* Set HSITRIM[4:0] bits to the reset value */
3206:Drivers/STM32F4xx_HAL_Driver/Src/stm32f4xx_hal_rcc_ex.c ****   SET_BIT(RCC->CR, RCC_CR_HSITRIM_4);
3207:Drivers/STM32F4xx_HAL_Driver/Src/stm32f4xx_hal_rcc_ex.c **** 
3208:Drivers/STM32F4xx_HAL_Driver/Src/stm32f4xx_hal_rcc_ex.c ****   /* Get Start Tick */
3209:Drivers/STM32F4xx_HAL_Driver/Src/stm32f4xx_hal_rcc_ex.c ****   tickstart = HAL_GetTick();
3210:Drivers/STM32F4xx_HAL_Driver/Src/stm32f4xx_hal_rcc_ex.c **** 
3211:Drivers/STM32F4xx_HAL_Driver/Src/stm32f4xx_hal_rcc_ex.c ****   /* Reset CFGR register */
3212:Drivers/STM32F4xx_HAL_Driver/Src/stm32f4xx_hal_rcc_ex.c ****   CLEAR_REG(RCC->CFGR);
3213:Drivers/STM32F4xx_HAL_Driver/Src/stm32f4xx_hal_rcc_ex.c **** 
3214:Drivers/STM32F4xx_HAL_Driver/Src/stm32f4xx_hal_rcc_ex.c ****   /* Wait till clock switch is ready */
3215:Drivers/STM32F4xx_HAL_Driver/Src/stm32f4xx_hal_rcc_ex.c ****   while (READ_BIT(RCC->CFGR, RCC_CFGR_SWS) != RESET)
3216:Drivers/STM32F4xx_HAL_Driver/Src/stm32f4xx_hal_rcc_ex.c ****   {
3217:Drivers/STM32F4xx_HAL_Driver/Src/stm32f4xx_hal_rcc_ex.c ****     if ((HAL_GetTick() - tickstart) > CLOCKSWITCH_TIMEOUT_VALUE)
3218:Drivers/STM32F4xx_HAL_Driver/Src/stm32f4xx_hal_rcc_ex.c ****     {
3219:Drivers/STM32F4xx_HAL_Driver/Src/stm32f4xx_hal_rcc_ex.c ****       return HAL_TIMEOUT;
3220:Drivers/STM32F4xx_HAL_Driver/Src/stm32f4xx_hal_rcc_ex.c ****     }
3221:Drivers/STM32F4xx_HAL_Driver/Src/stm32f4xx_hal_rcc_ex.c ****   }
3222:Drivers/STM32F4xx_HAL_Driver/Src/stm32f4xx_hal_rcc_ex.c **** 
3223:Drivers/STM32F4xx_HAL_Driver/Src/stm32f4xx_hal_rcc_ex.c ****   /* Get Start Tick */
3224:Drivers/STM32F4xx_HAL_Driver/Src/stm32f4xx_hal_rcc_ex.c ****   tickstart = HAL_GetTick();
3225:Drivers/STM32F4xx_HAL_Driver/Src/stm32f4xx_hal_rcc_ex.c **** 
3226:Drivers/STM32F4xx_HAL_Driver/Src/stm32f4xx_hal_rcc_ex.c ****   /* Clear HSEON, HSEBYP and CSSON bits */
3227:Drivers/STM32F4xx_HAL_Driver/Src/stm32f4xx_hal_rcc_ex.c ****   CLEAR_BIT(RCC->CR, RCC_CR_HSEON | RCC_CR_HSEBYP | RCC_CR_CSSON);
3228:Drivers/STM32F4xx_HAL_Driver/Src/stm32f4xx_hal_rcc_ex.c **** 
3229:Drivers/STM32F4xx_HAL_Driver/Src/stm32f4xx_hal_rcc_ex.c ****   /* Wait till HSE is disabled */
3230:Drivers/STM32F4xx_HAL_Driver/Src/stm32f4xx_hal_rcc_ex.c ****   while (READ_BIT(RCC->CR, RCC_CR_HSERDY) != RESET)
3231:Drivers/STM32F4xx_HAL_Driver/Src/stm32f4xx_hal_rcc_ex.c ****   {
3232:Drivers/STM32F4xx_HAL_Driver/Src/stm32f4xx_hal_rcc_ex.c ****     if ((HAL_GetTick() - tickstart) > HSE_TIMEOUT_VALUE)
3233:Drivers/STM32F4xx_HAL_Driver/Src/stm32f4xx_hal_rcc_ex.c ****     {
3234:Drivers/STM32F4xx_HAL_Driver/Src/stm32f4xx_hal_rcc_ex.c ****       return HAL_TIMEOUT;
3235:Drivers/STM32F4xx_HAL_Driver/Src/stm32f4xx_hal_rcc_ex.c ****     }
3236:Drivers/STM32F4xx_HAL_Driver/Src/stm32f4xx_hal_rcc_ex.c ****   }
3237:Drivers/STM32F4xx_HAL_Driver/Src/stm32f4xx_hal_rcc_ex.c **** 
3238:Drivers/STM32F4xx_HAL_Driver/Src/stm32f4xx_hal_rcc_ex.c ****   /* Get Start Tick */
ARM GAS  C:\Users\user\AppData\Local\Temp\ccuZOZlR.s 			page 108


3239:Drivers/STM32F4xx_HAL_Driver/Src/stm32f4xx_hal_rcc_ex.c ****   tickstart = HAL_GetTick();
3240:Drivers/STM32F4xx_HAL_Driver/Src/stm32f4xx_hal_rcc_ex.c **** 
3241:Drivers/STM32F4xx_HAL_Driver/Src/stm32f4xx_hal_rcc_ex.c ****   /* Clear PLLON bit */
3242:Drivers/STM32F4xx_HAL_Driver/Src/stm32f4xx_hal_rcc_ex.c ****   CLEAR_BIT(RCC->CR, RCC_CR_PLLON);
3243:Drivers/STM32F4xx_HAL_Driver/Src/stm32f4xx_hal_rcc_ex.c **** 
3244:Drivers/STM32F4xx_HAL_Driver/Src/stm32f4xx_hal_rcc_ex.c ****   /* Wait till PLL is disabled */
3245:Drivers/STM32F4xx_HAL_Driver/Src/stm32f4xx_hal_rcc_ex.c ****   while (READ_BIT(RCC->CR, RCC_CR_PLLRDY) != RESET)
3246:Drivers/STM32F4xx_HAL_Driver/Src/stm32f4xx_hal_rcc_ex.c ****   {
3247:Drivers/STM32F4xx_HAL_Driver/Src/stm32f4xx_hal_rcc_ex.c ****     if ((HAL_GetTick() - tickstart) > PLL_TIMEOUT_VALUE)
3248:Drivers/STM32F4xx_HAL_Driver/Src/stm32f4xx_hal_rcc_ex.c ****     {
3249:Drivers/STM32F4xx_HAL_Driver/Src/stm32f4xx_hal_rcc_ex.c ****       return HAL_TIMEOUT;
3250:Drivers/STM32F4xx_HAL_Driver/Src/stm32f4xx_hal_rcc_ex.c ****     }
3251:Drivers/STM32F4xx_HAL_Driver/Src/stm32f4xx_hal_rcc_ex.c ****   }
3252:Drivers/STM32F4xx_HAL_Driver/Src/stm32f4xx_hal_rcc_ex.c **** 
3253:Drivers/STM32F4xx_HAL_Driver/Src/stm32f4xx_hal_rcc_ex.c **** #if defined(RCC_PLLI2S_SUPPORT)
3254:Drivers/STM32F4xx_HAL_Driver/Src/stm32f4xx_hal_rcc_ex.c ****   /* Get Start Tick */
3255:Drivers/STM32F4xx_HAL_Driver/Src/stm32f4xx_hal_rcc_ex.c ****   tickstart = HAL_GetTick();
3256:Drivers/STM32F4xx_HAL_Driver/Src/stm32f4xx_hal_rcc_ex.c **** 
3257:Drivers/STM32F4xx_HAL_Driver/Src/stm32f4xx_hal_rcc_ex.c ****   /* Reset PLLI2SON bit */
3258:Drivers/STM32F4xx_HAL_Driver/Src/stm32f4xx_hal_rcc_ex.c ****   CLEAR_BIT(RCC->CR, RCC_CR_PLLI2SON);
3259:Drivers/STM32F4xx_HAL_Driver/Src/stm32f4xx_hal_rcc_ex.c **** 
3260:Drivers/STM32F4xx_HAL_Driver/Src/stm32f4xx_hal_rcc_ex.c ****   /* Wait till PLLI2S is disabled */
3261:Drivers/STM32F4xx_HAL_Driver/Src/stm32f4xx_hal_rcc_ex.c ****   while (READ_BIT(RCC->CR, RCC_CR_PLLI2SRDY) != RESET)
3262:Drivers/STM32F4xx_HAL_Driver/Src/stm32f4xx_hal_rcc_ex.c ****   {
3263:Drivers/STM32F4xx_HAL_Driver/Src/stm32f4xx_hal_rcc_ex.c ****     if ((HAL_GetTick() - tickstart) > PLLI2S_TIMEOUT_VALUE)
3264:Drivers/STM32F4xx_HAL_Driver/Src/stm32f4xx_hal_rcc_ex.c ****     {
3265:Drivers/STM32F4xx_HAL_Driver/Src/stm32f4xx_hal_rcc_ex.c ****       return HAL_TIMEOUT;
3266:Drivers/STM32F4xx_HAL_Driver/Src/stm32f4xx_hal_rcc_ex.c ****     }
3267:Drivers/STM32F4xx_HAL_Driver/Src/stm32f4xx_hal_rcc_ex.c ****   }
3268:Drivers/STM32F4xx_HAL_Driver/Src/stm32f4xx_hal_rcc_ex.c **** #endif /* RCC_PLLI2S_SUPPORT */
3269:Drivers/STM32F4xx_HAL_Driver/Src/stm32f4xx_hal_rcc_ex.c **** 
3270:Drivers/STM32F4xx_HAL_Driver/Src/stm32f4xx_hal_rcc_ex.c **** #if defined(RCC_PLLSAI_SUPPORT)
3271:Drivers/STM32F4xx_HAL_Driver/Src/stm32f4xx_hal_rcc_ex.c ****   /* Get Start Tick */
3272:Drivers/STM32F4xx_HAL_Driver/Src/stm32f4xx_hal_rcc_ex.c ****   tickstart = HAL_GetTick();
3273:Drivers/STM32F4xx_HAL_Driver/Src/stm32f4xx_hal_rcc_ex.c **** 
3274:Drivers/STM32F4xx_HAL_Driver/Src/stm32f4xx_hal_rcc_ex.c ****   /* Reset PLLSAI bit */
3275:Drivers/STM32F4xx_HAL_Driver/Src/stm32f4xx_hal_rcc_ex.c ****   CLEAR_BIT(RCC->CR, RCC_CR_PLLSAION);
3276:Drivers/STM32F4xx_HAL_Driver/Src/stm32f4xx_hal_rcc_ex.c **** 
3277:Drivers/STM32F4xx_HAL_Driver/Src/stm32f4xx_hal_rcc_ex.c ****   /* Wait till PLLSAI is disabled */
3278:Drivers/STM32F4xx_HAL_Driver/Src/stm32f4xx_hal_rcc_ex.c ****   while (READ_BIT(RCC->CR, RCC_CR_PLLSAIRDY) != RESET)
3279:Drivers/STM32F4xx_HAL_Driver/Src/stm32f4xx_hal_rcc_ex.c ****   {
3280:Drivers/STM32F4xx_HAL_Driver/Src/stm32f4xx_hal_rcc_ex.c ****     if ((HAL_GetTick() - tickstart) > PLLSAI_TIMEOUT_VALUE)
3281:Drivers/STM32F4xx_HAL_Driver/Src/stm32f4xx_hal_rcc_ex.c ****     {
3282:Drivers/STM32F4xx_HAL_Driver/Src/stm32f4xx_hal_rcc_ex.c ****       return HAL_TIMEOUT;
3283:Drivers/STM32F4xx_HAL_Driver/Src/stm32f4xx_hal_rcc_ex.c ****     }
3284:Drivers/STM32F4xx_HAL_Driver/Src/stm32f4xx_hal_rcc_ex.c ****   }
3285:Drivers/STM32F4xx_HAL_Driver/Src/stm32f4xx_hal_rcc_ex.c **** #endif /* RCC_PLLSAI_SUPPORT */
3286:Drivers/STM32F4xx_HAL_Driver/Src/stm32f4xx_hal_rcc_ex.c **** 
3287:Drivers/STM32F4xx_HAL_Driver/Src/stm32f4xx_hal_rcc_ex.c ****   /* Once PLL, PLLI2S and PLLSAI are OFF, reset PLLCFGR register to default value */
3288:Drivers/STM32F4xx_HAL_Driver/Src/stm32f4xx_hal_rcc_ex.c **** #if defined(STM32F412Cx) || defined(STM32F412Rx) || defined(STM32F412Vx) || defined(STM32F412Zx) ||
3289:Drivers/STM32F4xx_HAL_Driver/Src/stm32f4xx_hal_rcc_ex.c ****     defined(STM32F423xx) || defined(STM32F446xx) || defined(STM32F469xx) || defined(STM32F479xx)
3290:Drivers/STM32F4xx_HAL_Driver/Src/stm32f4xx_hal_rcc_ex.c ****   RCC->PLLCFGR = RCC_PLLCFGR_PLLM_4 | RCC_PLLCFGR_PLLN_6 | RCC_PLLCFGR_PLLN_7 | RCC_PLLCFGR_PLLQ_2 
3291:Drivers/STM32F4xx_HAL_Driver/Src/stm32f4xx_hal_rcc_ex.c **** #elif defined(STM32F410Tx) || defined(STM32F410Cx) || defined(STM32F410Rx)
3292:Drivers/STM32F4xx_HAL_Driver/Src/stm32f4xx_hal_rcc_ex.c ****   RCC->PLLCFGR = RCC_PLLCFGR_PLLR_0 | RCC_PLLCFGR_PLLR_1 | RCC_PLLCFGR_PLLR_2 | RCC_PLLCFGR_PLLM_4 
3293:Drivers/STM32F4xx_HAL_Driver/Src/stm32f4xx_hal_rcc_ex.c **** #else
3294:Drivers/STM32F4xx_HAL_Driver/Src/stm32f4xx_hal_rcc_ex.c ****   RCC->PLLCFGR = RCC_PLLCFGR_PLLM_4 | RCC_PLLCFGR_PLLN_6 | RCC_PLLCFGR_PLLN_7 | RCC_PLLCFGR_PLLQ_2;
3295:Drivers/STM32F4xx_HAL_Driver/Src/stm32f4xx_hal_rcc_ex.c **** #endif /* STM32F412Cx || STM32F412Rx || STM32F412Vx || STM32F412Zx || STM32F413xx || STM32F423xx ||
ARM GAS  C:\Users\user\AppData\Local\Temp\ccuZOZlR.s 			page 109


3296:Drivers/STM32F4xx_HAL_Driver/Src/stm32f4xx_hal_rcc_ex.c **** 
3297:Drivers/STM32F4xx_HAL_Driver/Src/stm32f4xx_hal_rcc_ex.c ****   /* Reset PLLI2SCFGR register to default value */
3298:Drivers/STM32F4xx_HAL_Driver/Src/stm32f4xx_hal_rcc_ex.c **** #if defined(STM32F412Cx) || defined(STM32F412Rx) || defined(STM32F412Vx) || defined(STM32F412Zx) ||
3299:Drivers/STM32F4xx_HAL_Driver/Src/stm32f4xx_hal_rcc_ex.c ****     defined(STM32F423xx) || defined(STM32F446xx)
3300:Drivers/STM32F4xx_HAL_Driver/Src/stm32f4xx_hal_rcc_ex.c ****   RCC->PLLI2SCFGR = RCC_PLLI2SCFGR_PLLI2SM_4 | RCC_PLLI2SCFGR_PLLI2SN_6 | RCC_PLLI2SCFGR_PLLI2SN_7 
3301:Drivers/STM32F4xx_HAL_Driver/Src/stm32f4xx_hal_rcc_ex.c **** #elif defined(STM32F401xC) || defined(STM32F401xE) || defined(STM32F405xx) || defined(STM32F415xx) 
3302:Drivers/STM32F4xx_HAL_Driver/Src/stm32f4xx_hal_rcc_ex.c ****   RCC->PLLI2SCFGR = RCC_PLLI2SCFGR_PLLI2SN_6 | RCC_PLLI2SCFGR_PLLI2SN_7 | RCC_PLLI2SCFGR_PLLI2SR_1;
3303:Drivers/STM32F4xx_HAL_Driver/Src/stm32f4xx_hal_rcc_ex.c **** #elif defined(STM32F427xx) || defined(STM32F437xx) || defined(STM32F429xx) || defined(STM32F439xx) 
3304:Drivers/STM32F4xx_HAL_Driver/Src/stm32f4xx_hal_rcc_ex.c ****   RCC->PLLI2SCFGR = RCC_PLLI2SCFGR_PLLI2SN_6 | RCC_PLLI2SCFGR_PLLI2SN_7 | RCC_PLLI2SCFGR_PLLI2SQ_2 
3305:Drivers/STM32F4xx_HAL_Driver/Src/stm32f4xx_hal_rcc_ex.c **** #elif defined(STM32F411xE)
3306:Drivers/STM32F4xx_HAL_Driver/Src/stm32f4xx_hal_rcc_ex.c ****   RCC->PLLI2SCFGR = RCC_PLLI2SCFGR_PLLI2SM_4 | RCC_PLLI2SCFGR_PLLI2SN_6 | RCC_PLLI2SCFGR_PLLI2SN_7 
3307:Drivers/STM32F4xx_HAL_Driver/Src/stm32f4xx_hal_rcc_ex.c **** #endif /* STM32F412Cx || STM32F412Rx || STM32F412Vx || STM32F412Zx || STM32F413xx || STM32F423xx ||
3308:Drivers/STM32F4xx_HAL_Driver/Src/stm32f4xx_hal_rcc_ex.c **** 
3309:Drivers/STM32F4xx_HAL_Driver/Src/stm32f4xx_hal_rcc_ex.c ****   /* Reset PLLSAICFGR register */
3310:Drivers/STM32F4xx_HAL_Driver/Src/stm32f4xx_hal_rcc_ex.c **** #if defined(STM32F427xx) || defined(STM32F429xx) || defined(STM32F437xx) || defined(STM32F439xx) ||
3311:Drivers/STM32F4xx_HAL_Driver/Src/stm32f4xx_hal_rcc_ex.c ****   RCC->PLLSAICFGR = RCC_PLLSAICFGR_PLLSAIN_6 | RCC_PLLSAICFGR_PLLSAIN_7 | RCC_PLLSAICFGR_PLLSAIQ_2 
3312:Drivers/STM32F4xx_HAL_Driver/Src/stm32f4xx_hal_rcc_ex.c **** #elif defined(STM32F446xx)
3313:Drivers/STM32F4xx_HAL_Driver/Src/stm32f4xx_hal_rcc_ex.c ****   RCC->PLLSAICFGR = RCC_PLLSAICFGR_PLLSAIM_4 | RCC_PLLSAICFGR_PLLSAIN_6 | RCC_PLLSAICFGR_PLLSAIN_7 
3314:Drivers/STM32F4xx_HAL_Driver/Src/stm32f4xx_hal_rcc_ex.c **** #endif /* STM32F427xx || STM32F429xx || STM32F437xx || STM32F439xx || STM32F469xx || STM32F479xx */
3315:Drivers/STM32F4xx_HAL_Driver/Src/stm32f4xx_hal_rcc_ex.c **** 
3316:Drivers/STM32F4xx_HAL_Driver/Src/stm32f4xx_hal_rcc_ex.c ****   /* Disable all interrupts */
3317:Drivers/STM32F4xx_HAL_Driver/Src/stm32f4xx_hal_rcc_ex.c ****   CLEAR_BIT(RCC->CIR, RCC_CIR_LSIRDYIE | RCC_CIR_LSERDYIE | RCC_CIR_HSIRDYIE | RCC_CIR_HSERDYIE | R
3318:Drivers/STM32F4xx_HAL_Driver/Src/stm32f4xx_hal_rcc_ex.c **** 
3319:Drivers/STM32F4xx_HAL_Driver/Src/stm32f4xx_hal_rcc_ex.c **** #if defined(RCC_CIR_PLLI2SRDYIE)
3320:Drivers/STM32F4xx_HAL_Driver/Src/stm32f4xx_hal_rcc_ex.c ****   CLEAR_BIT(RCC->CIR, RCC_CIR_PLLI2SRDYIE);
3321:Drivers/STM32F4xx_HAL_Driver/Src/stm32f4xx_hal_rcc_ex.c **** #endif /* RCC_CIR_PLLI2SRDYIE */
3322:Drivers/STM32F4xx_HAL_Driver/Src/stm32f4xx_hal_rcc_ex.c **** 
3323:Drivers/STM32F4xx_HAL_Driver/Src/stm32f4xx_hal_rcc_ex.c **** #if defined(RCC_CIR_PLLSAIRDYIE)
3324:Drivers/STM32F4xx_HAL_Driver/Src/stm32f4xx_hal_rcc_ex.c ****   CLEAR_BIT(RCC->CIR, RCC_CIR_PLLSAIRDYIE);
3325:Drivers/STM32F4xx_HAL_Driver/Src/stm32f4xx_hal_rcc_ex.c **** #endif /* RCC_CIR_PLLSAIRDYIE */
3326:Drivers/STM32F4xx_HAL_Driver/Src/stm32f4xx_hal_rcc_ex.c **** 
3327:Drivers/STM32F4xx_HAL_Driver/Src/stm32f4xx_hal_rcc_ex.c ****   /* Clear all interrupt flags */
3328:Drivers/STM32F4xx_HAL_Driver/Src/stm32f4xx_hal_rcc_ex.c ****   SET_BIT(RCC->CIR, RCC_CIR_LSIRDYC | RCC_CIR_LSERDYC | RCC_CIR_HSIRDYC | RCC_CIR_HSERDYC | RCC_CIR
3329:Drivers/STM32F4xx_HAL_Driver/Src/stm32f4xx_hal_rcc_ex.c ****           RCC_CIR_CSSC);
3330:Drivers/STM32F4xx_HAL_Driver/Src/stm32f4xx_hal_rcc_ex.c **** 
3331:Drivers/STM32F4xx_HAL_Driver/Src/stm32f4xx_hal_rcc_ex.c **** #if defined(RCC_CIR_PLLI2SRDYC)
3332:Drivers/STM32F4xx_HAL_Driver/Src/stm32f4xx_hal_rcc_ex.c ****   SET_BIT(RCC->CIR, RCC_CIR_PLLI2SRDYC);
3333:Drivers/STM32F4xx_HAL_Driver/Src/stm32f4xx_hal_rcc_ex.c **** #endif /* RCC_CIR_PLLI2SRDYC */
3334:Drivers/STM32F4xx_HAL_Driver/Src/stm32f4xx_hal_rcc_ex.c **** 
3335:Drivers/STM32F4xx_HAL_Driver/Src/stm32f4xx_hal_rcc_ex.c **** #if defined(RCC_CIR_PLLSAIRDYC)
3336:Drivers/STM32F4xx_HAL_Driver/Src/stm32f4xx_hal_rcc_ex.c ****   SET_BIT(RCC->CIR, RCC_CIR_PLLSAIRDYC);
3337:Drivers/STM32F4xx_HAL_Driver/Src/stm32f4xx_hal_rcc_ex.c **** #endif /* RCC_CIR_PLLSAIRDYC */
3338:Drivers/STM32F4xx_HAL_Driver/Src/stm32f4xx_hal_rcc_ex.c **** 
3339:Drivers/STM32F4xx_HAL_Driver/Src/stm32f4xx_hal_rcc_ex.c ****   /* Clear LSION bit */
3340:Drivers/STM32F4xx_HAL_Driver/Src/stm32f4xx_hal_rcc_ex.c ****   CLEAR_BIT(RCC->CSR, RCC_CSR_LSION);
3341:Drivers/STM32F4xx_HAL_Driver/Src/stm32f4xx_hal_rcc_ex.c **** 
3342:Drivers/STM32F4xx_HAL_Driver/Src/stm32f4xx_hal_rcc_ex.c ****   /* Reset all CSR flags */
3343:Drivers/STM32F4xx_HAL_Driver/Src/stm32f4xx_hal_rcc_ex.c ****   SET_BIT(RCC->CSR, RCC_CSR_RMVF);
3344:Drivers/STM32F4xx_HAL_Driver/Src/stm32f4xx_hal_rcc_ex.c **** 
3345:Drivers/STM32F4xx_HAL_Driver/Src/stm32f4xx_hal_rcc_ex.c ****   /* Update the SystemCoreClock global variable */
3346:Drivers/STM32F4xx_HAL_Driver/Src/stm32f4xx_hal_rcc_ex.c ****   SystemCoreClock = HSI_VALUE;
3347:Drivers/STM32F4xx_HAL_Driver/Src/stm32f4xx_hal_rcc_ex.c **** 
3348:Drivers/STM32F4xx_HAL_Driver/Src/stm32f4xx_hal_rcc_ex.c ****   /* Adapt Systick interrupt period */
3349:Drivers/STM32F4xx_HAL_Driver/Src/stm32f4xx_hal_rcc_ex.c ****   if (HAL_InitTick(uwTickPrio) != HAL_OK)
3350:Drivers/STM32F4xx_HAL_Driver/Src/stm32f4xx_hal_rcc_ex.c ****   {
3351:Drivers/STM32F4xx_HAL_Driver/Src/stm32f4xx_hal_rcc_ex.c ****     return HAL_ERROR;
3352:Drivers/STM32F4xx_HAL_Driver/Src/stm32f4xx_hal_rcc_ex.c ****   }
ARM GAS  C:\Users\user\AppData\Local\Temp\ccuZOZlR.s 			page 110


3353:Drivers/STM32F4xx_HAL_Driver/Src/stm32f4xx_hal_rcc_ex.c ****   else
3354:Drivers/STM32F4xx_HAL_Driver/Src/stm32f4xx_hal_rcc_ex.c ****   {
3355:Drivers/STM32F4xx_HAL_Driver/Src/stm32f4xx_hal_rcc_ex.c ****     return HAL_OK;
3356:Drivers/STM32F4xx_HAL_Driver/Src/stm32f4xx_hal_rcc_ex.c ****   }
3357:Drivers/STM32F4xx_HAL_Driver/Src/stm32f4xx_hal_rcc_ex.c **** }
 2432              		.loc 1 3357 1 view .LVU809
 2433 0028 38BD     		pop	{r3, r4, r5, pc}
 2434              	.LVL214:
 2435              	.L213:
3206:Drivers/STM32F4xx_HAL_Driver/Src/stm32f4xx_hal_rcc_ex.c **** 
 2436              		.loc 1 3206 3 is_stmt 1 view .LVU810
 2437 002a 4E4D     		ldr	r5, .L219
 2438 002c 2B68     		ldr	r3, [r5]
 2439 002e 43F08003 		orr	r3, r3, #128
 2440 0032 2B60     		str	r3, [r5]
3209:Drivers/STM32F4xx_HAL_Driver/Src/stm32f4xx_hal_rcc_ex.c **** 
 2441              		.loc 1 3209 3 view .LVU811
3209:Drivers/STM32F4xx_HAL_Driver/Src/stm32f4xx_hal_rcc_ex.c **** 
 2442              		.loc 1 3209 15 is_stmt 0 view .LVU812
 2443 0034 FFF7FEFF 		bl	HAL_GetTick
 2444              	.LVL215:
 2445 0038 0446     		mov	r4, r0
 2446              	.LVL216:
3212:Drivers/STM32F4xx_HAL_Driver/Src/stm32f4xx_hal_rcc_ex.c **** 
 2447              		.loc 1 3212 3 is_stmt 1 view .LVU813
 2448 003a 0023     		movs	r3, #0
 2449 003c AB60     		str	r3, [r5, #8]
3215:Drivers/STM32F4xx_HAL_Driver/Src/stm32f4xx_hal_rcc_ex.c ****   {
 2450              		.loc 1 3215 3 view .LVU814
 2451              	.LVL217:
 2452              	.L196:
3215:Drivers/STM32F4xx_HAL_Driver/Src/stm32f4xx_hal_rcc_ex.c ****   {
 2453              		.loc 1 3215 44 view .LVU815
3215:Drivers/STM32F4xx_HAL_Driver/Src/stm32f4xx_hal_rcc_ex.c ****   {
 2454              		.loc 1 3215 10 is_stmt 0 view .LVU816
 2455 003e 494B     		ldr	r3, .L219
 2456 0040 9B68     		ldr	r3, [r3, #8]
3215:Drivers/STM32F4xx_HAL_Driver/Src/stm32f4xx_hal_rcc_ex.c ****   {
 2457              		.loc 1 3215 44 view .LVU817
 2458 0042 13F00C0F 		tst	r3, #12
 2459 0046 08D0     		beq	.L214
3217:Drivers/STM32F4xx_HAL_Driver/Src/stm32f4xx_hal_rcc_ex.c ****     {
 2460              		.loc 1 3217 5 is_stmt 1 view .LVU818
3217:Drivers/STM32F4xx_HAL_Driver/Src/stm32f4xx_hal_rcc_ex.c ****     {
 2461              		.loc 1 3217 10 is_stmt 0 view .LVU819
 2462 0048 FFF7FEFF 		bl	HAL_GetTick
 2463              	.LVL218:
3217:Drivers/STM32F4xx_HAL_Driver/Src/stm32f4xx_hal_rcc_ex.c ****     {
 2464              		.loc 1 3217 24 discriminator 1 view .LVU820
 2465 004c 001B     		subs	r0, r0, r4
3217:Drivers/STM32F4xx_HAL_Driver/Src/stm32f4xx_hal_rcc_ex.c ****     {
 2466              		.loc 1 3217 8 discriminator 1 view .LVU821
 2467 004e 41F28833 		movw	r3, #5000
 2468 0052 9842     		cmp	r0, r3
 2469 0054 F3D9     		bls	.L196
3219:Drivers/STM32F4xx_HAL_Driver/Src/stm32f4xx_hal_rcc_ex.c ****     }
 2470              		.loc 1 3219 14 view .LVU822
ARM GAS  C:\Users\user\AppData\Local\Temp\ccuZOZlR.s 			page 111


 2471 0056 0320     		movs	r0, #3
 2472 0058 E6E7     		b	.L194
 2473              	.L214:
3224:Drivers/STM32F4xx_HAL_Driver/Src/stm32f4xx_hal_rcc_ex.c **** 
 2474              		.loc 1 3224 3 is_stmt 1 view .LVU823
3224:Drivers/STM32F4xx_HAL_Driver/Src/stm32f4xx_hal_rcc_ex.c **** 
 2475              		.loc 1 3224 15 is_stmt 0 view .LVU824
 2476 005a FFF7FEFF 		bl	HAL_GetTick
 2477              	.LVL219:
 2478 005e 0446     		mov	r4, r0
 2479              	.LVL220:
3227:Drivers/STM32F4xx_HAL_Driver/Src/stm32f4xx_hal_rcc_ex.c **** 
 2480              		.loc 1 3227 3 is_stmt 1 view .LVU825
 2481 0060 404A     		ldr	r2, .L219
 2482 0062 1368     		ldr	r3, [r2]
 2483 0064 23F45023 		bic	r3, r3, #851968
 2484 0068 1360     		str	r3, [r2]
3230:Drivers/STM32F4xx_HAL_Driver/Src/stm32f4xx_hal_rcc_ex.c ****   {
 2485              		.loc 1 3230 3 view .LVU826
 2486              	.LVL221:
 2487              	.L198:
3230:Drivers/STM32F4xx_HAL_Driver/Src/stm32f4xx_hal_rcc_ex.c ****   {
 2488              		.loc 1 3230 43 view .LVU827
3230:Drivers/STM32F4xx_HAL_Driver/Src/stm32f4xx_hal_rcc_ex.c ****   {
 2489              		.loc 1 3230 10 is_stmt 0 view .LVU828
 2490 006a 3E4B     		ldr	r3, .L219
 2491 006c 1B68     		ldr	r3, [r3]
3230:Drivers/STM32F4xx_HAL_Driver/Src/stm32f4xx_hal_rcc_ex.c ****   {
 2492              		.loc 1 3230 43 view .LVU829
 2493 006e 13F4003F 		tst	r3, #131072
 2494 0072 06D0     		beq	.L215
3232:Drivers/STM32F4xx_HAL_Driver/Src/stm32f4xx_hal_rcc_ex.c ****     {
 2495              		.loc 1 3232 5 is_stmt 1 view .LVU830
3232:Drivers/STM32F4xx_HAL_Driver/Src/stm32f4xx_hal_rcc_ex.c ****     {
 2496              		.loc 1 3232 10 is_stmt 0 view .LVU831
 2497 0074 FFF7FEFF 		bl	HAL_GetTick
 2498              	.LVL222:
3232:Drivers/STM32F4xx_HAL_Driver/Src/stm32f4xx_hal_rcc_ex.c ****     {
 2499              		.loc 1 3232 24 discriminator 1 view .LVU832
 2500 0078 001B     		subs	r0, r0, r4
3232:Drivers/STM32F4xx_HAL_Driver/Src/stm32f4xx_hal_rcc_ex.c ****     {
 2501              		.loc 1 3232 8 discriminator 1 view .LVU833
 2502 007a 6428     		cmp	r0, #100
 2503 007c F5D9     		bls	.L198
3234:Drivers/STM32F4xx_HAL_Driver/Src/stm32f4xx_hal_rcc_ex.c ****     }
 2504              		.loc 1 3234 14 view .LVU834
 2505 007e 0320     		movs	r0, #3
 2506 0080 D2E7     		b	.L194
 2507              	.L215:
3239:Drivers/STM32F4xx_HAL_Driver/Src/stm32f4xx_hal_rcc_ex.c **** 
 2508              		.loc 1 3239 3 is_stmt 1 view .LVU835
3239:Drivers/STM32F4xx_HAL_Driver/Src/stm32f4xx_hal_rcc_ex.c **** 
 2509              		.loc 1 3239 15 is_stmt 0 view .LVU836
 2510 0082 FFF7FEFF 		bl	HAL_GetTick
 2511              	.LVL223:
 2512 0086 0446     		mov	r4, r0
 2513              	.LVL224:
ARM GAS  C:\Users\user\AppData\Local\Temp\ccuZOZlR.s 			page 112


3242:Drivers/STM32F4xx_HAL_Driver/Src/stm32f4xx_hal_rcc_ex.c **** 
 2514              		.loc 1 3242 3 is_stmt 1 view .LVU837
 2515 0088 364A     		ldr	r2, .L219
 2516 008a 1368     		ldr	r3, [r2]
 2517 008c 23F08073 		bic	r3, r3, #16777216
 2518 0090 1360     		str	r3, [r2]
3245:Drivers/STM32F4xx_HAL_Driver/Src/stm32f4xx_hal_rcc_ex.c ****   {
 2519              		.loc 1 3245 3 view .LVU838
 2520              	.LVL225:
 2521              	.L200:
3245:Drivers/STM32F4xx_HAL_Driver/Src/stm32f4xx_hal_rcc_ex.c ****   {
 2522              		.loc 1 3245 43 view .LVU839
3245:Drivers/STM32F4xx_HAL_Driver/Src/stm32f4xx_hal_rcc_ex.c ****   {
 2523              		.loc 1 3245 10 is_stmt 0 view .LVU840
 2524 0092 344B     		ldr	r3, .L219
 2525 0094 1B68     		ldr	r3, [r3]
3245:Drivers/STM32F4xx_HAL_Driver/Src/stm32f4xx_hal_rcc_ex.c ****   {
 2526              		.loc 1 3245 43 view .LVU841
 2527 0096 13F0007F 		tst	r3, #33554432
 2528 009a 06D0     		beq	.L216
3247:Drivers/STM32F4xx_HAL_Driver/Src/stm32f4xx_hal_rcc_ex.c ****     {
 2529              		.loc 1 3247 5 is_stmt 1 view .LVU842
3247:Drivers/STM32F4xx_HAL_Driver/Src/stm32f4xx_hal_rcc_ex.c ****     {
 2530              		.loc 1 3247 10 is_stmt 0 view .LVU843
 2531 009c FFF7FEFF 		bl	HAL_GetTick
 2532              	.LVL226:
3247:Drivers/STM32F4xx_HAL_Driver/Src/stm32f4xx_hal_rcc_ex.c ****     {
 2533              		.loc 1 3247 24 discriminator 1 view .LVU844
 2534 00a0 001B     		subs	r0, r0, r4
3247:Drivers/STM32F4xx_HAL_Driver/Src/stm32f4xx_hal_rcc_ex.c ****     {
 2535              		.loc 1 3247 8 discriminator 1 view .LVU845
 2536 00a2 0228     		cmp	r0, #2
 2537 00a4 F5D9     		bls	.L200
3249:Drivers/STM32F4xx_HAL_Driver/Src/stm32f4xx_hal_rcc_ex.c ****     }
 2538              		.loc 1 3249 14 view .LVU846
 2539 00a6 0320     		movs	r0, #3
 2540 00a8 BEE7     		b	.L194
 2541              	.L216:
3255:Drivers/STM32F4xx_HAL_Driver/Src/stm32f4xx_hal_rcc_ex.c **** 
 2542              		.loc 1 3255 3 is_stmt 1 view .LVU847
3255:Drivers/STM32F4xx_HAL_Driver/Src/stm32f4xx_hal_rcc_ex.c **** 
 2543              		.loc 1 3255 15 is_stmt 0 view .LVU848
 2544 00aa FFF7FEFF 		bl	HAL_GetTick
 2545              	.LVL227:
 2546 00ae 0446     		mov	r4, r0
 2547              	.LVL228:
3258:Drivers/STM32F4xx_HAL_Driver/Src/stm32f4xx_hal_rcc_ex.c **** 
 2548              		.loc 1 3258 3 is_stmt 1 view .LVU849
 2549 00b0 2C4A     		ldr	r2, .L219
 2550 00b2 1368     		ldr	r3, [r2]
 2551 00b4 23F08063 		bic	r3, r3, #67108864
 2552 00b8 1360     		str	r3, [r2]
3261:Drivers/STM32F4xx_HAL_Driver/Src/stm32f4xx_hal_rcc_ex.c ****   {
 2553              		.loc 1 3261 3 view .LVU850
 2554              	.LVL229:
 2555              	.L202:
3261:Drivers/STM32F4xx_HAL_Driver/Src/stm32f4xx_hal_rcc_ex.c ****   {
ARM GAS  C:\Users\user\AppData\Local\Temp\ccuZOZlR.s 			page 113


 2556              		.loc 1 3261 46 view .LVU851
3261:Drivers/STM32F4xx_HAL_Driver/Src/stm32f4xx_hal_rcc_ex.c ****   {
 2557              		.loc 1 3261 10 is_stmt 0 view .LVU852
 2558 00ba 2A4B     		ldr	r3, .L219
 2559 00bc 1B68     		ldr	r3, [r3]
3261:Drivers/STM32F4xx_HAL_Driver/Src/stm32f4xx_hal_rcc_ex.c ****   {
 2560              		.loc 1 3261 46 view .LVU853
 2561 00be 13F0006F 		tst	r3, #134217728
 2562 00c2 06D0     		beq	.L217
3263:Drivers/STM32F4xx_HAL_Driver/Src/stm32f4xx_hal_rcc_ex.c ****     {
 2563              		.loc 1 3263 5 is_stmt 1 view .LVU854
3263:Drivers/STM32F4xx_HAL_Driver/Src/stm32f4xx_hal_rcc_ex.c ****     {
 2564              		.loc 1 3263 10 is_stmt 0 view .LVU855
 2565 00c4 FFF7FEFF 		bl	HAL_GetTick
 2566              	.LVL230:
3263:Drivers/STM32F4xx_HAL_Driver/Src/stm32f4xx_hal_rcc_ex.c ****     {
 2567              		.loc 1 3263 24 discriminator 1 view .LVU856
 2568 00c8 001B     		subs	r0, r0, r4
3263:Drivers/STM32F4xx_HAL_Driver/Src/stm32f4xx_hal_rcc_ex.c ****     {
 2569              		.loc 1 3263 8 discriminator 1 view .LVU857
 2570 00ca 0228     		cmp	r0, #2
 2571 00cc F5D9     		bls	.L202
3265:Drivers/STM32F4xx_HAL_Driver/Src/stm32f4xx_hal_rcc_ex.c ****     }
 2572              		.loc 1 3265 14 view .LVU858
 2573 00ce 0320     		movs	r0, #3
 2574 00d0 AAE7     		b	.L194
 2575              	.L217:
3272:Drivers/STM32F4xx_HAL_Driver/Src/stm32f4xx_hal_rcc_ex.c **** 
 2576              		.loc 1 3272 3 is_stmt 1 view .LVU859
3272:Drivers/STM32F4xx_HAL_Driver/Src/stm32f4xx_hal_rcc_ex.c **** 
 2577              		.loc 1 3272 15 is_stmt 0 view .LVU860
 2578 00d2 FFF7FEFF 		bl	HAL_GetTick
 2579              	.LVL231:
 2580 00d6 0446     		mov	r4, r0
 2581              	.LVL232:
3275:Drivers/STM32F4xx_HAL_Driver/Src/stm32f4xx_hal_rcc_ex.c **** 
 2582              		.loc 1 3275 3 is_stmt 1 view .LVU861
 2583 00d8 224A     		ldr	r2, .L219
 2584 00da 1368     		ldr	r3, [r2]
 2585 00dc 23F08053 		bic	r3, r3, #268435456
 2586 00e0 1360     		str	r3, [r2]
3278:Drivers/STM32F4xx_HAL_Driver/Src/stm32f4xx_hal_rcc_ex.c ****   {
 2587              		.loc 1 3278 3 view .LVU862
 2588              	.LVL233:
 2589              	.L204:
3278:Drivers/STM32F4xx_HAL_Driver/Src/stm32f4xx_hal_rcc_ex.c ****   {
 2590              		.loc 1 3278 46 view .LVU863
3278:Drivers/STM32F4xx_HAL_Driver/Src/stm32f4xx_hal_rcc_ex.c ****   {
 2591              		.loc 1 3278 10 is_stmt 0 view .LVU864
 2592 00e2 204B     		ldr	r3, .L219
 2593 00e4 1B68     		ldr	r3, [r3]
3278:Drivers/STM32F4xx_HAL_Driver/Src/stm32f4xx_hal_rcc_ex.c ****   {
 2594              		.loc 1 3278 46 view .LVU865
 2595 00e6 13F0005F 		tst	r3, #536870912
 2596 00ea 06D0     		beq	.L218
3280:Drivers/STM32F4xx_HAL_Driver/Src/stm32f4xx_hal_rcc_ex.c ****     {
 2597              		.loc 1 3280 5 is_stmt 1 view .LVU866
ARM GAS  C:\Users\user\AppData\Local\Temp\ccuZOZlR.s 			page 114


3280:Drivers/STM32F4xx_HAL_Driver/Src/stm32f4xx_hal_rcc_ex.c ****     {
 2598              		.loc 1 3280 10 is_stmt 0 view .LVU867
 2599 00ec FFF7FEFF 		bl	HAL_GetTick
 2600              	.LVL234:
3280:Drivers/STM32F4xx_HAL_Driver/Src/stm32f4xx_hal_rcc_ex.c ****     {
 2601              		.loc 1 3280 24 discriminator 1 view .LVU868
 2602 00f0 001B     		subs	r0, r0, r4
3280:Drivers/STM32F4xx_HAL_Driver/Src/stm32f4xx_hal_rcc_ex.c ****     {
 2603              		.loc 1 3280 8 discriminator 1 view .LVU869
 2604 00f2 0228     		cmp	r0, #2
 2605 00f4 F5D9     		bls	.L204
3282:Drivers/STM32F4xx_HAL_Driver/Src/stm32f4xx_hal_rcc_ex.c ****     }
 2606              		.loc 1 3282 14 view .LVU870
 2607 00f6 0320     		movs	r0, #3
 2608 00f8 96E7     		b	.L194
 2609              	.L218:
3290:Drivers/STM32F4xx_HAL_Driver/Src/stm32f4xx_hal_rcc_ex.c **** #elif defined(STM32F410Tx) || defined(STM32F410Cx) || defined(STM32F410Rx)
 2610              		.loc 1 3290 3 is_stmt 1 view .LVU871
3290:Drivers/STM32F4xx_HAL_Driver/Src/stm32f4xx_hal_rcc_ex.c **** #elif defined(STM32F410Tx) || defined(STM32F410Cx) || defined(STM32F410Rx)
 2611              		.loc 1 3290 16 is_stmt 0 view .LVU872
 2612 00fa 1A4B     		ldr	r3, .L219
 2613 00fc 1A4A     		ldr	r2, .L219+4
 2614 00fe 5A60     		str	r2, [r3, #4]
3300:Drivers/STM32F4xx_HAL_Driver/Src/stm32f4xx_hal_rcc_ex.c **** #elif defined(STM32F401xC) || defined(STM32F401xE) || defined(STM32F405xx) || defined(STM32F415xx) 
 2615              		.loc 1 3300 3 is_stmt 1 view .LVU873
3300:Drivers/STM32F4xx_HAL_Driver/Src/stm32f4xx_hal_rcc_ex.c **** #elif defined(STM32F401xC) || defined(STM32F401xE) || defined(STM32F405xx) || defined(STM32F415xx) 
 2616              		.loc 1 3300 19 is_stmt 0 view .LVU874
 2617 0100 C3F88420 		str	r2, [r3, #132]
3313:Drivers/STM32F4xx_HAL_Driver/Src/stm32f4xx_hal_rcc_ex.c **** #endif /* STM32F427xx || STM32F429xx || STM32F437xx || STM32F439xx || STM32F469xx || STM32F479xx */
 2618              		.loc 1 3313 3 is_stmt 1 view .LVU875
3313:Drivers/STM32F4xx_HAL_Driver/Src/stm32f4xx_hal_rcc_ex.c **** #endif /* STM32F427xx || STM32F429xx || STM32F437xx || STM32F439xx || STM32F469xx || STM32F479xx */
 2619              		.loc 1 3313 19 is_stmt 0 view .LVU876
 2620 0104 02F16042 		add	r2, r2, #-536870912
 2621 0108 C3F88820 		str	r2, [r3, #136]
3317:Drivers/STM32F4xx_HAL_Driver/Src/stm32f4xx_hal_rcc_ex.c **** 
 2622              		.loc 1 3317 3 is_stmt 1 view .LVU877
 2623 010c DA68     		ldr	r2, [r3, #12]
 2624 010e 22F4F852 		bic	r2, r2, #7936
 2625 0112 DA60     		str	r2, [r3, #12]
3320:Drivers/STM32F4xx_HAL_Driver/Src/stm32f4xx_hal_rcc_ex.c **** #endif /* RCC_CIR_PLLI2SRDYIE */
 2626              		.loc 1 3320 3 view .LVU878
 2627 0114 DA68     		ldr	r2, [r3, #12]
 2628 0116 22F40052 		bic	r2, r2, #8192
 2629 011a DA60     		str	r2, [r3, #12]
3324:Drivers/STM32F4xx_HAL_Driver/Src/stm32f4xx_hal_rcc_ex.c **** #endif /* RCC_CIR_PLLSAIRDYIE */
 2630              		.loc 1 3324 3 view .LVU879
 2631 011c DA68     		ldr	r2, [r3, #12]
 2632 011e 22F48042 		bic	r2, r2, #16384
 2633 0122 DA60     		str	r2, [r3, #12]
3328:Drivers/STM32F4xx_HAL_Driver/Src/stm32f4xx_hal_rcc_ex.c ****           RCC_CIR_CSSC);
 2634              		.loc 1 3328 3 view .LVU880
 2635 0124 DA68     		ldr	r2, [r3, #12]
 2636 0126 42F41F02 		orr	r2, r2, #10420224
 2637 012a DA60     		str	r2, [r3, #12]
3332:Drivers/STM32F4xx_HAL_Driver/Src/stm32f4xx_hal_rcc_ex.c **** #endif /* RCC_CIR_PLLI2SRDYC */
 2638              		.loc 1 3332 3 view .LVU881
 2639 012c DA68     		ldr	r2, [r3, #12]
ARM GAS  C:\Users\user\AppData\Local\Temp\ccuZOZlR.s 			page 115


 2640 012e 42F40012 		orr	r2, r2, #2097152
 2641 0132 DA60     		str	r2, [r3, #12]
3336:Drivers/STM32F4xx_HAL_Driver/Src/stm32f4xx_hal_rcc_ex.c **** #endif /* RCC_CIR_PLLSAIRDYC */
 2642              		.loc 1 3336 3 view .LVU882
 2643 0134 DA68     		ldr	r2, [r3, #12]
 2644 0136 42F48002 		orr	r2, r2, #4194304
 2645 013a DA60     		str	r2, [r3, #12]
3340:Drivers/STM32F4xx_HAL_Driver/Src/stm32f4xx_hal_rcc_ex.c **** 
 2646              		.loc 1 3340 3 view .LVU883
 2647 013c 5A6F     		ldr	r2, [r3, #116]
 2648 013e 22F00102 		bic	r2, r2, #1
 2649 0142 5A67     		str	r2, [r3, #116]
3343:Drivers/STM32F4xx_HAL_Driver/Src/stm32f4xx_hal_rcc_ex.c **** 
 2650              		.loc 1 3343 3 view .LVU884
 2651 0144 5A6F     		ldr	r2, [r3, #116]
 2652 0146 42F08072 		orr	r2, r2, #16777216
 2653 014a 5A67     		str	r2, [r3, #116]
3346:Drivers/STM32F4xx_HAL_Driver/Src/stm32f4xx_hal_rcc_ex.c **** 
 2654              		.loc 1 3346 3 view .LVU885
3346:Drivers/STM32F4xx_HAL_Driver/Src/stm32f4xx_hal_rcc_ex.c **** 
 2655              		.loc 1 3346 19 is_stmt 0 view .LVU886
 2656 014c 074B     		ldr	r3, .L219+8
 2657 014e 084A     		ldr	r2, .L219+12
 2658 0150 1A60     		str	r2, [r3]
3349:Drivers/STM32F4xx_HAL_Driver/Src/stm32f4xx_hal_rcc_ex.c ****   {
 2659              		.loc 1 3349 3 is_stmt 1 view .LVU887
3349:Drivers/STM32F4xx_HAL_Driver/Src/stm32f4xx_hal_rcc_ex.c ****   {
 2660              		.loc 1 3349 7 is_stmt 0 view .LVU888
 2661 0152 084B     		ldr	r3, .L219+16
 2662 0154 1868     		ldr	r0, [r3]
 2663 0156 FFF7FEFF 		bl	HAL_InitTick
 2664              	.LVL235:
3349:Drivers/STM32F4xx_HAL_Driver/Src/stm32f4xx_hal_rcc_ex.c ****   {
 2665              		.loc 1 3349 6 discriminator 1 view .LVU889
 2666 015a 0028     		cmp	r0, #0
 2667 015c 3FF464AF 		beq	.L194
3351:Drivers/STM32F4xx_HAL_Driver/Src/stm32f4xx_hal_rcc_ex.c ****   }
 2668              		.loc 1 3351 12 view .LVU890
 2669 0160 0120     		movs	r0, #1
 2670 0162 61E7     		b	.L194
 2671              	.L220:
 2672              		.align	2
 2673              	.L219:
 2674 0164 00380240 		.word	1073887232
 2675 0168 10300024 		.word	603992080
 2676 016c 00000000 		.word	SystemCoreClock
 2677 0170 0024F400 		.word	16000000
 2678 0174 00000000 		.word	uwTickPrio
 2679              		.cfi_endproc
 2680              	.LFE143:
 2682              		.section	.text.HAL_RCC_OscConfig,"ax",%progbits
 2683              		.align	1
 2684              		.global	HAL_RCC_OscConfig
 2685              		.syntax unified
 2686              		.thumb
 2687              		.thumb_func
 2689              	HAL_RCC_OscConfig:
ARM GAS  C:\Users\user\AppData\Local\Temp\ccuZOZlR.s 			page 116


 2690              	.LVL236:
 2691              	.LFB144:
3358:Drivers/STM32F4xx_HAL_Driver/Src/stm32f4xx_hal_rcc_ex.c **** 
3359:Drivers/STM32F4xx_HAL_Driver/Src/stm32f4xx_hal_rcc_ex.c **** #if defined(STM32F410Tx) || defined(STM32F410Cx) || defined(STM32F410Rx) || defined(STM32F446xx) ||
3360:Drivers/STM32F4xx_HAL_Driver/Src/stm32f4xx_hal_rcc_ex.c ****     defined(STM32F412Vx) || defined(STM32F412Rx) || defined(STM32F412Cx) || defined(STM32F413xx) ||
3361:Drivers/STM32F4xx_HAL_Driver/Src/stm32f4xx_hal_rcc_ex.c **** /**
3362:Drivers/STM32F4xx_HAL_Driver/Src/stm32f4xx_hal_rcc_ex.c ****   * @brief  Initializes the RCC Oscillators according to the specified parameters in the
3363:Drivers/STM32F4xx_HAL_Driver/Src/stm32f4xx_hal_rcc_ex.c ****   *         RCC_OscInitTypeDef.
3364:Drivers/STM32F4xx_HAL_Driver/Src/stm32f4xx_hal_rcc_ex.c ****   * @param  RCC_OscInitStruct pointer to an RCC_OscInitTypeDef structure that
3365:Drivers/STM32F4xx_HAL_Driver/Src/stm32f4xx_hal_rcc_ex.c ****   *         contains the configuration information for the RCC Oscillators.
3366:Drivers/STM32F4xx_HAL_Driver/Src/stm32f4xx_hal_rcc_ex.c ****   * @note   The PLL is not disabled when used as system clock.
3367:Drivers/STM32F4xx_HAL_Driver/Src/stm32f4xx_hal_rcc_ex.c ****   * @note   Transitions LSE Bypass to LSE On and LSE On to LSE Bypass are not
3368:Drivers/STM32F4xx_HAL_Driver/Src/stm32f4xx_hal_rcc_ex.c ****   *         supported by this API. User should request a transition to LSE Off
3369:Drivers/STM32F4xx_HAL_Driver/Src/stm32f4xx_hal_rcc_ex.c ****   *         first and then LSE On or LSE Bypass.
3370:Drivers/STM32F4xx_HAL_Driver/Src/stm32f4xx_hal_rcc_ex.c ****   * @note   Transition HSE Bypass to HSE On and HSE On to HSE Bypass are not
3371:Drivers/STM32F4xx_HAL_Driver/Src/stm32f4xx_hal_rcc_ex.c ****   *         supported by this API. User should request a transition to HSE Off
3372:Drivers/STM32F4xx_HAL_Driver/Src/stm32f4xx_hal_rcc_ex.c ****   *         first and then HSE On or HSE Bypass.
3373:Drivers/STM32F4xx_HAL_Driver/Src/stm32f4xx_hal_rcc_ex.c ****   * @note   This function add the PLL/PLLR factor management during PLL configuration this feature
3374:Drivers/STM32F4xx_HAL_Driver/Src/stm32f4xx_hal_rcc_ex.c ****   *         is only available in STM32F410xx/STM32F446xx/STM32F469xx/STM32F479xx/STM32F412Zx/STM32F
3375:Drivers/STM32F4xx_HAL_Driver/Src/stm32f4xx_hal_rcc_ex.c ****   * @retval HAL status
3376:Drivers/STM32F4xx_HAL_Driver/Src/stm32f4xx_hal_rcc_ex.c ****   */
3377:Drivers/STM32F4xx_HAL_Driver/Src/stm32f4xx_hal_rcc_ex.c **** HAL_StatusTypeDef HAL_RCC_OscConfig(const RCC_OscInitTypeDef  *RCC_OscInitStruct)
3378:Drivers/STM32F4xx_HAL_Driver/Src/stm32f4xx_hal_rcc_ex.c **** {
 2692              		.loc 1 3378 1 is_stmt 1 view -0
 2693              		.cfi_startproc
 2694              		@ args = 0, pretend = 0, frame = 8
 2695              		@ frame_needed = 0, uses_anonymous_args = 0
3379:Drivers/STM32F4xx_HAL_Driver/Src/stm32f4xx_hal_rcc_ex.c ****   uint32_t tickstart;
 2696              		.loc 1 3379 3 view .LVU892
3380:Drivers/STM32F4xx_HAL_Driver/Src/stm32f4xx_hal_rcc_ex.c ****   uint32_t pll_config;
 2697              		.loc 1 3380 3 view .LVU893
3381:Drivers/STM32F4xx_HAL_Driver/Src/stm32f4xx_hal_rcc_ex.c **** 
3382:Drivers/STM32F4xx_HAL_Driver/Src/stm32f4xx_hal_rcc_ex.c ****   /* Check Null pointer */
3383:Drivers/STM32F4xx_HAL_Driver/Src/stm32f4xx_hal_rcc_ex.c ****   if (RCC_OscInitStruct == NULL)
 2698              		.loc 1 3383 3 view .LVU894
 2699              		.loc 1 3383 6 is_stmt 0 view .LVU895
 2700 0000 0028     		cmp	r0, #0
 2701 0002 00F00382 		beq	.L273
3378:Drivers/STM32F4xx_HAL_Driver/Src/stm32f4xx_hal_rcc_ex.c ****   uint32_t tickstart;
 2702              		.loc 1 3378 1 view .LVU896
 2703 0006 70B5     		push	{r4, r5, r6, lr}
 2704              	.LCFI10:
 2705              		.cfi_def_cfa_offset 16
 2706              		.cfi_offset 4, -16
 2707              		.cfi_offset 5, -12
 2708              		.cfi_offset 6, -8
 2709              		.cfi_offset 14, -4
 2710 0008 82B0     		sub	sp, sp, #8
 2711              	.LCFI11:
 2712              		.cfi_def_cfa_offset 24
 2713 000a 0446     		mov	r4, r0
3384:Drivers/STM32F4xx_HAL_Driver/Src/stm32f4xx_hal_rcc_ex.c ****   {
3385:Drivers/STM32F4xx_HAL_Driver/Src/stm32f4xx_hal_rcc_ex.c ****     return HAL_ERROR;
3386:Drivers/STM32F4xx_HAL_Driver/Src/stm32f4xx_hal_rcc_ex.c ****   }
3387:Drivers/STM32F4xx_HAL_Driver/Src/stm32f4xx_hal_rcc_ex.c **** 
3388:Drivers/STM32F4xx_HAL_Driver/Src/stm32f4xx_hal_rcc_ex.c ****   /* Check the parameters */
3389:Drivers/STM32F4xx_HAL_Driver/Src/stm32f4xx_hal_rcc_ex.c ****   assert_param(IS_RCC_OSCILLATORTYPE(RCC_OscInitStruct->OscillatorType));
ARM GAS  C:\Users\user\AppData\Local\Temp\ccuZOZlR.s 			page 117


 2714              		.loc 1 3389 3 is_stmt 1 view .LVU897
3390:Drivers/STM32F4xx_HAL_Driver/Src/stm32f4xx_hal_rcc_ex.c ****   /*------------------------------- HSE Configuration ------------------------*/
3391:Drivers/STM32F4xx_HAL_Driver/Src/stm32f4xx_hal_rcc_ex.c ****   if (((RCC_OscInitStruct->OscillatorType) & RCC_OSCILLATORTYPE_HSE) == RCC_OSCILLATORTYPE_HSE)
 2715              		.loc 1 3391 3 view .LVU898
 2716              		.loc 1 3391 26 is_stmt 0 view .LVU899
 2717 000c 0368     		ldr	r3, [r0]
 2718              		.loc 1 3391 6 view .LVU900
 2719 000e 13F0010F 		tst	r3, #1
 2720 0012 41D0     		beq	.L223
3392:Drivers/STM32F4xx_HAL_Driver/Src/stm32f4xx_hal_rcc_ex.c ****   {
3393:Drivers/STM32F4xx_HAL_Driver/Src/stm32f4xx_hal_rcc_ex.c ****     /* Check the parameters */
3394:Drivers/STM32F4xx_HAL_Driver/Src/stm32f4xx_hal_rcc_ex.c ****     assert_param(IS_RCC_HSE(RCC_OscInitStruct->HSEState));
 2721              		.loc 1 3394 5 is_stmt 1 view .LVU901
3395:Drivers/STM32F4xx_HAL_Driver/Src/stm32f4xx_hal_rcc_ex.c ****     /* When the HSE is used as system clock or clock source for PLL in these cases HSE will not dis
3396:Drivers/STM32F4xx_HAL_Driver/Src/stm32f4xx_hal_rcc_ex.c **** #if defined(STM32F446xx)
3397:Drivers/STM32F4xx_HAL_Driver/Src/stm32f4xx_hal_rcc_ex.c ****     if ((__HAL_RCC_GET_SYSCLK_SOURCE() == RCC_CFGR_SWS_HSE)
 2722              		.loc 1 3397 5 view .LVU902
 2723              		.loc 1 3397 10 is_stmt 0 view .LVU903
 2724 0014 9A4B     		ldr	r3, .L317
 2725 0016 9B68     		ldr	r3, [r3, #8]
 2726 0018 03F00C03 		and	r3, r3, #12
 2727              		.loc 1 3397 8 view .LVU904
 2728 001c 042B     		cmp	r3, #4
 2729 001e 32D0     		beq	.L224
3398:Drivers/STM32F4xx_HAL_Driver/Src/stm32f4xx_hal_rcc_ex.c ****         || \
3399:Drivers/STM32F4xx_HAL_Driver/Src/stm32f4xx_hal_rcc_ex.c ****         ((__HAL_RCC_GET_SYSCLK_SOURCE() == RCC_CFGR_SWS_PLL) && ((RCC->PLLCFGR & RCC_PLLCFGR_PLLSRC
 2730              		.loc 1 3399 11 view .LVU905
 2731 0020 974B     		ldr	r3, .L317
 2732 0022 9B68     		ldr	r3, [r3, #8]
 2733 0024 03F00C03 		and	r3, r3, #12
3398:Drivers/STM32F4xx_HAL_Driver/Src/stm32f4xx_hal_rcc_ex.c ****         || \
 2734              		.loc 1 3398 9 view .LVU906
 2735 0028 082B     		cmp	r3, #8
 2736 002a 27D0     		beq	.L301
 2737              	.L225:
3400:Drivers/STM32F4xx_HAL_Driver/Src/stm32f4xx_hal_rcc_ex.c ****         ((__HAL_RCC_GET_SYSCLK_SOURCE() == RCC_CFGR_SWS_PLLR) && ((RCC->PLLCFGR & RCC_PLLCFGR_PLLSR
 2738              		.loc 1 3400 11 view .LVU907
 2739 002c 944B     		ldr	r3, .L317
 2740 002e 9B68     		ldr	r3, [r3, #8]
 2741 0030 03F00C03 		and	r3, r3, #12
3399:Drivers/STM32F4xx_HAL_Driver/Src/stm32f4xx_hal_rcc_ex.c ****         ((__HAL_RCC_GET_SYSCLK_SOURCE() == RCC_CFGR_SWS_PLLR) && ((RCC->PLLCFGR & RCC_PLLCFGR_PLLSR
 2742              		.loc 1 3399 130 discriminator 1 view .LVU908
 2743 0034 0C2B     		cmp	r3, #12
 2744 0036 59D0     		beq	.L302
 2745              	.L226:
3401:Drivers/STM32F4xx_HAL_Driver/Src/stm32f4xx_hal_rcc_ex.c **** #else
3402:Drivers/STM32F4xx_HAL_Driver/Src/stm32f4xx_hal_rcc_ex.c ****     if ((__HAL_RCC_GET_SYSCLK_SOURCE() == RCC_CFGR_SWS_HSE)
3403:Drivers/STM32F4xx_HAL_Driver/Src/stm32f4xx_hal_rcc_ex.c ****         || \
3404:Drivers/STM32F4xx_HAL_Driver/Src/stm32f4xx_hal_rcc_ex.c ****         ((__HAL_RCC_GET_SYSCLK_SOURCE() == RCC_CFGR_SWS_PLL) && ((RCC->PLLCFGR & RCC_PLLCFGR_PLLSRC
3405:Drivers/STM32F4xx_HAL_Driver/Src/stm32f4xx_hal_rcc_ex.c **** #endif /* STM32F446xx */
3406:Drivers/STM32F4xx_HAL_Driver/Src/stm32f4xx_hal_rcc_ex.c ****     {
3407:Drivers/STM32F4xx_HAL_Driver/Src/stm32f4xx_hal_rcc_ex.c ****       if ((__HAL_RCC_GET_FLAG(RCC_FLAG_HSERDY) != RESET) && (RCC_OscInitStruct->HSEState == RCC_HSE
3408:Drivers/STM32F4xx_HAL_Driver/Src/stm32f4xx_hal_rcc_ex.c ****       {
3409:Drivers/STM32F4xx_HAL_Driver/Src/stm32f4xx_hal_rcc_ex.c ****         return HAL_ERROR;
3410:Drivers/STM32F4xx_HAL_Driver/Src/stm32f4xx_hal_rcc_ex.c ****       }
3411:Drivers/STM32F4xx_HAL_Driver/Src/stm32f4xx_hal_rcc_ex.c ****     }
3412:Drivers/STM32F4xx_HAL_Driver/Src/stm32f4xx_hal_rcc_ex.c ****     else
ARM GAS  C:\Users\user\AppData\Local\Temp\ccuZOZlR.s 			page 118


3413:Drivers/STM32F4xx_HAL_Driver/Src/stm32f4xx_hal_rcc_ex.c ****     {
3414:Drivers/STM32F4xx_HAL_Driver/Src/stm32f4xx_hal_rcc_ex.c ****       /* Set the new HSE configuration ---------------------------------------*/
3415:Drivers/STM32F4xx_HAL_Driver/Src/stm32f4xx_hal_rcc_ex.c ****       __HAL_RCC_HSE_CONFIG(RCC_OscInitStruct->HSEState);
 2746              		.loc 1 3415 7 is_stmt 1 view .LVU909
 2747              		.loc 1 3415 7 view .LVU910
 2748 0038 6368     		ldr	r3, [r4, #4]
 2749 003a B3F5803F 		cmp	r3, #65536
 2750 003e 5BD0     		beq	.L303
 2751              		.loc 1 3415 7 discriminator 2 view .LVU911
 2752 0040 B3F5A02F 		cmp	r3, #327680
 2753 0044 5ED0     		beq	.L304
 2754              		.loc 1 3415 7 discriminator 4 view .LVU912
 2755 0046 8E4B     		ldr	r3, .L317
 2756 0048 1A68     		ldr	r2, [r3]
 2757 004a 22F48032 		bic	r2, r2, #65536
 2758 004e 1A60     		str	r2, [r3]
 2759              		.loc 1 3415 7 view .LVU913
 2760              		.loc 1 3415 7 is_stmt 0 discriminator 4 view .LVU914
 2761 0050 1A68     		ldr	r2, [r3]
 2762 0052 22F48022 		bic	r2, r2, #262144
 2763 0056 1A60     		str	r2, [r3]
 2764              	.L228:
 2765              		.loc 1 3415 7 is_stmt 1 view .LVU915
3416:Drivers/STM32F4xx_HAL_Driver/Src/stm32f4xx_hal_rcc_ex.c **** 
3417:Drivers/STM32F4xx_HAL_Driver/Src/stm32f4xx_hal_rcc_ex.c ****       /* Check the HSE State */
3418:Drivers/STM32F4xx_HAL_Driver/Src/stm32f4xx_hal_rcc_ex.c ****       if ((RCC_OscInitStruct->HSEState) != RCC_HSE_OFF)
 2766              		.loc 1 3418 7 view .LVU916
 2767              		.loc 1 3418 29 is_stmt 0 view .LVU917
 2768 0058 6368     		ldr	r3, [r4, #4]
 2769              		.loc 1 3418 10 view .LVU918
 2770 005a 002B     		cmp	r3, #0
 2771 005c 5CD0     		beq	.L230
3419:Drivers/STM32F4xx_HAL_Driver/Src/stm32f4xx_hal_rcc_ex.c ****       {
3420:Drivers/STM32F4xx_HAL_Driver/Src/stm32f4xx_hal_rcc_ex.c ****         /* Get Start Tick*/
3421:Drivers/STM32F4xx_HAL_Driver/Src/stm32f4xx_hal_rcc_ex.c ****         tickstart = HAL_GetTick();
 2772              		.loc 1 3421 9 is_stmt 1 view .LVU919
 2773              		.loc 1 3421 21 is_stmt 0 view .LVU920
 2774 005e FFF7FEFF 		bl	HAL_GetTick
 2775              	.LVL237:
 2776              		.loc 1 3421 21 view .LVU921
 2777 0062 0546     		mov	r5, r0
 2778              	.LVL238:
3422:Drivers/STM32F4xx_HAL_Driver/Src/stm32f4xx_hal_rcc_ex.c **** 
3423:Drivers/STM32F4xx_HAL_Driver/Src/stm32f4xx_hal_rcc_ex.c ****         /* Wait till HSE is ready */
3424:Drivers/STM32F4xx_HAL_Driver/Src/stm32f4xx_hal_rcc_ex.c ****         while (__HAL_RCC_GET_FLAG(RCC_FLAG_HSERDY) == RESET)
 2779              		.loc 1 3424 9 is_stmt 1 view .LVU922
 2780              	.L231:
 2781              		.loc 1 3424 52 view .LVU923
 2782              		.loc 1 3424 16 is_stmt 0 view .LVU924
 2783 0064 864B     		ldr	r3, .L317
 2784 0066 1B68     		ldr	r3, [r3]
 2785              		.loc 1 3424 52 view .LVU925
 2786 0068 13F4003F 		tst	r3, #131072
 2787 006c 14D1     		bne	.L223
3425:Drivers/STM32F4xx_HAL_Driver/Src/stm32f4xx_hal_rcc_ex.c ****         {
3426:Drivers/STM32F4xx_HAL_Driver/Src/stm32f4xx_hal_rcc_ex.c ****           if ((HAL_GetTick() - tickstart) > HSE_TIMEOUT_VALUE)
 2788              		.loc 1 3426 11 is_stmt 1 view .LVU926
ARM GAS  C:\Users\user\AppData\Local\Temp\ccuZOZlR.s 			page 119


 2789              		.loc 1 3426 16 is_stmt 0 view .LVU927
 2790 006e FFF7FEFF 		bl	HAL_GetTick
 2791              	.LVL239:
 2792              		.loc 1 3426 30 discriminator 1 view .LVU928
 2793 0072 401B     		subs	r0, r0, r5
 2794              		.loc 1 3426 14 discriminator 1 view .LVU929
 2795 0074 6428     		cmp	r0, #100
 2796 0076 F5D9     		bls	.L231
3427:Drivers/STM32F4xx_HAL_Driver/Src/stm32f4xx_hal_rcc_ex.c ****           {
3428:Drivers/STM32F4xx_HAL_Driver/Src/stm32f4xx_hal_rcc_ex.c ****             return HAL_TIMEOUT;
 2797              		.loc 1 3428 20 view .LVU930
 2798 0078 0320     		movs	r0, #3
 2799 007a CEE1     		b	.L222
 2800              	.LVL240:
 2801              	.L301:
3399:Drivers/STM32F4xx_HAL_Driver/Src/stm32f4xx_hal_rcc_ex.c ****         ((__HAL_RCC_GET_SYSCLK_SOURCE() == RCC_CFGR_SWS_PLLR) && ((RCC->PLLCFGR & RCC_PLLCFGR_PLLSR
 2802              		.loc 1 3399 70 view .LVU931
 2803 007c 804B     		ldr	r3, .L317
 2804 007e 5B68     		ldr	r3, [r3, #4]
3399:Drivers/STM32F4xx_HAL_Driver/Src/stm32f4xx_hal_rcc_ex.c ****         ((__HAL_RCC_GET_SYSCLK_SOURCE() == RCC_CFGR_SWS_PLLR) && ((RCC->PLLCFGR & RCC_PLLCFGR_PLLSR
 2805              		.loc 1 3399 62 view .LVU932
 2806 0080 13F4800F 		tst	r3, #4194304
 2807 0084 D2D0     		beq	.L225
 2808              	.L224:
3407:Drivers/STM32F4xx_HAL_Driver/Src/stm32f4xx_hal_rcc_ex.c ****       {
 2809              		.loc 1 3407 7 is_stmt 1 view .LVU933
3407:Drivers/STM32F4xx_HAL_Driver/Src/stm32f4xx_hal_rcc_ex.c ****       {
 2810              		.loc 1 3407 12 is_stmt 0 view .LVU934
 2811 0086 7E4B     		ldr	r3, .L317
 2812 0088 1B68     		ldr	r3, [r3]
3407:Drivers/STM32F4xx_HAL_Driver/Src/stm32f4xx_hal_rcc_ex.c ****       {
 2813              		.loc 1 3407 10 view .LVU935
 2814 008a 13F4003F 		tst	r3, #131072
 2815 008e 03D0     		beq	.L223
3407:Drivers/STM32F4xx_HAL_Driver/Src/stm32f4xx_hal_rcc_ex.c ****       {
 2816              		.loc 1 3407 79 discriminator 1 view .LVU936
 2817 0090 6368     		ldr	r3, [r4, #4]
3407:Drivers/STM32F4xx_HAL_Driver/Src/stm32f4xx_hal_rcc_ex.c ****       {
 2818              		.loc 1 3407 58 discriminator 1 view .LVU937
 2819 0092 002B     		cmp	r3, #0
 2820 0094 00F0BC81 		beq	.L305
 2821              	.LVL241:
 2822              	.L223:
3429:Drivers/STM32F4xx_HAL_Driver/Src/stm32f4xx_hal_rcc_ex.c ****           }
3430:Drivers/STM32F4xx_HAL_Driver/Src/stm32f4xx_hal_rcc_ex.c ****         }
3431:Drivers/STM32F4xx_HAL_Driver/Src/stm32f4xx_hal_rcc_ex.c ****       }
3432:Drivers/STM32F4xx_HAL_Driver/Src/stm32f4xx_hal_rcc_ex.c ****       else
3433:Drivers/STM32F4xx_HAL_Driver/Src/stm32f4xx_hal_rcc_ex.c ****       {
3434:Drivers/STM32F4xx_HAL_Driver/Src/stm32f4xx_hal_rcc_ex.c ****         /* Get Start Tick*/
3435:Drivers/STM32F4xx_HAL_Driver/Src/stm32f4xx_hal_rcc_ex.c ****         tickstart = HAL_GetTick();
3436:Drivers/STM32F4xx_HAL_Driver/Src/stm32f4xx_hal_rcc_ex.c **** 
3437:Drivers/STM32F4xx_HAL_Driver/Src/stm32f4xx_hal_rcc_ex.c ****         /* Wait till HSE is bypassed or disabled */
3438:Drivers/STM32F4xx_HAL_Driver/Src/stm32f4xx_hal_rcc_ex.c ****         while (__HAL_RCC_GET_FLAG(RCC_FLAG_HSERDY) != RESET)
3439:Drivers/STM32F4xx_HAL_Driver/Src/stm32f4xx_hal_rcc_ex.c ****         {
3440:Drivers/STM32F4xx_HAL_Driver/Src/stm32f4xx_hal_rcc_ex.c ****           if ((HAL_GetTick() - tickstart) > HSE_TIMEOUT_VALUE)
3441:Drivers/STM32F4xx_HAL_Driver/Src/stm32f4xx_hal_rcc_ex.c ****           {
3442:Drivers/STM32F4xx_HAL_Driver/Src/stm32f4xx_hal_rcc_ex.c ****             return HAL_TIMEOUT;
ARM GAS  C:\Users\user\AppData\Local\Temp\ccuZOZlR.s 			page 120


3443:Drivers/STM32F4xx_HAL_Driver/Src/stm32f4xx_hal_rcc_ex.c ****           }
3444:Drivers/STM32F4xx_HAL_Driver/Src/stm32f4xx_hal_rcc_ex.c ****         }
3445:Drivers/STM32F4xx_HAL_Driver/Src/stm32f4xx_hal_rcc_ex.c ****       }
3446:Drivers/STM32F4xx_HAL_Driver/Src/stm32f4xx_hal_rcc_ex.c ****     }
3447:Drivers/STM32F4xx_HAL_Driver/Src/stm32f4xx_hal_rcc_ex.c ****   }
3448:Drivers/STM32F4xx_HAL_Driver/Src/stm32f4xx_hal_rcc_ex.c ****   /*----------------------------- HSI Configuration --------------------------*/
3449:Drivers/STM32F4xx_HAL_Driver/Src/stm32f4xx_hal_rcc_ex.c ****   if (((RCC_OscInitStruct->OscillatorType) & RCC_OSCILLATORTYPE_HSI) == RCC_OSCILLATORTYPE_HSI)
 2823              		.loc 1 3449 3 is_stmt 1 view .LVU938
 2824              		.loc 1 3449 26 is_stmt 0 view .LVU939
 2825 0098 2368     		ldr	r3, [r4]
 2826              		.loc 1 3449 6 view .LVU940
 2827 009a 13F0020F 		tst	r3, #2
 2828 009e 60D0     		beq	.L235
3450:Drivers/STM32F4xx_HAL_Driver/Src/stm32f4xx_hal_rcc_ex.c ****   {
3451:Drivers/STM32F4xx_HAL_Driver/Src/stm32f4xx_hal_rcc_ex.c ****     /* Check the parameters */
3452:Drivers/STM32F4xx_HAL_Driver/Src/stm32f4xx_hal_rcc_ex.c ****     assert_param(IS_RCC_HSI(RCC_OscInitStruct->HSIState));
 2829              		.loc 1 3452 5 is_stmt 1 view .LVU941
3453:Drivers/STM32F4xx_HAL_Driver/Src/stm32f4xx_hal_rcc_ex.c ****     assert_param(IS_RCC_CALIBRATION_VALUE(RCC_OscInitStruct->HSICalibrationValue));
 2830              		.loc 1 3453 5 view .LVU942
3454:Drivers/STM32F4xx_HAL_Driver/Src/stm32f4xx_hal_rcc_ex.c **** 
3455:Drivers/STM32F4xx_HAL_Driver/Src/stm32f4xx_hal_rcc_ex.c ****     /* Check if HSI is used as system clock or as PLL source when PLL is selected as system clock *
3456:Drivers/STM32F4xx_HAL_Driver/Src/stm32f4xx_hal_rcc_ex.c **** #if defined(STM32F446xx)
3457:Drivers/STM32F4xx_HAL_Driver/Src/stm32f4xx_hal_rcc_ex.c ****     if ((__HAL_RCC_GET_SYSCLK_SOURCE() == RCC_CFGR_SWS_HSI)
 2831              		.loc 1 3457 5 view .LVU943
 2832              		.loc 1 3457 10 is_stmt 0 view .LVU944
 2833 00a0 774B     		ldr	r3, .L317
 2834 00a2 9B68     		ldr	r3, [r3, #8]
 2835              		.loc 1 3457 8 view .LVU945
 2836 00a4 13F00C0F 		tst	r3, #12
 2837 00a8 4AD0     		beq	.L236
3458:Drivers/STM32F4xx_HAL_Driver/Src/stm32f4xx_hal_rcc_ex.c ****         || \
3459:Drivers/STM32F4xx_HAL_Driver/Src/stm32f4xx_hal_rcc_ex.c ****         ((__HAL_RCC_GET_SYSCLK_SOURCE() == RCC_CFGR_SWS_PLL) && ((RCC->PLLCFGR & RCC_PLLCFGR_PLLSRC
 2838              		.loc 1 3459 11 view .LVU946
 2839 00aa 754B     		ldr	r3, .L317
 2840 00ac 9B68     		ldr	r3, [r3, #8]
 2841 00ae 03F00C03 		and	r3, r3, #12
3458:Drivers/STM32F4xx_HAL_Driver/Src/stm32f4xx_hal_rcc_ex.c ****         || \
 2842              		.loc 1 3458 9 view .LVU947
 2843 00b2 082B     		cmp	r3, #8
 2844 00b4 3FD0     		beq	.L306
 2845              	.L237:
3460:Drivers/STM32F4xx_HAL_Driver/Src/stm32f4xx_hal_rcc_ex.c ****         ((__HAL_RCC_GET_SYSCLK_SOURCE() == RCC_CFGR_SWS_PLLR) && ((RCC->PLLCFGR & RCC_PLLCFGR_PLLSR
 2846              		.loc 1 3460 11 view .LVU948
 2847 00b6 724B     		ldr	r3, .L317
 2848 00b8 9B68     		ldr	r3, [r3, #8]
 2849 00ba 03F00C03 		and	r3, r3, #12
3459:Drivers/STM32F4xx_HAL_Driver/Src/stm32f4xx_hal_rcc_ex.c ****         ((__HAL_RCC_GET_SYSCLK_SOURCE() == RCC_CFGR_SWS_PLLR) && ((RCC->PLLCFGR & RCC_PLLCFGR_PLLSR
 2850              		.loc 1 3459 130 discriminator 1 view .LVU949
 2851 00be 0C2B     		cmp	r3, #12
 2852 00c0 69D0     		beq	.L307
 2853              	.L238:
3461:Drivers/STM32F4xx_HAL_Driver/Src/stm32f4xx_hal_rcc_ex.c **** #else
3462:Drivers/STM32F4xx_HAL_Driver/Src/stm32f4xx_hal_rcc_ex.c ****     if ((__HAL_RCC_GET_SYSCLK_SOURCE() == RCC_CFGR_SWS_HSI)
3463:Drivers/STM32F4xx_HAL_Driver/Src/stm32f4xx_hal_rcc_ex.c ****         || \
3464:Drivers/STM32F4xx_HAL_Driver/Src/stm32f4xx_hal_rcc_ex.c ****         ((__HAL_RCC_GET_SYSCLK_SOURCE() == RCC_CFGR_SWS_PLL) && ((RCC->PLLCFGR & RCC_PLLCFGR_PLLSRC
3465:Drivers/STM32F4xx_HAL_Driver/Src/stm32f4xx_hal_rcc_ex.c **** #endif /* STM32F446xx */
3466:Drivers/STM32F4xx_HAL_Driver/Src/stm32f4xx_hal_rcc_ex.c ****     {
ARM GAS  C:\Users\user\AppData\Local\Temp\ccuZOZlR.s 			page 121


3467:Drivers/STM32F4xx_HAL_Driver/Src/stm32f4xx_hal_rcc_ex.c ****       /* When HSI is used as system clock it will not disabled */
3468:Drivers/STM32F4xx_HAL_Driver/Src/stm32f4xx_hal_rcc_ex.c ****       if ((__HAL_RCC_GET_FLAG(RCC_FLAG_HSIRDY) != RESET) && (RCC_OscInitStruct->HSIState != RCC_HSI
3469:Drivers/STM32F4xx_HAL_Driver/Src/stm32f4xx_hal_rcc_ex.c ****       {
3470:Drivers/STM32F4xx_HAL_Driver/Src/stm32f4xx_hal_rcc_ex.c ****         return HAL_ERROR;
3471:Drivers/STM32F4xx_HAL_Driver/Src/stm32f4xx_hal_rcc_ex.c ****       }
3472:Drivers/STM32F4xx_HAL_Driver/Src/stm32f4xx_hal_rcc_ex.c ****       /* Otherwise, just the calibration is allowed */
3473:Drivers/STM32F4xx_HAL_Driver/Src/stm32f4xx_hal_rcc_ex.c ****       else
3474:Drivers/STM32F4xx_HAL_Driver/Src/stm32f4xx_hal_rcc_ex.c ****       {
3475:Drivers/STM32F4xx_HAL_Driver/Src/stm32f4xx_hal_rcc_ex.c ****         /* Adjusts the Internal High Speed oscillator (HSI) calibration value.*/
3476:Drivers/STM32F4xx_HAL_Driver/Src/stm32f4xx_hal_rcc_ex.c ****         __HAL_RCC_HSI_CALIBRATIONVALUE_ADJUST(RCC_OscInitStruct->HSICalibrationValue);
3477:Drivers/STM32F4xx_HAL_Driver/Src/stm32f4xx_hal_rcc_ex.c ****       }
3478:Drivers/STM32F4xx_HAL_Driver/Src/stm32f4xx_hal_rcc_ex.c ****     }
3479:Drivers/STM32F4xx_HAL_Driver/Src/stm32f4xx_hal_rcc_ex.c ****     else
3480:Drivers/STM32F4xx_HAL_Driver/Src/stm32f4xx_hal_rcc_ex.c ****     {
3481:Drivers/STM32F4xx_HAL_Driver/Src/stm32f4xx_hal_rcc_ex.c ****       /* Check the HSI State */
3482:Drivers/STM32F4xx_HAL_Driver/Src/stm32f4xx_hal_rcc_ex.c ****       if ((RCC_OscInitStruct->HSIState) != RCC_HSI_OFF)
 2854              		.loc 1 3482 7 is_stmt 1 view .LVU950
 2855              		.loc 1 3482 29 is_stmt 0 view .LVU951
 2856 00c2 E368     		ldr	r3, [r4, #12]
 2857              		.loc 1 3482 10 view .LVU952
 2858 00c4 002B     		cmp	r3, #0
 2859 00c6 75D0     		beq	.L240
3483:Drivers/STM32F4xx_HAL_Driver/Src/stm32f4xx_hal_rcc_ex.c ****       {
3484:Drivers/STM32F4xx_HAL_Driver/Src/stm32f4xx_hal_rcc_ex.c ****         /* Enable the Internal High Speed oscillator (HSI). */
3485:Drivers/STM32F4xx_HAL_Driver/Src/stm32f4xx_hal_rcc_ex.c ****         __HAL_RCC_HSI_ENABLE();
 2860              		.loc 1 3485 9 is_stmt 1 view .LVU953
 2861 00c8 6E4B     		ldr	r3, .L317+4
 2862 00ca 0122     		movs	r2, #1
 2863 00cc 1A60     		str	r2, [r3]
3486:Drivers/STM32F4xx_HAL_Driver/Src/stm32f4xx_hal_rcc_ex.c **** 
3487:Drivers/STM32F4xx_HAL_Driver/Src/stm32f4xx_hal_rcc_ex.c ****         /* Get Start Tick*/
3488:Drivers/STM32F4xx_HAL_Driver/Src/stm32f4xx_hal_rcc_ex.c ****         tickstart = HAL_GetTick();
 2864              		.loc 1 3488 9 view .LVU954
 2865              		.loc 1 3488 21 is_stmt 0 view .LVU955
 2866 00ce FFF7FEFF 		bl	HAL_GetTick
 2867              	.LVL242:
 2868 00d2 0546     		mov	r5, r0
 2869              	.LVL243:
3489:Drivers/STM32F4xx_HAL_Driver/Src/stm32f4xx_hal_rcc_ex.c **** 
3490:Drivers/STM32F4xx_HAL_Driver/Src/stm32f4xx_hal_rcc_ex.c ****         /* Wait till HSI is ready */
3491:Drivers/STM32F4xx_HAL_Driver/Src/stm32f4xx_hal_rcc_ex.c ****         while (__HAL_RCC_GET_FLAG(RCC_FLAG_HSIRDY) == RESET)
 2870              		.loc 1 3491 9 is_stmt 1 view .LVU956
 2871              	.L241:
 2872              		.loc 1 3491 52 view .LVU957
 2873              		.loc 1 3491 16 is_stmt 0 view .LVU958
 2874 00d4 6A4B     		ldr	r3, .L317
 2875 00d6 1B68     		ldr	r3, [r3]
 2876              		.loc 1 3491 52 view .LVU959
 2877 00d8 13F0020F 		tst	r3, #2
 2878 00dc 61D1     		bne	.L308
3492:Drivers/STM32F4xx_HAL_Driver/Src/stm32f4xx_hal_rcc_ex.c ****         {
3493:Drivers/STM32F4xx_HAL_Driver/Src/stm32f4xx_hal_rcc_ex.c ****           if ((HAL_GetTick() - tickstart) > HSI_TIMEOUT_VALUE)
 2879              		.loc 1 3493 11 is_stmt 1 view .LVU960
 2880              		.loc 1 3493 16 is_stmt 0 view .LVU961
 2881 00de FFF7FEFF 		bl	HAL_GetTick
 2882              	.LVL244:
 2883              		.loc 1 3493 30 discriminator 1 view .LVU962
ARM GAS  C:\Users\user\AppData\Local\Temp\ccuZOZlR.s 			page 122


 2884 00e2 401B     		subs	r0, r0, r5
 2885              		.loc 1 3493 14 discriminator 1 view .LVU963
 2886 00e4 0228     		cmp	r0, #2
 2887 00e6 F5D9     		bls	.L241
3494:Drivers/STM32F4xx_HAL_Driver/Src/stm32f4xx_hal_rcc_ex.c ****           {
3495:Drivers/STM32F4xx_HAL_Driver/Src/stm32f4xx_hal_rcc_ex.c ****             return HAL_TIMEOUT;
 2888              		.loc 1 3495 20 view .LVU964
 2889 00e8 0320     		movs	r0, #3
 2890 00ea 96E1     		b	.L222
 2891              	.LVL245:
 2892              	.L302:
3400:Drivers/STM32F4xx_HAL_Driver/Src/stm32f4xx_hal_rcc_ex.c **** #else
 2893              		.loc 1 3400 71 view .LVU965
 2894 00ec 644B     		ldr	r3, .L317
 2895 00ee 5B68     		ldr	r3, [r3, #4]
3400:Drivers/STM32F4xx_HAL_Driver/Src/stm32f4xx_hal_rcc_ex.c **** #else
 2896              		.loc 1 3400 63 view .LVU966
 2897 00f0 13F4800F 		tst	r3, #4194304
 2898 00f4 A0D0     		beq	.L226
 2899 00f6 C6E7     		b	.L224
 2900              	.L303:
3415:Drivers/STM32F4xx_HAL_Driver/Src/stm32f4xx_hal_rcc_ex.c **** 
 2901              		.loc 1 3415 7 is_stmt 1 discriminator 1 view .LVU967
 2902 00f8 614A     		ldr	r2, .L317
 2903 00fa 1368     		ldr	r3, [r2]
 2904 00fc 43F48033 		orr	r3, r3, #65536
 2905 0100 1360     		str	r3, [r2]
 2906 0102 A9E7     		b	.L228
 2907              	.L304:
3415:Drivers/STM32F4xx_HAL_Driver/Src/stm32f4xx_hal_rcc_ex.c **** 
 2908              		.loc 1 3415 7 discriminator 3 view .LVU968
 2909 0104 5E4B     		ldr	r3, .L317
 2910 0106 1A68     		ldr	r2, [r3]
 2911 0108 42F48022 		orr	r2, r2, #262144
 2912 010c 1A60     		str	r2, [r3]
3415:Drivers/STM32F4xx_HAL_Driver/Src/stm32f4xx_hal_rcc_ex.c **** 
 2913              		.loc 1 3415 7 view .LVU969
3415:Drivers/STM32F4xx_HAL_Driver/Src/stm32f4xx_hal_rcc_ex.c **** 
 2914              		.loc 1 3415 7 is_stmt 0 discriminator 3 view .LVU970
 2915 010e 1A68     		ldr	r2, [r3]
 2916 0110 42F48032 		orr	r2, r2, #65536
 2917 0114 1A60     		str	r2, [r3]
 2918 0116 9FE7     		b	.L228
 2919              	.L230:
3435:Drivers/STM32F4xx_HAL_Driver/Src/stm32f4xx_hal_rcc_ex.c **** 
 2920              		.loc 1 3435 9 is_stmt 1 view .LVU971
3435:Drivers/STM32F4xx_HAL_Driver/Src/stm32f4xx_hal_rcc_ex.c **** 
 2921              		.loc 1 3435 21 is_stmt 0 view .LVU972
 2922 0118 FFF7FEFF 		bl	HAL_GetTick
 2923              	.LVL246:
3435:Drivers/STM32F4xx_HAL_Driver/Src/stm32f4xx_hal_rcc_ex.c **** 
 2924              		.loc 1 3435 21 view .LVU973
 2925 011c 0546     		mov	r5, r0
 2926              	.LVL247:
3438:Drivers/STM32F4xx_HAL_Driver/Src/stm32f4xx_hal_rcc_ex.c ****         {
 2927              		.loc 1 3438 9 is_stmt 1 view .LVU974
 2928              	.L233:
ARM GAS  C:\Users\user\AppData\Local\Temp\ccuZOZlR.s 			page 123


3438:Drivers/STM32F4xx_HAL_Driver/Src/stm32f4xx_hal_rcc_ex.c ****         {
 2929              		.loc 1 3438 52 view .LVU975
3438:Drivers/STM32F4xx_HAL_Driver/Src/stm32f4xx_hal_rcc_ex.c ****         {
 2930              		.loc 1 3438 16 is_stmt 0 view .LVU976
 2931 011e 584B     		ldr	r3, .L317
 2932 0120 1B68     		ldr	r3, [r3]
3438:Drivers/STM32F4xx_HAL_Driver/Src/stm32f4xx_hal_rcc_ex.c ****         {
 2933              		.loc 1 3438 52 view .LVU977
 2934 0122 13F4003F 		tst	r3, #131072
 2935 0126 B7D0     		beq	.L223
3440:Drivers/STM32F4xx_HAL_Driver/Src/stm32f4xx_hal_rcc_ex.c ****           {
 2936              		.loc 1 3440 11 is_stmt 1 view .LVU978
3440:Drivers/STM32F4xx_HAL_Driver/Src/stm32f4xx_hal_rcc_ex.c ****           {
 2937              		.loc 1 3440 16 is_stmt 0 view .LVU979
 2938 0128 FFF7FEFF 		bl	HAL_GetTick
 2939              	.LVL248:
3440:Drivers/STM32F4xx_HAL_Driver/Src/stm32f4xx_hal_rcc_ex.c ****           {
 2940              		.loc 1 3440 30 discriminator 1 view .LVU980
 2941 012c 401B     		subs	r0, r0, r5
3440:Drivers/STM32F4xx_HAL_Driver/Src/stm32f4xx_hal_rcc_ex.c ****           {
 2942              		.loc 1 3440 14 discriminator 1 view .LVU981
 2943 012e 6428     		cmp	r0, #100
 2944 0130 F5D9     		bls	.L233
3442:Drivers/STM32F4xx_HAL_Driver/Src/stm32f4xx_hal_rcc_ex.c ****           }
 2945              		.loc 1 3442 20 view .LVU982
 2946 0132 0320     		movs	r0, #3
 2947 0134 71E1     		b	.L222
 2948              	.LVL249:
 2949              	.L306:
3459:Drivers/STM32F4xx_HAL_Driver/Src/stm32f4xx_hal_rcc_ex.c ****         ((__HAL_RCC_GET_SYSCLK_SOURCE() == RCC_CFGR_SWS_PLLR) && ((RCC->PLLCFGR & RCC_PLLCFGR_PLLSR
 2950              		.loc 1 3459 70 view .LVU983
 2951 0136 524B     		ldr	r3, .L317
 2952 0138 5B68     		ldr	r3, [r3, #4]
3459:Drivers/STM32F4xx_HAL_Driver/Src/stm32f4xx_hal_rcc_ex.c ****         ((__HAL_RCC_GET_SYSCLK_SOURCE() == RCC_CFGR_SWS_PLLR) && ((RCC->PLLCFGR & RCC_PLLCFGR_PLLSR
 2953              		.loc 1 3459 62 view .LVU984
 2954 013a 13F4800F 		tst	r3, #4194304
 2955 013e BAD1     		bne	.L237
 2956              	.L236:
3468:Drivers/STM32F4xx_HAL_Driver/Src/stm32f4xx_hal_rcc_ex.c ****       {
 2957              		.loc 1 3468 7 is_stmt 1 view .LVU985
3468:Drivers/STM32F4xx_HAL_Driver/Src/stm32f4xx_hal_rcc_ex.c ****       {
 2958              		.loc 1 3468 12 is_stmt 0 view .LVU986
 2959 0140 4F4B     		ldr	r3, .L317
 2960 0142 1B68     		ldr	r3, [r3]
3468:Drivers/STM32F4xx_HAL_Driver/Src/stm32f4xx_hal_rcc_ex.c ****       {
 2961              		.loc 1 3468 10 view .LVU987
 2962 0144 13F0020F 		tst	r3, #2
 2963 0148 03D0     		beq	.L239
3468:Drivers/STM32F4xx_HAL_Driver/Src/stm32f4xx_hal_rcc_ex.c ****       {
 2964              		.loc 1 3468 79 discriminator 1 view .LVU988
 2965 014a E368     		ldr	r3, [r4, #12]
3468:Drivers/STM32F4xx_HAL_Driver/Src/stm32f4xx_hal_rcc_ex.c ****       {
 2966              		.loc 1 3468 58 discriminator 1 view .LVU989
 2967 014c 012B     		cmp	r3, #1
 2968 014e 40F06181 		bne	.L277
 2969              	.L239:
3476:Drivers/STM32F4xx_HAL_Driver/Src/stm32f4xx_hal_rcc_ex.c ****       }
ARM GAS  C:\Users\user\AppData\Local\Temp\ccuZOZlR.s 			page 124


 2970              		.loc 1 3476 9 is_stmt 1 view .LVU990
 2971 0152 4B4A     		ldr	r2, .L317
 2972 0154 1368     		ldr	r3, [r2]
 2973 0156 23F0F803 		bic	r3, r3, #248
 2974 015a 2169     		ldr	r1, [r4, #16]
 2975 015c 43EAC103 		orr	r3, r3, r1, lsl #3
 2976 0160 1360     		str	r3, [r2]
 2977              	.L235:
3496:Drivers/STM32F4xx_HAL_Driver/Src/stm32f4xx_hal_rcc_ex.c ****           }
3497:Drivers/STM32F4xx_HAL_Driver/Src/stm32f4xx_hal_rcc_ex.c ****         }
3498:Drivers/STM32F4xx_HAL_Driver/Src/stm32f4xx_hal_rcc_ex.c **** 
3499:Drivers/STM32F4xx_HAL_Driver/Src/stm32f4xx_hal_rcc_ex.c ****         /* Adjusts the Internal High Speed oscillator (HSI) calibration value.*/
3500:Drivers/STM32F4xx_HAL_Driver/Src/stm32f4xx_hal_rcc_ex.c ****         __HAL_RCC_HSI_CALIBRATIONVALUE_ADJUST(RCC_OscInitStruct->HSICalibrationValue);
3501:Drivers/STM32F4xx_HAL_Driver/Src/stm32f4xx_hal_rcc_ex.c ****       }
3502:Drivers/STM32F4xx_HAL_Driver/Src/stm32f4xx_hal_rcc_ex.c ****       else
3503:Drivers/STM32F4xx_HAL_Driver/Src/stm32f4xx_hal_rcc_ex.c ****       {
3504:Drivers/STM32F4xx_HAL_Driver/Src/stm32f4xx_hal_rcc_ex.c ****         /* Disable the Internal High Speed oscillator (HSI). */
3505:Drivers/STM32F4xx_HAL_Driver/Src/stm32f4xx_hal_rcc_ex.c ****         __HAL_RCC_HSI_DISABLE();
3506:Drivers/STM32F4xx_HAL_Driver/Src/stm32f4xx_hal_rcc_ex.c **** 
3507:Drivers/STM32F4xx_HAL_Driver/Src/stm32f4xx_hal_rcc_ex.c ****         /* Get Start Tick*/
3508:Drivers/STM32F4xx_HAL_Driver/Src/stm32f4xx_hal_rcc_ex.c ****         tickstart = HAL_GetTick();
3509:Drivers/STM32F4xx_HAL_Driver/Src/stm32f4xx_hal_rcc_ex.c **** 
3510:Drivers/STM32F4xx_HAL_Driver/Src/stm32f4xx_hal_rcc_ex.c ****         /* Wait till HSI is ready */
3511:Drivers/STM32F4xx_HAL_Driver/Src/stm32f4xx_hal_rcc_ex.c ****         while (__HAL_RCC_GET_FLAG(RCC_FLAG_HSIRDY) != RESET)
3512:Drivers/STM32F4xx_HAL_Driver/Src/stm32f4xx_hal_rcc_ex.c ****         {
3513:Drivers/STM32F4xx_HAL_Driver/Src/stm32f4xx_hal_rcc_ex.c ****           if ((HAL_GetTick() - tickstart) > HSI_TIMEOUT_VALUE)
3514:Drivers/STM32F4xx_HAL_Driver/Src/stm32f4xx_hal_rcc_ex.c ****           {
3515:Drivers/STM32F4xx_HAL_Driver/Src/stm32f4xx_hal_rcc_ex.c ****             return HAL_TIMEOUT;
3516:Drivers/STM32F4xx_HAL_Driver/Src/stm32f4xx_hal_rcc_ex.c ****           }
3517:Drivers/STM32F4xx_HAL_Driver/Src/stm32f4xx_hal_rcc_ex.c ****         }
3518:Drivers/STM32F4xx_HAL_Driver/Src/stm32f4xx_hal_rcc_ex.c ****       }
3519:Drivers/STM32F4xx_HAL_Driver/Src/stm32f4xx_hal_rcc_ex.c ****     }
3520:Drivers/STM32F4xx_HAL_Driver/Src/stm32f4xx_hal_rcc_ex.c ****   }
3521:Drivers/STM32F4xx_HAL_Driver/Src/stm32f4xx_hal_rcc_ex.c ****   /*------------------------------ LSI Configuration -------------------------*/
3522:Drivers/STM32F4xx_HAL_Driver/Src/stm32f4xx_hal_rcc_ex.c ****   if (((RCC_OscInitStruct->OscillatorType) & RCC_OSCILLATORTYPE_LSI) == RCC_OSCILLATORTYPE_LSI)
 2978              		.loc 1 3522 3 view .LVU991
 2979              		.loc 1 3522 26 is_stmt 0 view .LVU992
 2980 0162 2368     		ldr	r3, [r4]
 2981              		.loc 1 3522 6 view .LVU993
 2982 0164 13F0080F 		tst	r3, #8
 2983 0168 49D0     		beq	.L245
3523:Drivers/STM32F4xx_HAL_Driver/Src/stm32f4xx_hal_rcc_ex.c ****   {
3524:Drivers/STM32F4xx_HAL_Driver/Src/stm32f4xx_hal_rcc_ex.c ****     /* Check the parameters */
3525:Drivers/STM32F4xx_HAL_Driver/Src/stm32f4xx_hal_rcc_ex.c ****     assert_param(IS_RCC_LSI(RCC_OscInitStruct->LSIState));
 2984              		.loc 1 3525 5 is_stmt 1 view .LVU994
3526:Drivers/STM32F4xx_HAL_Driver/Src/stm32f4xx_hal_rcc_ex.c **** 
3527:Drivers/STM32F4xx_HAL_Driver/Src/stm32f4xx_hal_rcc_ex.c ****     /* Check the LSI State */
3528:Drivers/STM32F4xx_HAL_Driver/Src/stm32f4xx_hal_rcc_ex.c ****     if ((RCC_OscInitStruct->LSIState) != RCC_LSI_OFF)
 2985              		.loc 1 3528 5 view .LVU995
 2986              		.loc 1 3528 27 is_stmt 0 view .LVU996
 2987 016a 6369     		ldr	r3, [r4, #20]
 2988              		.loc 1 3528 8 view .LVU997
 2989 016c 002B     		cmp	r3, #0
 2990 016e 33D0     		beq	.L246
3529:Drivers/STM32F4xx_HAL_Driver/Src/stm32f4xx_hal_rcc_ex.c ****     {
3530:Drivers/STM32F4xx_HAL_Driver/Src/stm32f4xx_hal_rcc_ex.c ****       /* Enable the Internal Low Speed oscillator (LSI). */
3531:Drivers/STM32F4xx_HAL_Driver/Src/stm32f4xx_hal_rcc_ex.c ****       __HAL_RCC_LSI_ENABLE();
ARM GAS  C:\Users\user\AppData\Local\Temp\ccuZOZlR.s 			page 125


 2991              		.loc 1 3531 7 is_stmt 1 view .LVU998
 2992 0170 444B     		ldr	r3, .L317+4
 2993 0172 0122     		movs	r2, #1
 2994 0174 C3F8802E 		str	r2, [r3, #3712]
3532:Drivers/STM32F4xx_HAL_Driver/Src/stm32f4xx_hal_rcc_ex.c **** 
3533:Drivers/STM32F4xx_HAL_Driver/Src/stm32f4xx_hal_rcc_ex.c ****       /* Get Start Tick*/
3534:Drivers/STM32F4xx_HAL_Driver/Src/stm32f4xx_hal_rcc_ex.c ****       tickstart = HAL_GetTick();
 2995              		.loc 1 3534 7 view .LVU999
 2996              		.loc 1 3534 19 is_stmt 0 view .LVU1000
 2997 0178 FFF7FEFF 		bl	HAL_GetTick
 2998              	.LVL250:
 2999 017c 0546     		mov	r5, r0
 3000              	.LVL251:
3535:Drivers/STM32F4xx_HAL_Driver/Src/stm32f4xx_hal_rcc_ex.c **** 
3536:Drivers/STM32F4xx_HAL_Driver/Src/stm32f4xx_hal_rcc_ex.c ****       /* Wait till LSI is ready */
3537:Drivers/STM32F4xx_HAL_Driver/Src/stm32f4xx_hal_rcc_ex.c ****       while (__HAL_RCC_GET_FLAG(RCC_FLAG_LSIRDY) == RESET)
 3001              		.loc 1 3537 7 is_stmt 1 view .LVU1001
 3002              	.L247:
 3003              		.loc 1 3537 50 view .LVU1002
 3004              		.loc 1 3537 14 is_stmt 0 view .LVU1003
 3005 017e 404B     		ldr	r3, .L317
 3006 0180 5B6F     		ldr	r3, [r3, #116]
 3007              		.loc 1 3537 50 view .LVU1004
 3008 0182 13F0020F 		tst	r3, #2
 3009 0186 3AD1     		bne	.L245
3538:Drivers/STM32F4xx_HAL_Driver/Src/stm32f4xx_hal_rcc_ex.c ****       {
3539:Drivers/STM32F4xx_HAL_Driver/Src/stm32f4xx_hal_rcc_ex.c ****         if ((HAL_GetTick() - tickstart) > LSI_TIMEOUT_VALUE)
 3010              		.loc 1 3539 9 is_stmt 1 view .LVU1005
 3011              		.loc 1 3539 14 is_stmt 0 view .LVU1006
 3012 0188 FFF7FEFF 		bl	HAL_GetTick
 3013              	.LVL252:
 3014              		.loc 1 3539 28 discriminator 1 view .LVU1007
 3015 018c 401B     		subs	r0, r0, r5
 3016              		.loc 1 3539 12 discriminator 1 view .LVU1008
 3017 018e 0228     		cmp	r0, #2
 3018 0190 F5D9     		bls	.L247
3540:Drivers/STM32F4xx_HAL_Driver/Src/stm32f4xx_hal_rcc_ex.c ****         {
3541:Drivers/STM32F4xx_HAL_Driver/Src/stm32f4xx_hal_rcc_ex.c ****           return HAL_TIMEOUT;
 3019              		.loc 1 3541 18 view .LVU1009
 3020 0192 0320     		movs	r0, #3
 3021 0194 41E1     		b	.L222
 3022              	.LVL253:
 3023              	.L307:
3460:Drivers/STM32F4xx_HAL_Driver/Src/stm32f4xx_hal_rcc_ex.c **** #else
 3024              		.loc 1 3460 71 view .LVU1010
 3025 0196 3A4B     		ldr	r3, .L317
 3026 0198 5B68     		ldr	r3, [r3, #4]
3460:Drivers/STM32F4xx_HAL_Driver/Src/stm32f4xx_hal_rcc_ex.c **** #else
 3027              		.loc 1 3460 63 view .LVU1011
 3028 019a 13F4800F 		tst	r3, #4194304
 3029 019e 90D1     		bne	.L238
 3030 01a0 CEE7     		b	.L236
 3031              	.LVL254:
 3032              	.L308:
3500:Drivers/STM32F4xx_HAL_Driver/Src/stm32f4xx_hal_rcc_ex.c ****       }
 3033              		.loc 1 3500 9 is_stmt 1 view .LVU1012
 3034 01a2 374A     		ldr	r2, .L317
ARM GAS  C:\Users\user\AppData\Local\Temp\ccuZOZlR.s 			page 126


 3035 01a4 1368     		ldr	r3, [r2]
 3036 01a6 23F0F803 		bic	r3, r3, #248
 3037 01aa 2169     		ldr	r1, [r4, #16]
 3038 01ac 43EAC103 		orr	r3, r3, r1, lsl #3
 3039 01b0 1360     		str	r3, [r2]
 3040 01b2 D6E7     		b	.L235
 3041              	.LVL255:
 3042              	.L240:
3505:Drivers/STM32F4xx_HAL_Driver/Src/stm32f4xx_hal_rcc_ex.c **** 
 3043              		.loc 1 3505 9 view .LVU1013
 3044 01b4 334B     		ldr	r3, .L317+4
 3045 01b6 0022     		movs	r2, #0
 3046 01b8 1A60     		str	r2, [r3]
3508:Drivers/STM32F4xx_HAL_Driver/Src/stm32f4xx_hal_rcc_ex.c **** 
 3047              		.loc 1 3508 9 view .LVU1014
3508:Drivers/STM32F4xx_HAL_Driver/Src/stm32f4xx_hal_rcc_ex.c **** 
 3048              		.loc 1 3508 21 is_stmt 0 view .LVU1015
 3049 01ba FFF7FEFF 		bl	HAL_GetTick
 3050              	.LVL256:
 3051 01be 0546     		mov	r5, r0
 3052              	.LVL257:
3511:Drivers/STM32F4xx_HAL_Driver/Src/stm32f4xx_hal_rcc_ex.c ****         {
 3053              		.loc 1 3511 9 is_stmt 1 view .LVU1016
 3054              	.L243:
3511:Drivers/STM32F4xx_HAL_Driver/Src/stm32f4xx_hal_rcc_ex.c ****         {
 3055              		.loc 1 3511 52 view .LVU1017
3511:Drivers/STM32F4xx_HAL_Driver/Src/stm32f4xx_hal_rcc_ex.c ****         {
 3056              		.loc 1 3511 16 is_stmt 0 view .LVU1018
 3057 01c0 2F4B     		ldr	r3, .L317
 3058 01c2 1B68     		ldr	r3, [r3]
3511:Drivers/STM32F4xx_HAL_Driver/Src/stm32f4xx_hal_rcc_ex.c ****         {
 3059              		.loc 1 3511 52 view .LVU1019
 3060 01c4 13F0020F 		tst	r3, #2
 3061 01c8 CBD0     		beq	.L235
3513:Drivers/STM32F4xx_HAL_Driver/Src/stm32f4xx_hal_rcc_ex.c ****           {
 3062              		.loc 1 3513 11 is_stmt 1 view .LVU1020
3513:Drivers/STM32F4xx_HAL_Driver/Src/stm32f4xx_hal_rcc_ex.c ****           {
 3063              		.loc 1 3513 16 is_stmt 0 view .LVU1021
 3064 01ca FFF7FEFF 		bl	HAL_GetTick
 3065              	.LVL258:
3513:Drivers/STM32F4xx_HAL_Driver/Src/stm32f4xx_hal_rcc_ex.c ****           {
 3066              		.loc 1 3513 30 discriminator 1 view .LVU1022
 3067 01ce 401B     		subs	r0, r0, r5
3513:Drivers/STM32F4xx_HAL_Driver/Src/stm32f4xx_hal_rcc_ex.c ****           {
 3068              		.loc 1 3513 14 discriminator 1 view .LVU1023
 3069 01d0 0228     		cmp	r0, #2
 3070 01d2 F5D9     		bls	.L243
3515:Drivers/STM32F4xx_HAL_Driver/Src/stm32f4xx_hal_rcc_ex.c ****           }
 3071              		.loc 1 3515 20 view .LVU1024
 3072 01d4 0320     		movs	r0, #3
 3073 01d6 20E1     		b	.L222
 3074              	.LVL259:
 3075              	.L246:
3542:Drivers/STM32F4xx_HAL_Driver/Src/stm32f4xx_hal_rcc_ex.c ****         }
3543:Drivers/STM32F4xx_HAL_Driver/Src/stm32f4xx_hal_rcc_ex.c ****       }
3544:Drivers/STM32F4xx_HAL_Driver/Src/stm32f4xx_hal_rcc_ex.c ****     }
3545:Drivers/STM32F4xx_HAL_Driver/Src/stm32f4xx_hal_rcc_ex.c ****     else
ARM GAS  C:\Users\user\AppData\Local\Temp\ccuZOZlR.s 			page 127


3546:Drivers/STM32F4xx_HAL_Driver/Src/stm32f4xx_hal_rcc_ex.c ****     {
3547:Drivers/STM32F4xx_HAL_Driver/Src/stm32f4xx_hal_rcc_ex.c ****       /* Disable the Internal Low Speed oscillator (LSI). */
3548:Drivers/STM32F4xx_HAL_Driver/Src/stm32f4xx_hal_rcc_ex.c ****       __HAL_RCC_LSI_DISABLE();
 3076              		.loc 1 3548 7 is_stmt 1 view .LVU1025
 3077 01d8 2A4B     		ldr	r3, .L317+4
 3078 01da 0022     		movs	r2, #0
 3079 01dc C3F8802E 		str	r2, [r3, #3712]
3549:Drivers/STM32F4xx_HAL_Driver/Src/stm32f4xx_hal_rcc_ex.c **** 
3550:Drivers/STM32F4xx_HAL_Driver/Src/stm32f4xx_hal_rcc_ex.c ****       /* Get Start Tick*/
3551:Drivers/STM32F4xx_HAL_Driver/Src/stm32f4xx_hal_rcc_ex.c ****       tickstart = HAL_GetTick();
 3080              		.loc 1 3551 7 view .LVU1026
 3081              		.loc 1 3551 19 is_stmt 0 view .LVU1027
 3082 01e0 FFF7FEFF 		bl	HAL_GetTick
 3083              	.LVL260:
 3084 01e4 0546     		mov	r5, r0
 3085              	.LVL261:
3552:Drivers/STM32F4xx_HAL_Driver/Src/stm32f4xx_hal_rcc_ex.c **** 
3553:Drivers/STM32F4xx_HAL_Driver/Src/stm32f4xx_hal_rcc_ex.c ****       /* Wait till LSI is ready */
3554:Drivers/STM32F4xx_HAL_Driver/Src/stm32f4xx_hal_rcc_ex.c ****       while (__HAL_RCC_GET_FLAG(RCC_FLAG_LSIRDY) != RESET)
 3086              		.loc 1 3554 7 is_stmt 1 view .LVU1028
 3087              	.L249:
 3088              		.loc 1 3554 50 view .LVU1029
 3089              		.loc 1 3554 14 is_stmt 0 view .LVU1030
 3090 01e6 264B     		ldr	r3, .L317
 3091 01e8 5B6F     		ldr	r3, [r3, #116]
 3092              		.loc 1 3554 50 view .LVU1031
 3093 01ea 13F0020F 		tst	r3, #2
 3094 01ee 06D0     		beq	.L245
3555:Drivers/STM32F4xx_HAL_Driver/Src/stm32f4xx_hal_rcc_ex.c ****       {
3556:Drivers/STM32F4xx_HAL_Driver/Src/stm32f4xx_hal_rcc_ex.c ****         if ((HAL_GetTick() - tickstart) > LSI_TIMEOUT_VALUE)
 3095              		.loc 1 3556 9 is_stmt 1 view .LVU1032
 3096              		.loc 1 3556 14 is_stmt 0 view .LVU1033
 3097 01f0 FFF7FEFF 		bl	HAL_GetTick
 3098              	.LVL262:
 3099              		.loc 1 3556 28 discriminator 1 view .LVU1034
 3100 01f4 401B     		subs	r0, r0, r5
 3101              		.loc 1 3556 12 discriminator 1 view .LVU1035
 3102 01f6 0228     		cmp	r0, #2
 3103 01f8 F5D9     		bls	.L249
3557:Drivers/STM32F4xx_HAL_Driver/Src/stm32f4xx_hal_rcc_ex.c ****         {
3558:Drivers/STM32F4xx_HAL_Driver/Src/stm32f4xx_hal_rcc_ex.c ****           return HAL_TIMEOUT;
 3104              		.loc 1 3558 18 view .LVU1036
 3105 01fa 0320     		movs	r0, #3
 3106 01fc 0DE1     		b	.L222
 3107              	.LVL263:
 3108              	.L245:
3559:Drivers/STM32F4xx_HAL_Driver/Src/stm32f4xx_hal_rcc_ex.c ****         }
3560:Drivers/STM32F4xx_HAL_Driver/Src/stm32f4xx_hal_rcc_ex.c ****       }
3561:Drivers/STM32F4xx_HAL_Driver/Src/stm32f4xx_hal_rcc_ex.c ****     }
3562:Drivers/STM32F4xx_HAL_Driver/Src/stm32f4xx_hal_rcc_ex.c ****   }
3563:Drivers/STM32F4xx_HAL_Driver/Src/stm32f4xx_hal_rcc_ex.c ****   /*------------------------------ LSE Configuration -------------------------*/
3564:Drivers/STM32F4xx_HAL_Driver/Src/stm32f4xx_hal_rcc_ex.c ****   if (((RCC_OscInitStruct->OscillatorType) & RCC_OSCILLATORTYPE_LSE) == RCC_OSCILLATORTYPE_LSE)
 3109              		.loc 1 3564 3 is_stmt 1 view .LVU1037
 3110              		.loc 1 3564 26 is_stmt 0 view .LVU1038
 3111 01fe 2368     		ldr	r3, [r4]
 3112              		.loc 1 3564 6 view .LVU1039
 3113 0200 13F0040F 		tst	r3, #4
ARM GAS  C:\Users\user\AppData\Local\Temp\ccuZOZlR.s 			page 128


 3114 0204 78D0     		beq	.L251
 3115              	.LBB3:
3565:Drivers/STM32F4xx_HAL_Driver/Src/stm32f4xx_hal_rcc_ex.c ****   {
3566:Drivers/STM32F4xx_HAL_Driver/Src/stm32f4xx_hal_rcc_ex.c ****     FlagStatus       pwrclkchanged = RESET;
 3116              		.loc 1 3566 5 is_stmt 1 view .LVU1040
 3117              	.LVL264:
3567:Drivers/STM32F4xx_HAL_Driver/Src/stm32f4xx_hal_rcc_ex.c **** 
3568:Drivers/STM32F4xx_HAL_Driver/Src/stm32f4xx_hal_rcc_ex.c ****     /* Check the parameters */
3569:Drivers/STM32F4xx_HAL_Driver/Src/stm32f4xx_hal_rcc_ex.c ****     assert_param(IS_RCC_LSE(RCC_OscInitStruct->LSEState));
 3118              		.loc 1 3569 5 view .LVU1041
3570:Drivers/STM32F4xx_HAL_Driver/Src/stm32f4xx_hal_rcc_ex.c **** 
3571:Drivers/STM32F4xx_HAL_Driver/Src/stm32f4xx_hal_rcc_ex.c ****     /* Update LSE configuration in Backup Domain control register    */
3572:Drivers/STM32F4xx_HAL_Driver/Src/stm32f4xx_hal_rcc_ex.c ****     /* Requires to enable write access to Backup Domain of necessary */
3573:Drivers/STM32F4xx_HAL_Driver/Src/stm32f4xx_hal_rcc_ex.c ****     if (__HAL_RCC_PWR_IS_CLK_DISABLED())
 3119              		.loc 1 3573 5 view .LVU1042
 3120              		.loc 1 3573 9 is_stmt 0 view .LVU1043
 3121 0206 1E4B     		ldr	r3, .L317
 3122 0208 1B6C     		ldr	r3, [r3, #64]
 3123              		.loc 1 3573 8 view .LVU1044
 3124 020a 13F0805F 		tst	r3, #268435456
 3125 020e 34D1     		bne	.L282
3574:Drivers/STM32F4xx_HAL_Driver/Src/stm32f4xx_hal_rcc_ex.c ****     {
3575:Drivers/STM32F4xx_HAL_Driver/Src/stm32f4xx_hal_rcc_ex.c ****       __HAL_RCC_PWR_CLK_ENABLE();
 3126              		.loc 1 3575 7 is_stmt 1 view .LVU1045
 3127              	.LBB4:
 3128              		.loc 1 3575 7 view .LVU1046
 3129 0210 0023     		movs	r3, #0
 3130 0212 0193     		str	r3, [sp, #4]
 3131              		.loc 1 3575 7 view .LVU1047
 3132 0214 1A4B     		ldr	r3, .L317
 3133 0216 1A6C     		ldr	r2, [r3, #64]
 3134 0218 42F08052 		orr	r2, r2, #268435456
 3135 021c 1A64     		str	r2, [r3, #64]
 3136              		.loc 1 3575 7 view .LVU1048
 3137 021e 1B6C     		ldr	r3, [r3, #64]
 3138 0220 03F08053 		and	r3, r3, #268435456
 3139 0224 0193     		str	r3, [sp, #4]
 3140              		.loc 1 3575 7 view .LVU1049
 3141 0226 019B     		ldr	r3, [sp, #4]
 3142              	.LBE4:
 3143              		.loc 1 3575 7 view .LVU1050
3576:Drivers/STM32F4xx_HAL_Driver/Src/stm32f4xx_hal_rcc_ex.c ****       pwrclkchanged = SET;
 3144              		.loc 1 3576 7 view .LVU1051
 3145              	.LVL265:
 3146              		.loc 1 3576 21 is_stmt 0 view .LVU1052
 3147 0228 0123     		movs	r3, #1
 3148 022a 1E46     		mov	r6, r3
 3149              	.LVL266:
 3150              	.L252:
3577:Drivers/STM32F4xx_HAL_Driver/Src/stm32f4xx_hal_rcc_ex.c ****     }
3578:Drivers/STM32F4xx_HAL_Driver/Src/stm32f4xx_hal_rcc_ex.c **** 
3579:Drivers/STM32F4xx_HAL_Driver/Src/stm32f4xx_hal_rcc_ex.c ****     if (HAL_IS_BIT_CLR(PWR->CR, PWR_CR_DBP))
 3151              		.loc 1 3579 5 is_stmt 1 view .LVU1053
 3152              		.loc 1 3579 9 is_stmt 0 view .LVU1054
 3153 022c 164B     		ldr	r3, .L317+8
 3154 022e 1B68     		ldr	r3, [r3]
 3155              		.loc 1 3579 8 view .LVU1055
ARM GAS  C:\Users\user\AppData\Local\Temp\ccuZOZlR.s 			page 129


 3156 0230 13F4807F 		tst	r3, #256
 3157 0234 2AD0     		beq	.L309
 3158              	.L253:
3580:Drivers/STM32F4xx_HAL_Driver/Src/stm32f4xx_hal_rcc_ex.c ****     {
3581:Drivers/STM32F4xx_HAL_Driver/Src/stm32f4xx_hal_rcc_ex.c ****       /* Enable write access to Backup domain */
3582:Drivers/STM32F4xx_HAL_Driver/Src/stm32f4xx_hal_rcc_ex.c ****       SET_BIT(PWR->CR, PWR_CR_DBP);
3583:Drivers/STM32F4xx_HAL_Driver/Src/stm32f4xx_hal_rcc_ex.c **** 
3584:Drivers/STM32F4xx_HAL_Driver/Src/stm32f4xx_hal_rcc_ex.c ****       /* Wait for Backup domain Write protection disable */
3585:Drivers/STM32F4xx_HAL_Driver/Src/stm32f4xx_hal_rcc_ex.c ****       tickstart = HAL_GetTick();
3586:Drivers/STM32F4xx_HAL_Driver/Src/stm32f4xx_hal_rcc_ex.c **** 
3587:Drivers/STM32F4xx_HAL_Driver/Src/stm32f4xx_hal_rcc_ex.c ****       while (HAL_IS_BIT_CLR(PWR->CR, PWR_CR_DBP))
3588:Drivers/STM32F4xx_HAL_Driver/Src/stm32f4xx_hal_rcc_ex.c ****       {
3589:Drivers/STM32F4xx_HAL_Driver/Src/stm32f4xx_hal_rcc_ex.c ****         if ((HAL_GetTick() - tickstart) > RCC_DBP_TIMEOUT_VALUE)
3590:Drivers/STM32F4xx_HAL_Driver/Src/stm32f4xx_hal_rcc_ex.c ****         {
3591:Drivers/STM32F4xx_HAL_Driver/Src/stm32f4xx_hal_rcc_ex.c ****           return HAL_TIMEOUT;
3592:Drivers/STM32F4xx_HAL_Driver/Src/stm32f4xx_hal_rcc_ex.c ****         }
3593:Drivers/STM32F4xx_HAL_Driver/Src/stm32f4xx_hal_rcc_ex.c ****       }
3594:Drivers/STM32F4xx_HAL_Driver/Src/stm32f4xx_hal_rcc_ex.c ****     }
3595:Drivers/STM32F4xx_HAL_Driver/Src/stm32f4xx_hal_rcc_ex.c **** 
3596:Drivers/STM32F4xx_HAL_Driver/Src/stm32f4xx_hal_rcc_ex.c ****     /* Set the new LSE configuration -----------------------------------------*/
3597:Drivers/STM32F4xx_HAL_Driver/Src/stm32f4xx_hal_rcc_ex.c ****     __HAL_RCC_LSE_CONFIG(RCC_OscInitStruct->LSEState);
 3159              		.loc 1 3597 5 is_stmt 1 view .LVU1056
 3160              		.loc 1 3597 5 view .LVU1057
 3161 0236 A368     		ldr	r3, [r4, #8]
 3162 0238 012B     		cmp	r3, #1
 3163 023a 3BD0     		beq	.L310
 3164              		.loc 1 3597 5 discriminator 2 view .LVU1058
 3165 023c 052B     		cmp	r3, #5
 3166 023e 3FD0     		beq	.L311
 3167              		.loc 1 3597 5 discriminator 4 view .LVU1059
 3168 0240 0F4B     		ldr	r3, .L317
 3169 0242 1A6F     		ldr	r2, [r3, #112]
 3170 0244 22F00102 		bic	r2, r2, #1
 3171 0248 1A67     		str	r2, [r3, #112]
 3172              		.loc 1 3597 5 view .LVU1060
 3173              		.loc 1 3597 5 is_stmt 0 discriminator 4 view .LVU1061
 3174 024a 1A6F     		ldr	r2, [r3, #112]
 3175 024c 22F00402 		bic	r2, r2, #4
 3176 0250 1A67     		str	r2, [r3, #112]
 3177              	.L257:
 3178              		.loc 1 3597 5 is_stmt 1 view .LVU1062
3598:Drivers/STM32F4xx_HAL_Driver/Src/stm32f4xx_hal_rcc_ex.c ****     /* Check the LSE State */
3599:Drivers/STM32F4xx_HAL_Driver/Src/stm32f4xx_hal_rcc_ex.c ****     if ((RCC_OscInitStruct->LSEState) != RCC_LSE_OFF)
 3179              		.loc 1 3599 5 view .LVU1063
 3180              		.loc 1 3599 27 is_stmt 0 view .LVU1064
 3181 0252 A368     		ldr	r3, [r4, #8]
 3182              		.loc 1 3599 8 view .LVU1065
 3183 0254 002B     		cmp	r3, #0
 3184 0256 3DD0     		beq	.L259
3600:Drivers/STM32F4xx_HAL_Driver/Src/stm32f4xx_hal_rcc_ex.c ****     {
3601:Drivers/STM32F4xx_HAL_Driver/Src/stm32f4xx_hal_rcc_ex.c ****       /* Get Start Tick*/
3602:Drivers/STM32F4xx_HAL_Driver/Src/stm32f4xx_hal_rcc_ex.c ****       tickstart = HAL_GetTick();
 3185              		.loc 1 3602 7 is_stmt 1 view .LVU1066
 3186              		.loc 1 3602 19 is_stmt 0 view .LVU1067
 3187 0258 FFF7FEFF 		bl	HAL_GetTick
 3188              	.LVL267:
 3189 025c 0546     		mov	r5, r0
ARM GAS  C:\Users\user\AppData\Local\Temp\ccuZOZlR.s 			page 130


 3190              	.LVL268:
3603:Drivers/STM32F4xx_HAL_Driver/Src/stm32f4xx_hal_rcc_ex.c **** 
3604:Drivers/STM32F4xx_HAL_Driver/Src/stm32f4xx_hal_rcc_ex.c ****       /* Wait till LSE is ready */
3605:Drivers/STM32F4xx_HAL_Driver/Src/stm32f4xx_hal_rcc_ex.c ****       while (__HAL_RCC_GET_FLAG(RCC_FLAG_LSERDY) == RESET)
 3191              		.loc 1 3605 7 is_stmt 1 view .LVU1068
 3192              	.L260:
 3193              		.loc 1 3605 50 view .LVU1069
 3194              		.loc 1 3605 14 is_stmt 0 view .LVU1070
 3195 025e 084B     		ldr	r3, .L317
 3196 0260 1B6F     		ldr	r3, [r3, #112]
 3197              		.loc 1 3605 50 view .LVU1071
 3198 0262 13F0020F 		tst	r3, #2
 3199 0266 46D1     		bne	.L262
3606:Drivers/STM32F4xx_HAL_Driver/Src/stm32f4xx_hal_rcc_ex.c ****       {
3607:Drivers/STM32F4xx_HAL_Driver/Src/stm32f4xx_hal_rcc_ex.c ****         if ((HAL_GetTick() - tickstart) > RCC_LSE_TIMEOUT_VALUE)
 3200              		.loc 1 3607 9 is_stmt 1 view .LVU1072
 3201              		.loc 1 3607 14 is_stmt 0 view .LVU1073
 3202 0268 FFF7FEFF 		bl	HAL_GetTick
 3203              	.LVL269:
 3204              		.loc 1 3607 28 discriminator 1 view .LVU1074
 3205 026c 401B     		subs	r0, r0, r5
 3206              		.loc 1 3607 12 discriminator 1 view .LVU1075
 3207 026e 41F28833 		movw	r3, #5000
 3208 0272 9842     		cmp	r0, r3
 3209 0274 F3D9     		bls	.L260
3608:Drivers/STM32F4xx_HAL_Driver/Src/stm32f4xx_hal_rcc_ex.c ****         {
3609:Drivers/STM32F4xx_HAL_Driver/Src/stm32f4xx_hal_rcc_ex.c ****           return HAL_TIMEOUT;
 3210              		.loc 1 3609 18 view .LVU1076
 3211 0276 0320     		movs	r0, #3
 3212 0278 CFE0     		b	.L222
 3213              	.LVL270:
 3214              	.L282:
3566:Drivers/STM32F4xx_HAL_Driver/Src/stm32f4xx_hal_rcc_ex.c **** 
 3215              		.loc 1 3566 22 view .LVU1077
 3216 027a 0023     		movs	r3, #0
 3217 027c 1E46     		mov	r6, r3
 3218 027e D5E7     		b	.L252
 3219              	.L318:
 3220              		.align	2
 3221              	.L317:
 3222 0280 00380240 		.word	1073887232
 3223 0284 00004742 		.word	1111949312
 3224 0288 00700040 		.word	1073770496
 3225              	.LVL271:
 3226              	.L309:
3582:Drivers/STM32F4xx_HAL_Driver/Src/stm32f4xx_hal_rcc_ex.c **** 
 3227              		.loc 1 3582 7 is_stmt 1 view .LVU1078
 3228 028c 6B4A     		ldr	r2, .L319
 3229 028e 1368     		ldr	r3, [r2]
 3230 0290 43F48073 		orr	r3, r3, #256
 3231 0294 1360     		str	r3, [r2]
3585:Drivers/STM32F4xx_HAL_Driver/Src/stm32f4xx_hal_rcc_ex.c **** 
 3232              		.loc 1 3585 7 view .LVU1079
3585:Drivers/STM32F4xx_HAL_Driver/Src/stm32f4xx_hal_rcc_ex.c **** 
 3233              		.loc 1 3585 19 is_stmt 0 view .LVU1080
 3234 0296 FFF7FEFF 		bl	HAL_GetTick
 3235              	.LVL272:
ARM GAS  C:\Users\user\AppData\Local\Temp\ccuZOZlR.s 			page 131


 3236 029a 0546     		mov	r5, r0
 3237              	.LVL273:
3587:Drivers/STM32F4xx_HAL_Driver/Src/stm32f4xx_hal_rcc_ex.c ****       {
 3238              		.loc 1 3587 7 is_stmt 1 view .LVU1081
 3239              	.L254:
3587:Drivers/STM32F4xx_HAL_Driver/Src/stm32f4xx_hal_rcc_ex.c ****       {
 3240              		.loc 1 3587 14 view .LVU1082
 3241 029c 674B     		ldr	r3, .L319
 3242 029e 1B68     		ldr	r3, [r3]
 3243 02a0 13F4807F 		tst	r3, #256
 3244 02a4 C7D1     		bne	.L253
3589:Drivers/STM32F4xx_HAL_Driver/Src/stm32f4xx_hal_rcc_ex.c ****         {
 3245              		.loc 1 3589 9 view .LVU1083
3589:Drivers/STM32F4xx_HAL_Driver/Src/stm32f4xx_hal_rcc_ex.c ****         {
 3246              		.loc 1 3589 14 is_stmt 0 view .LVU1084
 3247 02a6 FFF7FEFF 		bl	HAL_GetTick
 3248              	.LVL274:
3589:Drivers/STM32F4xx_HAL_Driver/Src/stm32f4xx_hal_rcc_ex.c ****         {
 3249              		.loc 1 3589 28 discriminator 1 view .LVU1085
 3250 02aa 401B     		subs	r0, r0, r5
3589:Drivers/STM32F4xx_HAL_Driver/Src/stm32f4xx_hal_rcc_ex.c ****         {
 3251              		.loc 1 3589 12 discriminator 1 view .LVU1086
 3252 02ac 0228     		cmp	r0, #2
 3253 02ae F5D9     		bls	.L254
3591:Drivers/STM32F4xx_HAL_Driver/Src/stm32f4xx_hal_rcc_ex.c ****         }
 3254              		.loc 1 3591 18 view .LVU1087
 3255 02b0 0320     		movs	r0, #3
 3256 02b2 B2E0     		b	.L222
 3257              	.LVL275:
 3258              	.L310:
3597:Drivers/STM32F4xx_HAL_Driver/Src/stm32f4xx_hal_rcc_ex.c ****     /* Check the LSE State */
 3259              		.loc 1 3597 5 is_stmt 1 discriminator 1 view .LVU1088
 3260 02b4 624A     		ldr	r2, .L319+4
 3261 02b6 136F     		ldr	r3, [r2, #112]
 3262 02b8 43F00103 		orr	r3, r3, #1
 3263 02bc 1367     		str	r3, [r2, #112]
 3264 02be C8E7     		b	.L257
 3265              	.L311:
3597:Drivers/STM32F4xx_HAL_Driver/Src/stm32f4xx_hal_rcc_ex.c ****     /* Check the LSE State */
 3266              		.loc 1 3597 5 discriminator 3 view .LVU1089
 3267 02c0 5F4B     		ldr	r3, .L319+4
 3268 02c2 1A6F     		ldr	r2, [r3, #112]
 3269 02c4 42F00402 		orr	r2, r2, #4
 3270 02c8 1A67     		str	r2, [r3, #112]
3597:Drivers/STM32F4xx_HAL_Driver/Src/stm32f4xx_hal_rcc_ex.c ****     /* Check the LSE State */
 3271              		.loc 1 3597 5 view .LVU1090
3597:Drivers/STM32F4xx_HAL_Driver/Src/stm32f4xx_hal_rcc_ex.c ****     /* Check the LSE State */
 3272              		.loc 1 3597 5 is_stmt 0 discriminator 3 view .LVU1091
 3273 02ca 1A6F     		ldr	r2, [r3, #112]
 3274 02cc 42F00102 		orr	r2, r2, #1
 3275 02d0 1A67     		str	r2, [r3, #112]
 3276 02d2 BEE7     		b	.L257
 3277              	.L259:
3610:Drivers/STM32F4xx_HAL_Driver/Src/stm32f4xx_hal_rcc_ex.c ****         }
3611:Drivers/STM32F4xx_HAL_Driver/Src/stm32f4xx_hal_rcc_ex.c ****       }
3612:Drivers/STM32F4xx_HAL_Driver/Src/stm32f4xx_hal_rcc_ex.c ****     }
3613:Drivers/STM32F4xx_HAL_Driver/Src/stm32f4xx_hal_rcc_ex.c ****     else
ARM GAS  C:\Users\user\AppData\Local\Temp\ccuZOZlR.s 			page 132


3614:Drivers/STM32F4xx_HAL_Driver/Src/stm32f4xx_hal_rcc_ex.c ****     {
3615:Drivers/STM32F4xx_HAL_Driver/Src/stm32f4xx_hal_rcc_ex.c ****       /* Get Start Tick*/
3616:Drivers/STM32F4xx_HAL_Driver/Src/stm32f4xx_hal_rcc_ex.c ****       tickstart = HAL_GetTick();
 3278              		.loc 1 3616 7 is_stmt 1 view .LVU1092
 3279              		.loc 1 3616 19 is_stmt 0 view .LVU1093
 3280 02d4 FFF7FEFF 		bl	HAL_GetTick
 3281              	.LVL276:
 3282 02d8 0546     		mov	r5, r0
 3283              	.LVL277:
3617:Drivers/STM32F4xx_HAL_Driver/Src/stm32f4xx_hal_rcc_ex.c **** 
3618:Drivers/STM32F4xx_HAL_Driver/Src/stm32f4xx_hal_rcc_ex.c ****       /* Wait till LSE is ready */
3619:Drivers/STM32F4xx_HAL_Driver/Src/stm32f4xx_hal_rcc_ex.c ****       while (__HAL_RCC_GET_FLAG(RCC_FLAG_LSERDY) != RESET)
 3284              		.loc 1 3619 7 is_stmt 1 view .LVU1094
 3285              	.L263:
 3286              		.loc 1 3619 50 view .LVU1095
 3287              		.loc 1 3619 14 is_stmt 0 view .LVU1096
 3288 02da 594B     		ldr	r3, .L319+4
 3289 02dc 1B6F     		ldr	r3, [r3, #112]
 3290              		.loc 1 3619 50 view .LVU1097
 3291 02de 13F0020F 		tst	r3, #2
 3292 02e2 08D0     		beq	.L262
3620:Drivers/STM32F4xx_HAL_Driver/Src/stm32f4xx_hal_rcc_ex.c ****       {
3621:Drivers/STM32F4xx_HAL_Driver/Src/stm32f4xx_hal_rcc_ex.c ****         if ((HAL_GetTick() - tickstart) > RCC_LSE_TIMEOUT_VALUE)
 3293              		.loc 1 3621 9 is_stmt 1 view .LVU1098
 3294              		.loc 1 3621 14 is_stmt 0 view .LVU1099
 3295 02e4 FFF7FEFF 		bl	HAL_GetTick
 3296              	.LVL278:
 3297              		.loc 1 3621 28 discriminator 1 view .LVU1100
 3298 02e8 401B     		subs	r0, r0, r5
 3299              		.loc 1 3621 12 discriminator 1 view .LVU1101
 3300 02ea 41F28833 		movw	r3, #5000
 3301 02ee 9842     		cmp	r0, r3
 3302 02f0 F3D9     		bls	.L263
3622:Drivers/STM32F4xx_HAL_Driver/Src/stm32f4xx_hal_rcc_ex.c ****         {
3623:Drivers/STM32F4xx_HAL_Driver/Src/stm32f4xx_hal_rcc_ex.c ****           return HAL_TIMEOUT;
 3303              		.loc 1 3623 18 view .LVU1102
 3304 02f2 0320     		movs	r0, #3
 3305 02f4 91E0     		b	.L222
 3306              	.L262:
3624:Drivers/STM32F4xx_HAL_Driver/Src/stm32f4xx_hal_rcc_ex.c ****         }
3625:Drivers/STM32F4xx_HAL_Driver/Src/stm32f4xx_hal_rcc_ex.c ****       }
3626:Drivers/STM32F4xx_HAL_Driver/Src/stm32f4xx_hal_rcc_ex.c ****     }
3627:Drivers/STM32F4xx_HAL_Driver/Src/stm32f4xx_hal_rcc_ex.c **** 
3628:Drivers/STM32F4xx_HAL_Driver/Src/stm32f4xx_hal_rcc_ex.c ****     /* Restore clock configuration if changed */
3629:Drivers/STM32F4xx_HAL_Driver/Src/stm32f4xx_hal_rcc_ex.c ****     if (pwrclkchanged == SET)
 3307              		.loc 1 3629 5 is_stmt 1 view .LVU1103
 3308              		.loc 1 3629 8 is_stmt 0 view .LVU1104
 3309 02f6 EEB9     		cbnz	r6, .L312
 3310              	.LVL279:
 3311              	.L251:
 3312              		.loc 1 3629 8 view .LVU1105
 3313              	.LBE3:
3630:Drivers/STM32F4xx_HAL_Driver/Src/stm32f4xx_hal_rcc_ex.c ****     {
3631:Drivers/STM32F4xx_HAL_Driver/Src/stm32f4xx_hal_rcc_ex.c ****       __HAL_RCC_PWR_CLK_DISABLE();
3632:Drivers/STM32F4xx_HAL_Driver/Src/stm32f4xx_hal_rcc_ex.c ****     }
3633:Drivers/STM32F4xx_HAL_Driver/Src/stm32f4xx_hal_rcc_ex.c ****   }
3634:Drivers/STM32F4xx_HAL_Driver/Src/stm32f4xx_hal_rcc_ex.c ****   /*-------------------------------- PLL Configuration -----------------------*/
ARM GAS  C:\Users\user\AppData\Local\Temp\ccuZOZlR.s 			page 133


3635:Drivers/STM32F4xx_HAL_Driver/Src/stm32f4xx_hal_rcc_ex.c ****   /* Check the parameters */
3636:Drivers/STM32F4xx_HAL_Driver/Src/stm32f4xx_hal_rcc_ex.c ****   assert_param(IS_RCC_PLL(RCC_OscInitStruct->PLL.PLLState));
 3314              		.loc 1 3636 3 is_stmt 1 view .LVU1106
3637:Drivers/STM32F4xx_HAL_Driver/Src/stm32f4xx_hal_rcc_ex.c ****   if ((RCC_OscInitStruct->PLL.PLLState) != RCC_PLL_NONE)
 3315              		.loc 1 3637 3 view .LVU1107
 3316              		.loc 1 3637 30 is_stmt 0 view .LVU1108
 3317 02f8 A369     		ldr	r3, [r4, #24]
 3318              		.loc 1 3637 6 view .LVU1109
 3319 02fa 002B     		cmp	r3, #0
 3320 02fc 00F08C80 		beq	.L286
3638:Drivers/STM32F4xx_HAL_Driver/Src/stm32f4xx_hal_rcc_ex.c ****   {
3639:Drivers/STM32F4xx_HAL_Driver/Src/stm32f4xx_hal_rcc_ex.c ****     /* Check if the PLL is used as system clock or not */
3640:Drivers/STM32F4xx_HAL_Driver/Src/stm32f4xx_hal_rcc_ex.c ****     if (__HAL_RCC_GET_SYSCLK_SOURCE() != RCC_CFGR_SWS_PLL)
 3321              		.loc 1 3640 5 is_stmt 1 view .LVU1110
 3322              		.loc 1 3640 9 is_stmt 0 view .LVU1111
 3323 0300 4F4A     		ldr	r2, .L319+4
 3324 0302 9268     		ldr	r2, [r2, #8]
 3325 0304 02F00C02 		and	r2, r2, #12
 3326              		.loc 1 3640 8 view .LVU1112
 3327 0308 082A     		cmp	r2, #8
 3328 030a 54D0     		beq	.L265
3641:Drivers/STM32F4xx_HAL_Driver/Src/stm32f4xx_hal_rcc_ex.c ****     {
3642:Drivers/STM32F4xx_HAL_Driver/Src/stm32f4xx_hal_rcc_ex.c ****       if ((RCC_OscInitStruct->PLL.PLLState) == RCC_PLL_ON)
 3329              		.loc 1 3642 7 is_stmt 1 view .LVU1113
 3330              		.loc 1 3642 10 is_stmt 0 view .LVU1114
 3331 030c 022B     		cmp	r3, #2
 3332 030e 17D0     		beq	.L313
3643:Drivers/STM32F4xx_HAL_Driver/Src/stm32f4xx_hal_rcc_ex.c ****       {
3644:Drivers/STM32F4xx_HAL_Driver/Src/stm32f4xx_hal_rcc_ex.c ****         /* Check the parameters */
3645:Drivers/STM32F4xx_HAL_Driver/Src/stm32f4xx_hal_rcc_ex.c ****         assert_param(IS_RCC_PLLSOURCE(RCC_OscInitStruct->PLL.PLLSource));
3646:Drivers/STM32F4xx_HAL_Driver/Src/stm32f4xx_hal_rcc_ex.c ****         assert_param(IS_RCC_PLLM_VALUE(RCC_OscInitStruct->PLL.PLLM));
3647:Drivers/STM32F4xx_HAL_Driver/Src/stm32f4xx_hal_rcc_ex.c ****         assert_param(IS_RCC_PLLN_VALUE(RCC_OscInitStruct->PLL.PLLN));
3648:Drivers/STM32F4xx_HAL_Driver/Src/stm32f4xx_hal_rcc_ex.c ****         assert_param(IS_RCC_PLLP_VALUE(RCC_OscInitStruct->PLL.PLLP));
3649:Drivers/STM32F4xx_HAL_Driver/Src/stm32f4xx_hal_rcc_ex.c ****         assert_param(IS_RCC_PLLQ_VALUE(RCC_OscInitStruct->PLL.PLLQ));
3650:Drivers/STM32F4xx_HAL_Driver/Src/stm32f4xx_hal_rcc_ex.c ****         assert_param(IS_RCC_PLLR_VALUE(RCC_OscInitStruct->PLL.PLLR));
3651:Drivers/STM32F4xx_HAL_Driver/Src/stm32f4xx_hal_rcc_ex.c **** 
3652:Drivers/STM32F4xx_HAL_Driver/Src/stm32f4xx_hal_rcc_ex.c ****         /* Disable the main PLL. */
3653:Drivers/STM32F4xx_HAL_Driver/Src/stm32f4xx_hal_rcc_ex.c ****         __HAL_RCC_PLL_DISABLE();
3654:Drivers/STM32F4xx_HAL_Driver/Src/stm32f4xx_hal_rcc_ex.c **** 
3655:Drivers/STM32F4xx_HAL_Driver/Src/stm32f4xx_hal_rcc_ex.c ****         /* Get Start Tick*/
3656:Drivers/STM32F4xx_HAL_Driver/Src/stm32f4xx_hal_rcc_ex.c ****         tickstart = HAL_GetTick();
3657:Drivers/STM32F4xx_HAL_Driver/Src/stm32f4xx_hal_rcc_ex.c **** 
3658:Drivers/STM32F4xx_HAL_Driver/Src/stm32f4xx_hal_rcc_ex.c ****         /* Wait till PLL is ready */
3659:Drivers/STM32F4xx_HAL_Driver/Src/stm32f4xx_hal_rcc_ex.c ****         while (__HAL_RCC_GET_FLAG(RCC_FLAG_PLLRDY) != RESET)
3660:Drivers/STM32F4xx_HAL_Driver/Src/stm32f4xx_hal_rcc_ex.c ****         {
3661:Drivers/STM32F4xx_HAL_Driver/Src/stm32f4xx_hal_rcc_ex.c ****           if ((HAL_GetTick() - tickstart) > PLL_TIMEOUT_VALUE)
3662:Drivers/STM32F4xx_HAL_Driver/Src/stm32f4xx_hal_rcc_ex.c ****           {
3663:Drivers/STM32F4xx_HAL_Driver/Src/stm32f4xx_hal_rcc_ex.c ****             return HAL_TIMEOUT;
3664:Drivers/STM32F4xx_HAL_Driver/Src/stm32f4xx_hal_rcc_ex.c ****           }
3665:Drivers/STM32F4xx_HAL_Driver/Src/stm32f4xx_hal_rcc_ex.c ****         }
3666:Drivers/STM32F4xx_HAL_Driver/Src/stm32f4xx_hal_rcc_ex.c **** 
3667:Drivers/STM32F4xx_HAL_Driver/Src/stm32f4xx_hal_rcc_ex.c ****         /* Configure the main PLL clock source, multiplication and division factors. */
3668:Drivers/STM32F4xx_HAL_Driver/Src/stm32f4xx_hal_rcc_ex.c ****         WRITE_REG(RCC->PLLCFGR, (RCC_OscInitStruct->PLL.PLLSource                                  
3669:Drivers/STM32F4xx_HAL_Driver/Src/stm32f4xx_hal_rcc_ex.c ****                                  RCC_OscInitStruct->PLL.PLLM                                       
3670:Drivers/STM32F4xx_HAL_Driver/Src/stm32f4xx_hal_rcc_ex.c ****                                  (RCC_OscInitStruct->PLL.PLLN << RCC_PLLCFGR_PLLN_Pos)             
3671:Drivers/STM32F4xx_HAL_Driver/Src/stm32f4xx_hal_rcc_ex.c ****                                  (((RCC_OscInitStruct->PLL.PLLP >> 1U) - 1U) << RCC_PLLCFGR_PLLP_Po
3672:Drivers/STM32F4xx_HAL_Driver/Src/stm32f4xx_hal_rcc_ex.c ****                                  (RCC_OscInitStruct->PLL.PLLQ << RCC_PLLCFGR_PLLQ_Pos)             
ARM GAS  C:\Users\user\AppData\Local\Temp\ccuZOZlR.s 			page 134


3673:Drivers/STM32F4xx_HAL_Driver/Src/stm32f4xx_hal_rcc_ex.c ****                                  (RCC_OscInitStruct->PLL.PLLR << RCC_PLLCFGR_PLLR_Pos)));
3674:Drivers/STM32F4xx_HAL_Driver/Src/stm32f4xx_hal_rcc_ex.c ****         /* Enable the main PLL. */
3675:Drivers/STM32F4xx_HAL_Driver/Src/stm32f4xx_hal_rcc_ex.c ****         __HAL_RCC_PLL_ENABLE();
3676:Drivers/STM32F4xx_HAL_Driver/Src/stm32f4xx_hal_rcc_ex.c **** 
3677:Drivers/STM32F4xx_HAL_Driver/Src/stm32f4xx_hal_rcc_ex.c ****         /* Get Start Tick*/
3678:Drivers/STM32F4xx_HAL_Driver/Src/stm32f4xx_hal_rcc_ex.c ****         tickstart = HAL_GetTick();
3679:Drivers/STM32F4xx_HAL_Driver/Src/stm32f4xx_hal_rcc_ex.c **** 
3680:Drivers/STM32F4xx_HAL_Driver/Src/stm32f4xx_hal_rcc_ex.c ****         /* Wait till PLL is ready */
3681:Drivers/STM32F4xx_HAL_Driver/Src/stm32f4xx_hal_rcc_ex.c ****         while (__HAL_RCC_GET_FLAG(RCC_FLAG_PLLRDY) == RESET)
3682:Drivers/STM32F4xx_HAL_Driver/Src/stm32f4xx_hal_rcc_ex.c ****         {
3683:Drivers/STM32F4xx_HAL_Driver/Src/stm32f4xx_hal_rcc_ex.c ****           if ((HAL_GetTick() - tickstart) > PLL_TIMEOUT_VALUE)
3684:Drivers/STM32F4xx_HAL_Driver/Src/stm32f4xx_hal_rcc_ex.c ****           {
3685:Drivers/STM32F4xx_HAL_Driver/Src/stm32f4xx_hal_rcc_ex.c ****             return HAL_TIMEOUT;
3686:Drivers/STM32F4xx_HAL_Driver/Src/stm32f4xx_hal_rcc_ex.c ****           }
3687:Drivers/STM32F4xx_HAL_Driver/Src/stm32f4xx_hal_rcc_ex.c ****         }
3688:Drivers/STM32F4xx_HAL_Driver/Src/stm32f4xx_hal_rcc_ex.c ****       }
3689:Drivers/STM32F4xx_HAL_Driver/Src/stm32f4xx_hal_rcc_ex.c ****       else
3690:Drivers/STM32F4xx_HAL_Driver/Src/stm32f4xx_hal_rcc_ex.c ****       {
3691:Drivers/STM32F4xx_HAL_Driver/Src/stm32f4xx_hal_rcc_ex.c ****         /* Disable the main PLL. */
3692:Drivers/STM32F4xx_HAL_Driver/Src/stm32f4xx_hal_rcc_ex.c ****         __HAL_RCC_PLL_DISABLE();
 3333              		.loc 1 3692 9 is_stmt 1 view .LVU1115
 3334 0310 4C4B     		ldr	r3, .L319+8
 3335 0312 0022     		movs	r2, #0
 3336 0314 1A66     		str	r2, [r3, #96]
3693:Drivers/STM32F4xx_HAL_Driver/Src/stm32f4xx_hal_rcc_ex.c **** 
3694:Drivers/STM32F4xx_HAL_Driver/Src/stm32f4xx_hal_rcc_ex.c ****         /* Get Start Tick*/
3695:Drivers/STM32F4xx_HAL_Driver/Src/stm32f4xx_hal_rcc_ex.c ****         tickstart = HAL_GetTick();
 3337              		.loc 1 3695 9 view .LVU1116
 3338              		.loc 1 3695 21 is_stmt 0 view .LVU1117
 3339 0316 FFF7FEFF 		bl	HAL_GetTick
 3340              	.LVL280:
 3341 031a 0446     		mov	r4, r0
 3342              	.LVL281:
3696:Drivers/STM32F4xx_HAL_Driver/Src/stm32f4xx_hal_rcc_ex.c **** 
3697:Drivers/STM32F4xx_HAL_Driver/Src/stm32f4xx_hal_rcc_ex.c ****         /* Wait till PLL is ready */
3698:Drivers/STM32F4xx_HAL_Driver/Src/stm32f4xx_hal_rcc_ex.c ****         while (__HAL_RCC_GET_FLAG(RCC_FLAG_PLLRDY) != RESET)
 3343              		.loc 1 3698 9 is_stmt 1 view .LVU1118
 3344              	.L271:
 3345              		.loc 1 3698 52 view .LVU1119
 3346              		.loc 1 3698 16 is_stmt 0 view .LVU1120
 3347 031c 484B     		ldr	r3, .L319+4
 3348 031e 1B68     		ldr	r3, [r3]
 3349              		.loc 1 3698 52 view .LVU1121
 3350 0320 13F0007F 		tst	r3, #33554432
 3351 0324 45D0     		beq	.L314
3699:Drivers/STM32F4xx_HAL_Driver/Src/stm32f4xx_hal_rcc_ex.c ****         {
3700:Drivers/STM32F4xx_HAL_Driver/Src/stm32f4xx_hal_rcc_ex.c ****           if ((HAL_GetTick() - tickstart) > PLL_TIMEOUT_VALUE)
 3352              		.loc 1 3700 11 is_stmt 1 view .LVU1122
 3353              		.loc 1 3700 16 is_stmt 0 view .LVU1123
 3354 0326 FFF7FEFF 		bl	HAL_GetTick
 3355              	.LVL282:
 3356              		.loc 1 3700 30 discriminator 1 view .LVU1124
 3357 032a 001B     		subs	r0, r0, r4
 3358              		.loc 1 3700 14 discriminator 1 view .LVU1125
 3359 032c 0228     		cmp	r0, #2
 3360 032e F5D9     		bls	.L271
3701:Drivers/STM32F4xx_HAL_Driver/Src/stm32f4xx_hal_rcc_ex.c ****           {
ARM GAS  C:\Users\user\AppData\Local\Temp\ccuZOZlR.s 			page 135


3702:Drivers/STM32F4xx_HAL_Driver/Src/stm32f4xx_hal_rcc_ex.c ****             return HAL_TIMEOUT;
 3361              		.loc 1 3702 20 view .LVU1126
 3362 0330 0320     		movs	r0, #3
 3363 0332 72E0     		b	.L222
 3364              	.LVL283:
 3365              	.L312:
 3366              	.LBB5:
3631:Drivers/STM32F4xx_HAL_Driver/Src/stm32f4xx_hal_rcc_ex.c ****     }
 3367              		.loc 1 3631 7 is_stmt 1 view .LVU1127
 3368 0334 424A     		ldr	r2, .L319+4
 3369 0336 136C     		ldr	r3, [r2, #64]
 3370 0338 23F08053 		bic	r3, r3, #268435456
 3371 033c 1364     		str	r3, [r2, #64]
 3372 033e DBE7     		b	.L251
 3373              	.LVL284:
 3374              	.L313:
3631:Drivers/STM32F4xx_HAL_Driver/Src/stm32f4xx_hal_rcc_ex.c ****     }
 3375              		.loc 1 3631 7 is_stmt 0 view .LVU1128
 3376              	.LBE5:
3645:Drivers/STM32F4xx_HAL_Driver/Src/stm32f4xx_hal_rcc_ex.c ****         assert_param(IS_RCC_PLLM_VALUE(RCC_OscInitStruct->PLL.PLLM));
 3377              		.loc 1 3645 9 is_stmt 1 view .LVU1129
3646:Drivers/STM32F4xx_HAL_Driver/Src/stm32f4xx_hal_rcc_ex.c ****         assert_param(IS_RCC_PLLN_VALUE(RCC_OscInitStruct->PLL.PLLN));
 3378              		.loc 1 3646 9 view .LVU1130
3647:Drivers/STM32F4xx_HAL_Driver/Src/stm32f4xx_hal_rcc_ex.c ****         assert_param(IS_RCC_PLLP_VALUE(RCC_OscInitStruct->PLL.PLLP));
 3379              		.loc 1 3647 9 view .LVU1131
3648:Drivers/STM32F4xx_HAL_Driver/Src/stm32f4xx_hal_rcc_ex.c ****         assert_param(IS_RCC_PLLQ_VALUE(RCC_OscInitStruct->PLL.PLLQ));
 3380              		.loc 1 3648 9 view .LVU1132
3649:Drivers/STM32F4xx_HAL_Driver/Src/stm32f4xx_hal_rcc_ex.c ****         assert_param(IS_RCC_PLLR_VALUE(RCC_OscInitStruct->PLL.PLLR));
 3381              		.loc 1 3649 9 view .LVU1133
3650:Drivers/STM32F4xx_HAL_Driver/Src/stm32f4xx_hal_rcc_ex.c **** 
 3382              		.loc 1 3650 9 view .LVU1134
3653:Drivers/STM32F4xx_HAL_Driver/Src/stm32f4xx_hal_rcc_ex.c **** 
 3383              		.loc 1 3653 9 view .LVU1135
 3384 0340 404B     		ldr	r3, .L319+8
 3385 0342 0022     		movs	r2, #0
 3386 0344 1A66     		str	r2, [r3, #96]
3656:Drivers/STM32F4xx_HAL_Driver/Src/stm32f4xx_hal_rcc_ex.c **** 
 3387              		.loc 1 3656 9 view .LVU1136
3656:Drivers/STM32F4xx_HAL_Driver/Src/stm32f4xx_hal_rcc_ex.c **** 
 3388              		.loc 1 3656 21 is_stmt 0 view .LVU1137
 3389 0346 FFF7FEFF 		bl	HAL_GetTick
 3390              	.LVL285:
 3391 034a 0546     		mov	r5, r0
 3392              	.LVL286:
3659:Drivers/STM32F4xx_HAL_Driver/Src/stm32f4xx_hal_rcc_ex.c ****         {
 3393              		.loc 1 3659 9 is_stmt 1 view .LVU1138
 3394              	.L267:
3659:Drivers/STM32F4xx_HAL_Driver/Src/stm32f4xx_hal_rcc_ex.c ****         {
 3395              		.loc 1 3659 52 view .LVU1139
3659:Drivers/STM32F4xx_HAL_Driver/Src/stm32f4xx_hal_rcc_ex.c ****         {
 3396              		.loc 1 3659 16 is_stmt 0 view .LVU1140
 3397 034c 3C4B     		ldr	r3, .L319+4
 3398 034e 1B68     		ldr	r3, [r3]
3659:Drivers/STM32F4xx_HAL_Driver/Src/stm32f4xx_hal_rcc_ex.c ****         {
 3399              		.loc 1 3659 52 view .LVU1141
 3400 0350 13F0007F 		tst	r3, #33554432
 3401 0354 06D0     		beq	.L315
ARM GAS  C:\Users\user\AppData\Local\Temp\ccuZOZlR.s 			page 136


3661:Drivers/STM32F4xx_HAL_Driver/Src/stm32f4xx_hal_rcc_ex.c ****           {
 3402              		.loc 1 3661 11 is_stmt 1 view .LVU1142
3661:Drivers/STM32F4xx_HAL_Driver/Src/stm32f4xx_hal_rcc_ex.c ****           {
 3403              		.loc 1 3661 16 is_stmt 0 view .LVU1143
 3404 0356 FFF7FEFF 		bl	HAL_GetTick
 3405              	.LVL287:
3661:Drivers/STM32F4xx_HAL_Driver/Src/stm32f4xx_hal_rcc_ex.c ****           {
 3406              		.loc 1 3661 30 discriminator 1 view .LVU1144
 3407 035a 401B     		subs	r0, r0, r5
3661:Drivers/STM32F4xx_HAL_Driver/Src/stm32f4xx_hal_rcc_ex.c ****           {
 3408              		.loc 1 3661 14 discriminator 1 view .LVU1145
 3409 035c 0228     		cmp	r0, #2
 3410 035e F5D9     		bls	.L267
3663:Drivers/STM32F4xx_HAL_Driver/Src/stm32f4xx_hal_rcc_ex.c ****           }
 3411              		.loc 1 3663 20 view .LVU1146
 3412 0360 0320     		movs	r0, #3
 3413 0362 5AE0     		b	.L222
 3414              	.L315:
3668:Drivers/STM32F4xx_HAL_Driver/Src/stm32f4xx_hal_rcc_ex.c ****                                  RCC_OscInitStruct->PLL.PLLM                                       
 3415              		.loc 1 3668 9 is_stmt 1 view .LVU1147
 3416 0364 E369     		ldr	r3, [r4, #28]
 3417 0366 226A     		ldr	r2, [r4, #32]
 3418 0368 1343     		orrs	r3, r3, r2
 3419 036a 626A     		ldr	r2, [r4, #36]
 3420 036c 43EA8213 		orr	r3, r3, r2, lsl #6
 3421 0370 A26A     		ldr	r2, [r4, #40]
 3422 0372 5208     		lsrs	r2, r2, #1
 3423 0374 013A     		subs	r2, r2, #1
 3424 0376 43EA0243 		orr	r3, r3, r2, lsl #16
 3425 037a E26A     		ldr	r2, [r4, #44]
 3426 037c 43EA0263 		orr	r3, r3, r2, lsl #24
 3427 0380 226B     		ldr	r2, [r4, #48]
 3428 0382 43EA0273 		orr	r3, r3, r2, lsl #28
 3429 0386 2E4A     		ldr	r2, .L319+4
 3430 0388 5360     		str	r3, [r2, #4]
3675:Drivers/STM32F4xx_HAL_Driver/Src/stm32f4xx_hal_rcc_ex.c **** 
 3431              		.loc 1 3675 9 view .LVU1148
 3432 038a 2E4B     		ldr	r3, .L319+8
 3433 038c 0122     		movs	r2, #1
 3434 038e 1A66     		str	r2, [r3, #96]
3678:Drivers/STM32F4xx_HAL_Driver/Src/stm32f4xx_hal_rcc_ex.c **** 
 3435              		.loc 1 3678 9 view .LVU1149
3678:Drivers/STM32F4xx_HAL_Driver/Src/stm32f4xx_hal_rcc_ex.c **** 
 3436              		.loc 1 3678 21 is_stmt 0 view .LVU1150
 3437 0390 FFF7FEFF 		bl	HAL_GetTick
 3438              	.LVL288:
 3439 0394 0446     		mov	r4, r0
 3440              	.LVL289:
3681:Drivers/STM32F4xx_HAL_Driver/Src/stm32f4xx_hal_rcc_ex.c ****         {
 3441              		.loc 1 3681 9 is_stmt 1 view .LVU1151
 3442              	.L269:
3681:Drivers/STM32F4xx_HAL_Driver/Src/stm32f4xx_hal_rcc_ex.c ****         {
 3443              		.loc 1 3681 52 view .LVU1152
3681:Drivers/STM32F4xx_HAL_Driver/Src/stm32f4xx_hal_rcc_ex.c ****         {
 3444              		.loc 1 3681 16 is_stmt 0 view .LVU1153
 3445 0396 2A4B     		ldr	r3, .L319+4
 3446 0398 1B68     		ldr	r3, [r3]
ARM GAS  C:\Users\user\AppData\Local\Temp\ccuZOZlR.s 			page 137


3681:Drivers/STM32F4xx_HAL_Driver/Src/stm32f4xx_hal_rcc_ex.c ****         {
 3447              		.loc 1 3681 52 view .LVU1154
 3448 039a 13F0007F 		tst	r3, #33554432
 3449 039e 06D1     		bne	.L316
3683:Drivers/STM32F4xx_HAL_Driver/Src/stm32f4xx_hal_rcc_ex.c ****           {
 3450              		.loc 1 3683 11 is_stmt 1 view .LVU1155
3683:Drivers/STM32F4xx_HAL_Driver/Src/stm32f4xx_hal_rcc_ex.c ****           {
 3451              		.loc 1 3683 16 is_stmt 0 view .LVU1156
 3452 03a0 FFF7FEFF 		bl	HAL_GetTick
 3453              	.LVL290:
3683:Drivers/STM32F4xx_HAL_Driver/Src/stm32f4xx_hal_rcc_ex.c ****           {
 3454              		.loc 1 3683 30 discriminator 1 view .LVU1157
 3455 03a4 001B     		subs	r0, r0, r4
3683:Drivers/STM32F4xx_HAL_Driver/Src/stm32f4xx_hal_rcc_ex.c ****           {
 3456              		.loc 1 3683 14 discriminator 1 view .LVU1158
 3457 03a6 0228     		cmp	r0, #2
 3458 03a8 F5D9     		bls	.L269
3685:Drivers/STM32F4xx_HAL_Driver/Src/stm32f4xx_hal_rcc_ex.c ****           }
 3459              		.loc 1 3685 20 view .LVU1159
 3460 03aa 0320     		movs	r0, #3
 3461 03ac 35E0     		b	.L222
 3462              	.L316:
3703:Drivers/STM32F4xx_HAL_Driver/Src/stm32f4xx_hal_rcc_ex.c ****           }
3704:Drivers/STM32F4xx_HAL_Driver/Src/stm32f4xx_hal_rcc_ex.c ****         }
3705:Drivers/STM32F4xx_HAL_Driver/Src/stm32f4xx_hal_rcc_ex.c ****       }
3706:Drivers/STM32F4xx_HAL_Driver/Src/stm32f4xx_hal_rcc_ex.c ****     }
3707:Drivers/STM32F4xx_HAL_Driver/Src/stm32f4xx_hal_rcc_ex.c ****     else
3708:Drivers/STM32F4xx_HAL_Driver/Src/stm32f4xx_hal_rcc_ex.c ****     {
3709:Drivers/STM32F4xx_HAL_Driver/Src/stm32f4xx_hal_rcc_ex.c ****       /* Check if there is a request to disable the PLL used as System clock source */
3710:Drivers/STM32F4xx_HAL_Driver/Src/stm32f4xx_hal_rcc_ex.c ****       if ((RCC_OscInitStruct->PLL.PLLState) == RCC_PLL_OFF)
3711:Drivers/STM32F4xx_HAL_Driver/Src/stm32f4xx_hal_rcc_ex.c ****       {
3712:Drivers/STM32F4xx_HAL_Driver/Src/stm32f4xx_hal_rcc_ex.c ****         return HAL_ERROR;
3713:Drivers/STM32F4xx_HAL_Driver/Src/stm32f4xx_hal_rcc_ex.c ****       }
3714:Drivers/STM32F4xx_HAL_Driver/Src/stm32f4xx_hal_rcc_ex.c ****       else
3715:Drivers/STM32F4xx_HAL_Driver/Src/stm32f4xx_hal_rcc_ex.c ****       {
3716:Drivers/STM32F4xx_HAL_Driver/Src/stm32f4xx_hal_rcc_ex.c ****         /* Do not return HAL_ERROR if request repeats the current configuration */
3717:Drivers/STM32F4xx_HAL_Driver/Src/stm32f4xx_hal_rcc_ex.c ****         pll_config = RCC->PLLCFGR;
3718:Drivers/STM32F4xx_HAL_Driver/Src/stm32f4xx_hal_rcc_ex.c **** #if defined (RCC_PLLCFGR_PLLR)
3719:Drivers/STM32F4xx_HAL_Driver/Src/stm32f4xx_hal_rcc_ex.c ****         if (((RCC_OscInitStruct->PLL.PLLState) == RCC_PLL_OFF) ||
3720:Drivers/STM32F4xx_HAL_Driver/Src/stm32f4xx_hal_rcc_ex.c ****             (READ_BIT(pll_config, RCC_PLLCFGR_PLLSRC) != RCC_OscInitStruct->PLL.PLLSource) ||
3721:Drivers/STM32F4xx_HAL_Driver/Src/stm32f4xx_hal_rcc_ex.c ****             (READ_BIT(pll_config, RCC_PLLCFGR_PLLM) != (RCC_OscInitStruct->PLL.PLLM) << RCC_PLLCFGR
3722:Drivers/STM32F4xx_HAL_Driver/Src/stm32f4xx_hal_rcc_ex.c ****             (READ_BIT(pll_config, RCC_PLLCFGR_PLLN) != (RCC_OscInitStruct->PLL.PLLN) << RCC_PLLCFGR
3723:Drivers/STM32F4xx_HAL_Driver/Src/stm32f4xx_hal_rcc_ex.c ****             (READ_BIT(pll_config, RCC_PLLCFGR_PLLP) != (((RCC_OscInitStruct->PLL.PLLP >> 1U) - 1U))
3724:Drivers/STM32F4xx_HAL_Driver/Src/stm32f4xx_hal_rcc_ex.c ****             (READ_BIT(pll_config, RCC_PLLCFGR_PLLQ) != (RCC_OscInitStruct->PLL.PLLQ << RCC_PLLCFGR_
3725:Drivers/STM32F4xx_HAL_Driver/Src/stm32f4xx_hal_rcc_ex.c ****             (READ_BIT(pll_config, RCC_PLLCFGR_PLLR) != (RCC_OscInitStruct->PLL.PLLR << RCC_PLLCFGR_
3726:Drivers/STM32F4xx_HAL_Driver/Src/stm32f4xx_hal_rcc_ex.c **** #else
3727:Drivers/STM32F4xx_HAL_Driver/Src/stm32f4xx_hal_rcc_ex.c ****         if (((RCC_OscInitStruct->PLL.PLLState) == RCC_PLL_OFF) ||
3728:Drivers/STM32F4xx_HAL_Driver/Src/stm32f4xx_hal_rcc_ex.c ****             (READ_BIT(pll_config, RCC_PLLCFGR_PLLSRC) != RCC_OscInitStruct->PLL.PLLSource) ||
3729:Drivers/STM32F4xx_HAL_Driver/Src/stm32f4xx_hal_rcc_ex.c ****             (READ_BIT(pll_config, RCC_PLLCFGR_PLLM) != (RCC_OscInitStruct->PLL.PLLM) << RCC_PLLCFGR
3730:Drivers/STM32F4xx_HAL_Driver/Src/stm32f4xx_hal_rcc_ex.c ****             (READ_BIT(pll_config, RCC_PLLCFGR_PLLN) != (RCC_OscInitStruct->PLL.PLLN) << RCC_PLLCFGR
3731:Drivers/STM32F4xx_HAL_Driver/Src/stm32f4xx_hal_rcc_ex.c ****             (READ_BIT(pll_config, RCC_PLLCFGR_PLLP) != (((RCC_OscInitStruct->PLL.PLLP >> 1U) - 1U))
3732:Drivers/STM32F4xx_HAL_Driver/Src/stm32f4xx_hal_rcc_ex.c ****             (READ_BIT(pll_config, RCC_PLLCFGR_PLLQ) != (RCC_OscInitStruct->PLL.PLLQ << RCC_PLLCFGR_
3733:Drivers/STM32F4xx_HAL_Driver/Src/stm32f4xx_hal_rcc_ex.c **** #endif /* RCC_PLLCFGR_PLLR */
3734:Drivers/STM32F4xx_HAL_Driver/Src/stm32f4xx_hal_rcc_ex.c ****         {
3735:Drivers/STM32F4xx_HAL_Driver/Src/stm32f4xx_hal_rcc_ex.c ****           return HAL_ERROR;
3736:Drivers/STM32F4xx_HAL_Driver/Src/stm32f4xx_hal_rcc_ex.c ****         }
3737:Drivers/STM32F4xx_HAL_Driver/Src/stm32f4xx_hal_rcc_ex.c ****       }
ARM GAS  C:\Users\user\AppData\Local\Temp\ccuZOZlR.s 			page 138


3738:Drivers/STM32F4xx_HAL_Driver/Src/stm32f4xx_hal_rcc_ex.c ****     }
3739:Drivers/STM32F4xx_HAL_Driver/Src/stm32f4xx_hal_rcc_ex.c ****   }
3740:Drivers/STM32F4xx_HAL_Driver/Src/stm32f4xx_hal_rcc_ex.c ****   return HAL_OK;
 3463              		.loc 1 3740 10 view .LVU1160
 3464 03ae 0020     		movs	r0, #0
 3465 03b0 33E0     		b	.L222
 3466              	.L314:
 3467              		.loc 1 3740 10 view .LVU1161
 3468 03b2 0020     		movs	r0, #0
 3469 03b4 31E0     		b	.L222
 3470              	.LVL291:
 3471              	.L265:
3710:Drivers/STM32F4xx_HAL_Driver/Src/stm32f4xx_hal_rcc_ex.c ****       {
 3472              		.loc 1 3710 7 is_stmt 1 view .LVU1162
3710:Drivers/STM32F4xx_HAL_Driver/Src/stm32f4xx_hal_rcc_ex.c ****       {
 3473              		.loc 1 3710 10 is_stmt 0 view .LVU1163
 3474 03b6 012B     		cmp	r3, #1
 3475 03b8 31D0     		beq	.L290
3717:Drivers/STM32F4xx_HAL_Driver/Src/stm32f4xx_hal_rcc_ex.c **** #if defined (RCC_PLLCFGR_PLLR)
 3476              		.loc 1 3717 9 is_stmt 1 view .LVU1164
3717:Drivers/STM32F4xx_HAL_Driver/Src/stm32f4xx_hal_rcc_ex.c **** #if defined (RCC_PLLCFGR_PLLR)
 3477              		.loc 1 3717 20 is_stmt 0 view .LVU1165
 3478 03ba 214B     		ldr	r3, .L319+4
 3479 03bc 5B68     		ldr	r3, [r3, #4]
 3480              	.LVL292:
3719:Drivers/STM32F4xx_HAL_Driver/Src/stm32f4xx_hal_rcc_ex.c ****             (READ_BIT(pll_config, RCC_PLLCFGR_PLLSRC) != RCC_OscInitStruct->PLL.PLLSource) ||
 3481              		.loc 1 3719 9 is_stmt 1 view .LVU1166
3720:Drivers/STM32F4xx_HAL_Driver/Src/stm32f4xx_hal_rcc_ex.c ****             (READ_BIT(pll_config, RCC_PLLCFGR_PLLM) != (RCC_OscInitStruct->PLL.PLLM) << RCC_PLLCFGR
 3482              		.loc 1 3720 14 is_stmt 0 view .LVU1167
 3483 03be 03F48001 		and	r1, r3, #4194304
3720:Drivers/STM32F4xx_HAL_Driver/Src/stm32f4xx_hal_rcc_ex.c ****             (READ_BIT(pll_config, RCC_PLLCFGR_PLLM) != (RCC_OscInitStruct->PLL.PLLM) << RCC_PLLCFGR
 3484              		.loc 1 3720 80 view .LVU1168
 3485 03c2 E269     		ldr	r2, [r4, #28]
3719:Drivers/STM32F4xx_HAL_Driver/Src/stm32f4xx_hal_rcc_ex.c ****             (READ_BIT(pll_config, RCC_PLLCFGR_PLLSRC) != RCC_OscInitStruct->PLL.PLLSource) ||
 3486              		.loc 1 3719 64 discriminator 1 view .LVU1169
 3487 03c4 9142     		cmp	r1, r2
 3488 03c6 2CD1     		bne	.L291
3721:Drivers/STM32F4xx_HAL_Driver/Src/stm32f4xx_hal_rcc_ex.c ****             (READ_BIT(pll_config, RCC_PLLCFGR_PLLN) != (RCC_OscInitStruct->PLL.PLLN) << RCC_PLLCFGR
 3489              		.loc 1 3721 14 view .LVU1170
 3490 03c8 03F03F02 		and	r2, r3, #63
3721:Drivers/STM32F4xx_HAL_Driver/Src/stm32f4xx_hal_rcc_ex.c ****             (READ_BIT(pll_config, RCC_PLLCFGR_PLLN) != (RCC_OscInitStruct->PLL.PLLN) << RCC_PLLCFGR
 3491              		.loc 1 3721 79 view .LVU1171
 3492 03cc 216A     		ldr	r1, [r4, #32]
3720:Drivers/STM32F4xx_HAL_Driver/Src/stm32f4xx_hal_rcc_ex.c ****             (READ_BIT(pll_config, RCC_PLLCFGR_PLLM) != (RCC_OscInitStruct->PLL.PLLM) << RCC_PLLCFGR
 3493              		.loc 1 3720 92 view .LVU1172
 3494 03ce 8A42     		cmp	r2, r1
 3495 03d0 29D1     		bne	.L292
3722:Drivers/STM32F4xx_HAL_Driver/Src/stm32f4xx_hal_rcc_ex.c ****             (READ_BIT(pll_config, RCC_PLLCFGR_PLLP) != (((RCC_OscInitStruct->PLL.PLLP >> 1U) - 1U))
 3496              		.loc 1 3722 79 view .LVU1173
 3497 03d2 616A     		ldr	r1, [r4, #36]
3721:Drivers/STM32F4xx_HAL_Driver/Src/stm32f4xx_hal_rcc_ex.c ****             (READ_BIT(pll_config, RCC_PLLCFGR_PLLN) != (RCC_OscInitStruct->PLL.PLLN) << RCC_PLLCFGR
 3498              		.loc 1 3721 111 view .LVU1174
 3499 03d4 47F6C072 		movw	r2, #32704
 3500 03d8 1A40     		ands	r2, r2, r3
 3501 03da B2EB811F 		cmp	r2, r1, lsl #6
 3502 03de 24D1     		bne	.L293
3723:Drivers/STM32F4xx_HAL_Driver/Src/stm32f4xx_hal_rcc_ex.c ****             (READ_BIT(pll_config, RCC_PLLCFGR_PLLQ) != (RCC_OscInitStruct->PLL.PLLQ << RCC_PLLCFGR_
ARM GAS  C:\Users\user\AppData\Local\Temp\ccuZOZlR.s 			page 139


 3503              		.loc 1 3723 14 view .LVU1175
 3504 03e0 03F44031 		and	r1, r3, #196608
3723:Drivers/STM32F4xx_HAL_Driver/Src/stm32f4xx_hal_rcc_ex.c ****             (READ_BIT(pll_config, RCC_PLLCFGR_PLLQ) != (RCC_OscInitStruct->PLL.PLLQ << RCC_PLLCFGR_
 3505              		.loc 1 3723 81 view .LVU1176
 3506 03e4 A26A     		ldr	r2, [r4, #40]
3723:Drivers/STM32F4xx_HAL_Driver/Src/stm32f4xx_hal_rcc_ex.c ****             (READ_BIT(pll_config, RCC_PLLCFGR_PLLQ) != (RCC_OscInitStruct->PLL.PLLQ << RCC_PLLCFGR_
 3507              		.loc 1 3723 87 view .LVU1177
 3508 03e6 5208     		lsrs	r2, r2, #1
3723:Drivers/STM32F4xx_HAL_Driver/Src/stm32f4xx_hal_rcc_ex.c ****             (READ_BIT(pll_config, RCC_PLLCFGR_PLLQ) != (RCC_OscInitStruct->PLL.PLLQ << RCC_PLLCFGR_
 3509              		.loc 1 3723 94 view .LVU1178
 3510 03e8 013A     		subs	r2, r2, #1
3722:Drivers/STM32F4xx_HAL_Driver/Src/stm32f4xx_hal_rcc_ex.c ****             (READ_BIT(pll_config, RCC_PLLCFGR_PLLP) != (((RCC_OscInitStruct->PLL.PLLP >> 1U) - 1U))
 3511              		.loc 1 3722 111 view .LVU1179
 3512 03ea B1EB024F 		cmp	r1, r2, lsl #16
 3513 03ee 1ED1     		bne	.L294
3724:Drivers/STM32F4xx_HAL_Driver/Src/stm32f4xx_hal_rcc_ex.c ****             (READ_BIT(pll_config, RCC_PLLCFGR_PLLR) != (RCC_OscInitStruct->PLL.PLLR << RCC_PLLCFGR_
 3514              		.loc 1 3724 14 view .LVU1180
 3515 03f0 03F07062 		and	r2, r3, #251658240
3724:Drivers/STM32F4xx_HAL_Driver/Src/stm32f4xx_hal_rcc_ex.c ****             (READ_BIT(pll_config, RCC_PLLCFGR_PLLR) != (RCC_OscInitStruct->PLL.PLLR << RCC_PLLCFGR_
 3516              		.loc 1 3724 79 view .LVU1181
 3517 03f4 E16A     		ldr	r1, [r4, #44]
3723:Drivers/STM32F4xx_HAL_Driver/Src/stm32f4xx_hal_rcc_ex.c ****             (READ_BIT(pll_config, RCC_PLLCFGR_PLLQ) != (RCC_OscInitStruct->PLL.PLLQ << RCC_PLLCFGR_
 3518              		.loc 1 3723 126 view .LVU1182
 3519 03f6 B2EB016F 		cmp	r2, r1, lsl #24
 3520 03fa 1AD1     		bne	.L295
3725:Drivers/STM32F4xx_HAL_Driver/Src/stm32f4xx_hal_rcc_ex.c **** #else
 3521              		.loc 1 3725 14 view .LVU1183
 3522 03fc 03F0E043 		and	r3, r3, #1879048192
 3523              	.LVL293:
3725:Drivers/STM32F4xx_HAL_Driver/Src/stm32f4xx_hal_rcc_ex.c **** #else
 3524              		.loc 1 3725 79 view .LVU1184
 3525 0400 226B     		ldr	r2, [r4, #48]
3724:Drivers/STM32F4xx_HAL_Driver/Src/stm32f4xx_hal_rcc_ex.c ****             (READ_BIT(pll_config, RCC_PLLCFGR_PLLR) != (RCC_OscInitStruct->PLL.PLLR << RCC_PLLCFGR_
 3526              		.loc 1 3724 111 view .LVU1185
 3527 0402 B3EB027F 		cmp	r3, r2, lsl #28
 3528 0406 16D1     		bne	.L296
 3529              		.loc 1 3740 10 view .LVU1186
 3530 0408 0020     		movs	r0, #0
 3531 040a 06E0     		b	.L222
 3532              	.LVL294:
 3533              	.L273:
 3534              	.LCFI12:
 3535              		.cfi_def_cfa_offset 0
 3536              		.cfi_restore 4
 3537              		.cfi_restore 5
 3538              		.cfi_restore 6
 3539              		.cfi_restore 14
3385:Drivers/STM32F4xx_HAL_Driver/Src/stm32f4xx_hal_rcc_ex.c ****   }
 3540              		.loc 1 3385 12 view .LVU1187
 3541 040c 0120     		movs	r0, #1
 3542              	.LVL295:
3741:Drivers/STM32F4xx_HAL_Driver/Src/stm32f4xx_hal_rcc_ex.c **** }
 3543              		.loc 1 3741 1 view .LVU1188
 3544 040e 7047     		bx	lr
 3545              	.LVL296:
 3546              	.L305:
 3547              	.LCFI13:
ARM GAS  C:\Users\user\AppData\Local\Temp\ccuZOZlR.s 			page 140


 3548              		.cfi_def_cfa_offset 24
 3549              		.cfi_offset 4, -16
 3550              		.cfi_offset 5, -12
 3551              		.cfi_offset 6, -8
 3552              		.cfi_offset 14, -4
3409:Drivers/STM32F4xx_HAL_Driver/Src/stm32f4xx_hal_rcc_ex.c ****       }
 3553              		.loc 1 3409 16 view .LVU1189
 3554 0410 0120     		movs	r0, #1
 3555              	.LVL297:
3409:Drivers/STM32F4xx_HAL_Driver/Src/stm32f4xx_hal_rcc_ex.c ****       }
 3556              		.loc 1 3409 16 view .LVU1190
 3557 0412 02E0     		b	.L222
 3558              	.L277:
3470:Drivers/STM32F4xx_HAL_Driver/Src/stm32f4xx_hal_rcc_ex.c ****       }
 3559              		.loc 1 3470 16 view .LVU1191
 3560 0414 0120     		movs	r0, #1
 3561 0416 00E0     		b	.L222
 3562              	.L286:
3740:Drivers/STM32F4xx_HAL_Driver/Src/stm32f4xx_hal_rcc_ex.c **** }
 3563              		.loc 1 3740 10 view .LVU1192
 3564 0418 1846     		mov	r0, r3
 3565              	.LVL298:
 3566              	.L222:
 3567              		.loc 1 3741 1 view .LVU1193
 3568 041a 02B0     		add	sp, sp, #8
 3569              	.LCFI14:
 3570              		.cfi_remember_state
 3571              		.cfi_def_cfa_offset 16
 3572              		@ sp needed
 3573 041c 70BD     		pop	{r4, r5, r6, pc}
 3574              	.LVL299:
 3575              	.L290:
 3576              	.LCFI15:
 3577              		.cfi_restore_state
3712:Drivers/STM32F4xx_HAL_Driver/Src/stm32f4xx_hal_rcc_ex.c ****       }
 3578              		.loc 1 3712 16 view .LVU1194
 3579 041e 0120     		movs	r0, #1
 3580 0420 FBE7     		b	.L222
 3581              	.LVL300:
 3582              	.L291:
3735:Drivers/STM32F4xx_HAL_Driver/Src/stm32f4xx_hal_rcc_ex.c ****         }
 3583              		.loc 1 3735 18 view .LVU1195
 3584 0422 0120     		movs	r0, #1
 3585 0424 F9E7     		b	.L222
 3586              	.L292:
 3587 0426 0120     		movs	r0, #1
 3588 0428 F7E7     		b	.L222
 3589              	.L293:
 3590 042a 0120     		movs	r0, #1
 3591 042c F5E7     		b	.L222
 3592              	.L294:
 3593 042e 0120     		movs	r0, #1
 3594 0430 F3E7     		b	.L222
 3595              	.L295:
 3596 0432 0120     		movs	r0, #1
 3597 0434 F1E7     		b	.L222
 3598              	.LVL301:
ARM GAS  C:\Users\user\AppData\Local\Temp\ccuZOZlR.s 			page 141


 3599              	.L296:
3735:Drivers/STM32F4xx_HAL_Driver/Src/stm32f4xx_hal_rcc_ex.c ****         }
 3600              		.loc 1 3735 18 view .LVU1196
 3601 0436 0120     		movs	r0, #1
 3602 0438 EFE7     		b	.L222
 3603              	.L320:
 3604 043a 00BF     		.align	2
 3605              	.L319:
 3606 043c 00700040 		.word	1073770496
 3607 0440 00380240 		.word	1073887232
 3608 0444 00004742 		.word	1111949312
 3609              		.cfi_endproc
 3610              	.LFE144:
 3612              		.section	.text.HAL_RCC_GetOscConfig,"ax",%progbits
 3613              		.align	1
 3614              		.global	HAL_RCC_GetOscConfig
 3615              		.syntax unified
 3616              		.thumb
 3617              		.thumb_func
 3619              	HAL_RCC_GetOscConfig:
 3620              	.LVL302:
 3621              	.LFB145:
3742:Drivers/STM32F4xx_HAL_Driver/Src/stm32f4xx_hal_rcc_ex.c **** 
3743:Drivers/STM32F4xx_HAL_Driver/Src/stm32f4xx_hal_rcc_ex.c **** /**
3744:Drivers/STM32F4xx_HAL_Driver/Src/stm32f4xx_hal_rcc_ex.c ****   * @brief  Configures the RCC_OscInitStruct according to the internal
3745:Drivers/STM32F4xx_HAL_Driver/Src/stm32f4xx_hal_rcc_ex.c ****   * RCC configuration registers.
3746:Drivers/STM32F4xx_HAL_Driver/Src/stm32f4xx_hal_rcc_ex.c ****   * @param  RCC_OscInitStruct pointer to an RCC_OscInitTypeDef structure that will be configured.
3747:Drivers/STM32F4xx_HAL_Driver/Src/stm32f4xx_hal_rcc_ex.c ****   *
3748:Drivers/STM32F4xx_HAL_Driver/Src/stm32f4xx_hal_rcc_ex.c ****   * @note   This function is only available in case of STM32F410xx/STM32F446xx/STM32F469xx/STM32F47
3749:Drivers/STM32F4xx_HAL_Driver/Src/stm32f4xx_hal_rcc_ex.c ****   * @note   This function add the PLL/PLLR factor management
3750:Drivers/STM32F4xx_HAL_Driver/Src/stm32f4xx_hal_rcc_ex.c ****   * @retval None
3751:Drivers/STM32F4xx_HAL_Driver/Src/stm32f4xx_hal_rcc_ex.c ****   */
3752:Drivers/STM32F4xx_HAL_Driver/Src/stm32f4xx_hal_rcc_ex.c **** void HAL_RCC_GetOscConfig(RCC_OscInitTypeDef  *RCC_OscInitStruct)
3753:Drivers/STM32F4xx_HAL_Driver/Src/stm32f4xx_hal_rcc_ex.c **** {
 3622              		.loc 1 3753 1 is_stmt 1 view -0
 3623              		.cfi_startproc
 3624              		@ args = 0, pretend = 0, frame = 0
 3625              		@ frame_needed = 0, uses_anonymous_args = 0
 3626              		@ link register save eliminated.
3754:Drivers/STM32F4xx_HAL_Driver/Src/stm32f4xx_hal_rcc_ex.c ****   /* Set all possible values for the Oscillator type parameter ---------------*/
3755:Drivers/STM32F4xx_HAL_Driver/Src/stm32f4xx_hal_rcc_ex.c ****   RCC_OscInitStruct->OscillatorType = RCC_OSCILLATORTYPE_HSE | RCC_OSCILLATORTYPE_HSI | RCC_OSCILLA
 3627              		.loc 1 3755 3 view .LVU1198
 3628              		.loc 1 3755 37 is_stmt 0 view .LVU1199
 3629 0000 0F23     		movs	r3, #15
 3630 0002 0360     		str	r3, [r0]
3756:Drivers/STM32F4xx_HAL_Driver/Src/stm32f4xx_hal_rcc_ex.c **** 
3757:Drivers/STM32F4xx_HAL_Driver/Src/stm32f4xx_hal_rcc_ex.c ****   /* Get the HSE configuration -----------------------------------------------*/
3758:Drivers/STM32F4xx_HAL_Driver/Src/stm32f4xx_hal_rcc_ex.c ****   if ((RCC->CR & RCC_CR_HSEBYP) == RCC_CR_HSEBYP)
 3631              		.loc 1 3758 3 is_stmt 1 view .LVU1200
 3632              		.loc 1 3758 11 is_stmt 0 view .LVU1201
 3633 0004 324B     		ldr	r3, .L334
 3634 0006 1B68     		ldr	r3, [r3]
 3635              		.loc 1 3758 6 view .LVU1202
 3636 0008 13F4802F 		tst	r3, #262144
 3637 000c 3FD0     		beq	.L322
3759:Drivers/STM32F4xx_HAL_Driver/Src/stm32f4xx_hal_rcc_ex.c ****   {
3760:Drivers/STM32F4xx_HAL_Driver/Src/stm32f4xx_hal_rcc_ex.c ****     RCC_OscInitStruct->HSEState = RCC_HSE_BYPASS;
ARM GAS  C:\Users\user\AppData\Local\Temp\ccuZOZlR.s 			page 142


 3638              		.loc 1 3760 5 is_stmt 1 view .LVU1203
 3639              		.loc 1 3760 33 is_stmt 0 view .LVU1204
 3640 000e 4FF4A023 		mov	r3, #327680
 3641 0012 4360     		str	r3, [r0, #4]
 3642              	.L323:
3761:Drivers/STM32F4xx_HAL_Driver/Src/stm32f4xx_hal_rcc_ex.c ****   }
3762:Drivers/STM32F4xx_HAL_Driver/Src/stm32f4xx_hal_rcc_ex.c ****   else if ((RCC->CR & RCC_CR_HSEON) == RCC_CR_HSEON)
3763:Drivers/STM32F4xx_HAL_Driver/Src/stm32f4xx_hal_rcc_ex.c ****   {
3764:Drivers/STM32F4xx_HAL_Driver/Src/stm32f4xx_hal_rcc_ex.c ****     RCC_OscInitStruct->HSEState = RCC_HSE_ON;
3765:Drivers/STM32F4xx_HAL_Driver/Src/stm32f4xx_hal_rcc_ex.c ****   }
3766:Drivers/STM32F4xx_HAL_Driver/Src/stm32f4xx_hal_rcc_ex.c ****   else
3767:Drivers/STM32F4xx_HAL_Driver/Src/stm32f4xx_hal_rcc_ex.c ****   {
3768:Drivers/STM32F4xx_HAL_Driver/Src/stm32f4xx_hal_rcc_ex.c ****     RCC_OscInitStruct->HSEState = RCC_HSE_OFF;
3769:Drivers/STM32F4xx_HAL_Driver/Src/stm32f4xx_hal_rcc_ex.c ****   }
3770:Drivers/STM32F4xx_HAL_Driver/Src/stm32f4xx_hal_rcc_ex.c **** 
3771:Drivers/STM32F4xx_HAL_Driver/Src/stm32f4xx_hal_rcc_ex.c ****   /* Get the HSI configuration -----------------------------------------------*/
3772:Drivers/STM32F4xx_HAL_Driver/Src/stm32f4xx_hal_rcc_ex.c ****   if ((RCC->CR & RCC_CR_HSION) == RCC_CR_HSION)
 3643              		.loc 1 3772 3 is_stmt 1 view .LVU1205
 3644              		.loc 1 3772 11 is_stmt 0 view .LVU1206
 3645 0014 2E4B     		ldr	r3, .L334
 3646 0016 1B68     		ldr	r3, [r3]
 3647              		.loc 1 3772 6 view .LVU1207
 3648 0018 13F0010F 		tst	r3, #1
 3649 001c 43D0     		beq	.L325
3773:Drivers/STM32F4xx_HAL_Driver/Src/stm32f4xx_hal_rcc_ex.c ****   {
3774:Drivers/STM32F4xx_HAL_Driver/Src/stm32f4xx_hal_rcc_ex.c ****     RCC_OscInitStruct->HSIState = RCC_HSI_ON;
 3650              		.loc 1 3774 5 is_stmt 1 view .LVU1208
 3651              		.loc 1 3774 33 is_stmt 0 view .LVU1209
 3652 001e 0123     		movs	r3, #1
 3653 0020 C360     		str	r3, [r0, #12]
 3654              	.L326:
3775:Drivers/STM32F4xx_HAL_Driver/Src/stm32f4xx_hal_rcc_ex.c ****   }
3776:Drivers/STM32F4xx_HAL_Driver/Src/stm32f4xx_hal_rcc_ex.c ****   else
3777:Drivers/STM32F4xx_HAL_Driver/Src/stm32f4xx_hal_rcc_ex.c ****   {
3778:Drivers/STM32F4xx_HAL_Driver/Src/stm32f4xx_hal_rcc_ex.c ****     RCC_OscInitStruct->HSIState = RCC_HSI_OFF;
3779:Drivers/STM32F4xx_HAL_Driver/Src/stm32f4xx_hal_rcc_ex.c ****   }
3780:Drivers/STM32F4xx_HAL_Driver/Src/stm32f4xx_hal_rcc_ex.c **** 
3781:Drivers/STM32F4xx_HAL_Driver/Src/stm32f4xx_hal_rcc_ex.c ****   RCC_OscInitStruct->HSICalibrationValue = (uint32_t)((RCC->CR & RCC_CR_HSITRIM) >> RCC_CR_HSITRIM_
 3655              		.loc 1 3781 3 is_stmt 1 view .LVU1210
 3656              		.loc 1 3781 59 is_stmt 0 view .LVU1211
 3657 0022 2B4A     		ldr	r2, .L334
 3658 0024 1368     		ldr	r3, [r2]
 3659              		.loc 1 3781 44 view .LVU1212
 3660 0026 C3F3C403 		ubfx	r3, r3, #3, #5
 3661              		.loc 1 3781 42 view .LVU1213
 3662 002a 0361     		str	r3, [r0, #16]
3782:Drivers/STM32F4xx_HAL_Driver/Src/stm32f4xx_hal_rcc_ex.c **** 
3783:Drivers/STM32F4xx_HAL_Driver/Src/stm32f4xx_hal_rcc_ex.c ****   /* Get the LSE configuration -----------------------------------------------*/
3784:Drivers/STM32F4xx_HAL_Driver/Src/stm32f4xx_hal_rcc_ex.c ****   if ((RCC->BDCR & RCC_BDCR_LSEBYP) == RCC_BDCR_LSEBYP)
 3663              		.loc 1 3784 3 is_stmt 1 view .LVU1214
 3664              		.loc 1 3784 11 is_stmt 0 view .LVU1215
 3665 002c 136F     		ldr	r3, [r2, #112]
 3666              		.loc 1 3784 6 view .LVU1216
 3667 002e 13F0040F 		tst	r3, #4
 3668 0032 3BD0     		beq	.L327
3785:Drivers/STM32F4xx_HAL_Driver/Src/stm32f4xx_hal_rcc_ex.c ****   {
3786:Drivers/STM32F4xx_HAL_Driver/Src/stm32f4xx_hal_rcc_ex.c ****     RCC_OscInitStruct->LSEState = RCC_LSE_BYPASS;
ARM GAS  C:\Users\user\AppData\Local\Temp\ccuZOZlR.s 			page 143


 3669              		.loc 1 3786 5 is_stmt 1 view .LVU1217
 3670              		.loc 1 3786 33 is_stmt 0 view .LVU1218
 3671 0034 0523     		movs	r3, #5
 3672 0036 8360     		str	r3, [r0, #8]
 3673              	.L328:
3787:Drivers/STM32F4xx_HAL_Driver/Src/stm32f4xx_hal_rcc_ex.c ****   }
3788:Drivers/STM32F4xx_HAL_Driver/Src/stm32f4xx_hal_rcc_ex.c ****   else if ((RCC->BDCR & RCC_BDCR_LSEON) == RCC_BDCR_LSEON)
3789:Drivers/STM32F4xx_HAL_Driver/Src/stm32f4xx_hal_rcc_ex.c ****   {
3790:Drivers/STM32F4xx_HAL_Driver/Src/stm32f4xx_hal_rcc_ex.c ****     RCC_OscInitStruct->LSEState = RCC_LSE_ON;
3791:Drivers/STM32F4xx_HAL_Driver/Src/stm32f4xx_hal_rcc_ex.c ****   }
3792:Drivers/STM32F4xx_HAL_Driver/Src/stm32f4xx_hal_rcc_ex.c ****   else
3793:Drivers/STM32F4xx_HAL_Driver/Src/stm32f4xx_hal_rcc_ex.c ****   {
3794:Drivers/STM32F4xx_HAL_Driver/Src/stm32f4xx_hal_rcc_ex.c ****     RCC_OscInitStruct->LSEState = RCC_LSE_OFF;
3795:Drivers/STM32F4xx_HAL_Driver/Src/stm32f4xx_hal_rcc_ex.c ****   }
3796:Drivers/STM32F4xx_HAL_Driver/Src/stm32f4xx_hal_rcc_ex.c **** 
3797:Drivers/STM32F4xx_HAL_Driver/Src/stm32f4xx_hal_rcc_ex.c ****   /* Get the LSI configuration -----------------------------------------------*/
3798:Drivers/STM32F4xx_HAL_Driver/Src/stm32f4xx_hal_rcc_ex.c ****   if ((RCC->CSR & RCC_CSR_LSION) == RCC_CSR_LSION)
 3674              		.loc 1 3798 3 is_stmt 1 view .LVU1219
 3675              		.loc 1 3798 11 is_stmt 0 view .LVU1220
 3676 0038 254B     		ldr	r3, .L334
 3677 003a 5B6F     		ldr	r3, [r3, #116]
 3678              		.loc 1 3798 6 view .LVU1221
 3679 003c 13F0010F 		tst	r3, #1
 3680 0040 3FD0     		beq	.L330
3799:Drivers/STM32F4xx_HAL_Driver/Src/stm32f4xx_hal_rcc_ex.c ****   {
3800:Drivers/STM32F4xx_HAL_Driver/Src/stm32f4xx_hal_rcc_ex.c ****     RCC_OscInitStruct->LSIState = RCC_LSI_ON;
 3681              		.loc 1 3800 5 is_stmt 1 view .LVU1222
 3682              		.loc 1 3800 33 is_stmt 0 view .LVU1223
 3683 0042 0123     		movs	r3, #1
 3684 0044 4361     		str	r3, [r0, #20]
 3685              	.L331:
3801:Drivers/STM32F4xx_HAL_Driver/Src/stm32f4xx_hal_rcc_ex.c ****   }
3802:Drivers/STM32F4xx_HAL_Driver/Src/stm32f4xx_hal_rcc_ex.c ****   else
3803:Drivers/STM32F4xx_HAL_Driver/Src/stm32f4xx_hal_rcc_ex.c ****   {
3804:Drivers/STM32F4xx_HAL_Driver/Src/stm32f4xx_hal_rcc_ex.c ****     RCC_OscInitStruct->LSIState = RCC_LSI_OFF;
3805:Drivers/STM32F4xx_HAL_Driver/Src/stm32f4xx_hal_rcc_ex.c ****   }
3806:Drivers/STM32F4xx_HAL_Driver/Src/stm32f4xx_hal_rcc_ex.c **** 
3807:Drivers/STM32F4xx_HAL_Driver/Src/stm32f4xx_hal_rcc_ex.c ****   /* Get the PLL configuration -----------------------------------------------*/
3808:Drivers/STM32F4xx_HAL_Driver/Src/stm32f4xx_hal_rcc_ex.c ****   if ((RCC->CR & RCC_CR_PLLON) == RCC_CR_PLLON)
 3686              		.loc 1 3808 3 is_stmt 1 view .LVU1224
 3687              		.loc 1 3808 11 is_stmt 0 view .LVU1225
 3688 0046 224B     		ldr	r3, .L334
 3689 0048 1B68     		ldr	r3, [r3]
 3690              		.loc 1 3808 6 view .LVU1226
 3691 004a 13F0807F 		tst	r3, #16777216
 3692 004e 3BD0     		beq	.L332
3809:Drivers/STM32F4xx_HAL_Driver/Src/stm32f4xx_hal_rcc_ex.c ****   {
3810:Drivers/STM32F4xx_HAL_Driver/Src/stm32f4xx_hal_rcc_ex.c ****     RCC_OscInitStruct->PLL.PLLState = RCC_PLL_ON;
 3693              		.loc 1 3810 5 is_stmt 1 view .LVU1227
 3694              		.loc 1 3810 37 is_stmt 0 view .LVU1228
 3695 0050 0223     		movs	r3, #2
 3696 0052 8361     		str	r3, [r0, #24]
 3697              	.L333:
3811:Drivers/STM32F4xx_HAL_Driver/Src/stm32f4xx_hal_rcc_ex.c ****   }
3812:Drivers/STM32F4xx_HAL_Driver/Src/stm32f4xx_hal_rcc_ex.c ****   else
3813:Drivers/STM32F4xx_HAL_Driver/Src/stm32f4xx_hal_rcc_ex.c ****   {
3814:Drivers/STM32F4xx_HAL_Driver/Src/stm32f4xx_hal_rcc_ex.c ****     RCC_OscInitStruct->PLL.PLLState = RCC_PLL_OFF;
ARM GAS  C:\Users\user\AppData\Local\Temp\ccuZOZlR.s 			page 144


3815:Drivers/STM32F4xx_HAL_Driver/Src/stm32f4xx_hal_rcc_ex.c ****   }
3816:Drivers/STM32F4xx_HAL_Driver/Src/stm32f4xx_hal_rcc_ex.c ****   RCC_OscInitStruct->PLL.PLLSource = (uint32_t)(RCC->PLLCFGR & RCC_PLLCFGR_PLLSRC);
 3698              		.loc 1 3816 3 is_stmt 1 view .LVU1229
 3699              		.loc 1 3816 52 is_stmt 0 view .LVU1230
 3700 0054 1E4A     		ldr	r2, .L334
 3701 0056 5368     		ldr	r3, [r2, #4]
 3702              		.loc 1 3816 38 view .LVU1231
 3703 0058 03F48003 		and	r3, r3, #4194304
 3704              		.loc 1 3816 36 view .LVU1232
 3705 005c C361     		str	r3, [r0, #28]
3817:Drivers/STM32F4xx_HAL_Driver/Src/stm32f4xx_hal_rcc_ex.c ****   RCC_OscInitStruct->PLL.PLLM = (uint32_t)(RCC->PLLCFGR & RCC_PLLCFGR_PLLM);
 3706              		.loc 1 3817 3 is_stmt 1 view .LVU1233
 3707              		.loc 1 3817 47 is_stmt 0 view .LVU1234
 3708 005e 5368     		ldr	r3, [r2, #4]
 3709              		.loc 1 3817 33 view .LVU1235
 3710 0060 03F03F03 		and	r3, r3, #63
 3711              		.loc 1 3817 31 view .LVU1236
 3712 0064 0362     		str	r3, [r0, #32]
3818:Drivers/STM32F4xx_HAL_Driver/Src/stm32f4xx_hal_rcc_ex.c ****   RCC_OscInitStruct->PLL.PLLN = (uint32_t)((RCC->PLLCFGR & RCC_PLLCFGR_PLLN) >> RCC_PLLCFGR_PLLN_Po
 3713              		.loc 1 3818 3 is_stmt 1 view .LVU1237
 3714              		.loc 1 3818 48 is_stmt 0 view .LVU1238
 3715 0066 5368     		ldr	r3, [r2, #4]
 3716              		.loc 1 3818 33 view .LVU1239
 3717 0068 C3F38813 		ubfx	r3, r3, #6, #9
 3718              		.loc 1 3818 31 view .LVU1240
 3719 006c 4362     		str	r3, [r0, #36]
3819:Drivers/STM32F4xx_HAL_Driver/Src/stm32f4xx_hal_rcc_ex.c ****   RCC_OscInitStruct->PLL.PLLP = (uint32_t)((((RCC->PLLCFGR & RCC_PLLCFGR_PLLP) + RCC_PLLCFGR_PLLP_0
 3720              		.loc 1 3819 3 is_stmt 1 view .LVU1241
 3721              		.loc 1 3819 50 is_stmt 0 view .LVU1242
 3722 006e 5368     		ldr	r3, [r2, #4]
 3723              		.loc 1 3819 60 view .LVU1243
 3724 0070 03F44033 		and	r3, r3, #196608
 3725              		.loc 1 3819 80 view .LVU1244
 3726 0074 03F58033 		add	r3, r3, #65536
 3727              		.loc 1 3819 33 view .LVU1245
 3728 0078 DB0B     		lsrs	r3, r3, #15
 3729              		.loc 1 3819 31 view .LVU1246
 3730 007a 8362     		str	r3, [r0, #40]
3820:Drivers/STM32F4xx_HAL_Driver/Src/stm32f4xx_hal_rcc_ex.c ****   RCC_OscInitStruct->PLL.PLLQ = (uint32_t)((RCC->PLLCFGR & RCC_PLLCFGR_PLLQ) >> RCC_PLLCFGR_PLLQ_Po
 3731              		.loc 1 3820 3 is_stmt 1 view .LVU1247
 3732              		.loc 1 3820 48 is_stmt 0 view .LVU1248
 3733 007c 5368     		ldr	r3, [r2, #4]
 3734              		.loc 1 3820 33 view .LVU1249
 3735 007e C3F30363 		ubfx	r3, r3, #24, #4
 3736              		.loc 1 3820 31 view .LVU1250
 3737 0082 C362     		str	r3, [r0, #44]
3821:Drivers/STM32F4xx_HAL_Driver/Src/stm32f4xx_hal_rcc_ex.c ****   RCC_OscInitStruct->PLL.PLLR = (uint32_t)((RCC->PLLCFGR & RCC_PLLCFGR_PLLR) >> RCC_PLLCFGR_PLLR_Po
 3738              		.loc 1 3821 3 is_stmt 1 view .LVU1251
 3739              		.loc 1 3821 48 is_stmt 0 view .LVU1252
 3740 0084 5368     		ldr	r3, [r2, #4]
 3741              		.loc 1 3821 33 view .LVU1253
 3742 0086 C3F30273 		ubfx	r3, r3, #28, #3
 3743              		.loc 1 3821 31 view .LVU1254
 3744 008a 0363     		str	r3, [r0, #48]
3822:Drivers/STM32F4xx_HAL_Driver/Src/stm32f4xx_hal_rcc_ex.c **** }
 3745              		.loc 1 3822 1 view .LVU1255
 3746 008c 7047     		bx	lr
ARM GAS  C:\Users\user\AppData\Local\Temp\ccuZOZlR.s 			page 145


 3747              	.L322:
3762:Drivers/STM32F4xx_HAL_Driver/Src/stm32f4xx_hal_rcc_ex.c ****   {
 3748              		.loc 1 3762 8 is_stmt 1 view .LVU1256
3762:Drivers/STM32F4xx_HAL_Driver/Src/stm32f4xx_hal_rcc_ex.c ****   {
 3749              		.loc 1 3762 16 is_stmt 0 view .LVU1257
 3750 008e 104B     		ldr	r3, .L334
 3751 0090 1B68     		ldr	r3, [r3]
3762:Drivers/STM32F4xx_HAL_Driver/Src/stm32f4xx_hal_rcc_ex.c ****   {
 3752              		.loc 1 3762 11 view .LVU1258
 3753 0092 13F4803F 		tst	r3, #65536
 3754 0096 03D0     		beq	.L324
3764:Drivers/STM32F4xx_HAL_Driver/Src/stm32f4xx_hal_rcc_ex.c ****   }
 3755              		.loc 1 3764 5 is_stmt 1 view .LVU1259
3764:Drivers/STM32F4xx_HAL_Driver/Src/stm32f4xx_hal_rcc_ex.c ****   }
 3756              		.loc 1 3764 33 is_stmt 0 view .LVU1260
 3757 0098 4FF48033 		mov	r3, #65536
 3758 009c 4360     		str	r3, [r0, #4]
 3759 009e B9E7     		b	.L323
 3760              	.L324:
3768:Drivers/STM32F4xx_HAL_Driver/Src/stm32f4xx_hal_rcc_ex.c ****   }
 3761              		.loc 1 3768 5 is_stmt 1 view .LVU1261
3768:Drivers/STM32F4xx_HAL_Driver/Src/stm32f4xx_hal_rcc_ex.c ****   }
 3762              		.loc 1 3768 33 is_stmt 0 view .LVU1262
 3763 00a0 0023     		movs	r3, #0
 3764 00a2 4360     		str	r3, [r0, #4]
 3765 00a4 B6E7     		b	.L323
 3766              	.L325:
3778:Drivers/STM32F4xx_HAL_Driver/Src/stm32f4xx_hal_rcc_ex.c ****   }
 3767              		.loc 1 3778 5 is_stmt 1 view .LVU1263
3778:Drivers/STM32F4xx_HAL_Driver/Src/stm32f4xx_hal_rcc_ex.c ****   }
 3768              		.loc 1 3778 33 is_stmt 0 view .LVU1264
 3769 00a6 0023     		movs	r3, #0
 3770 00a8 C360     		str	r3, [r0, #12]
 3771 00aa BAE7     		b	.L326
 3772              	.L327:
3788:Drivers/STM32F4xx_HAL_Driver/Src/stm32f4xx_hal_rcc_ex.c ****   {
 3773              		.loc 1 3788 8 is_stmt 1 view .LVU1265
3788:Drivers/STM32F4xx_HAL_Driver/Src/stm32f4xx_hal_rcc_ex.c ****   {
 3774              		.loc 1 3788 16 is_stmt 0 view .LVU1266
 3775 00ac 084B     		ldr	r3, .L334
 3776 00ae 1B6F     		ldr	r3, [r3, #112]
3788:Drivers/STM32F4xx_HAL_Driver/Src/stm32f4xx_hal_rcc_ex.c ****   {
 3777              		.loc 1 3788 11 view .LVU1267
 3778 00b0 13F0010F 		tst	r3, #1
 3779 00b4 02D0     		beq	.L329
3790:Drivers/STM32F4xx_HAL_Driver/Src/stm32f4xx_hal_rcc_ex.c ****   }
 3780              		.loc 1 3790 5 is_stmt 1 view .LVU1268
3790:Drivers/STM32F4xx_HAL_Driver/Src/stm32f4xx_hal_rcc_ex.c ****   }
 3781              		.loc 1 3790 33 is_stmt 0 view .LVU1269
 3782 00b6 0123     		movs	r3, #1
 3783 00b8 8360     		str	r3, [r0, #8]
 3784 00ba BDE7     		b	.L328
 3785              	.L329:
3794:Drivers/STM32F4xx_HAL_Driver/Src/stm32f4xx_hal_rcc_ex.c ****   }
 3786              		.loc 1 3794 5 is_stmt 1 view .LVU1270
3794:Drivers/STM32F4xx_HAL_Driver/Src/stm32f4xx_hal_rcc_ex.c ****   }
 3787              		.loc 1 3794 33 is_stmt 0 view .LVU1271
ARM GAS  C:\Users\user\AppData\Local\Temp\ccuZOZlR.s 			page 146


 3788 00bc 0023     		movs	r3, #0
 3789 00be 8360     		str	r3, [r0, #8]
 3790 00c0 BAE7     		b	.L328
 3791              	.L330:
3804:Drivers/STM32F4xx_HAL_Driver/Src/stm32f4xx_hal_rcc_ex.c ****   }
 3792              		.loc 1 3804 5 is_stmt 1 view .LVU1272
3804:Drivers/STM32F4xx_HAL_Driver/Src/stm32f4xx_hal_rcc_ex.c ****   }
 3793              		.loc 1 3804 33 is_stmt 0 view .LVU1273
 3794 00c2 0023     		movs	r3, #0
 3795 00c4 4361     		str	r3, [r0, #20]
 3796 00c6 BEE7     		b	.L331
 3797              	.L332:
3814:Drivers/STM32F4xx_HAL_Driver/Src/stm32f4xx_hal_rcc_ex.c ****   }
 3798              		.loc 1 3814 5 is_stmt 1 view .LVU1274
3814:Drivers/STM32F4xx_HAL_Driver/Src/stm32f4xx_hal_rcc_ex.c ****   }
 3799              		.loc 1 3814 37 is_stmt 0 view .LVU1275
 3800 00c8 0123     		movs	r3, #1
 3801 00ca 8361     		str	r3, [r0, #24]
 3802 00cc C2E7     		b	.L333
 3803              	.L335:
 3804 00ce 00BF     		.align	2
 3805              	.L334:
 3806 00d0 00380240 		.word	1073887232
 3807              		.cfi_endproc
 3808              	.LFE145:
 3810              		.text
 3811              	.Letext0:
 3812              		.file 2 "C:/arm-gnu-toolchain-15.3.rel1-mingw-w64-i686-arm-none-eabi/arm-none-eabi/include/machine
 3813              		.file 3 "C:/arm-gnu-toolchain-15.3.rel1-mingw-w64-i686-arm-none-eabi/arm-none-eabi/include/sys/_st
 3814              		.file 4 "Drivers/CMSIS/Device/ST/STM32F4xx/Include/stm32f446xx.h"
 3815              		.file 5 "Drivers/CMSIS/Device/ST/STM32F4xx/Include/stm32f4xx.h"
 3816              		.file 6 "Drivers/STM32F4xx_HAL_Driver/Inc/stm32f4xx_hal_def.h"
 3817              		.file 7 "Drivers/STM32F4xx_HAL_Driver/Inc/stm32f4xx_hal_rcc_ex.h"
 3818              		.file 8 "Drivers/STM32F4xx_HAL_Driver/Inc/stm32f4xx_hal_rcc.h"
 3819              		.file 9 "Drivers/CMSIS/Device/ST/STM32F4xx/Include/system_stm32f4xx.h"
 3820              		.file 10 "Drivers/STM32F4xx_HAL_Driver/Inc/stm32f4xx_hal.h"
ARM GAS  C:\Users\user\AppData\Local\Temp\ccuZOZlR.s 			page 147


DEFINED SYMBOLS
                            *ABS*:00000000 stm32f4xx_hal_rcc_ex.c
C:\Users\user\AppData\Local\Temp\ccuZOZlR.s:21     .text.HAL_RCCEx_PeriphCLKConfig:00000000 $t
C:\Users\user\AppData\Local\Temp\ccuZOZlR.s:27     .text.HAL_RCCEx_PeriphCLKConfig:00000000 HAL_RCCEx_PeriphCLKConfig
C:\Users\user\AppData\Local\Temp\ccuZOZlR.s:530    .text.HAL_RCCEx_PeriphCLKConfig:0000026c $d
C:\Users\user\AppData\Local\Temp\ccuZOZlR.s:539    .text.HAL_RCCEx_PeriphCLKConfig:0000027c $t
C:\Users\user\AppData\Local\Temp\ccuZOZlR.s:893    .text.HAL_RCCEx_PeriphCLKConfig:00000470 $d
C:\Users\user\AppData\Local\Temp\ccuZOZlR.s:899    .text.HAL_RCCEx_GetPeriphCLKConfig:00000000 $t
C:\Users\user\AppData\Local\Temp\ccuZOZlR.s:905    .text.HAL_RCCEx_GetPeriphCLKConfig:00000000 HAL_RCCEx_GetPeriphCLKConfig
C:\Users\user\AppData\Local\Temp\ccuZOZlR.s:1094   .text.HAL_RCCEx_GetPeriphCLKConfig:00000104 $d
C:\Users\user\AppData\Local\Temp\ccuZOZlR.s:1099   .text.HAL_RCCEx_GetPeriphCLKFreq:00000000 $t
C:\Users\user\AppData\Local\Temp\ccuZOZlR.s:1105   .text.HAL_RCCEx_GetPeriphCLKFreq:00000000 HAL_RCCEx_GetPeriphCLKFreq
C:\Users\user\AppData\Local\Temp\ccuZOZlR.s:1680   .text.HAL_RCCEx_GetPeriphCLKFreq:000002cc $d
C:\Users\user\AppData\Local\Temp\ccuZOZlR.s:1688   .text.HAL_RCCEx_GetPeriphCLKFreq:000002dc $t
C:\Users\user\AppData\Local\Temp\ccuZOZlR.s:1749   .text.HAL_RCCEx_GetPeriphCLKFreq:00000308 $d
C:\Users\user\AppData\Local\Temp\ccuZOZlR.s:1757   .text.HAL_RCCEx_SelectLSEMode:00000000 $t
C:\Users\user\AppData\Local\Temp\ccuZOZlR.s:1763   .text.HAL_RCCEx_SelectLSEMode:00000000 HAL_RCCEx_SelectLSEMode
C:\Users\user\AppData\Local\Temp\ccuZOZlR.s:1793   .text.HAL_RCCEx_SelectLSEMode:0000001c $d
C:\Users\user\AppData\Local\Temp\ccuZOZlR.s:1798   .text.HAL_RCCEx_EnablePLLI2S:00000000 $t
C:\Users\user\AppData\Local\Temp\ccuZOZlR.s:1804   .text.HAL_RCCEx_EnablePLLI2S:00000000 HAL_RCCEx_EnablePLLI2S
C:\Users\user\AppData\Local\Temp\ccuZOZlR.s:1914   .text.HAL_RCCEx_EnablePLLI2S:00000074 $d
C:\Users\user\AppData\Local\Temp\ccuZOZlR.s:1920   .text.HAL_RCCEx_DisablePLLI2S:00000000 $t
C:\Users\user\AppData\Local\Temp\ccuZOZlR.s:1926   .text.HAL_RCCEx_DisablePLLI2S:00000000 HAL_RCCEx_DisablePLLI2S
C:\Users\user\AppData\Local\Temp\ccuZOZlR.s:1980   .text.HAL_RCCEx_DisablePLLI2S:0000002c $d
C:\Users\user\AppData\Local\Temp\ccuZOZlR.s:1986   .text.HAL_RCCEx_EnablePLLSAI:00000000 $t
C:\Users\user\AppData\Local\Temp\ccuZOZlR.s:1992   .text.HAL_RCCEx_EnablePLLSAI:00000000 HAL_RCCEx_EnablePLLSAI
C:\Users\user\AppData\Local\Temp\ccuZOZlR.s:2099   .text.HAL_RCCEx_EnablePLLSAI:00000070 $d
C:\Users\user\AppData\Local\Temp\ccuZOZlR.s:2105   .text.HAL_RCCEx_DisablePLLSAI:00000000 $t
C:\Users\user\AppData\Local\Temp\ccuZOZlR.s:2111   .text.HAL_RCCEx_DisablePLLSAI:00000000 HAL_RCCEx_DisablePLLSAI
C:\Users\user\AppData\Local\Temp\ccuZOZlR.s:2165   .text.HAL_RCCEx_DisablePLLSAI:0000002c $d
C:\Users\user\AppData\Local\Temp\ccuZOZlR.s:2171   .text.HAL_RCC_GetSysClockFreq:00000000 $t
C:\Users\user\AppData\Local\Temp\ccuZOZlR.s:2177   .text.HAL_RCC_GetSysClockFreq:00000000 HAL_RCC_GetSysClockFreq
C:\Users\user\AppData\Local\Temp\ccuZOZlR.s:2372   .text.HAL_RCC_GetSysClockFreq:0000011c $d
C:\Users\user\AppData\Local\Temp\ccuZOZlR.s:2379   .text.HAL_RCC_DeInit:00000000 $t
C:\Users\user\AppData\Local\Temp\ccuZOZlR.s:2385   .text.HAL_RCC_DeInit:00000000 HAL_RCC_DeInit
C:\Users\user\AppData\Local\Temp\ccuZOZlR.s:2674   .text.HAL_RCC_DeInit:00000164 $d
C:\Users\user\AppData\Local\Temp\ccuZOZlR.s:2683   .text.HAL_RCC_OscConfig:00000000 $t
C:\Users\user\AppData\Local\Temp\ccuZOZlR.s:2689   .text.HAL_RCC_OscConfig:00000000 HAL_RCC_OscConfig
C:\Users\user\AppData\Local\Temp\ccuZOZlR.s:3222   .text.HAL_RCC_OscConfig:00000280 $d
C:\Users\user\AppData\Local\Temp\ccuZOZlR.s:3228   .text.HAL_RCC_OscConfig:0000028c $t
C:\Users\user\AppData\Local\Temp\ccuZOZlR.s:3606   .text.HAL_RCC_OscConfig:0000043c $d
C:\Users\user\AppData\Local\Temp\ccuZOZlR.s:3613   .text.HAL_RCC_GetOscConfig:00000000 $t
C:\Users\user\AppData\Local\Temp\ccuZOZlR.s:3619   .text.HAL_RCC_GetOscConfig:00000000 HAL_RCC_GetOscConfig
C:\Users\user\AppData\Local\Temp\ccuZOZlR.s:3806   .text.HAL_RCC_GetOscConfig:000000d0 $d

UNDEFINED SYMBOLS
HAL_GetTick
__aeabi_uldivmod
HAL_InitTick
SystemCoreClock
uwTickPrio
