ARM GAS  C:\Users\user\AppData\Local\Temp\ccSdXByh.s 			page 1


   1              		.cpu cortex-m4
   2              		.arch armv7e-m
   3              		.fpu fpv4-sp-d16
   4              		.eabi_attribute 27, 1
   5              		.eabi_attribute 28, 1
   6              		.eabi_attribute 20, 1
   7              		.eabi_attribute 21, 1
   8              		.eabi_attribute 23, 3
   9              		.eabi_attribute 24, 1
  10              		.eabi_attribute 25, 1
  11              		.eabi_attribute 26, 1
  12              		.eabi_attribute 30, 1
  13              		.eabi_attribute 34, 1
  14              		.eabi_attribute 18, 4
  15              		.file	"stream_buffer.c"
  16              		.text
  17              	.Ltext0:
  18              		.cfi_sections	.debug_frame
  19              		.file 1 "FreeRTOS/src/stream_buffer.c"
  20              		.section	.text.prvBytesInBuffer,"ax",%progbits
  21              		.align	1
  22              		.syntax unified
  23              		.thumb
  24              		.thumb_func
  26              	prvBytesInBuffer:
  27              	.LVL0:
  28              	.LFB158:
   1:FreeRTOS/src/stream_buffer.c **** /*
   2:FreeRTOS/src/stream_buffer.c ****  * FreeRTOS Kernel <DEVELOPMENT BRANCH>
   3:FreeRTOS/src/stream_buffer.c ****  * Copyright (C) 2021 Amazon.com, Inc. or its affiliates. All Rights Reserved.
   4:FreeRTOS/src/stream_buffer.c ****  *
   5:FreeRTOS/src/stream_buffer.c ****  * SPDX-License-Identifier: MIT
   6:FreeRTOS/src/stream_buffer.c ****  *
   7:FreeRTOS/src/stream_buffer.c ****  * Permission is hereby granted, free of charge, to any person obtaining a copy of
   8:FreeRTOS/src/stream_buffer.c ****  * this software and associated documentation files (the "Software"), to deal in
   9:FreeRTOS/src/stream_buffer.c ****  * the Software without restriction, including without limitation the rights to
  10:FreeRTOS/src/stream_buffer.c ****  * use, copy, modify, merge, publish, distribute, sublicense, and/or sell copies of
  11:FreeRTOS/src/stream_buffer.c ****  * the Software, and to permit persons to whom the Software is furnished to do so,
  12:FreeRTOS/src/stream_buffer.c ****  * subject to the following conditions:
  13:FreeRTOS/src/stream_buffer.c ****  *
  14:FreeRTOS/src/stream_buffer.c ****  * The above copyright notice and this permission notice shall be included in all
  15:FreeRTOS/src/stream_buffer.c ****  * copies or substantial portions of the Software.
  16:FreeRTOS/src/stream_buffer.c ****  *
  17:FreeRTOS/src/stream_buffer.c ****  * THE SOFTWARE IS PROVIDED "AS IS", WITHOUT WARRANTY OF ANY KIND, EXPRESS OR
  18:FreeRTOS/src/stream_buffer.c ****  * IMPLIED, INCLUDING BUT NOT LIMITED TO THE WARRANTIES OF MERCHANTABILITY, FITNESS
  19:FreeRTOS/src/stream_buffer.c ****  * FOR A PARTICULAR PURPOSE AND NONINFRINGEMENT. IN NO EVENT SHALL THE AUTHORS OR
  20:FreeRTOS/src/stream_buffer.c ****  * COPYRIGHT HOLDERS BE LIABLE FOR ANY CLAIM, DAMAGES OR OTHER LIABILITY, WHETHER
  21:FreeRTOS/src/stream_buffer.c ****  * IN AN ACTION OF CONTRACT, TORT OR OTHERWISE, ARISING FROM, OUT OF OR IN
  22:FreeRTOS/src/stream_buffer.c ****  * CONNECTION WITH THE SOFTWARE OR THE USE OR OTHER DEALINGS IN THE SOFTWARE.
  23:FreeRTOS/src/stream_buffer.c ****  *
  24:FreeRTOS/src/stream_buffer.c ****  * https://www.FreeRTOS.org
  25:FreeRTOS/src/stream_buffer.c ****  * https://github.com/FreeRTOS
  26:FreeRTOS/src/stream_buffer.c ****  *
  27:FreeRTOS/src/stream_buffer.c ****  */
  28:FreeRTOS/src/stream_buffer.c **** 
  29:FreeRTOS/src/stream_buffer.c **** /* Standard includes. */
  30:FreeRTOS/src/stream_buffer.c **** #include <string.h>
ARM GAS  C:\Users\user\AppData\Local\Temp\ccSdXByh.s 			page 2


  31:FreeRTOS/src/stream_buffer.c **** 
  32:FreeRTOS/src/stream_buffer.c **** /* Defining MPU_WRAPPERS_INCLUDED_FROM_API_FILE prevents task.h from redefining
  33:FreeRTOS/src/stream_buffer.c ****  * all the API functions to use the MPU wrappers.  That should only be done when
  34:FreeRTOS/src/stream_buffer.c ****  * task.h is included from an application file. */
  35:FreeRTOS/src/stream_buffer.c **** #define MPU_WRAPPERS_INCLUDED_FROM_API_FILE
  36:FreeRTOS/src/stream_buffer.c **** 
  37:FreeRTOS/src/stream_buffer.c **** /* FreeRTOS includes. */
  38:FreeRTOS/src/stream_buffer.c **** #include "FreeRTOS.h"
  39:FreeRTOS/src/stream_buffer.c **** #include "task.h"
  40:FreeRTOS/src/stream_buffer.c **** #include "stream_buffer.h"
  41:FreeRTOS/src/stream_buffer.c **** 
  42:FreeRTOS/src/stream_buffer.c **** /* The MPU ports require MPU_WRAPPERS_INCLUDED_FROM_API_FILE to be defined
  43:FreeRTOS/src/stream_buffer.c ****  * for the header files above, but not in this file, in order to generate the
  44:FreeRTOS/src/stream_buffer.c ****  * correct privileged Vs unprivileged linkage and placement. */
  45:FreeRTOS/src/stream_buffer.c **** #undef MPU_WRAPPERS_INCLUDED_FROM_API_FILE
  46:FreeRTOS/src/stream_buffer.c **** 
  47:FreeRTOS/src/stream_buffer.c **** /* This entire source file will be skipped if the application is not configured
  48:FreeRTOS/src/stream_buffer.c ****  * to include stream buffer functionality. This #if is closed at the very bottom
  49:FreeRTOS/src/stream_buffer.c ****  * of this file. If you want to include stream buffers then ensure
  50:FreeRTOS/src/stream_buffer.c ****  * configUSE_STREAM_BUFFERS is set to 1 in FreeRTOSConfig.h. */
  51:FreeRTOS/src/stream_buffer.c **** #if ( configUSE_STREAM_BUFFERS == 1 )
  52:FreeRTOS/src/stream_buffer.c **** 
  53:FreeRTOS/src/stream_buffer.c ****     #if ( configUSE_TASK_NOTIFICATIONS != 1 )
  54:FreeRTOS/src/stream_buffer.c ****         #error configUSE_TASK_NOTIFICATIONS must be set to 1 to build stream_buffer.c
  55:FreeRTOS/src/stream_buffer.c ****     #endif
  56:FreeRTOS/src/stream_buffer.c **** 
  57:FreeRTOS/src/stream_buffer.c ****     #if ( INCLUDE_xTaskGetCurrentTaskHandle != 1 )
  58:FreeRTOS/src/stream_buffer.c ****         #error INCLUDE_xTaskGetCurrentTaskHandle must be set to 1 to build stream_buffer.c
  59:FreeRTOS/src/stream_buffer.c ****     #endif
  60:FreeRTOS/src/stream_buffer.c **** 
  61:FreeRTOS/src/stream_buffer.c **** /* If the user has not provided application specific Rx notification macros,
  62:FreeRTOS/src/stream_buffer.c ****  * or #defined the notification macros away, then provide default implementations
  63:FreeRTOS/src/stream_buffer.c ****  * that uses task notifications. */
  64:FreeRTOS/src/stream_buffer.c ****     #ifndef sbRECEIVE_COMPLETED
  65:FreeRTOS/src/stream_buffer.c ****         #define sbRECEIVE_COMPLETED( pxStreamBuffer )                                 \
  66:FreeRTOS/src/stream_buffer.c ****     do                                                                                \
  67:FreeRTOS/src/stream_buffer.c ****     {                                                                                 \
  68:FreeRTOS/src/stream_buffer.c ****         vTaskSuspendAll();                                                            \
  69:FreeRTOS/src/stream_buffer.c ****         {                                                                             \
  70:FreeRTOS/src/stream_buffer.c ****             if( ( pxStreamBuffer )->xTaskWaitingToSend != NULL )                      \
  71:FreeRTOS/src/stream_buffer.c ****             {                                                                         \
  72:FreeRTOS/src/stream_buffer.c ****                 ( void ) xTaskNotifyIndexed( ( pxStreamBuffer )->xTaskWaitingToSend,  \
  73:FreeRTOS/src/stream_buffer.c ****                                              ( pxStreamBuffer )->uxNotificationIndex, \
  74:FreeRTOS/src/stream_buffer.c ****                                              ( uint32_t ) 0,                          \
  75:FreeRTOS/src/stream_buffer.c ****                                              eNoAction );                             \
  76:FreeRTOS/src/stream_buffer.c ****                 ( pxStreamBuffer )->xTaskWaitingToSend = NULL;                        \
  77:FreeRTOS/src/stream_buffer.c ****             }                                                                         \
  78:FreeRTOS/src/stream_buffer.c ****         }                                                                             \
  79:FreeRTOS/src/stream_buffer.c ****         ( void ) xTaskResumeAll();                                                    \
  80:FreeRTOS/src/stream_buffer.c ****     } while( 0 )
  81:FreeRTOS/src/stream_buffer.c ****     #endif /* sbRECEIVE_COMPLETED */
  82:FreeRTOS/src/stream_buffer.c **** 
  83:FreeRTOS/src/stream_buffer.c **** /* If user has provided a per-instance receive complete callback, then
  84:FreeRTOS/src/stream_buffer.c ****  * invoke the callback else use the receive complete macro which is provided by default for all ins
  85:FreeRTOS/src/stream_buffer.c ****  */
  86:FreeRTOS/src/stream_buffer.c ****     #if ( configUSE_SB_COMPLETED_CALLBACK == 1 )
  87:FreeRTOS/src/stream_buffer.c ****         #define prvRECEIVE_COMPLETED( pxStreamBuffer )                                           \
ARM GAS  C:\Users\user\AppData\Local\Temp\ccSdXByh.s 			page 3


  88:FreeRTOS/src/stream_buffer.c ****     do {                                                                                         \
  89:FreeRTOS/src/stream_buffer.c ****         if( ( pxStreamBuffer )->pxReceiveCompletedCallback != NULL )                             \
  90:FreeRTOS/src/stream_buffer.c ****         {                                                                                        \
  91:FreeRTOS/src/stream_buffer.c ****             ( pxStreamBuffer )->pxReceiveCompletedCallback( ( pxStreamBuffer ), pdFALSE, NULL ); \
  92:FreeRTOS/src/stream_buffer.c ****         }                                                                                        \
  93:FreeRTOS/src/stream_buffer.c ****         else                                                                                     \
  94:FreeRTOS/src/stream_buffer.c ****         {                                                                                        \
  95:FreeRTOS/src/stream_buffer.c ****             sbRECEIVE_COMPLETED( ( pxStreamBuffer ) );                                           \
  96:FreeRTOS/src/stream_buffer.c ****         }                                                                                        \
  97:FreeRTOS/src/stream_buffer.c ****     } while( 0 )
  98:FreeRTOS/src/stream_buffer.c ****     #else /* if ( configUSE_SB_COMPLETED_CALLBACK == 1 ) */
  99:FreeRTOS/src/stream_buffer.c ****         #define prvRECEIVE_COMPLETED( pxStreamBuffer )    sbRECEIVE_COMPLETED( ( pxStreamBuffer ) )
 100:FreeRTOS/src/stream_buffer.c ****     #endif /* if ( configUSE_SB_COMPLETED_CALLBACK == 1 ) */
 101:FreeRTOS/src/stream_buffer.c **** 
 102:FreeRTOS/src/stream_buffer.c ****     #ifndef sbRECEIVE_COMPLETED_FROM_ISR
 103:FreeRTOS/src/stream_buffer.c ****         #define sbRECEIVE_COMPLETED_FROM_ISR( pxStreamBuffer,                                \
 104:FreeRTOS/src/stream_buffer.c ****                                               pxHigherPriorityTaskWoken )                    \
 105:FreeRTOS/src/stream_buffer.c ****     do {                                                                                     \
 106:FreeRTOS/src/stream_buffer.c ****         UBaseType_t uxSavedInterruptStatus;                                                  \
 107:FreeRTOS/src/stream_buffer.c ****                                                                                              \
 108:FreeRTOS/src/stream_buffer.c ****         uxSavedInterruptStatus = taskENTER_CRITICAL_FROM_ISR();                              \
 109:FreeRTOS/src/stream_buffer.c ****         {                                                                                    \
 110:FreeRTOS/src/stream_buffer.c ****             if( ( pxStreamBuffer )->xTaskWaitingToSend != NULL )                             \
 111:FreeRTOS/src/stream_buffer.c ****             {                                                                                \
 112:FreeRTOS/src/stream_buffer.c ****                 ( void ) xTaskNotifyIndexedFromISR( ( pxStreamBuffer )->xTaskWaitingToSend,  \
 113:FreeRTOS/src/stream_buffer.c ****                                                     ( pxStreamBuffer )->uxNotificationIndex, \
 114:FreeRTOS/src/stream_buffer.c ****                                                     ( uint32_t ) 0,                          \
 115:FreeRTOS/src/stream_buffer.c ****                                                     eNoAction,                               \
 116:FreeRTOS/src/stream_buffer.c ****                                                     ( pxHigherPriorityTaskWoken ) );         \
 117:FreeRTOS/src/stream_buffer.c ****                 ( pxStreamBuffer )->xTaskWaitingToSend = NULL;                               \
 118:FreeRTOS/src/stream_buffer.c ****             }                                                                                \
 119:FreeRTOS/src/stream_buffer.c ****         }                                                                                    \
 120:FreeRTOS/src/stream_buffer.c ****         taskEXIT_CRITICAL_FROM_ISR( uxSavedInterruptStatus );                                \
 121:FreeRTOS/src/stream_buffer.c ****     } while( 0 )
 122:FreeRTOS/src/stream_buffer.c ****     #endif /* sbRECEIVE_COMPLETED_FROM_ISR */
 123:FreeRTOS/src/stream_buffer.c **** 
 124:FreeRTOS/src/stream_buffer.c ****     #if ( configUSE_SB_COMPLETED_CALLBACK == 1 )
 125:FreeRTOS/src/stream_buffer.c ****         #define prvRECEIVE_COMPLETED_FROM_ISR( pxStreamBuffer,                                     
 126:FreeRTOS/src/stream_buffer.c ****                                                pxHigherPriorityTaskWoken )                         
 127:FreeRTOS/src/stream_buffer.c ****     do {                                                                                           
 128:FreeRTOS/src/stream_buffer.c ****         if( ( pxStreamBuffer )->pxReceiveCompletedCallback != NULL )                               
 129:FreeRTOS/src/stream_buffer.c ****         {                                                                                          
 130:FreeRTOS/src/stream_buffer.c ****             ( pxStreamBuffer )->pxReceiveCompletedCallback( ( pxStreamBuffer ), pdTRUE, ( pxHigherP
 131:FreeRTOS/src/stream_buffer.c ****         }                                                                                          
 132:FreeRTOS/src/stream_buffer.c ****         else                                                                                       
 133:FreeRTOS/src/stream_buffer.c ****         {                                                                                          
 134:FreeRTOS/src/stream_buffer.c ****             sbRECEIVE_COMPLETED_FROM_ISR( ( pxStreamBuffer ), ( pxHigherPriorityTaskWoken ) );     
 135:FreeRTOS/src/stream_buffer.c ****         }                                                                                          
 136:FreeRTOS/src/stream_buffer.c ****     } while( 0 )
 137:FreeRTOS/src/stream_buffer.c ****     #else /* if ( configUSE_SB_COMPLETED_CALLBACK == 1 ) */
 138:FreeRTOS/src/stream_buffer.c ****         #define prvRECEIVE_COMPLETED_FROM_ISR( pxStreamBuffer, pxHigherPriorityTaskWoken ) \
 139:FreeRTOS/src/stream_buffer.c ****     sbRECEIVE_COMPLETED_FROM_ISR( ( pxStreamBuffer ), ( pxHigherPriorityTaskWoken ) )
 140:FreeRTOS/src/stream_buffer.c ****     #endif /* if ( configUSE_SB_COMPLETED_CALLBACK == 1 ) */
 141:FreeRTOS/src/stream_buffer.c **** 
 142:FreeRTOS/src/stream_buffer.c **** /* If the user has not provided an application specific Tx notification macro,
 143:FreeRTOS/src/stream_buffer.c ****  * or #defined the notification macro away, then provide a default
 144:FreeRTOS/src/stream_buffer.c ****  * implementation that uses task notifications.
ARM GAS  C:\Users\user\AppData\Local\Temp\ccSdXByh.s 			page 4


 145:FreeRTOS/src/stream_buffer.c ****  */
 146:FreeRTOS/src/stream_buffer.c ****     #ifndef sbSEND_COMPLETED
 147:FreeRTOS/src/stream_buffer.c ****         #define sbSEND_COMPLETED( pxStreamBuffer )                                  \
 148:FreeRTOS/src/stream_buffer.c ****     vTaskSuspendAll();                                                              \
 149:FreeRTOS/src/stream_buffer.c ****     {                                                                               \
 150:FreeRTOS/src/stream_buffer.c ****         if( ( pxStreamBuffer )->xTaskWaitingToReceive != NULL )                     \
 151:FreeRTOS/src/stream_buffer.c ****         {                                                                           \
 152:FreeRTOS/src/stream_buffer.c ****             ( void ) xTaskNotifyIndexed( ( pxStreamBuffer )->xTaskWaitingToReceive, \
 153:FreeRTOS/src/stream_buffer.c ****                                          ( pxStreamBuffer )->uxNotificationIndex,   \
 154:FreeRTOS/src/stream_buffer.c ****                                          ( uint32_t ) 0,                            \
 155:FreeRTOS/src/stream_buffer.c ****                                          eNoAction );                               \
 156:FreeRTOS/src/stream_buffer.c ****             ( pxStreamBuffer )->xTaskWaitingToReceive = NULL;                       \
 157:FreeRTOS/src/stream_buffer.c ****         }                                                                           \
 158:FreeRTOS/src/stream_buffer.c ****     }                                                                               \
 159:FreeRTOS/src/stream_buffer.c ****     ( void ) xTaskResumeAll()
 160:FreeRTOS/src/stream_buffer.c ****     #endif /* sbSEND_COMPLETED */
 161:FreeRTOS/src/stream_buffer.c **** 
 162:FreeRTOS/src/stream_buffer.c **** /* If user has provided a per-instance send completed callback, then
 163:FreeRTOS/src/stream_buffer.c ****  * invoke the callback else use the send complete macro which is provided by default for all instan
 164:FreeRTOS/src/stream_buffer.c ****  */
 165:FreeRTOS/src/stream_buffer.c ****     #if ( configUSE_SB_COMPLETED_CALLBACK == 1 )
 166:FreeRTOS/src/stream_buffer.c ****         #define prvSEND_COMPLETED( pxStreamBuffer )                                           \
 167:FreeRTOS/src/stream_buffer.c ****     do {                                                                                      \
 168:FreeRTOS/src/stream_buffer.c ****         if( ( pxStreamBuffer )->pxSendCompletedCallback != NULL )                             \
 169:FreeRTOS/src/stream_buffer.c ****         {                                                                                     \
 170:FreeRTOS/src/stream_buffer.c ****             ( pxStreamBuffer )->pxSendCompletedCallback( ( pxStreamBuffer ), pdFALSE, NULL ); \
 171:FreeRTOS/src/stream_buffer.c ****         }                                                                                     \
 172:FreeRTOS/src/stream_buffer.c ****         else                                                                                  \
 173:FreeRTOS/src/stream_buffer.c ****         {                                                                                     \
 174:FreeRTOS/src/stream_buffer.c ****             sbSEND_COMPLETED( ( pxStreamBuffer ) );                                           \
 175:FreeRTOS/src/stream_buffer.c ****         }                                                                                     \
 176:FreeRTOS/src/stream_buffer.c ****     } while( 0 )
 177:FreeRTOS/src/stream_buffer.c ****     #else /* if ( configUSE_SB_COMPLETED_CALLBACK == 1 ) */
 178:FreeRTOS/src/stream_buffer.c ****         #define prvSEND_COMPLETED( pxStreamBuffer )    sbSEND_COMPLETED( ( pxStreamBuffer ) )
 179:FreeRTOS/src/stream_buffer.c ****     #endif /* if ( configUSE_SB_COMPLETED_CALLBACK == 1 ) */
 180:FreeRTOS/src/stream_buffer.c **** 
 181:FreeRTOS/src/stream_buffer.c **** 
 182:FreeRTOS/src/stream_buffer.c ****     #ifndef sbSEND_COMPLETE_FROM_ISR
 183:FreeRTOS/src/stream_buffer.c ****         #define sbSEND_COMPLETE_FROM_ISR( pxStreamBuffer, pxHigherPriorityTaskWoken )          \
 184:FreeRTOS/src/stream_buffer.c ****     do {                                                                                       \
 185:FreeRTOS/src/stream_buffer.c ****         UBaseType_t uxSavedInterruptStatus;                                                    \
 186:FreeRTOS/src/stream_buffer.c ****                                                                                                \
 187:FreeRTOS/src/stream_buffer.c ****         uxSavedInterruptStatus = taskENTER_CRITICAL_FROM_ISR();                                \
 188:FreeRTOS/src/stream_buffer.c ****         {                                                                                      \
 189:FreeRTOS/src/stream_buffer.c ****             if( ( pxStreamBuffer )->xTaskWaitingToReceive != NULL )                            \
 190:FreeRTOS/src/stream_buffer.c ****             {                                                                                  \
 191:FreeRTOS/src/stream_buffer.c ****                 ( void ) xTaskNotifyIndexedFromISR( ( pxStreamBuffer )->xTaskWaitingToReceive, \
 192:FreeRTOS/src/stream_buffer.c ****                                                     ( pxStreamBuffer )->uxNotificationIndex,   \
 193:FreeRTOS/src/stream_buffer.c ****                                                     ( uint32_t ) 0,                            \
 194:FreeRTOS/src/stream_buffer.c ****                                                     eNoAction,                                 \
 195:FreeRTOS/src/stream_buffer.c ****                                                     ( pxHigherPriorityTaskWoken ) );           \
 196:FreeRTOS/src/stream_buffer.c ****                 ( pxStreamBuffer )->xTaskWaitingToReceive = NULL;                              \
 197:FreeRTOS/src/stream_buffer.c ****             }                                                                                  \
 198:FreeRTOS/src/stream_buffer.c ****         }                                                                                      \
 199:FreeRTOS/src/stream_buffer.c ****         taskEXIT_CRITICAL_FROM_ISR( uxSavedInterruptStatus );                                  \
 200:FreeRTOS/src/stream_buffer.c ****     } while( 0 )
 201:FreeRTOS/src/stream_buffer.c ****     #endif /* sbSEND_COMPLETE_FROM_ISR */
ARM GAS  C:\Users\user\AppData\Local\Temp\ccSdXByh.s 			page 5


 202:FreeRTOS/src/stream_buffer.c **** 
 203:FreeRTOS/src/stream_buffer.c **** 
 204:FreeRTOS/src/stream_buffer.c ****     #if ( configUSE_SB_COMPLETED_CALLBACK == 1 )
 205:FreeRTOS/src/stream_buffer.c ****         #define prvSEND_COMPLETE_FROM_ISR( pxStreamBuffer, pxHigherPriorityTaskWoken )             
 206:FreeRTOS/src/stream_buffer.c ****     do {                                                                                           
 207:FreeRTOS/src/stream_buffer.c ****         if( ( pxStreamBuffer )->pxSendCompletedCallback != NULL )                                  
 208:FreeRTOS/src/stream_buffer.c ****         {                                                                                          
 209:FreeRTOS/src/stream_buffer.c ****             ( pxStreamBuffer )->pxSendCompletedCallback( ( pxStreamBuffer ), pdTRUE, ( pxHigherPrio
 210:FreeRTOS/src/stream_buffer.c ****         }                                                                                          
 211:FreeRTOS/src/stream_buffer.c ****         else                                                                                       
 212:FreeRTOS/src/stream_buffer.c ****         {                                                                                          
 213:FreeRTOS/src/stream_buffer.c ****             sbSEND_COMPLETE_FROM_ISR( ( pxStreamBuffer ), ( pxHigherPriorityTaskWoken ) );         
 214:FreeRTOS/src/stream_buffer.c ****         }                                                                                          
 215:FreeRTOS/src/stream_buffer.c ****     } while( 0 )
 216:FreeRTOS/src/stream_buffer.c ****     #else /* if ( configUSE_SB_COMPLETED_CALLBACK == 1 ) */
 217:FreeRTOS/src/stream_buffer.c ****         #define prvSEND_COMPLETE_FROM_ISR( pxStreamBuffer, pxHigherPriorityTaskWoken ) \
 218:FreeRTOS/src/stream_buffer.c ****     sbSEND_COMPLETE_FROM_ISR( ( pxStreamBuffer ), ( pxHigherPriorityTaskWoken ) )
 219:FreeRTOS/src/stream_buffer.c ****     #endif /* if ( configUSE_SB_COMPLETED_CALLBACK == 1 ) */
 220:FreeRTOS/src/stream_buffer.c **** 
 221:FreeRTOS/src/stream_buffer.c **** /* The number of bytes used to hold the length of a message in the buffer. */
 222:FreeRTOS/src/stream_buffer.c ****     #define sbBYTES_TO_STORE_MESSAGE_LENGTH    ( sizeof( configMESSAGE_BUFFER_LENGTH_TYPE ) )
 223:FreeRTOS/src/stream_buffer.c **** 
 224:FreeRTOS/src/stream_buffer.c **** /* Bits stored in the ucFlags field of the stream buffer. */
 225:FreeRTOS/src/stream_buffer.c ****     #define sbFLAGS_IS_MESSAGE_BUFFER          ( ( uint8_t ) 1 ) /* Set if the stream buffer was cr
 226:FreeRTOS/src/stream_buffer.c ****     #define sbFLAGS_IS_STATICALLY_ALLOCATED    ( ( uint8_t ) 2 ) /* Set if the stream buffer was cr
 227:FreeRTOS/src/stream_buffer.c ****     #define sbFLAGS_IS_BATCHING_BUFFER         ( ( uint8_t ) 4 ) /* Set if the stream buffer was cr
 228:FreeRTOS/src/stream_buffer.c **** 
 229:FreeRTOS/src/stream_buffer.c **** /*-----------------------------------------------------------*/
 230:FreeRTOS/src/stream_buffer.c **** 
 231:FreeRTOS/src/stream_buffer.c **** /* Structure that hold state information on the buffer. */
 232:FreeRTOS/src/stream_buffer.c **** typedef struct StreamBufferDef_t
 233:FreeRTOS/src/stream_buffer.c **** {
 234:FreeRTOS/src/stream_buffer.c ****     volatile size_t xTail;                       /* Index to the next item to read within the buffe
 235:FreeRTOS/src/stream_buffer.c ****     volatile size_t xHead;                       /* Index to the next item to write within the buff
 236:FreeRTOS/src/stream_buffer.c ****     size_t xLength;                              /* The length of the buffer pointed to by pucBuffe
 237:FreeRTOS/src/stream_buffer.c ****     size_t xTriggerLevelBytes;                   /* The number of bytes that must be in the stream 
 238:FreeRTOS/src/stream_buffer.c ****     volatile TaskHandle_t xTaskWaitingToReceive; /* Holds the handle of a task waiting for data, or
 239:FreeRTOS/src/stream_buffer.c ****     volatile TaskHandle_t xTaskWaitingToSend;    /* Holds the handle of a task waiting to send data
 240:FreeRTOS/src/stream_buffer.c ****     uint8_t * pucBuffer;                         /* Points to the buffer itself - that is - the RAM
 241:FreeRTOS/src/stream_buffer.c ****     uint8_t ucFlags;
 242:FreeRTOS/src/stream_buffer.c **** 
 243:FreeRTOS/src/stream_buffer.c ****     #if ( configUSE_TRACE_FACILITY == 1 )
 244:FreeRTOS/src/stream_buffer.c ****         UBaseType_t uxStreamBufferNumber; /* Used for tracing purposes. */
 245:FreeRTOS/src/stream_buffer.c ****     #endif
 246:FreeRTOS/src/stream_buffer.c **** 
 247:FreeRTOS/src/stream_buffer.c ****     #if ( configUSE_SB_COMPLETED_CALLBACK == 1 )
 248:FreeRTOS/src/stream_buffer.c ****         StreamBufferCallbackFunction_t pxSendCompletedCallback;    /* Optional callback called on s
 249:FreeRTOS/src/stream_buffer.c ****         StreamBufferCallbackFunction_t pxReceiveCompletedCallback; /* Optional callback called on r
 250:FreeRTOS/src/stream_buffer.c ****     #endif
 251:FreeRTOS/src/stream_buffer.c ****     UBaseType_t uxNotificationIndex;                               /* The index we are using for no
 252:FreeRTOS/src/stream_buffer.c **** } StreamBuffer_t;
 253:FreeRTOS/src/stream_buffer.c **** 
 254:FreeRTOS/src/stream_buffer.c **** /*
 255:FreeRTOS/src/stream_buffer.c ****  * The number of bytes available to be read from the buffer.
 256:FreeRTOS/src/stream_buffer.c ****  */
 257:FreeRTOS/src/stream_buffer.c **** static size_t prvBytesInBuffer( const StreamBuffer_t * const pxStreamBuffer ) PRIVILEGED_FUNCTION;
 258:FreeRTOS/src/stream_buffer.c **** 
ARM GAS  C:\Users\user\AppData\Local\Temp\ccSdXByh.s 			page 6


 259:FreeRTOS/src/stream_buffer.c **** /*
 260:FreeRTOS/src/stream_buffer.c ****  * Returns pdTRUE when the amount of buffered data should unblock a task that
 261:FreeRTOS/src/stream_buffer.c ****  * is waiting to receive data. Stream batching buffers require the buffered
 262:FreeRTOS/src/stream_buffer.c ****  * data to exceed the trigger level, whereas stream and message buffers unblock
 263:FreeRTOS/src/stream_buffer.c ****  * when the trigger level is reached.
 264:FreeRTOS/src/stream_buffer.c ****  */
 265:FreeRTOS/src/stream_buffer.c **** static BaseType_t prvBytesInBufferMeetTriggerLevel( const StreamBuffer_t * const pxStreamBuffer,
 266:FreeRTOS/src/stream_buffer.c ****                                                     size_t xBytesInBuffer ) PRIVILEGED_FUNCTION;
 267:FreeRTOS/src/stream_buffer.c **** 
 268:FreeRTOS/src/stream_buffer.c **** /*
 269:FreeRTOS/src/stream_buffer.c ****  * Add xCount bytes from pucData into the pxStreamBuffer's data storage area.
 270:FreeRTOS/src/stream_buffer.c ****  * This function does not update the buffer's xHead pointer, so multiple writes
 271:FreeRTOS/src/stream_buffer.c ****  * may be chained together "atomically". This is useful for Message Buffers where
 272:FreeRTOS/src/stream_buffer.c ****  * the length and data bytes are written in two separate chunks, and we don't want
 273:FreeRTOS/src/stream_buffer.c ****  * the reader to see the buffer as having grown until after all data is copied over.
 274:FreeRTOS/src/stream_buffer.c ****  * This function takes a custom xHead value to indicate where to write to (necessary
 275:FreeRTOS/src/stream_buffer.c ****  * for chaining) and returns the resulting xHead position.
 276:FreeRTOS/src/stream_buffer.c ****  * To mark the write as complete, manually set the buffer's xHead field with the
 277:FreeRTOS/src/stream_buffer.c ****  * returned xHead from this function.
 278:FreeRTOS/src/stream_buffer.c ****  */
 279:FreeRTOS/src/stream_buffer.c **** static size_t prvWriteBytesToBuffer( StreamBuffer_t * const pxStreamBuffer,
 280:FreeRTOS/src/stream_buffer.c ****                                      const uint8_t * pucData,
 281:FreeRTOS/src/stream_buffer.c ****                                      size_t xCount,
 282:FreeRTOS/src/stream_buffer.c ****                                      size_t xHead ) PRIVILEGED_FUNCTION;
 283:FreeRTOS/src/stream_buffer.c **** 
 284:FreeRTOS/src/stream_buffer.c **** /*
 285:FreeRTOS/src/stream_buffer.c ****  * If the stream buffer is being used as a message buffer, then reads an entire
 286:FreeRTOS/src/stream_buffer.c ****  * message out of the buffer.  If the stream buffer is being used as a stream
 287:FreeRTOS/src/stream_buffer.c ****  * buffer then read as many bytes as possible from the buffer.
 288:FreeRTOS/src/stream_buffer.c ****  * prvReadBytesFromBuffer() is called to actually extract the bytes from the
 289:FreeRTOS/src/stream_buffer.c ****  * buffer's data storage area.
 290:FreeRTOS/src/stream_buffer.c ****  */
 291:FreeRTOS/src/stream_buffer.c **** static size_t prvReadMessageFromBuffer( StreamBuffer_t * pxStreamBuffer,
 292:FreeRTOS/src/stream_buffer.c ****                                         void * pvRxData,
 293:FreeRTOS/src/stream_buffer.c ****                                         size_t xBufferLengthBytes,
 294:FreeRTOS/src/stream_buffer.c ****                                         size_t xBytesAvailable ) PRIVILEGED_FUNCTION;
 295:FreeRTOS/src/stream_buffer.c **** 
 296:FreeRTOS/src/stream_buffer.c **** /*
 297:FreeRTOS/src/stream_buffer.c ****  * If the stream buffer is being used as a message buffer, then writes an entire
 298:FreeRTOS/src/stream_buffer.c ****  * message to the buffer.  If the stream buffer is being used as a stream
 299:FreeRTOS/src/stream_buffer.c ****  * buffer then write as many bytes as possible to the buffer.
 300:FreeRTOS/src/stream_buffer.c ****  * prvWriteBytestoBuffer() is called to actually send the bytes to the buffer's
 301:FreeRTOS/src/stream_buffer.c ****  * data storage area.
 302:FreeRTOS/src/stream_buffer.c ****  */
 303:FreeRTOS/src/stream_buffer.c **** static size_t prvWriteMessageToBuffer( StreamBuffer_t * const pxStreamBuffer,
 304:FreeRTOS/src/stream_buffer.c ****                                        const void * pvTxData,
 305:FreeRTOS/src/stream_buffer.c ****                                        size_t xDataLengthBytes,
 306:FreeRTOS/src/stream_buffer.c ****                                        size_t xSpace,
 307:FreeRTOS/src/stream_buffer.c ****                                        size_t xRequiredSpace ) PRIVILEGED_FUNCTION;
 308:FreeRTOS/src/stream_buffer.c **** 
 309:FreeRTOS/src/stream_buffer.c **** /*
 310:FreeRTOS/src/stream_buffer.c ****  * Copies xCount bytes from the pxStreamBuffer's data storage area to pucData.
 311:FreeRTOS/src/stream_buffer.c ****  * This function does not update the buffer's xTail pointer, so multiple reads
 312:FreeRTOS/src/stream_buffer.c ****  * may be chained together "atomically". This is useful for Message Buffers where
 313:FreeRTOS/src/stream_buffer.c ****  * the length and data bytes are read in two separate chunks, and we don't want
 314:FreeRTOS/src/stream_buffer.c ****  * the writer to see the buffer as having more free space until after all data is
 315:FreeRTOS/src/stream_buffer.c ****  * copied over, especially if we have to abort the read due to insufficient receiving space.
ARM GAS  C:\Users\user\AppData\Local\Temp\ccSdXByh.s 			page 7


 316:FreeRTOS/src/stream_buffer.c ****  * This function takes a custom xTail value to indicate where to read from (necessary
 317:FreeRTOS/src/stream_buffer.c ****  * for chaining) and returns the resulting xTail position.
 318:FreeRTOS/src/stream_buffer.c ****  * To mark the read as complete, manually set the buffer's xTail field with the
 319:FreeRTOS/src/stream_buffer.c ****  * returned xTail from this function.
 320:FreeRTOS/src/stream_buffer.c ****  */
 321:FreeRTOS/src/stream_buffer.c **** static size_t prvReadBytesFromBuffer( StreamBuffer_t * pxStreamBuffer,
 322:FreeRTOS/src/stream_buffer.c ****                                       uint8_t * pucData,
 323:FreeRTOS/src/stream_buffer.c ****                                       size_t xCount,
 324:FreeRTOS/src/stream_buffer.c ****                                       size_t xTail ) PRIVILEGED_FUNCTION;
 325:FreeRTOS/src/stream_buffer.c **** 
 326:FreeRTOS/src/stream_buffer.c **** /*
 327:FreeRTOS/src/stream_buffer.c ****  * Called by both pxStreamBufferCreate() and pxStreamBufferCreateStatic() to
 328:FreeRTOS/src/stream_buffer.c ****  * initialise the members of the newly created stream buffer structure.
 329:FreeRTOS/src/stream_buffer.c ****  */
 330:FreeRTOS/src/stream_buffer.c **** static void prvInitialiseNewStreamBuffer( StreamBuffer_t * const pxStreamBuffer,
 331:FreeRTOS/src/stream_buffer.c ****                                           uint8_t * const pucBuffer,
 332:FreeRTOS/src/stream_buffer.c ****                                           size_t xBufferSizeBytes,
 333:FreeRTOS/src/stream_buffer.c ****                                           size_t xTriggerLevelBytes,
 334:FreeRTOS/src/stream_buffer.c ****                                           uint8_t ucFlags,
 335:FreeRTOS/src/stream_buffer.c ****                                           StreamBufferCallbackFunction_t pxSendCompletedCallback,
 336:FreeRTOS/src/stream_buffer.c ****                                           StreamBufferCallbackFunction_t pxReceiveCompletedCallback
 337:FreeRTOS/src/stream_buffer.c **** 
 338:FreeRTOS/src/stream_buffer.c **** /*-----------------------------------------------------------*/
 339:FreeRTOS/src/stream_buffer.c ****     #if ( configSUPPORT_DYNAMIC_ALLOCATION == 1 )
 340:FreeRTOS/src/stream_buffer.c ****     StreamBufferHandle_t xStreamBufferGenericCreate( size_t xBufferSizeBytes,
 341:FreeRTOS/src/stream_buffer.c ****                                                      size_t xTriggerLevelBytes,
 342:FreeRTOS/src/stream_buffer.c ****                                                      BaseType_t xStreamBufferType,
 343:FreeRTOS/src/stream_buffer.c ****                                                      StreamBufferCallbackFunction_t pxSendCompleted
 344:FreeRTOS/src/stream_buffer.c ****                                                      StreamBufferCallbackFunction_t pxReceiveComple
 345:FreeRTOS/src/stream_buffer.c ****     {
 346:FreeRTOS/src/stream_buffer.c ****         void * pvAllocatedMemory;
 347:FreeRTOS/src/stream_buffer.c ****         uint8_t ucFlags;
 348:FreeRTOS/src/stream_buffer.c **** 
 349:FreeRTOS/src/stream_buffer.c ****         traceENTER_xStreamBufferGenericCreate( xBufferSizeBytes, xTriggerLevelBytes, xStreamBufferT
 350:FreeRTOS/src/stream_buffer.c **** 
 351:FreeRTOS/src/stream_buffer.c ****         /* In case the stream buffer is going to be used as a message buffer
 352:FreeRTOS/src/stream_buffer.c ****          * (that is, it will hold discrete messages with a little meta data that
 353:FreeRTOS/src/stream_buffer.c ****          * says how big the next message is) check the buffer will be large enough
 354:FreeRTOS/src/stream_buffer.c ****          * to hold at least one message. */
 355:FreeRTOS/src/stream_buffer.c ****         if( xStreamBufferType == sbTYPE_MESSAGE_BUFFER )
 356:FreeRTOS/src/stream_buffer.c ****         {
 357:FreeRTOS/src/stream_buffer.c ****             /* Is a message buffer but not statically allocated. */
 358:FreeRTOS/src/stream_buffer.c ****             ucFlags = sbFLAGS_IS_MESSAGE_BUFFER;
 359:FreeRTOS/src/stream_buffer.c ****             configASSERT( xBufferSizeBytes > sbBYTES_TO_STORE_MESSAGE_LENGTH );
 360:FreeRTOS/src/stream_buffer.c ****         }
 361:FreeRTOS/src/stream_buffer.c ****         else if( xStreamBufferType == sbTYPE_STREAM_BATCHING_BUFFER )
 362:FreeRTOS/src/stream_buffer.c ****         {
 363:FreeRTOS/src/stream_buffer.c ****             /* Is a batching buffer but not statically allocated. */
 364:FreeRTOS/src/stream_buffer.c ****             ucFlags = sbFLAGS_IS_BATCHING_BUFFER;
 365:FreeRTOS/src/stream_buffer.c ****             configASSERT( xBufferSizeBytes > 0 );
 366:FreeRTOS/src/stream_buffer.c ****         }
 367:FreeRTOS/src/stream_buffer.c ****         else
 368:FreeRTOS/src/stream_buffer.c ****         {
 369:FreeRTOS/src/stream_buffer.c ****             /* Not a message buffer and not statically allocated. */
 370:FreeRTOS/src/stream_buffer.c ****             ucFlags = 0;
 371:FreeRTOS/src/stream_buffer.c ****             configASSERT( xBufferSizeBytes > 0 );
 372:FreeRTOS/src/stream_buffer.c ****         }
ARM GAS  C:\Users\user\AppData\Local\Temp\ccSdXByh.s 			page 8


 373:FreeRTOS/src/stream_buffer.c **** 
 374:FreeRTOS/src/stream_buffer.c ****         configASSERT( xTriggerLevelBytes <= xBufferSizeBytes );
 375:FreeRTOS/src/stream_buffer.c **** 
 376:FreeRTOS/src/stream_buffer.c ****         /* A trigger level of 0 would cause a waiting task to unblock even when
 377:FreeRTOS/src/stream_buffer.c ****          * the buffer was empty. */
 378:FreeRTOS/src/stream_buffer.c ****         if( xTriggerLevelBytes == ( size_t ) 0 )
 379:FreeRTOS/src/stream_buffer.c ****         {
 380:FreeRTOS/src/stream_buffer.c ****             xTriggerLevelBytes = ( size_t ) 1;
 381:FreeRTOS/src/stream_buffer.c ****         }
 382:FreeRTOS/src/stream_buffer.c **** 
 383:FreeRTOS/src/stream_buffer.c ****         /* A stream buffer requires a StreamBuffer_t structure and a buffer.
 384:FreeRTOS/src/stream_buffer.c ****          * Both are allocated in a single call to pvPortMalloc().  The
 385:FreeRTOS/src/stream_buffer.c ****          * StreamBuffer_t structure is placed at the start of the allocated memory
 386:FreeRTOS/src/stream_buffer.c ****          * and the buffer follows immediately after.  The requested size is
 387:FreeRTOS/src/stream_buffer.c ****          * incremented so the free space is returned as the user would expect -
 388:FreeRTOS/src/stream_buffer.c ****          * this is a quirk of the implementation that means otherwise the free
 389:FreeRTOS/src/stream_buffer.c ****          * space would be reported as one byte smaller than would be logically
 390:FreeRTOS/src/stream_buffer.c ****          * expected. */
 391:FreeRTOS/src/stream_buffer.c ****         if( xBufferSizeBytes < ( xBufferSizeBytes + 1U + sizeof( StreamBuffer_t ) ) )
 392:FreeRTOS/src/stream_buffer.c ****         {
 393:FreeRTOS/src/stream_buffer.c ****             xBufferSizeBytes++;
 394:FreeRTOS/src/stream_buffer.c ****             pvAllocatedMemory = pvPortMalloc( xBufferSizeBytes + sizeof( StreamBuffer_t ) );
 395:FreeRTOS/src/stream_buffer.c ****         }
 396:FreeRTOS/src/stream_buffer.c ****         else
 397:FreeRTOS/src/stream_buffer.c ****         {
 398:FreeRTOS/src/stream_buffer.c ****             pvAllocatedMemory = NULL;
 399:FreeRTOS/src/stream_buffer.c ****         }
 400:FreeRTOS/src/stream_buffer.c **** 
 401:FreeRTOS/src/stream_buffer.c ****         if( pvAllocatedMemory != NULL )
 402:FreeRTOS/src/stream_buffer.c ****         {
 403:FreeRTOS/src/stream_buffer.c ****             /* MISRA Ref 11.5.1 [Malloc memory assignment] */
 404:FreeRTOS/src/stream_buffer.c ****             /* More details at: https://github.com/FreeRTOS/FreeRTOS-Kernel/blob/main/MISRA.md#rule
 405:FreeRTOS/src/stream_buffer.c ****             /* coverity[misra_c_2012_rule_11_5_violation] */
 406:FreeRTOS/src/stream_buffer.c ****             prvInitialiseNewStreamBuffer( ( StreamBuffer_t * ) pvAllocatedMemory,                  
 407:FreeRTOS/src/stream_buffer.c ****                                                                                                    
 408:FreeRTOS/src/stream_buffer.c ****                                                                                                    
 409:FreeRTOS/src/stream_buffer.c ****                                                                                                    
 410:FreeRTOS/src/stream_buffer.c ****                                           ( ( uint8_t * ) pvAllocatedMemory ) + sizeof( StreamBuffe
 411:FreeRTOS/src/stream_buffer.c ****                                           xBufferSizeBytes,
 412:FreeRTOS/src/stream_buffer.c ****                                           xTriggerLevelBytes,
 413:FreeRTOS/src/stream_buffer.c ****                                           ucFlags,
 414:FreeRTOS/src/stream_buffer.c ****                                           pxSendCompletedCallback,
 415:FreeRTOS/src/stream_buffer.c ****                                           pxReceiveCompletedCallback );
 416:FreeRTOS/src/stream_buffer.c **** 
 417:FreeRTOS/src/stream_buffer.c ****             traceSTREAM_BUFFER_CREATE( ( ( StreamBuffer_t * ) pvAllocatedMemory ), xStreamBufferTyp
 418:FreeRTOS/src/stream_buffer.c ****         }
 419:FreeRTOS/src/stream_buffer.c ****         else
 420:FreeRTOS/src/stream_buffer.c ****         {
 421:FreeRTOS/src/stream_buffer.c ****             traceSTREAM_BUFFER_CREATE_FAILED( xStreamBufferType );
 422:FreeRTOS/src/stream_buffer.c ****         }
 423:FreeRTOS/src/stream_buffer.c **** 
 424:FreeRTOS/src/stream_buffer.c ****         traceRETURN_xStreamBufferGenericCreate( pvAllocatedMemory );
 425:FreeRTOS/src/stream_buffer.c **** 
 426:FreeRTOS/src/stream_buffer.c ****         /* MISRA Ref 11.5.1 [Malloc memory assignment] */
 427:FreeRTOS/src/stream_buffer.c ****         /* More details at: https://github.com/FreeRTOS/FreeRTOS-Kernel/blob/main/MISRA.md#rule-115
 428:FreeRTOS/src/stream_buffer.c ****         /* coverity[misra_c_2012_rule_11_5_violation] */
 429:FreeRTOS/src/stream_buffer.c ****         return ( StreamBufferHandle_t ) pvAllocatedMemory;
ARM GAS  C:\Users\user\AppData\Local\Temp\ccSdXByh.s 			page 9


 430:FreeRTOS/src/stream_buffer.c ****     }
 431:FreeRTOS/src/stream_buffer.c ****     #endif /* configSUPPORT_DYNAMIC_ALLOCATION */
 432:FreeRTOS/src/stream_buffer.c **** /*-----------------------------------------------------------*/
 433:FreeRTOS/src/stream_buffer.c **** 
 434:FreeRTOS/src/stream_buffer.c ****     #if ( configSUPPORT_STATIC_ALLOCATION == 1 )
 435:FreeRTOS/src/stream_buffer.c **** 
 436:FreeRTOS/src/stream_buffer.c ****     StreamBufferHandle_t xStreamBufferGenericCreateStatic( size_t xBufferSizeBytes,
 437:FreeRTOS/src/stream_buffer.c ****                                                            size_t xTriggerLevelBytes,
 438:FreeRTOS/src/stream_buffer.c ****                                                            BaseType_t xStreamBufferType,
 439:FreeRTOS/src/stream_buffer.c ****                                                            uint8_t * const pucStreamBufferStorageAr
 440:FreeRTOS/src/stream_buffer.c ****                                                            StaticStreamBuffer_t * const pxStaticStr
 441:FreeRTOS/src/stream_buffer.c ****                                                            StreamBufferCallbackFunction_t pxSendCom
 442:FreeRTOS/src/stream_buffer.c ****                                                            StreamBufferCallbackFunction_t pxReceive
 443:FreeRTOS/src/stream_buffer.c ****     {
 444:FreeRTOS/src/stream_buffer.c ****         /* MISRA Ref 11.3.1 [Misaligned access] */
 445:FreeRTOS/src/stream_buffer.c ****         /* More details at: https://github.com/FreeRTOS/FreeRTOS-Kernel/blob/main/MISRA.md#rule-113
 446:FreeRTOS/src/stream_buffer.c ****         /* coverity[misra_c_2012_rule_11_3_violation] */
 447:FreeRTOS/src/stream_buffer.c ****         StreamBuffer_t * const pxStreamBuffer = ( StreamBuffer_t * ) pxStaticStreamBuffer;
 448:FreeRTOS/src/stream_buffer.c ****         StreamBufferHandle_t xReturn;
 449:FreeRTOS/src/stream_buffer.c ****         uint8_t ucFlags;
 450:FreeRTOS/src/stream_buffer.c **** 
 451:FreeRTOS/src/stream_buffer.c ****         traceENTER_xStreamBufferGenericCreateStatic( xBufferSizeBytes, xTriggerLevelBytes, xStreamB
 452:FreeRTOS/src/stream_buffer.c **** 
 453:FreeRTOS/src/stream_buffer.c ****         configASSERT( pucStreamBufferStorageArea );
 454:FreeRTOS/src/stream_buffer.c ****         configASSERT( pxStaticStreamBuffer );
 455:FreeRTOS/src/stream_buffer.c ****         configASSERT( xTriggerLevelBytes <= xBufferSizeBytes );
 456:FreeRTOS/src/stream_buffer.c **** 
 457:FreeRTOS/src/stream_buffer.c ****         /* A trigger level of 0 would cause a waiting task to unblock even when
 458:FreeRTOS/src/stream_buffer.c ****          * the buffer was empty. */
 459:FreeRTOS/src/stream_buffer.c ****         if( xTriggerLevelBytes == ( size_t ) 0 )
 460:FreeRTOS/src/stream_buffer.c ****         {
 461:FreeRTOS/src/stream_buffer.c ****             xTriggerLevelBytes = ( size_t ) 1;
 462:FreeRTOS/src/stream_buffer.c ****         }
 463:FreeRTOS/src/stream_buffer.c **** 
 464:FreeRTOS/src/stream_buffer.c ****         /* In case the stream buffer is going to be used as a message buffer
 465:FreeRTOS/src/stream_buffer.c ****          * (that is, it will hold discrete messages with a little meta data that
 466:FreeRTOS/src/stream_buffer.c ****          * says how big the next message is) check the buffer will be large enough
 467:FreeRTOS/src/stream_buffer.c ****          * to hold at least one message. */
 468:FreeRTOS/src/stream_buffer.c **** 
 469:FreeRTOS/src/stream_buffer.c ****         if( xStreamBufferType == sbTYPE_MESSAGE_BUFFER )
 470:FreeRTOS/src/stream_buffer.c ****         {
 471:FreeRTOS/src/stream_buffer.c ****             /* Statically allocated message buffer. */
 472:FreeRTOS/src/stream_buffer.c ****             ucFlags = sbFLAGS_IS_MESSAGE_BUFFER | sbFLAGS_IS_STATICALLY_ALLOCATED;
 473:FreeRTOS/src/stream_buffer.c ****             configASSERT( xBufferSizeBytes > sbBYTES_TO_STORE_MESSAGE_LENGTH );
 474:FreeRTOS/src/stream_buffer.c ****         }
 475:FreeRTOS/src/stream_buffer.c ****         else if( xStreamBufferType == sbTYPE_STREAM_BATCHING_BUFFER )
 476:FreeRTOS/src/stream_buffer.c ****         {
 477:FreeRTOS/src/stream_buffer.c ****             /* Statically allocated batching buffer. */
 478:FreeRTOS/src/stream_buffer.c ****             ucFlags = sbFLAGS_IS_BATCHING_BUFFER | sbFLAGS_IS_STATICALLY_ALLOCATED;
 479:FreeRTOS/src/stream_buffer.c ****             configASSERT( xBufferSizeBytes > 0 );
 480:FreeRTOS/src/stream_buffer.c ****         }
 481:FreeRTOS/src/stream_buffer.c ****         else
 482:FreeRTOS/src/stream_buffer.c ****         {
 483:FreeRTOS/src/stream_buffer.c ****             /* Statically allocated stream buffer. */
 484:FreeRTOS/src/stream_buffer.c ****             ucFlags = sbFLAGS_IS_STATICALLY_ALLOCATED;
 485:FreeRTOS/src/stream_buffer.c ****         }
 486:FreeRTOS/src/stream_buffer.c **** 
ARM GAS  C:\Users\user\AppData\Local\Temp\ccSdXByh.s 			page 10


 487:FreeRTOS/src/stream_buffer.c ****         #if ( configASSERT_DEFINED == 1 )
 488:FreeRTOS/src/stream_buffer.c ****         {
 489:FreeRTOS/src/stream_buffer.c ****             /* Sanity check that the size of the structure used to declare a
 490:FreeRTOS/src/stream_buffer.c ****              * variable of type StaticStreamBuffer_t equals the size of the real
 491:FreeRTOS/src/stream_buffer.c ****              * message buffer structure. */
 492:FreeRTOS/src/stream_buffer.c ****             volatile size_t xSize = sizeof( StaticStreamBuffer_t );
 493:FreeRTOS/src/stream_buffer.c ****             configASSERT( xSize == sizeof( StreamBuffer_t ) );
 494:FreeRTOS/src/stream_buffer.c ****         }
 495:FreeRTOS/src/stream_buffer.c ****         #endif /* configASSERT_DEFINED */
 496:FreeRTOS/src/stream_buffer.c **** 
 497:FreeRTOS/src/stream_buffer.c ****         if( ( pucStreamBufferStorageArea != NULL ) && ( pxStaticStreamBuffer != NULL ) )
 498:FreeRTOS/src/stream_buffer.c ****         {
 499:FreeRTOS/src/stream_buffer.c ****             prvInitialiseNewStreamBuffer( pxStreamBuffer,
 500:FreeRTOS/src/stream_buffer.c ****                                           pucStreamBufferStorageArea,
 501:FreeRTOS/src/stream_buffer.c ****                                           xBufferSizeBytes,
 502:FreeRTOS/src/stream_buffer.c ****                                           xTriggerLevelBytes,
 503:FreeRTOS/src/stream_buffer.c ****                                           ucFlags,
 504:FreeRTOS/src/stream_buffer.c ****                                           pxSendCompletedCallback,
 505:FreeRTOS/src/stream_buffer.c ****                                           pxReceiveCompletedCallback );
 506:FreeRTOS/src/stream_buffer.c **** 
 507:FreeRTOS/src/stream_buffer.c ****             /* Remember this was statically allocated in case it is ever deleted
 508:FreeRTOS/src/stream_buffer.c ****              * again. */
 509:FreeRTOS/src/stream_buffer.c ****             pxStreamBuffer->ucFlags |= sbFLAGS_IS_STATICALLY_ALLOCATED;
 510:FreeRTOS/src/stream_buffer.c **** 
 511:FreeRTOS/src/stream_buffer.c ****             traceSTREAM_BUFFER_CREATE( pxStreamBuffer, xStreamBufferType );
 512:FreeRTOS/src/stream_buffer.c **** 
 513:FreeRTOS/src/stream_buffer.c ****             /* MISRA Ref 11.3.1 [Misaligned access] */
 514:FreeRTOS/src/stream_buffer.c ****             /* More details at: https://github.com/FreeRTOS/FreeRTOS-Kernel/blob/main/MISRA.md#rule
 515:FreeRTOS/src/stream_buffer.c ****             /* coverity[misra_c_2012_rule_11_3_violation] */
 516:FreeRTOS/src/stream_buffer.c ****             xReturn = ( StreamBufferHandle_t ) pxStaticStreamBuffer;
 517:FreeRTOS/src/stream_buffer.c ****         }
 518:FreeRTOS/src/stream_buffer.c ****         else
 519:FreeRTOS/src/stream_buffer.c ****         {
 520:FreeRTOS/src/stream_buffer.c ****             xReturn = NULL;
 521:FreeRTOS/src/stream_buffer.c ****             traceSTREAM_BUFFER_CREATE_STATIC_FAILED( xReturn, xStreamBufferType );
 522:FreeRTOS/src/stream_buffer.c ****         }
 523:FreeRTOS/src/stream_buffer.c **** 
 524:FreeRTOS/src/stream_buffer.c ****         traceRETURN_xStreamBufferGenericCreateStatic( xReturn );
 525:FreeRTOS/src/stream_buffer.c **** 
 526:FreeRTOS/src/stream_buffer.c ****         return xReturn;
 527:FreeRTOS/src/stream_buffer.c ****     }
 528:FreeRTOS/src/stream_buffer.c ****     #endif /* ( configSUPPORT_STATIC_ALLOCATION == 1 ) */
 529:FreeRTOS/src/stream_buffer.c **** /*-----------------------------------------------------------*/
 530:FreeRTOS/src/stream_buffer.c **** 
 531:FreeRTOS/src/stream_buffer.c ****     #if ( configSUPPORT_STATIC_ALLOCATION == 1 )
 532:FreeRTOS/src/stream_buffer.c ****     BaseType_t xStreamBufferGetStaticBuffers( StreamBufferHandle_t xStreamBuffer,
 533:FreeRTOS/src/stream_buffer.c ****                                               uint8_t ** ppucStreamBufferStorageArea,
 534:FreeRTOS/src/stream_buffer.c ****                                               StaticStreamBuffer_t ** ppxStaticStreamBuffer )
 535:FreeRTOS/src/stream_buffer.c ****     {
 536:FreeRTOS/src/stream_buffer.c ****         BaseType_t xReturn;
 537:FreeRTOS/src/stream_buffer.c ****         StreamBuffer_t * const pxStreamBuffer = xStreamBuffer;
 538:FreeRTOS/src/stream_buffer.c **** 
 539:FreeRTOS/src/stream_buffer.c ****         traceENTER_xStreamBufferGetStaticBuffers( xStreamBuffer, ppucStreamBufferStorageArea, ppxSt
 540:FreeRTOS/src/stream_buffer.c **** 
 541:FreeRTOS/src/stream_buffer.c ****         configASSERT( pxStreamBuffer );
 542:FreeRTOS/src/stream_buffer.c ****         configASSERT( ppucStreamBufferStorageArea );
 543:FreeRTOS/src/stream_buffer.c ****         configASSERT( ppxStaticStreamBuffer );
ARM GAS  C:\Users\user\AppData\Local\Temp\ccSdXByh.s 			page 11


 544:FreeRTOS/src/stream_buffer.c **** 
 545:FreeRTOS/src/stream_buffer.c ****         if( ( pxStreamBuffer->ucFlags & sbFLAGS_IS_STATICALLY_ALLOCATED ) != ( uint8_t ) 0 )
 546:FreeRTOS/src/stream_buffer.c ****         {
 547:FreeRTOS/src/stream_buffer.c ****             *ppucStreamBufferStorageArea = pxStreamBuffer->pucBuffer;
 548:FreeRTOS/src/stream_buffer.c ****             /* MISRA Ref 11.3.1 [Misaligned access] */
 549:FreeRTOS/src/stream_buffer.c ****             /* More details at: https://github.com/FreeRTOS/FreeRTOS-Kernel/blob/main/MISRA.md#rule
 550:FreeRTOS/src/stream_buffer.c ****             /* coverity[misra_c_2012_rule_11_3_violation] */
 551:FreeRTOS/src/stream_buffer.c ****             *ppxStaticStreamBuffer = ( StaticStreamBuffer_t * ) pxStreamBuffer;
 552:FreeRTOS/src/stream_buffer.c ****             xReturn = pdTRUE;
 553:FreeRTOS/src/stream_buffer.c ****         }
 554:FreeRTOS/src/stream_buffer.c ****         else
 555:FreeRTOS/src/stream_buffer.c ****         {
 556:FreeRTOS/src/stream_buffer.c ****             xReturn = pdFALSE;
 557:FreeRTOS/src/stream_buffer.c ****         }
 558:FreeRTOS/src/stream_buffer.c **** 
 559:FreeRTOS/src/stream_buffer.c ****         traceRETURN_xStreamBufferGetStaticBuffers( xReturn );
 560:FreeRTOS/src/stream_buffer.c **** 
 561:FreeRTOS/src/stream_buffer.c ****         return xReturn;
 562:FreeRTOS/src/stream_buffer.c ****     }
 563:FreeRTOS/src/stream_buffer.c ****     #endif /* configSUPPORT_STATIC_ALLOCATION */
 564:FreeRTOS/src/stream_buffer.c **** /*-----------------------------------------------------------*/
 565:FreeRTOS/src/stream_buffer.c **** 
 566:FreeRTOS/src/stream_buffer.c **** void vStreamBufferDelete( StreamBufferHandle_t xStreamBuffer )
 567:FreeRTOS/src/stream_buffer.c **** {
 568:FreeRTOS/src/stream_buffer.c ****     StreamBuffer_t * pxStreamBuffer = xStreamBuffer;
 569:FreeRTOS/src/stream_buffer.c **** 
 570:FreeRTOS/src/stream_buffer.c ****     traceENTER_vStreamBufferDelete( xStreamBuffer );
 571:FreeRTOS/src/stream_buffer.c **** 
 572:FreeRTOS/src/stream_buffer.c ****     configASSERT( pxStreamBuffer );
 573:FreeRTOS/src/stream_buffer.c **** 
 574:FreeRTOS/src/stream_buffer.c ****     traceSTREAM_BUFFER_DELETE( xStreamBuffer );
 575:FreeRTOS/src/stream_buffer.c **** 
 576:FreeRTOS/src/stream_buffer.c ****     if( ( pxStreamBuffer->ucFlags & sbFLAGS_IS_STATICALLY_ALLOCATED ) == ( uint8_t ) pdFALSE )
 577:FreeRTOS/src/stream_buffer.c ****     {
 578:FreeRTOS/src/stream_buffer.c ****         #if ( configSUPPORT_DYNAMIC_ALLOCATION == 1 )
 579:FreeRTOS/src/stream_buffer.c ****         {
 580:FreeRTOS/src/stream_buffer.c ****             /* Both the structure and the buffer were allocated using a single call
 581:FreeRTOS/src/stream_buffer.c ****             * to pvPortMalloc(), hence only one call to vPortFree() is required. */
 582:FreeRTOS/src/stream_buffer.c ****             vPortFree( ( void * ) pxStreamBuffer );
 583:FreeRTOS/src/stream_buffer.c ****         }
 584:FreeRTOS/src/stream_buffer.c ****         #else
 585:FreeRTOS/src/stream_buffer.c ****         {
 586:FreeRTOS/src/stream_buffer.c ****             /* Should not be possible to get here, ucFlags must be corrupt.
 587:FreeRTOS/src/stream_buffer.c ****              * Force an assert. */
 588:FreeRTOS/src/stream_buffer.c ****             configASSERT( xStreamBuffer == ( StreamBufferHandle_t ) ~0 );
 589:FreeRTOS/src/stream_buffer.c ****         }
 590:FreeRTOS/src/stream_buffer.c ****         #endif
 591:FreeRTOS/src/stream_buffer.c ****     }
 592:FreeRTOS/src/stream_buffer.c ****     else
 593:FreeRTOS/src/stream_buffer.c ****     {
 594:FreeRTOS/src/stream_buffer.c ****         /* The structure and buffer were not allocated dynamically and cannot be
 595:FreeRTOS/src/stream_buffer.c ****          * freed - just scrub the structure so future use will assert. */
 596:FreeRTOS/src/stream_buffer.c ****         ( void ) memset( pxStreamBuffer, 0x00, sizeof( StreamBuffer_t ) );
 597:FreeRTOS/src/stream_buffer.c ****     }
 598:FreeRTOS/src/stream_buffer.c **** 
 599:FreeRTOS/src/stream_buffer.c ****     traceRETURN_vStreamBufferDelete();
 600:FreeRTOS/src/stream_buffer.c **** }
ARM GAS  C:\Users\user\AppData\Local\Temp\ccSdXByh.s 			page 12


 601:FreeRTOS/src/stream_buffer.c **** /*-----------------------------------------------------------*/
 602:FreeRTOS/src/stream_buffer.c **** 
 603:FreeRTOS/src/stream_buffer.c **** BaseType_t xStreamBufferReset( StreamBufferHandle_t xStreamBuffer )
 604:FreeRTOS/src/stream_buffer.c **** {
 605:FreeRTOS/src/stream_buffer.c ****     StreamBuffer_t * const pxStreamBuffer = xStreamBuffer;
 606:FreeRTOS/src/stream_buffer.c ****     BaseType_t xReturn = pdFAIL;
 607:FreeRTOS/src/stream_buffer.c ****     StreamBufferCallbackFunction_t pxSendCallback = NULL, pxReceiveCallback = NULL;
 608:FreeRTOS/src/stream_buffer.c **** 
 609:FreeRTOS/src/stream_buffer.c ****     #if ( configUSE_TRACE_FACILITY == 1 )
 610:FreeRTOS/src/stream_buffer.c ****         UBaseType_t uxStreamBufferNumber;
 611:FreeRTOS/src/stream_buffer.c ****     #endif
 612:FreeRTOS/src/stream_buffer.c **** 
 613:FreeRTOS/src/stream_buffer.c ****     traceENTER_xStreamBufferReset( xStreamBuffer );
 614:FreeRTOS/src/stream_buffer.c **** 
 615:FreeRTOS/src/stream_buffer.c ****     configASSERT( pxStreamBuffer );
 616:FreeRTOS/src/stream_buffer.c **** 
 617:FreeRTOS/src/stream_buffer.c ****     #if ( configUSE_TRACE_FACILITY == 1 )
 618:FreeRTOS/src/stream_buffer.c ****     {
 619:FreeRTOS/src/stream_buffer.c ****         /* Store the stream buffer number so it can be restored after the
 620:FreeRTOS/src/stream_buffer.c ****          * reset. */
 621:FreeRTOS/src/stream_buffer.c ****         uxStreamBufferNumber = pxStreamBuffer->uxStreamBufferNumber;
 622:FreeRTOS/src/stream_buffer.c ****     }
 623:FreeRTOS/src/stream_buffer.c ****     #endif
 624:FreeRTOS/src/stream_buffer.c **** 
 625:FreeRTOS/src/stream_buffer.c ****     /* Can only reset a message buffer if there are no tasks blocked on it. */
 626:FreeRTOS/src/stream_buffer.c ****     taskENTER_CRITICAL();
 627:FreeRTOS/src/stream_buffer.c ****     {
 628:FreeRTOS/src/stream_buffer.c ****         if( ( pxStreamBuffer->xTaskWaitingToReceive == NULL ) && ( pxStreamBuffer->xTaskWaitingToSe
 629:FreeRTOS/src/stream_buffer.c ****         {
 630:FreeRTOS/src/stream_buffer.c ****             #if ( configUSE_SB_COMPLETED_CALLBACK == 1 )
 631:FreeRTOS/src/stream_buffer.c ****             {
 632:FreeRTOS/src/stream_buffer.c ****                 pxSendCallback = pxStreamBuffer->pxSendCompletedCallback;
 633:FreeRTOS/src/stream_buffer.c ****                 pxReceiveCallback = pxStreamBuffer->pxReceiveCompletedCallback;
 634:FreeRTOS/src/stream_buffer.c ****             }
 635:FreeRTOS/src/stream_buffer.c ****             #endif
 636:FreeRTOS/src/stream_buffer.c **** 
 637:FreeRTOS/src/stream_buffer.c ****             prvInitialiseNewStreamBuffer( pxStreamBuffer,
 638:FreeRTOS/src/stream_buffer.c ****                                           pxStreamBuffer->pucBuffer,
 639:FreeRTOS/src/stream_buffer.c ****                                           pxStreamBuffer->xLength,
 640:FreeRTOS/src/stream_buffer.c ****                                           pxStreamBuffer->xTriggerLevelBytes,
 641:FreeRTOS/src/stream_buffer.c ****                                           pxStreamBuffer->ucFlags,
 642:FreeRTOS/src/stream_buffer.c ****                                           pxSendCallback,
 643:FreeRTOS/src/stream_buffer.c ****                                           pxReceiveCallback );
 644:FreeRTOS/src/stream_buffer.c **** 
 645:FreeRTOS/src/stream_buffer.c ****             #if ( configUSE_TRACE_FACILITY == 1 )
 646:FreeRTOS/src/stream_buffer.c ****             {
 647:FreeRTOS/src/stream_buffer.c ****                 pxStreamBuffer->uxStreamBufferNumber = uxStreamBufferNumber;
 648:FreeRTOS/src/stream_buffer.c ****             }
 649:FreeRTOS/src/stream_buffer.c ****             #endif
 650:FreeRTOS/src/stream_buffer.c **** 
 651:FreeRTOS/src/stream_buffer.c ****             traceSTREAM_BUFFER_RESET( xStreamBuffer );
 652:FreeRTOS/src/stream_buffer.c **** 
 653:FreeRTOS/src/stream_buffer.c ****             xReturn = pdPASS;
 654:FreeRTOS/src/stream_buffer.c ****         }
 655:FreeRTOS/src/stream_buffer.c ****     }
 656:FreeRTOS/src/stream_buffer.c ****     taskEXIT_CRITICAL();
 657:FreeRTOS/src/stream_buffer.c **** 
ARM GAS  C:\Users\user\AppData\Local\Temp\ccSdXByh.s 			page 13


 658:FreeRTOS/src/stream_buffer.c ****     traceRETURN_xStreamBufferReset( xReturn );
 659:FreeRTOS/src/stream_buffer.c **** 
 660:FreeRTOS/src/stream_buffer.c ****     return xReturn;
 661:FreeRTOS/src/stream_buffer.c **** }
 662:FreeRTOS/src/stream_buffer.c **** /*-----------------------------------------------------------*/
 663:FreeRTOS/src/stream_buffer.c **** 
 664:FreeRTOS/src/stream_buffer.c **** BaseType_t xStreamBufferResetFromISR( StreamBufferHandle_t xStreamBuffer )
 665:FreeRTOS/src/stream_buffer.c **** {
 666:FreeRTOS/src/stream_buffer.c ****     StreamBuffer_t * const pxStreamBuffer = xStreamBuffer;
 667:FreeRTOS/src/stream_buffer.c ****     BaseType_t xReturn = pdFAIL;
 668:FreeRTOS/src/stream_buffer.c ****     StreamBufferCallbackFunction_t pxSendCallback = NULL, pxReceiveCallback = NULL;
 669:FreeRTOS/src/stream_buffer.c ****     UBaseType_t uxSavedInterruptStatus;
 670:FreeRTOS/src/stream_buffer.c **** 
 671:FreeRTOS/src/stream_buffer.c ****     #if ( configUSE_TRACE_FACILITY == 1 )
 672:FreeRTOS/src/stream_buffer.c ****         UBaseType_t uxStreamBufferNumber;
 673:FreeRTOS/src/stream_buffer.c ****     #endif
 674:FreeRTOS/src/stream_buffer.c **** 
 675:FreeRTOS/src/stream_buffer.c ****     traceENTER_xStreamBufferResetFromISR( xStreamBuffer );
 676:FreeRTOS/src/stream_buffer.c **** 
 677:FreeRTOS/src/stream_buffer.c ****     configASSERT( pxStreamBuffer );
 678:FreeRTOS/src/stream_buffer.c **** 
 679:FreeRTOS/src/stream_buffer.c ****     #if ( configUSE_TRACE_FACILITY == 1 )
 680:FreeRTOS/src/stream_buffer.c ****     {
 681:FreeRTOS/src/stream_buffer.c ****         /* Store the stream buffer number so it can be restored after the
 682:FreeRTOS/src/stream_buffer.c ****          * reset. */
 683:FreeRTOS/src/stream_buffer.c ****         uxStreamBufferNumber = pxStreamBuffer->uxStreamBufferNumber;
 684:FreeRTOS/src/stream_buffer.c ****     }
 685:FreeRTOS/src/stream_buffer.c ****     #endif
 686:FreeRTOS/src/stream_buffer.c **** 
 687:FreeRTOS/src/stream_buffer.c ****     /* Can only reset a message buffer if there are no tasks blocked on it. */
 688:FreeRTOS/src/stream_buffer.c ****     /* MISRA Ref 4.7.1 [Return value shall be checked] */
 689:FreeRTOS/src/stream_buffer.c ****     /* More details at: https://github.com/FreeRTOS/FreeRTOS-Kernel/blob/main/MISRA.md#dir-47 */
 690:FreeRTOS/src/stream_buffer.c ****     /* coverity[misra_c_2012_directive_4_7_violation] */
 691:FreeRTOS/src/stream_buffer.c ****     uxSavedInterruptStatus = taskENTER_CRITICAL_FROM_ISR();
 692:FreeRTOS/src/stream_buffer.c ****     {
 693:FreeRTOS/src/stream_buffer.c ****         if( ( pxStreamBuffer->xTaskWaitingToReceive == NULL ) && ( pxStreamBuffer->xTaskWaitingToSe
 694:FreeRTOS/src/stream_buffer.c ****         {
 695:FreeRTOS/src/stream_buffer.c ****             #if ( configUSE_SB_COMPLETED_CALLBACK == 1 )
 696:FreeRTOS/src/stream_buffer.c ****             {
 697:FreeRTOS/src/stream_buffer.c ****                 pxSendCallback = pxStreamBuffer->pxSendCompletedCallback;
 698:FreeRTOS/src/stream_buffer.c ****                 pxReceiveCallback = pxStreamBuffer->pxReceiveCompletedCallback;
 699:FreeRTOS/src/stream_buffer.c ****             }
 700:FreeRTOS/src/stream_buffer.c ****             #endif
 701:FreeRTOS/src/stream_buffer.c **** 
 702:FreeRTOS/src/stream_buffer.c ****             prvInitialiseNewStreamBuffer( pxStreamBuffer,
 703:FreeRTOS/src/stream_buffer.c ****                                           pxStreamBuffer->pucBuffer,
 704:FreeRTOS/src/stream_buffer.c ****                                           pxStreamBuffer->xLength,
 705:FreeRTOS/src/stream_buffer.c ****                                           pxStreamBuffer->xTriggerLevelBytes,
 706:FreeRTOS/src/stream_buffer.c ****                                           pxStreamBuffer->ucFlags,
 707:FreeRTOS/src/stream_buffer.c ****                                           pxSendCallback,
 708:FreeRTOS/src/stream_buffer.c ****                                           pxReceiveCallback );
 709:FreeRTOS/src/stream_buffer.c **** 
 710:FreeRTOS/src/stream_buffer.c ****             #if ( configUSE_TRACE_FACILITY == 1 )
 711:FreeRTOS/src/stream_buffer.c ****             {
 712:FreeRTOS/src/stream_buffer.c ****                 pxStreamBuffer->uxStreamBufferNumber = uxStreamBufferNumber;
 713:FreeRTOS/src/stream_buffer.c ****             }
 714:FreeRTOS/src/stream_buffer.c ****             #endif
ARM GAS  C:\Users\user\AppData\Local\Temp\ccSdXByh.s 			page 14


 715:FreeRTOS/src/stream_buffer.c **** 
 716:FreeRTOS/src/stream_buffer.c ****             traceSTREAM_BUFFER_RESET_FROM_ISR( xStreamBuffer );
 717:FreeRTOS/src/stream_buffer.c **** 
 718:FreeRTOS/src/stream_buffer.c ****             xReturn = pdPASS;
 719:FreeRTOS/src/stream_buffer.c ****         }
 720:FreeRTOS/src/stream_buffer.c ****     }
 721:FreeRTOS/src/stream_buffer.c ****     taskEXIT_CRITICAL_FROM_ISR( uxSavedInterruptStatus );
 722:FreeRTOS/src/stream_buffer.c **** 
 723:FreeRTOS/src/stream_buffer.c ****     traceRETURN_xStreamBufferResetFromISR( xReturn );
 724:FreeRTOS/src/stream_buffer.c **** 
 725:FreeRTOS/src/stream_buffer.c ****     return xReturn;
 726:FreeRTOS/src/stream_buffer.c **** }
 727:FreeRTOS/src/stream_buffer.c **** /*-----------------------------------------------------------*/
 728:FreeRTOS/src/stream_buffer.c **** 
 729:FreeRTOS/src/stream_buffer.c **** BaseType_t xStreamBufferSetTriggerLevel( StreamBufferHandle_t xStreamBuffer,
 730:FreeRTOS/src/stream_buffer.c ****                                          size_t xTriggerLevel )
 731:FreeRTOS/src/stream_buffer.c **** {
 732:FreeRTOS/src/stream_buffer.c ****     StreamBuffer_t * const pxStreamBuffer = xStreamBuffer;
 733:FreeRTOS/src/stream_buffer.c ****     BaseType_t xReturn;
 734:FreeRTOS/src/stream_buffer.c **** 
 735:FreeRTOS/src/stream_buffer.c ****     traceENTER_xStreamBufferSetTriggerLevel( xStreamBuffer, xTriggerLevel );
 736:FreeRTOS/src/stream_buffer.c **** 
 737:FreeRTOS/src/stream_buffer.c ****     configASSERT( pxStreamBuffer );
 738:FreeRTOS/src/stream_buffer.c **** 
 739:FreeRTOS/src/stream_buffer.c ****     /* It is not valid for the trigger level to be 0. */
 740:FreeRTOS/src/stream_buffer.c ****     if( xTriggerLevel == ( size_t ) 0 )
 741:FreeRTOS/src/stream_buffer.c ****     {
 742:FreeRTOS/src/stream_buffer.c ****         xTriggerLevel = ( size_t ) 1;
 743:FreeRTOS/src/stream_buffer.c ****     }
 744:FreeRTOS/src/stream_buffer.c **** 
 745:FreeRTOS/src/stream_buffer.c ****     /* The trigger level is the number of bytes that must be in the stream
 746:FreeRTOS/src/stream_buffer.c ****      * buffer before a task that is waiting for data is unblocked. */
 747:FreeRTOS/src/stream_buffer.c ****     if( xTriggerLevel < pxStreamBuffer->xLength )
 748:FreeRTOS/src/stream_buffer.c ****     {
 749:FreeRTOS/src/stream_buffer.c ****         pxStreamBuffer->xTriggerLevelBytes = xTriggerLevel;
 750:FreeRTOS/src/stream_buffer.c ****         xReturn = pdPASS;
 751:FreeRTOS/src/stream_buffer.c ****     }
 752:FreeRTOS/src/stream_buffer.c ****     else
 753:FreeRTOS/src/stream_buffer.c ****     {
 754:FreeRTOS/src/stream_buffer.c ****         xReturn = pdFALSE;
 755:FreeRTOS/src/stream_buffer.c ****     }
 756:FreeRTOS/src/stream_buffer.c **** 
 757:FreeRTOS/src/stream_buffer.c ****     traceRETURN_xStreamBufferSetTriggerLevel( xReturn );
 758:FreeRTOS/src/stream_buffer.c **** 
 759:FreeRTOS/src/stream_buffer.c ****     return xReturn;
 760:FreeRTOS/src/stream_buffer.c **** }
 761:FreeRTOS/src/stream_buffer.c **** /*-----------------------------------------------------------*/
 762:FreeRTOS/src/stream_buffer.c **** 
 763:FreeRTOS/src/stream_buffer.c **** size_t xStreamBufferSpacesAvailable( StreamBufferHandle_t xStreamBuffer )
 764:FreeRTOS/src/stream_buffer.c **** {
 765:FreeRTOS/src/stream_buffer.c ****     const StreamBuffer_t * const pxStreamBuffer = xStreamBuffer;
 766:FreeRTOS/src/stream_buffer.c ****     size_t xSpace;
 767:FreeRTOS/src/stream_buffer.c ****     size_t xOriginalTail;
 768:FreeRTOS/src/stream_buffer.c **** 
 769:FreeRTOS/src/stream_buffer.c ****     traceENTER_xStreamBufferSpacesAvailable( xStreamBuffer );
 770:FreeRTOS/src/stream_buffer.c **** 
 771:FreeRTOS/src/stream_buffer.c ****     configASSERT( pxStreamBuffer );
ARM GAS  C:\Users\user\AppData\Local\Temp\ccSdXByh.s 			page 15


 772:FreeRTOS/src/stream_buffer.c **** 
 773:FreeRTOS/src/stream_buffer.c ****     /* The code below reads xTail and then xHead.  This is safe if the stream
 774:FreeRTOS/src/stream_buffer.c ****      * buffer is updated once between the two reads - but not if the stream buffer
 775:FreeRTOS/src/stream_buffer.c ****      * is updated more than once between the two reads - hence the loop. */
 776:FreeRTOS/src/stream_buffer.c ****     do
 777:FreeRTOS/src/stream_buffer.c ****     {
 778:FreeRTOS/src/stream_buffer.c ****         xOriginalTail = pxStreamBuffer->xTail;
 779:FreeRTOS/src/stream_buffer.c ****         xSpace = pxStreamBuffer->xLength + pxStreamBuffer->xTail;
 780:FreeRTOS/src/stream_buffer.c ****         xSpace -= pxStreamBuffer->xHead;
 781:FreeRTOS/src/stream_buffer.c ****     } while( xOriginalTail != pxStreamBuffer->xTail );
 782:FreeRTOS/src/stream_buffer.c **** 
 783:FreeRTOS/src/stream_buffer.c ****     xSpace -= ( size_t ) 1;
 784:FreeRTOS/src/stream_buffer.c **** 
 785:FreeRTOS/src/stream_buffer.c ****     if( xSpace >= pxStreamBuffer->xLength )
 786:FreeRTOS/src/stream_buffer.c ****     {
 787:FreeRTOS/src/stream_buffer.c ****         xSpace -= pxStreamBuffer->xLength;
 788:FreeRTOS/src/stream_buffer.c ****     }
 789:FreeRTOS/src/stream_buffer.c ****     else
 790:FreeRTOS/src/stream_buffer.c ****     {
 791:FreeRTOS/src/stream_buffer.c ****         mtCOVERAGE_TEST_MARKER();
 792:FreeRTOS/src/stream_buffer.c ****     }
 793:FreeRTOS/src/stream_buffer.c **** 
 794:FreeRTOS/src/stream_buffer.c ****     traceRETURN_xStreamBufferSpacesAvailable( xSpace );
 795:FreeRTOS/src/stream_buffer.c **** 
 796:FreeRTOS/src/stream_buffer.c ****     return xSpace;
 797:FreeRTOS/src/stream_buffer.c **** }
 798:FreeRTOS/src/stream_buffer.c **** /*-----------------------------------------------------------*/
 799:FreeRTOS/src/stream_buffer.c **** 
 800:FreeRTOS/src/stream_buffer.c **** size_t xStreamBufferBytesAvailable( StreamBufferHandle_t xStreamBuffer )
 801:FreeRTOS/src/stream_buffer.c **** {
 802:FreeRTOS/src/stream_buffer.c ****     const StreamBuffer_t * const pxStreamBuffer = xStreamBuffer;
 803:FreeRTOS/src/stream_buffer.c ****     size_t xReturn;
 804:FreeRTOS/src/stream_buffer.c **** 
 805:FreeRTOS/src/stream_buffer.c ****     traceENTER_xStreamBufferBytesAvailable( xStreamBuffer );
 806:FreeRTOS/src/stream_buffer.c **** 
 807:FreeRTOS/src/stream_buffer.c ****     configASSERT( pxStreamBuffer );
 808:FreeRTOS/src/stream_buffer.c **** 
 809:FreeRTOS/src/stream_buffer.c ****     xReturn = prvBytesInBuffer( pxStreamBuffer );
 810:FreeRTOS/src/stream_buffer.c **** 
 811:FreeRTOS/src/stream_buffer.c ****     traceRETURN_xStreamBufferBytesAvailable( xReturn );
 812:FreeRTOS/src/stream_buffer.c **** 
 813:FreeRTOS/src/stream_buffer.c ****     return xReturn;
 814:FreeRTOS/src/stream_buffer.c **** }
 815:FreeRTOS/src/stream_buffer.c **** /*-----------------------------------------------------------*/
 816:FreeRTOS/src/stream_buffer.c **** 
 817:FreeRTOS/src/stream_buffer.c **** size_t xStreamBufferSend( StreamBufferHandle_t xStreamBuffer,
 818:FreeRTOS/src/stream_buffer.c ****                           const void * pvTxData,
 819:FreeRTOS/src/stream_buffer.c ****                           size_t xDataLengthBytes,
 820:FreeRTOS/src/stream_buffer.c ****                           TickType_t xTicksToWait )
 821:FreeRTOS/src/stream_buffer.c **** {
 822:FreeRTOS/src/stream_buffer.c ****     StreamBuffer_t * const pxStreamBuffer = xStreamBuffer;
 823:FreeRTOS/src/stream_buffer.c ****     size_t xReturn, xSpace = 0;
 824:FreeRTOS/src/stream_buffer.c ****     size_t xRequiredSpace = xDataLengthBytes;
 825:FreeRTOS/src/stream_buffer.c ****     TimeOut_t xTimeOut;
 826:FreeRTOS/src/stream_buffer.c ****     size_t xMaxReportedSpace = 0;
 827:FreeRTOS/src/stream_buffer.c **** 
 828:FreeRTOS/src/stream_buffer.c ****     traceENTER_xStreamBufferSend( xStreamBuffer, pvTxData, xDataLengthBytes, xTicksToWait );
ARM GAS  C:\Users\user\AppData\Local\Temp\ccSdXByh.s 			page 16


 829:FreeRTOS/src/stream_buffer.c **** 
 830:FreeRTOS/src/stream_buffer.c ****     configASSERT( pvTxData );
 831:FreeRTOS/src/stream_buffer.c ****     configASSERT( pxStreamBuffer );
 832:FreeRTOS/src/stream_buffer.c **** 
 833:FreeRTOS/src/stream_buffer.c ****     /* The maximum amount of space a stream buffer will ever report is its length
 834:FreeRTOS/src/stream_buffer.c ****      * minus 1. */
 835:FreeRTOS/src/stream_buffer.c ****     xMaxReportedSpace = pxStreamBuffer->xLength - ( size_t ) 1;
 836:FreeRTOS/src/stream_buffer.c **** 
 837:FreeRTOS/src/stream_buffer.c ****     /* This send function is used to write to both message buffers and stream
 838:FreeRTOS/src/stream_buffer.c ****      * buffers.  If this is a message buffer then the space needed must be
 839:FreeRTOS/src/stream_buffer.c ****      * increased by the amount of bytes needed to store the length of the
 840:FreeRTOS/src/stream_buffer.c ****      * message. */
 841:FreeRTOS/src/stream_buffer.c ****     if( ( pxStreamBuffer->ucFlags & sbFLAGS_IS_MESSAGE_BUFFER ) != ( uint8_t ) 0 )
 842:FreeRTOS/src/stream_buffer.c ****     {
 843:FreeRTOS/src/stream_buffer.c ****         xRequiredSpace += sbBYTES_TO_STORE_MESSAGE_LENGTH;
 844:FreeRTOS/src/stream_buffer.c **** 
 845:FreeRTOS/src/stream_buffer.c ****         /* Overflow? */
 846:FreeRTOS/src/stream_buffer.c ****         configASSERT( xRequiredSpace > xDataLengthBytes );
 847:FreeRTOS/src/stream_buffer.c **** 
 848:FreeRTOS/src/stream_buffer.c ****         /* If this is a message buffer then it must be possible to write the
 849:FreeRTOS/src/stream_buffer.c ****          * whole message. */
 850:FreeRTOS/src/stream_buffer.c ****         if( xRequiredSpace > xMaxReportedSpace )
 851:FreeRTOS/src/stream_buffer.c ****         {
 852:FreeRTOS/src/stream_buffer.c ****             /* The message would not fit even if the entire buffer was empty,
 853:FreeRTOS/src/stream_buffer.c ****              * so don't wait for space. */
 854:FreeRTOS/src/stream_buffer.c ****             xTicksToWait = ( TickType_t ) 0;
 855:FreeRTOS/src/stream_buffer.c ****         }
 856:FreeRTOS/src/stream_buffer.c ****         else
 857:FreeRTOS/src/stream_buffer.c ****         {
 858:FreeRTOS/src/stream_buffer.c ****             mtCOVERAGE_TEST_MARKER();
 859:FreeRTOS/src/stream_buffer.c ****         }
 860:FreeRTOS/src/stream_buffer.c ****     }
 861:FreeRTOS/src/stream_buffer.c ****     else
 862:FreeRTOS/src/stream_buffer.c ****     {
 863:FreeRTOS/src/stream_buffer.c ****         /* If this is a stream buffer then it is acceptable to write only part
 864:FreeRTOS/src/stream_buffer.c ****          * of the message to the buffer.  Cap the length to the total length of
 865:FreeRTOS/src/stream_buffer.c ****          * the buffer. */
 866:FreeRTOS/src/stream_buffer.c ****         if( xRequiredSpace > xMaxReportedSpace )
 867:FreeRTOS/src/stream_buffer.c ****         {
 868:FreeRTOS/src/stream_buffer.c ****             xRequiredSpace = xMaxReportedSpace;
 869:FreeRTOS/src/stream_buffer.c ****         }
 870:FreeRTOS/src/stream_buffer.c ****         else
 871:FreeRTOS/src/stream_buffer.c ****         {
 872:FreeRTOS/src/stream_buffer.c ****             mtCOVERAGE_TEST_MARKER();
 873:FreeRTOS/src/stream_buffer.c ****         }
 874:FreeRTOS/src/stream_buffer.c ****     }
 875:FreeRTOS/src/stream_buffer.c **** 
 876:FreeRTOS/src/stream_buffer.c ****     if( xTicksToWait != ( TickType_t ) 0 )
 877:FreeRTOS/src/stream_buffer.c ****     {
 878:FreeRTOS/src/stream_buffer.c ****         vTaskSetTimeOutState( &xTimeOut );
 879:FreeRTOS/src/stream_buffer.c **** 
 880:FreeRTOS/src/stream_buffer.c ****         do
 881:FreeRTOS/src/stream_buffer.c ****         {
 882:FreeRTOS/src/stream_buffer.c ****             /* Wait until the required number of bytes are free in the message
 883:FreeRTOS/src/stream_buffer.c ****              * buffer. */
 884:FreeRTOS/src/stream_buffer.c ****             taskENTER_CRITICAL();
 885:FreeRTOS/src/stream_buffer.c ****             {
ARM GAS  C:\Users\user\AppData\Local\Temp\ccSdXByh.s 			page 17


 886:FreeRTOS/src/stream_buffer.c ****                 xSpace = xStreamBufferSpacesAvailable( pxStreamBuffer );
 887:FreeRTOS/src/stream_buffer.c **** 
 888:FreeRTOS/src/stream_buffer.c ****                 if( xSpace < xRequiredSpace )
 889:FreeRTOS/src/stream_buffer.c ****                 {
 890:FreeRTOS/src/stream_buffer.c ****                     /* Clear notification state as going to wait for space. */
 891:FreeRTOS/src/stream_buffer.c ****                     ( void ) xTaskNotifyStateClearIndexed( NULL, pxStreamBuffer->uxNotificationInde
 892:FreeRTOS/src/stream_buffer.c **** 
 893:FreeRTOS/src/stream_buffer.c ****                     /* Should only be one writer. */
 894:FreeRTOS/src/stream_buffer.c ****                     configASSERT( pxStreamBuffer->xTaskWaitingToSend == NULL );
 895:FreeRTOS/src/stream_buffer.c ****                     pxStreamBuffer->xTaskWaitingToSend = xTaskGetCurrentTaskHandle();
 896:FreeRTOS/src/stream_buffer.c ****                 }
 897:FreeRTOS/src/stream_buffer.c ****                 else
 898:FreeRTOS/src/stream_buffer.c ****                 {
 899:FreeRTOS/src/stream_buffer.c ****                     taskEXIT_CRITICAL();
 900:FreeRTOS/src/stream_buffer.c ****                     break;
 901:FreeRTOS/src/stream_buffer.c ****                 }
 902:FreeRTOS/src/stream_buffer.c ****             }
 903:FreeRTOS/src/stream_buffer.c ****             taskEXIT_CRITICAL();
 904:FreeRTOS/src/stream_buffer.c **** 
 905:FreeRTOS/src/stream_buffer.c ****             traceBLOCKING_ON_STREAM_BUFFER_SEND( xStreamBuffer );
 906:FreeRTOS/src/stream_buffer.c ****             ( void ) xTaskNotifyWaitIndexed( pxStreamBuffer->uxNotificationIndex, ( uint32_t ) 0, (
 907:FreeRTOS/src/stream_buffer.c ****             pxStreamBuffer->xTaskWaitingToSend = NULL;
 908:FreeRTOS/src/stream_buffer.c ****         } while( xTaskCheckForTimeOut( &xTimeOut, &xTicksToWait ) == pdFALSE );
 909:FreeRTOS/src/stream_buffer.c ****     }
 910:FreeRTOS/src/stream_buffer.c ****     else
 911:FreeRTOS/src/stream_buffer.c ****     {
 912:FreeRTOS/src/stream_buffer.c ****         mtCOVERAGE_TEST_MARKER();
 913:FreeRTOS/src/stream_buffer.c ****     }
 914:FreeRTOS/src/stream_buffer.c **** 
 915:FreeRTOS/src/stream_buffer.c ****     if( xSpace == ( size_t ) 0 )
 916:FreeRTOS/src/stream_buffer.c ****     {
 917:FreeRTOS/src/stream_buffer.c ****         xSpace = xStreamBufferSpacesAvailable( pxStreamBuffer );
 918:FreeRTOS/src/stream_buffer.c ****     }
 919:FreeRTOS/src/stream_buffer.c ****     else
 920:FreeRTOS/src/stream_buffer.c ****     {
 921:FreeRTOS/src/stream_buffer.c ****         mtCOVERAGE_TEST_MARKER();
 922:FreeRTOS/src/stream_buffer.c ****     }
 923:FreeRTOS/src/stream_buffer.c **** 
 924:FreeRTOS/src/stream_buffer.c ****     xReturn = prvWriteMessageToBuffer( pxStreamBuffer, pvTxData, xDataLengthBytes, xSpace, xRequire
 925:FreeRTOS/src/stream_buffer.c **** 
 926:FreeRTOS/src/stream_buffer.c ****     if( xReturn > ( size_t ) 0 )
 927:FreeRTOS/src/stream_buffer.c ****     {
 928:FreeRTOS/src/stream_buffer.c ****         traceSTREAM_BUFFER_SEND( xStreamBuffer, xReturn );
 929:FreeRTOS/src/stream_buffer.c **** 
 930:FreeRTOS/src/stream_buffer.c ****         /* Was a task waiting for the data? */
 931:FreeRTOS/src/stream_buffer.c ****         if( prvBytesInBufferMeetTriggerLevel( pxStreamBuffer, prvBytesInBuffer( pxStreamBuffer ) ) 
 932:FreeRTOS/src/stream_buffer.c ****         {
 933:FreeRTOS/src/stream_buffer.c ****             prvSEND_COMPLETED( pxStreamBuffer );
 934:FreeRTOS/src/stream_buffer.c ****         }
 935:FreeRTOS/src/stream_buffer.c ****         else
 936:FreeRTOS/src/stream_buffer.c ****         {
 937:FreeRTOS/src/stream_buffer.c ****             mtCOVERAGE_TEST_MARKER();
 938:FreeRTOS/src/stream_buffer.c ****         }
 939:FreeRTOS/src/stream_buffer.c ****     }
 940:FreeRTOS/src/stream_buffer.c ****     else
 941:FreeRTOS/src/stream_buffer.c ****     {
 942:FreeRTOS/src/stream_buffer.c ****         mtCOVERAGE_TEST_MARKER();
ARM GAS  C:\Users\user\AppData\Local\Temp\ccSdXByh.s 			page 18


 943:FreeRTOS/src/stream_buffer.c ****         traceSTREAM_BUFFER_SEND_FAILED( xStreamBuffer );
 944:FreeRTOS/src/stream_buffer.c ****     }
 945:FreeRTOS/src/stream_buffer.c **** 
 946:FreeRTOS/src/stream_buffer.c ****     traceRETURN_xStreamBufferSend( xReturn );
 947:FreeRTOS/src/stream_buffer.c **** 
 948:FreeRTOS/src/stream_buffer.c ****     return xReturn;
 949:FreeRTOS/src/stream_buffer.c **** }
 950:FreeRTOS/src/stream_buffer.c **** /*-----------------------------------------------------------*/
 951:FreeRTOS/src/stream_buffer.c **** 
 952:FreeRTOS/src/stream_buffer.c **** size_t xStreamBufferSendFromISR( StreamBufferHandle_t xStreamBuffer,
 953:FreeRTOS/src/stream_buffer.c ****                                  const void * pvTxData,
 954:FreeRTOS/src/stream_buffer.c ****                                  size_t xDataLengthBytes,
 955:FreeRTOS/src/stream_buffer.c ****                                  BaseType_t * const pxHigherPriorityTaskWoken )
 956:FreeRTOS/src/stream_buffer.c **** {
 957:FreeRTOS/src/stream_buffer.c ****     StreamBuffer_t * const pxStreamBuffer = xStreamBuffer;
 958:FreeRTOS/src/stream_buffer.c ****     size_t xReturn, xSpace;
 959:FreeRTOS/src/stream_buffer.c ****     size_t xRequiredSpace = xDataLengthBytes;
 960:FreeRTOS/src/stream_buffer.c **** 
 961:FreeRTOS/src/stream_buffer.c ****     traceENTER_xStreamBufferSendFromISR( xStreamBuffer, pvTxData, xDataLengthBytes, pxHigherPriorit
 962:FreeRTOS/src/stream_buffer.c **** 
 963:FreeRTOS/src/stream_buffer.c ****     configASSERT( pvTxData );
 964:FreeRTOS/src/stream_buffer.c ****     configASSERT( pxStreamBuffer );
 965:FreeRTOS/src/stream_buffer.c **** 
 966:FreeRTOS/src/stream_buffer.c ****     /* This send function is used to write to both message buffers and stream
 967:FreeRTOS/src/stream_buffer.c ****      * buffers.  If this is a message buffer then the space needed must be
 968:FreeRTOS/src/stream_buffer.c ****      * increased by the amount of bytes needed to store the length of the
 969:FreeRTOS/src/stream_buffer.c ****      * message. */
 970:FreeRTOS/src/stream_buffer.c ****     if( ( pxStreamBuffer->ucFlags & sbFLAGS_IS_MESSAGE_BUFFER ) != ( uint8_t ) 0 )
 971:FreeRTOS/src/stream_buffer.c ****     {
 972:FreeRTOS/src/stream_buffer.c ****         xRequiredSpace += sbBYTES_TO_STORE_MESSAGE_LENGTH;
 973:FreeRTOS/src/stream_buffer.c **** 
 974:FreeRTOS/src/stream_buffer.c ****         /* Overflow? */
 975:FreeRTOS/src/stream_buffer.c ****         configASSERT( xRequiredSpace > xDataLengthBytes );
 976:FreeRTOS/src/stream_buffer.c ****     }
 977:FreeRTOS/src/stream_buffer.c ****     else
 978:FreeRTOS/src/stream_buffer.c ****     {
 979:FreeRTOS/src/stream_buffer.c ****         mtCOVERAGE_TEST_MARKER();
 980:FreeRTOS/src/stream_buffer.c ****     }
 981:FreeRTOS/src/stream_buffer.c **** 
 982:FreeRTOS/src/stream_buffer.c ****     xSpace = xStreamBufferSpacesAvailable( pxStreamBuffer );
 983:FreeRTOS/src/stream_buffer.c ****     xReturn = prvWriteMessageToBuffer( pxStreamBuffer, pvTxData, xDataLengthBytes, xSpace, xRequire
 984:FreeRTOS/src/stream_buffer.c **** 
 985:FreeRTOS/src/stream_buffer.c ****     if( xReturn > ( size_t ) 0 )
 986:FreeRTOS/src/stream_buffer.c ****     {
 987:FreeRTOS/src/stream_buffer.c ****         /* Was a task waiting for the data? */
 988:FreeRTOS/src/stream_buffer.c ****         if( prvBytesInBufferMeetTriggerLevel( pxStreamBuffer, prvBytesInBuffer( pxStreamBuffer ) ) 
 989:FreeRTOS/src/stream_buffer.c ****         {
 990:FreeRTOS/src/stream_buffer.c ****             /* MISRA Ref 4.7.1 [Return value shall be checked] */
 991:FreeRTOS/src/stream_buffer.c ****             /* More details at: https://github.com/FreeRTOS/FreeRTOS-Kernel/blob/main/MISRA.md#dir-
 992:FreeRTOS/src/stream_buffer.c ****             /* coverity[misra_c_2012_directive_4_7_violation] */
 993:FreeRTOS/src/stream_buffer.c ****             prvSEND_COMPLETE_FROM_ISR( pxStreamBuffer, pxHigherPriorityTaskWoken );
 994:FreeRTOS/src/stream_buffer.c ****         }
 995:FreeRTOS/src/stream_buffer.c ****         else
 996:FreeRTOS/src/stream_buffer.c ****         {
 997:FreeRTOS/src/stream_buffer.c ****             mtCOVERAGE_TEST_MARKER();
 998:FreeRTOS/src/stream_buffer.c ****         }
 999:FreeRTOS/src/stream_buffer.c ****     }
ARM GAS  C:\Users\user\AppData\Local\Temp\ccSdXByh.s 			page 19


1000:FreeRTOS/src/stream_buffer.c ****     else
1001:FreeRTOS/src/stream_buffer.c ****     {
1002:FreeRTOS/src/stream_buffer.c ****         mtCOVERAGE_TEST_MARKER();
1003:FreeRTOS/src/stream_buffer.c ****     }
1004:FreeRTOS/src/stream_buffer.c **** 
1005:FreeRTOS/src/stream_buffer.c ****     traceSTREAM_BUFFER_SEND_FROM_ISR( xStreamBuffer, xReturn );
1006:FreeRTOS/src/stream_buffer.c ****     traceRETURN_xStreamBufferSendFromISR( xReturn );
1007:FreeRTOS/src/stream_buffer.c **** 
1008:FreeRTOS/src/stream_buffer.c ****     return xReturn;
1009:FreeRTOS/src/stream_buffer.c **** }
1010:FreeRTOS/src/stream_buffer.c **** /*-----------------------------------------------------------*/
1011:FreeRTOS/src/stream_buffer.c **** 
1012:FreeRTOS/src/stream_buffer.c **** static size_t prvWriteMessageToBuffer( StreamBuffer_t * const pxStreamBuffer,
1013:FreeRTOS/src/stream_buffer.c ****                                        const void * pvTxData,
1014:FreeRTOS/src/stream_buffer.c ****                                        size_t xDataLengthBytes,
1015:FreeRTOS/src/stream_buffer.c ****                                        size_t xSpace,
1016:FreeRTOS/src/stream_buffer.c ****                                        size_t xRequiredSpace )
1017:FreeRTOS/src/stream_buffer.c **** {
1018:FreeRTOS/src/stream_buffer.c ****     size_t xNextHead = pxStreamBuffer->xHead;
1019:FreeRTOS/src/stream_buffer.c ****     configMESSAGE_BUFFER_LENGTH_TYPE xMessageLength;
1020:FreeRTOS/src/stream_buffer.c **** 
1021:FreeRTOS/src/stream_buffer.c ****     if( ( pxStreamBuffer->ucFlags & sbFLAGS_IS_MESSAGE_BUFFER ) != ( uint8_t ) 0 )
1022:FreeRTOS/src/stream_buffer.c ****     {
1023:FreeRTOS/src/stream_buffer.c ****         /* This is a message buffer, as opposed to a stream buffer. */
1024:FreeRTOS/src/stream_buffer.c **** 
1025:FreeRTOS/src/stream_buffer.c ****         /* Convert xDataLengthBytes to the message length type. */
1026:FreeRTOS/src/stream_buffer.c ****         xMessageLength = ( configMESSAGE_BUFFER_LENGTH_TYPE ) xDataLengthBytes;
1027:FreeRTOS/src/stream_buffer.c **** 
1028:FreeRTOS/src/stream_buffer.c ****         /* Ensure the data length given fits within configMESSAGE_BUFFER_LENGTH_TYPE. */
1029:FreeRTOS/src/stream_buffer.c ****         configASSERT( ( size_t ) xMessageLength == xDataLengthBytes );
1030:FreeRTOS/src/stream_buffer.c **** 
1031:FreeRTOS/src/stream_buffer.c ****         if( xSpace >= xRequiredSpace )
1032:FreeRTOS/src/stream_buffer.c ****         {
1033:FreeRTOS/src/stream_buffer.c ****             /* There is enough space to write both the message length and the message
1034:FreeRTOS/src/stream_buffer.c ****              * itself into the buffer.  Start by writing the length of the data, the data
1035:FreeRTOS/src/stream_buffer.c ****              * itself will be written later in this function. */
1036:FreeRTOS/src/stream_buffer.c ****             xNextHead = prvWriteBytesToBuffer( pxStreamBuffer, ( const uint8_t * ) &( xMessageLengt
1037:FreeRTOS/src/stream_buffer.c ****         }
1038:FreeRTOS/src/stream_buffer.c ****         else
1039:FreeRTOS/src/stream_buffer.c ****         {
1040:FreeRTOS/src/stream_buffer.c ****             /* Not enough space, so do not write data to the buffer. */
1041:FreeRTOS/src/stream_buffer.c ****             xDataLengthBytes = 0;
1042:FreeRTOS/src/stream_buffer.c ****         }
1043:FreeRTOS/src/stream_buffer.c ****     }
1044:FreeRTOS/src/stream_buffer.c ****     else
1045:FreeRTOS/src/stream_buffer.c ****     {
1046:FreeRTOS/src/stream_buffer.c ****         /* This is a stream buffer, as opposed to a message buffer, so writing a
1047:FreeRTOS/src/stream_buffer.c ****          * stream of bytes rather than discrete messages.  Plan to write as many
1048:FreeRTOS/src/stream_buffer.c ****          * bytes as possible. */
1049:FreeRTOS/src/stream_buffer.c ****         xDataLengthBytes = configMIN( xDataLengthBytes, xSpace );
1050:FreeRTOS/src/stream_buffer.c ****     }
1051:FreeRTOS/src/stream_buffer.c **** 
1052:FreeRTOS/src/stream_buffer.c ****     if( xDataLengthBytes != ( size_t ) 0 )
1053:FreeRTOS/src/stream_buffer.c ****     {
1054:FreeRTOS/src/stream_buffer.c ****         /* Write the data to the buffer. */
1055:FreeRTOS/src/stream_buffer.c ****         /* MISRA Ref 11.5.5 [Void pointer assignment] */
1056:FreeRTOS/src/stream_buffer.c ****         /* More details at: https://github.com/FreeRTOS/FreeRTOS-Kernel/blob/main/MISRA.md#rule-115
ARM GAS  C:\Users\user\AppData\Local\Temp\ccSdXByh.s 			page 20


1057:FreeRTOS/src/stream_buffer.c ****         /* coverity[misra_c_2012_rule_11_5_violation] */
1058:FreeRTOS/src/stream_buffer.c ****         pxStreamBuffer->xHead = prvWriteBytesToBuffer( pxStreamBuffer, ( const uint8_t * ) pvTxData
1059:FreeRTOS/src/stream_buffer.c ****     }
1060:FreeRTOS/src/stream_buffer.c **** 
1061:FreeRTOS/src/stream_buffer.c ****     return xDataLengthBytes;
1062:FreeRTOS/src/stream_buffer.c **** }
1063:FreeRTOS/src/stream_buffer.c **** /*-----------------------------------------------------------*/
1064:FreeRTOS/src/stream_buffer.c **** 
1065:FreeRTOS/src/stream_buffer.c **** size_t xStreamBufferReceive( StreamBufferHandle_t xStreamBuffer,
1066:FreeRTOS/src/stream_buffer.c ****                              void * pvRxData,
1067:FreeRTOS/src/stream_buffer.c ****                              size_t xBufferLengthBytes,
1068:FreeRTOS/src/stream_buffer.c ****                              TickType_t xTicksToWait )
1069:FreeRTOS/src/stream_buffer.c **** {
1070:FreeRTOS/src/stream_buffer.c ****     StreamBuffer_t * const pxStreamBuffer = xStreamBuffer;
1071:FreeRTOS/src/stream_buffer.c ****     size_t xReceivedLength = 0, xBytesAvailable, xBytesToStoreMessageLength;
1072:FreeRTOS/src/stream_buffer.c **** 
1073:FreeRTOS/src/stream_buffer.c ****     traceENTER_xStreamBufferReceive( xStreamBuffer, pvRxData, xBufferLengthBytes, xTicksToWait );
1074:FreeRTOS/src/stream_buffer.c **** 
1075:FreeRTOS/src/stream_buffer.c ****     configASSERT( pvRxData );
1076:FreeRTOS/src/stream_buffer.c ****     configASSERT( pxStreamBuffer );
1077:FreeRTOS/src/stream_buffer.c **** 
1078:FreeRTOS/src/stream_buffer.c ****     /* This receive function is used by both message buffers, which store
1079:FreeRTOS/src/stream_buffer.c ****      * discrete messages, and stream buffers, which store a continuous stream of
1080:FreeRTOS/src/stream_buffer.c ****      * bytes.  Discrete messages include an additional
1081:FreeRTOS/src/stream_buffer.c ****      * sbBYTES_TO_STORE_MESSAGE_LENGTH bytes that hold the length of the
1082:FreeRTOS/src/stream_buffer.c ****      * message. */
1083:FreeRTOS/src/stream_buffer.c ****     if( ( pxStreamBuffer->ucFlags & sbFLAGS_IS_MESSAGE_BUFFER ) != ( uint8_t ) 0 )
1084:FreeRTOS/src/stream_buffer.c ****     {
1085:FreeRTOS/src/stream_buffer.c ****         xBytesToStoreMessageLength = sbBYTES_TO_STORE_MESSAGE_LENGTH;
1086:FreeRTOS/src/stream_buffer.c ****     }
1087:FreeRTOS/src/stream_buffer.c ****     else if( ( pxStreamBuffer->ucFlags & sbFLAGS_IS_BATCHING_BUFFER ) != ( uint8_t ) 0 )
1088:FreeRTOS/src/stream_buffer.c ****     {
1089:FreeRTOS/src/stream_buffer.c ****         /* Force task to block if the batching buffer contains less bytes than
1090:FreeRTOS/src/stream_buffer.c ****          * the trigger level. */
1091:FreeRTOS/src/stream_buffer.c ****         xBytesToStoreMessageLength = pxStreamBuffer->xTriggerLevelBytes;
1092:FreeRTOS/src/stream_buffer.c ****     }
1093:FreeRTOS/src/stream_buffer.c ****     else
1094:FreeRTOS/src/stream_buffer.c ****     {
1095:FreeRTOS/src/stream_buffer.c ****         xBytesToStoreMessageLength = 0;
1096:FreeRTOS/src/stream_buffer.c ****     }
1097:FreeRTOS/src/stream_buffer.c **** 
1098:FreeRTOS/src/stream_buffer.c ****     if( xTicksToWait != ( TickType_t ) 0 )
1099:FreeRTOS/src/stream_buffer.c ****     {
1100:FreeRTOS/src/stream_buffer.c ****         /* Checking if there is data and clearing the notification state must be
1101:FreeRTOS/src/stream_buffer.c ****          * performed atomically. */
1102:FreeRTOS/src/stream_buffer.c ****         taskENTER_CRITICAL();
1103:FreeRTOS/src/stream_buffer.c ****         {
1104:FreeRTOS/src/stream_buffer.c ****             xBytesAvailable = prvBytesInBuffer( pxStreamBuffer );
1105:FreeRTOS/src/stream_buffer.c **** 
1106:FreeRTOS/src/stream_buffer.c ****             /* If this function was invoked by a message buffer read then
1107:FreeRTOS/src/stream_buffer.c ****              * xBytesToStoreMessageLength holds the number of bytes used to hold
1108:FreeRTOS/src/stream_buffer.c ****              * the length of the next discrete message.  If this function was
1109:FreeRTOS/src/stream_buffer.c ****              * invoked by a stream buffer read then xBytesToStoreMessageLength will
1110:FreeRTOS/src/stream_buffer.c ****              * be 0. If this function was invoked by a stream batch buffer read
1111:FreeRTOS/src/stream_buffer.c ****              * then xBytesToStoreMessageLength will be xTriggerLevelBytes value
1112:FreeRTOS/src/stream_buffer.c ****              * for the buffer.*/
1113:FreeRTOS/src/stream_buffer.c ****             if( xBytesAvailable <= xBytesToStoreMessageLength )
ARM GAS  C:\Users\user\AppData\Local\Temp\ccSdXByh.s 			page 21


1114:FreeRTOS/src/stream_buffer.c ****             {
1115:FreeRTOS/src/stream_buffer.c ****                 /* Clear notification state as going to wait for data. */
1116:FreeRTOS/src/stream_buffer.c ****                 ( void ) xTaskNotifyStateClearIndexed( NULL, pxStreamBuffer->uxNotificationIndex );
1117:FreeRTOS/src/stream_buffer.c **** 
1118:FreeRTOS/src/stream_buffer.c ****                 /* Should only be one reader. */
1119:FreeRTOS/src/stream_buffer.c ****                 configASSERT( pxStreamBuffer->xTaskWaitingToReceive == NULL );
1120:FreeRTOS/src/stream_buffer.c ****                 pxStreamBuffer->xTaskWaitingToReceive = xTaskGetCurrentTaskHandle();
1121:FreeRTOS/src/stream_buffer.c ****             }
1122:FreeRTOS/src/stream_buffer.c ****             else
1123:FreeRTOS/src/stream_buffer.c ****             {
1124:FreeRTOS/src/stream_buffer.c ****                 mtCOVERAGE_TEST_MARKER();
1125:FreeRTOS/src/stream_buffer.c ****             }
1126:FreeRTOS/src/stream_buffer.c ****         }
1127:FreeRTOS/src/stream_buffer.c ****         taskEXIT_CRITICAL();
1128:FreeRTOS/src/stream_buffer.c **** 
1129:FreeRTOS/src/stream_buffer.c ****         if( xBytesAvailable <= xBytesToStoreMessageLength )
1130:FreeRTOS/src/stream_buffer.c ****         {
1131:FreeRTOS/src/stream_buffer.c ****             /* Wait for data to be available. */
1132:FreeRTOS/src/stream_buffer.c ****             traceBLOCKING_ON_STREAM_BUFFER_RECEIVE( xStreamBuffer );
1133:FreeRTOS/src/stream_buffer.c ****             ( void ) xTaskNotifyWaitIndexed( pxStreamBuffer->uxNotificationIndex, ( uint32_t ) 0, (
1134:FreeRTOS/src/stream_buffer.c ****             pxStreamBuffer->xTaskWaitingToReceive = NULL;
1135:FreeRTOS/src/stream_buffer.c **** 
1136:FreeRTOS/src/stream_buffer.c ****             /* Recheck the data available after blocking. */
1137:FreeRTOS/src/stream_buffer.c ****             xBytesAvailable = prvBytesInBuffer( pxStreamBuffer );
1138:FreeRTOS/src/stream_buffer.c ****         }
1139:FreeRTOS/src/stream_buffer.c ****         else
1140:FreeRTOS/src/stream_buffer.c ****         {
1141:FreeRTOS/src/stream_buffer.c ****             mtCOVERAGE_TEST_MARKER();
1142:FreeRTOS/src/stream_buffer.c ****         }
1143:FreeRTOS/src/stream_buffer.c ****     }
1144:FreeRTOS/src/stream_buffer.c ****     else
1145:FreeRTOS/src/stream_buffer.c ****     {
1146:FreeRTOS/src/stream_buffer.c ****         xBytesAvailable = prvBytesInBuffer( pxStreamBuffer );
1147:FreeRTOS/src/stream_buffer.c ****     }
1148:FreeRTOS/src/stream_buffer.c **** 
1149:FreeRTOS/src/stream_buffer.c ****     /* Whether receiving a discrete message (where xBytesToStoreMessageLength
1150:FreeRTOS/src/stream_buffer.c ****      * holds the number of bytes used to store the message length) or a stream of
1151:FreeRTOS/src/stream_buffer.c ****      * bytes (where xBytesToStoreMessageLength is zero), the number of bytes
1152:FreeRTOS/src/stream_buffer.c ****      * available must be greater than xBytesToStoreMessageLength to be able to
1153:FreeRTOS/src/stream_buffer.c ****      * read bytes from the buffer. */
1154:FreeRTOS/src/stream_buffer.c ****     if( xBytesAvailable > xBytesToStoreMessageLength )
1155:FreeRTOS/src/stream_buffer.c ****     {
1156:FreeRTOS/src/stream_buffer.c ****         xReceivedLength = prvReadMessageFromBuffer( pxStreamBuffer, pvRxData, xBufferLengthBytes, x
1157:FreeRTOS/src/stream_buffer.c **** 
1158:FreeRTOS/src/stream_buffer.c ****         /* Was a task waiting for space in the buffer? */
1159:FreeRTOS/src/stream_buffer.c ****         if( xReceivedLength != ( size_t ) 0 )
1160:FreeRTOS/src/stream_buffer.c ****         {
1161:FreeRTOS/src/stream_buffer.c ****             traceSTREAM_BUFFER_RECEIVE( xStreamBuffer, xReceivedLength );
1162:FreeRTOS/src/stream_buffer.c ****             prvRECEIVE_COMPLETED( xStreamBuffer );
1163:FreeRTOS/src/stream_buffer.c ****         }
1164:FreeRTOS/src/stream_buffer.c ****         else
1165:FreeRTOS/src/stream_buffer.c ****         {
1166:FreeRTOS/src/stream_buffer.c ****             mtCOVERAGE_TEST_MARKER();
1167:FreeRTOS/src/stream_buffer.c ****         }
1168:FreeRTOS/src/stream_buffer.c ****     }
1169:FreeRTOS/src/stream_buffer.c ****     else
1170:FreeRTOS/src/stream_buffer.c ****     {
ARM GAS  C:\Users\user\AppData\Local\Temp\ccSdXByh.s 			page 22


1171:FreeRTOS/src/stream_buffer.c ****         traceSTREAM_BUFFER_RECEIVE_FAILED( xStreamBuffer );
1172:FreeRTOS/src/stream_buffer.c ****         mtCOVERAGE_TEST_MARKER();
1173:FreeRTOS/src/stream_buffer.c ****     }
1174:FreeRTOS/src/stream_buffer.c **** 
1175:FreeRTOS/src/stream_buffer.c ****     traceRETURN_xStreamBufferReceive( xReceivedLength );
1176:FreeRTOS/src/stream_buffer.c **** 
1177:FreeRTOS/src/stream_buffer.c ****     return xReceivedLength;
1178:FreeRTOS/src/stream_buffer.c **** }
1179:FreeRTOS/src/stream_buffer.c **** /*-----------------------------------------------------------*/
1180:FreeRTOS/src/stream_buffer.c **** 
1181:FreeRTOS/src/stream_buffer.c **** size_t xStreamBufferNextMessageLengthBytes( StreamBufferHandle_t xStreamBuffer )
1182:FreeRTOS/src/stream_buffer.c **** {
1183:FreeRTOS/src/stream_buffer.c ****     StreamBuffer_t * const pxStreamBuffer = xStreamBuffer;
1184:FreeRTOS/src/stream_buffer.c ****     size_t xReturn, xBytesAvailable;
1185:FreeRTOS/src/stream_buffer.c ****     configMESSAGE_BUFFER_LENGTH_TYPE xTempReturn;
1186:FreeRTOS/src/stream_buffer.c **** 
1187:FreeRTOS/src/stream_buffer.c ****     traceENTER_xStreamBufferNextMessageLengthBytes( xStreamBuffer );
1188:FreeRTOS/src/stream_buffer.c **** 
1189:FreeRTOS/src/stream_buffer.c ****     configASSERT( pxStreamBuffer );
1190:FreeRTOS/src/stream_buffer.c **** 
1191:FreeRTOS/src/stream_buffer.c ****     /* Ensure the stream buffer is being used as a message buffer. */
1192:FreeRTOS/src/stream_buffer.c ****     if( ( pxStreamBuffer->ucFlags & sbFLAGS_IS_MESSAGE_BUFFER ) != ( uint8_t ) 0 )
1193:FreeRTOS/src/stream_buffer.c ****     {
1194:FreeRTOS/src/stream_buffer.c ****         xBytesAvailable = prvBytesInBuffer( pxStreamBuffer );
1195:FreeRTOS/src/stream_buffer.c **** 
1196:FreeRTOS/src/stream_buffer.c ****         if( xBytesAvailable > sbBYTES_TO_STORE_MESSAGE_LENGTH )
1197:FreeRTOS/src/stream_buffer.c ****         {
1198:FreeRTOS/src/stream_buffer.c ****             /* The number of bytes available is greater than the number of bytes
1199:FreeRTOS/src/stream_buffer.c ****              * required to hold the length of the next message, so another message
1200:FreeRTOS/src/stream_buffer.c ****              * is available. */
1201:FreeRTOS/src/stream_buffer.c ****             ( void ) prvReadBytesFromBuffer( pxStreamBuffer, ( uint8_t * ) &xTempReturn, sbBYTES_TO
1202:FreeRTOS/src/stream_buffer.c ****             xReturn = ( size_t ) xTempReturn;
1203:FreeRTOS/src/stream_buffer.c ****         }
1204:FreeRTOS/src/stream_buffer.c ****         else
1205:FreeRTOS/src/stream_buffer.c ****         {
1206:FreeRTOS/src/stream_buffer.c ****             /* The minimum amount of bytes in a message buffer is
1207:FreeRTOS/src/stream_buffer.c ****              * ( sbBYTES_TO_STORE_MESSAGE_LENGTH + 1 ), so if xBytesAvailable is
1208:FreeRTOS/src/stream_buffer.c ****              * less than sbBYTES_TO_STORE_MESSAGE_LENGTH the only other valid
1209:FreeRTOS/src/stream_buffer.c ****              * value is 0. */
1210:FreeRTOS/src/stream_buffer.c ****             configASSERT( xBytesAvailable == 0 );
1211:FreeRTOS/src/stream_buffer.c ****             xReturn = 0;
1212:FreeRTOS/src/stream_buffer.c ****         }
1213:FreeRTOS/src/stream_buffer.c ****     }
1214:FreeRTOS/src/stream_buffer.c ****     else
1215:FreeRTOS/src/stream_buffer.c ****     {
1216:FreeRTOS/src/stream_buffer.c ****         xReturn = 0;
1217:FreeRTOS/src/stream_buffer.c ****     }
1218:FreeRTOS/src/stream_buffer.c **** 
1219:FreeRTOS/src/stream_buffer.c ****     traceRETURN_xStreamBufferNextMessageLengthBytes( xReturn );
1220:FreeRTOS/src/stream_buffer.c **** 
1221:FreeRTOS/src/stream_buffer.c ****     return xReturn;
1222:FreeRTOS/src/stream_buffer.c **** }
1223:FreeRTOS/src/stream_buffer.c **** /*-----------------------------------------------------------*/
1224:FreeRTOS/src/stream_buffer.c **** 
1225:FreeRTOS/src/stream_buffer.c **** size_t xStreamBufferReceiveFromISR( StreamBufferHandle_t xStreamBuffer,
1226:FreeRTOS/src/stream_buffer.c ****                                     void * pvRxData,
1227:FreeRTOS/src/stream_buffer.c ****                                     size_t xBufferLengthBytes,
ARM GAS  C:\Users\user\AppData\Local\Temp\ccSdXByh.s 			page 23


1228:FreeRTOS/src/stream_buffer.c ****                                     BaseType_t * const pxHigherPriorityTaskWoken )
1229:FreeRTOS/src/stream_buffer.c **** {
1230:FreeRTOS/src/stream_buffer.c ****     StreamBuffer_t * const pxStreamBuffer = xStreamBuffer;
1231:FreeRTOS/src/stream_buffer.c ****     size_t xReceivedLength = 0, xBytesAvailable, xBytesToStoreMessageLength;
1232:FreeRTOS/src/stream_buffer.c **** 
1233:FreeRTOS/src/stream_buffer.c ****     traceENTER_xStreamBufferReceiveFromISR( xStreamBuffer, pvRxData, xBufferLengthBytes, pxHigherPr
1234:FreeRTOS/src/stream_buffer.c **** 
1235:FreeRTOS/src/stream_buffer.c ****     configASSERT( pvRxData );
1236:FreeRTOS/src/stream_buffer.c ****     configASSERT( pxStreamBuffer );
1237:FreeRTOS/src/stream_buffer.c **** 
1238:FreeRTOS/src/stream_buffer.c ****     /* This receive function is used by both message buffers, which store
1239:FreeRTOS/src/stream_buffer.c ****      * discrete messages, and stream buffers, which store a continuous stream of
1240:FreeRTOS/src/stream_buffer.c ****      * bytes.  Discrete messages include an additional
1241:FreeRTOS/src/stream_buffer.c ****      * sbBYTES_TO_STORE_MESSAGE_LENGTH bytes that hold the length of the
1242:FreeRTOS/src/stream_buffer.c ****      * message. */
1243:FreeRTOS/src/stream_buffer.c ****     if( ( pxStreamBuffer->ucFlags & sbFLAGS_IS_MESSAGE_BUFFER ) != ( uint8_t ) 0 )
1244:FreeRTOS/src/stream_buffer.c ****     {
1245:FreeRTOS/src/stream_buffer.c ****         xBytesToStoreMessageLength = sbBYTES_TO_STORE_MESSAGE_LENGTH;
1246:FreeRTOS/src/stream_buffer.c ****     }
1247:FreeRTOS/src/stream_buffer.c ****     else
1248:FreeRTOS/src/stream_buffer.c ****     {
1249:FreeRTOS/src/stream_buffer.c ****         xBytesToStoreMessageLength = 0;
1250:FreeRTOS/src/stream_buffer.c ****     }
1251:FreeRTOS/src/stream_buffer.c **** 
1252:FreeRTOS/src/stream_buffer.c ****     xBytesAvailable = prvBytesInBuffer( pxStreamBuffer );
1253:FreeRTOS/src/stream_buffer.c **** 
1254:FreeRTOS/src/stream_buffer.c ****     /* Whether receiving a discrete message (where xBytesToStoreMessageLength
1255:FreeRTOS/src/stream_buffer.c ****      * holds the number of bytes used to store the message length) or a stream of
1256:FreeRTOS/src/stream_buffer.c ****      * bytes (where xBytesToStoreMessageLength is zero), the number of bytes
1257:FreeRTOS/src/stream_buffer.c ****      * available must be greater than xBytesToStoreMessageLength to be able to
1258:FreeRTOS/src/stream_buffer.c ****      * read bytes from the buffer. */
1259:FreeRTOS/src/stream_buffer.c ****     if( xBytesAvailable > xBytesToStoreMessageLength )
1260:FreeRTOS/src/stream_buffer.c ****     {
1261:FreeRTOS/src/stream_buffer.c ****         xReceivedLength = prvReadMessageFromBuffer( pxStreamBuffer, pvRxData, xBufferLengthBytes, x
1262:FreeRTOS/src/stream_buffer.c **** 
1263:FreeRTOS/src/stream_buffer.c ****         /* Was a task waiting for space in the buffer? */
1264:FreeRTOS/src/stream_buffer.c ****         if( xReceivedLength != ( size_t ) 0 )
1265:FreeRTOS/src/stream_buffer.c ****         {
1266:FreeRTOS/src/stream_buffer.c ****             /* MISRA Ref 4.7.1 [Return value shall be checked] */
1267:FreeRTOS/src/stream_buffer.c ****             /* More details at: https://github.com/FreeRTOS/FreeRTOS-Kernel/blob/main/MISRA.md#dir-
1268:FreeRTOS/src/stream_buffer.c ****             /* coverity[misra_c_2012_directive_4_7_violation] */
1269:FreeRTOS/src/stream_buffer.c ****             prvRECEIVE_COMPLETED_FROM_ISR( pxStreamBuffer, pxHigherPriorityTaskWoken );
1270:FreeRTOS/src/stream_buffer.c ****         }
1271:FreeRTOS/src/stream_buffer.c ****         else
1272:FreeRTOS/src/stream_buffer.c ****         {
1273:FreeRTOS/src/stream_buffer.c ****             mtCOVERAGE_TEST_MARKER();
1274:FreeRTOS/src/stream_buffer.c ****         }
1275:FreeRTOS/src/stream_buffer.c ****     }
1276:FreeRTOS/src/stream_buffer.c ****     else
1277:FreeRTOS/src/stream_buffer.c ****     {
1278:FreeRTOS/src/stream_buffer.c ****         mtCOVERAGE_TEST_MARKER();
1279:FreeRTOS/src/stream_buffer.c ****     }
1280:FreeRTOS/src/stream_buffer.c **** 
1281:FreeRTOS/src/stream_buffer.c ****     traceSTREAM_BUFFER_RECEIVE_FROM_ISR( xStreamBuffer, xReceivedLength );
1282:FreeRTOS/src/stream_buffer.c ****     traceRETURN_xStreamBufferReceiveFromISR( xReceivedLength );
1283:FreeRTOS/src/stream_buffer.c **** 
1284:FreeRTOS/src/stream_buffer.c ****     return xReceivedLength;
ARM GAS  C:\Users\user\AppData\Local\Temp\ccSdXByh.s 			page 24


1285:FreeRTOS/src/stream_buffer.c **** }
1286:FreeRTOS/src/stream_buffer.c **** /*-----------------------------------------------------------*/
1287:FreeRTOS/src/stream_buffer.c **** 
1288:FreeRTOS/src/stream_buffer.c **** static size_t prvReadMessageFromBuffer( StreamBuffer_t * pxStreamBuffer,
1289:FreeRTOS/src/stream_buffer.c ****                                         void * pvRxData,
1290:FreeRTOS/src/stream_buffer.c ****                                         size_t xBufferLengthBytes,
1291:FreeRTOS/src/stream_buffer.c ****                                         size_t xBytesAvailable )
1292:FreeRTOS/src/stream_buffer.c **** {
1293:FreeRTOS/src/stream_buffer.c ****     size_t xCount, xNextMessageLength;
1294:FreeRTOS/src/stream_buffer.c ****     configMESSAGE_BUFFER_LENGTH_TYPE xTempNextMessageLength;
1295:FreeRTOS/src/stream_buffer.c ****     size_t xNextTail = pxStreamBuffer->xTail;
1296:FreeRTOS/src/stream_buffer.c **** 
1297:FreeRTOS/src/stream_buffer.c ****     if( ( pxStreamBuffer->ucFlags & sbFLAGS_IS_MESSAGE_BUFFER ) != ( uint8_t ) 0 )
1298:FreeRTOS/src/stream_buffer.c ****     {
1299:FreeRTOS/src/stream_buffer.c ****         /* A discrete message is being received.  First receive the length
1300:FreeRTOS/src/stream_buffer.c ****          * of the message. */
1301:FreeRTOS/src/stream_buffer.c ****         xNextTail = prvReadBytesFromBuffer( pxStreamBuffer, ( uint8_t * ) &xTempNextMessageLength, 
1302:FreeRTOS/src/stream_buffer.c ****         xNextMessageLength = ( size_t ) xTempNextMessageLength;
1303:FreeRTOS/src/stream_buffer.c **** 
1304:FreeRTOS/src/stream_buffer.c ****         /* Reduce the number of bytes available by the number of bytes just
1305:FreeRTOS/src/stream_buffer.c ****          * read out. */
1306:FreeRTOS/src/stream_buffer.c ****         xBytesAvailable -= sbBYTES_TO_STORE_MESSAGE_LENGTH;
1307:FreeRTOS/src/stream_buffer.c **** 
1308:FreeRTOS/src/stream_buffer.c ****         /* Check there is enough space in the buffer provided by the
1309:FreeRTOS/src/stream_buffer.c ****          * user. */
1310:FreeRTOS/src/stream_buffer.c ****         if( xNextMessageLength > xBufferLengthBytes )
1311:FreeRTOS/src/stream_buffer.c ****         {
1312:FreeRTOS/src/stream_buffer.c ****             /* The user has provided insufficient space to read the message. */
1313:FreeRTOS/src/stream_buffer.c ****             xNextMessageLength = 0;
1314:FreeRTOS/src/stream_buffer.c ****         }
1315:FreeRTOS/src/stream_buffer.c ****         else
1316:FreeRTOS/src/stream_buffer.c ****         {
1317:FreeRTOS/src/stream_buffer.c ****             mtCOVERAGE_TEST_MARKER();
1318:FreeRTOS/src/stream_buffer.c ****         }
1319:FreeRTOS/src/stream_buffer.c ****     }
1320:FreeRTOS/src/stream_buffer.c ****     else
1321:FreeRTOS/src/stream_buffer.c ****     {
1322:FreeRTOS/src/stream_buffer.c ****         /* A stream of bytes is being received (as opposed to a discrete
1323:FreeRTOS/src/stream_buffer.c ****          * message), so read as many bytes as possible. */
1324:FreeRTOS/src/stream_buffer.c ****         xNextMessageLength = xBufferLengthBytes;
1325:FreeRTOS/src/stream_buffer.c ****     }
1326:FreeRTOS/src/stream_buffer.c **** 
1327:FreeRTOS/src/stream_buffer.c ****     /* Use the minimum of the wanted bytes and the available bytes. */
1328:FreeRTOS/src/stream_buffer.c ****     xCount = configMIN( xNextMessageLength, xBytesAvailable );
1329:FreeRTOS/src/stream_buffer.c **** 
1330:FreeRTOS/src/stream_buffer.c ****     if( xCount != ( size_t ) 0 )
1331:FreeRTOS/src/stream_buffer.c ****     {
1332:FreeRTOS/src/stream_buffer.c ****         /* Read the actual data and update the tail to mark the data as officially consumed. */
1333:FreeRTOS/src/stream_buffer.c ****         /* MISRA Ref 11.5.5 [Void pointer assignment] */
1334:FreeRTOS/src/stream_buffer.c ****         /* More details at: https://github.com/FreeRTOS/FreeRTOS-Kernel/blob/main/MISRA.md#rule-115
1335:FreeRTOS/src/stream_buffer.c ****         /* coverity[misra_c_2012_rule_11_5_violation] */
1336:FreeRTOS/src/stream_buffer.c ****         pxStreamBuffer->xTail = prvReadBytesFromBuffer( pxStreamBuffer, ( uint8_t * ) pvRxData, xCo
1337:FreeRTOS/src/stream_buffer.c ****     }
1338:FreeRTOS/src/stream_buffer.c **** 
1339:FreeRTOS/src/stream_buffer.c ****     return xCount;
1340:FreeRTOS/src/stream_buffer.c **** }
1341:FreeRTOS/src/stream_buffer.c **** /*-----------------------------------------------------------*/
ARM GAS  C:\Users\user\AppData\Local\Temp\ccSdXByh.s 			page 25


1342:FreeRTOS/src/stream_buffer.c **** 
1343:FreeRTOS/src/stream_buffer.c **** BaseType_t xStreamBufferIsEmpty( StreamBufferHandle_t xStreamBuffer )
1344:FreeRTOS/src/stream_buffer.c **** {
1345:FreeRTOS/src/stream_buffer.c ****     const StreamBuffer_t * const pxStreamBuffer = xStreamBuffer;
1346:FreeRTOS/src/stream_buffer.c ****     BaseType_t xReturn;
1347:FreeRTOS/src/stream_buffer.c ****     size_t xTail;
1348:FreeRTOS/src/stream_buffer.c **** 
1349:FreeRTOS/src/stream_buffer.c ****     traceENTER_xStreamBufferIsEmpty( xStreamBuffer );
1350:FreeRTOS/src/stream_buffer.c **** 
1351:FreeRTOS/src/stream_buffer.c ****     configASSERT( pxStreamBuffer );
1352:FreeRTOS/src/stream_buffer.c **** 
1353:FreeRTOS/src/stream_buffer.c ****     /* True if no bytes are available. */
1354:FreeRTOS/src/stream_buffer.c ****     xTail = pxStreamBuffer->xTail;
1355:FreeRTOS/src/stream_buffer.c **** 
1356:FreeRTOS/src/stream_buffer.c ****     if( pxStreamBuffer->xHead == xTail )
1357:FreeRTOS/src/stream_buffer.c ****     {
1358:FreeRTOS/src/stream_buffer.c ****         xReturn = pdTRUE;
1359:FreeRTOS/src/stream_buffer.c ****     }
1360:FreeRTOS/src/stream_buffer.c ****     else
1361:FreeRTOS/src/stream_buffer.c ****     {
1362:FreeRTOS/src/stream_buffer.c ****         xReturn = pdFALSE;
1363:FreeRTOS/src/stream_buffer.c ****     }
1364:FreeRTOS/src/stream_buffer.c **** 
1365:FreeRTOS/src/stream_buffer.c ****     traceRETURN_xStreamBufferIsEmpty( xReturn );
1366:FreeRTOS/src/stream_buffer.c **** 
1367:FreeRTOS/src/stream_buffer.c ****     return xReturn;
1368:FreeRTOS/src/stream_buffer.c **** }
1369:FreeRTOS/src/stream_buffer.c **** /*-----------------------------------------------------------*/
1370:FreeRTOS/src/stream_buffer.c **** 
1371:FreeRTOS/src/stream_buffer.c **** BaseType_t xStreamBufferIsFull( StreamBufferHandle_t xStreamBuffer )
1372:FreeRTOS/src/stream_buffer.c **** {
1373:FreeRTOS/src/stream_buffer.c ****     BaseType_t xReturn;
1374:FreeRTOS/src/stream_buffer.c ****     size_t xBytesToStoreMessageLength;
1375:FreeRTOS/src/stream_buffer.c ****     const StreamBuffer_t * const pxStreamBuffer = xStreamBuffer;
1376:FreeRTOS/src/stream_buffer.c **** 
1377:FreeRTOS/src/stream_buffer.c ****     traceENTER_xStreamBufferIsFull( xStreamBuffer );
1378:FreeRTOS/src/stream_buffer.c **** 
1379:FreeRTOS/src/stream_buffer.c ****     configASSERT( pxStreamBuffer );
1380:FreeRTOS/src/stream_buffer.c **** 
1381:FreeRTOS/src/stream_buffer.c ****     /* This generic version of the receive function is used by both message
1382:FreeRTOS/src/stream_buffer.c ****      * buffers, which store discrete messages, and stream buffers, which store a
1383:FreeRTOS/src/stream_buffer.c ****      * continuous stream of bytes.  Discrete messages include an additional
1384:FreeRTOS/src/stream_buffer.c ****      * sbBYTES_TO_STORE_MESSAGE_LENGTH bytes that hold the length of the message. */
1385:FreeRTOS/src/stream_buffer.c ****     if( ( pxStreamBuffer->ucFlags & sbFLAGS_IS_MESSAGE_BUFFER ) != ( uint8_t ) 0 )
1386:FreeRTOS/src/stream_buffer.c ****     {
1387:FreeRTOS/src/stream_buffer.c ****         xBytesToStoreMessageLength = sbBYTES_TO_STORE_MESSAGE_LENGTH;
1388:FreeRTOS/src/stream_buffer.c ****     }
1389:FreeRTOS/src/stream_buffer.c ****     else
1390:FreeRTOS/src/stream_buffer.c ****     {
1391:FreeRTOS/src/stream_buffer.c ****         xBytesToStoreMessageLength = 0;
1392:FreeRTOS/src/stream_buffer.c ****     }
1393:FreeRTOS/src/stream_buffer.c **** 
1394:FreeRTOS/src/stream_buffer.c ****     /* True if the available space equals zero. */
1395:FreeRTOS/src/stream_buffer.c ****     if( xStreamBufferSpacesAvailable( xStreamBuffer ) <= xBytesToStoreMessageLength )
1396:FreeRTOS/src/stream_buffer.c ****     {
1397:FreeRTOS/src/stream_buffer.c ****         xReturn = pdTRUE;
1398:FreeRTOS/src/stream_buffer.c ****     }
ARM GAS  C:\Users\user\AppData\Local\Temp\ccSdXByh.s 			page 26


1399:FreeRTOS/src/stream_buffer.c ****     else
1400:FreeRTOS/src/stream_buffer.c ****     {
1401:FreeRTOS/src/stream_buffer.c ****         xReturn = pdFALSE;
1402:FreeRTOS/src/stream_buffer.c ****     }
1403:FreeRTOS/src/stream_buffer.c **** 
1404:FreeRTOS/src/stream_buffer.c ****     traceRETURN_xStreamBufferIsFull( xReturn );
1405:FreeRTOS/src/stream_buffer.c **** 
1406:FreeRTOS/src/stream_buffer.c ****     return xReturn;
1407:FreeRTOS/src/stream_buffer.c **** }
1408:FreeRTOS/src/stream_buffer.c **** /*-----------------------------------------------------------*/
1409:FreeRTOS/src/stream_buffer.c **** 
1410:FreeRTOS/src/stream_buffer.c **** BaseType_t xStreamBufferSendCompletedFromISR( StreamBufferHandle_t xStreamBuffer,
1411:FreeRTOS/src/stream_buffer.c ****                                               BaseType_t * pxHigherPriorityTaskWoken )
1412:FreeRTOS/src/stream_buffer.c **** {
1413:FreeRTOS/src/stream_buffer.c ****     StreamBuffer_t * const pxStreamBuffer = xStreamBuffer;
1414:FreeRTOS/src/stream_buffer.c ****     BaseType_t xReturn;
1415:FreeRTOS/src/stream_buffer.c ****     UBaseType_t uxSavedInterruptStatus;
1416:FreeRTOS/src/stream_buffer.c **** 
1417:FreeRTOS/src/stream_buffer.c ****     traceENTER_xStreamBufferSendCompletedFromISR( xStreamBuffer, pxHigherPriorityTaskWoken );
1418:FreeRTOS/src/stream_buffer.c **** 
1419:FreeRTOS/src/stream_buffer.c ****     configASSERT( pxStreamBuffer );
1420:FreeRTOS/src/stream_buffer.c **** 
1421:FreeRTOS/src/stream_buffer.c ****     /* MISRA Ref 4.7.1 [Return value shall be checked] */
1422:FreeRTOS/src/stream_buffer.c ****     /* More details at: https://github.com/FreeRTOS/FreeRTOS-Kernel/blob/main/MISRA.md#dir-47 */
1423:FreeRTOS/src/stream_buffer.c ****     /* coverity[misra_c_2012_directive_4_7_violation] */
1424:FreeRTOS/src/stream_buffer.c ****     uxSavedInterruptStatus = taskENTER_CRITICAL_FROM_ISR();
1425:FreeRTOS/src/stream_buffer.c ****     {
1426:FreeRTOS/src/stream_buffer.c ****         if( ( pxStreamBuffer )->xTaskWaitingToReceive != NULL )
1427:FreeRTOS/src/stream_buffer.c ****         {
1428:FreeRTOS/src/stream_buffer.c ****             ( void ) xTaskNotifyIndexedFromISR( ( pxStreamBuffer )->xTaskWaitingToReceive,
1429:FreeRTOS/src/stream_buffer.c ****                                                 ( pxStreamBuffer )->uxNotificationIndex,
1430:FreeRTOS/src/stream_buffer.c ****                                                 ( uint32_t ) 0,
1431:FreeRTOS/src/stream_buffer.c ****                                                 eNoAction,
1432:FreeRTOS/src/stream_buffer.c ****                                                 pxHigherPriorityTaskWoken );
1433:FreeRTOS/src/stream_buffer.c ****             ( pxStreamBuffer )->xTaskWaitingToReceive = NULL;
1434:FreeRTOS/src/stream_buffer.c ****             xReturn = pdTRUE;
1435:FreeRTOS/src/stream_buffer.c ****         }
1436:FreeRTOS/src/stream_buffer.c ****         else
1437:FreeRTOS/src/stream_buffer.c ****         {
1438:FreeRTOS/src/stream_buffer.c ****             xReturn = pdFALSE;
1439:FreeRTOS/src/stream_buffer.c ****         }
1440:FreeRTOS/src/stream_buffer.c ****     }
1441:FreeRTOS/src/stream_buffer.c ****     taskEXIT_CRITICAL_FROM_ISR( uxSavedInterruptStatus );
1442:FreeRTOS/src/stream_buffer.c **** 
1443:FreeRTOS/src/stream_buffer.c ****     traceRETURN_xStreamBufferSendCompletedFromISR( xReturn );
1444:FreeRTOS/src/stream_buffer.c **** 
1445:FreeRTOS/src/stream_buffer.c ****     return xReturn;
1446:FreeRTOS/src/stream_buffer.c **** }
1447:FreeRTOS/src/stream_buffer.c **** /*-----------------------------------------------------------*/
1448:FreeRTOS/src/stream_buffer.c **** 
1449:FreeRTOS/src/stream_buffer.c **** BaseType_t xStreamBufferReceiveCompletedFromISR( StreamBufferHandle_t xStreamBuffer,
1450:FreeRTOS/src/stream_buffer.c ****                                                  BaseType_t * pxHigherPriorityTaskWoken )
1451:FreeRTOS/src/stream_buffer.c **** {
1452:FreeRTOS/src/stream_buffer.c ****     StreamBuffer_t * const pxStreamBuffer = xStreamBuffer;
1453:FreeRTOS/src/stream_buffer.c ****     BaseType_t xReturn;
1454:FreeRTOS/src/stream_buffer.c ****     UBaseType_t uxSavedInterruptStatus;
1455:FreeRTOS/src/stream_buffer.c **** 
ARM GAS  C:\Users\user\AppData\Local\Temp\ccSdXByh.s 			page 27


1456:FreeRTOS/src/stream_buffer.c ****     traceENTER_xStreamBufferReceiveCompletedFromISR( xStreamBuffer, pxHigherPriorityTaskWoken );
1457:FreeRTOS/src/stream_buffer.c **** 
1458:FreeRTOS/src/stream_buffer.c ****     configASSERT( pxStreamBuffer );
1459:FreeRTOS/src/stream_buffer.c **** 
1460:FreeRTOS/src/stream_buffer.c ****     /* MISRA Ref 4.7.1 [Return value shall be checked] */
1461:FreeRTOS/src/stream_buffer.c ****     /* More details at: https://github.com/FreeRTOS/FreeRTOS-Kernel/blob/main/MISRA.md#dir-47 */
1462:FreeRTOS/src/stream_buffer.c ****     /* coverity[misra_c_2012_directive_4_7_violation] */
1463:FreeRTOS/src/stream_buffer.c ****     uxSavedInterruptStatus = taskENTER_CRITICAL_FROM_ISR();
1464:FreeRTOS/src/stream_buffer.c ****     {
1465:FreeRTOS/src/stream_buffer.c ****         if( ( pxStreamBuffer )->xTaskWaitingToSend != NULL )
1466:FreeRTOS/src/stream_buffer.c ****         {
1467:FreeRTOS/src/stream_buffer.c ****             ( void ) xTaskNotifyIndexedFromISR( ( pxStreamBuffer )->xTaskWaitingToSend,
1468:FreeRTOS/src/stream_buffer.c ****                                                 ( pxStreamBuffer )->uxNotificationIndex,
1469:FreeRTOS/src/stream_buffer.c ****                                                 ( uint32_t ) 0,
1470:FreeRTOS/src/stream_buffer.c ****                                                 eNoAction,
1471:FreeRTOS/src/stream_buffer.c ****                                                 pxHigherPriorityTaskWoken );
1472:FreeRTOS/src/stream_buffer.c ****             ( pxStreamBuffer )->xTaskWaitingToSend = NULL;
1473:FreeRTOS/src/stream_buffer.c ****             xReturn = pdTRUE;
1474:FreeRTOS/src/stream_buffer.c ****         }
1475:FreeRTOS/src/stream_buffer.c ****         else
1476:FreeRTOS/src/stream_buffer.c ****         {
1477:FreeRTOS/src/stream_buffer.c ****             xReturn = pdFALSE;
1478:FreeRTOS/src/stream_buffer.c ****         }
1479:FreeRTOS/src/stream_buffer.c ****     }
1480:FreeRTOS/src/stream_buffer.c ****     taskEXIT_CRITICAL_FROM_ISR( uxSavedInterruptStatus );
1481:FreeRTOS/src/stream_buffer.c **** 
1482:FreeRTOS/src/stream_buffer.c ****     traceRETURN_xStreamBufferReceiveCompletedFromISR( xReturn );
1483:FreeRTOS/src/stream_buffer.c **** 
1484:FreeRTOS/src/stream_buffer.c ****     return xReturn;
1485:FreeRTOS/src/stream_buffer.c **** }
1486:FreeRTOS/src/stream_buffer.c **** /*-----------------------------------------------------------*/
1487:FreeRTOS/src/stream_buffer.c **** 
1488:FreeRTOS/src/stream_buffer.c **** static size_t prvWriteBytesToBuffer( StreamBuffer_t * const pxStreamBuffer,
1489:FreeRTOS/src/stream_buffer.c ****                                      const uint8_t * pucData,
1490:FreeRTOS/src/stream_buffer.c ****                                      size_t xCount,
1491:FreeRTOS/src/stream_buffer.c ****                                      size_t xHead )
1492:FreeRTOS/src/stream_buffer.c **** {
1493:FreeRTOS/src/stream_buffer.c ****     size_t xFirstLength;
1494:FreeRTOS/src/stream_buffer.c **** 
1495:FreeRTOS/src/stream_buffer.c ****     configASSERT( xCount > ( size_t ) 0 );
1496:FreeRTOS/src/stream_buffer.c **** 
1497:FreeRTOS/src/stream_buffer.c ****     /* Calculate the number of bytes that can be added in the first write -
1498:FreeRTOS/src/stream_buffer.c ****      * which may be less than the total number of bytes that need to be added if
1499:FreeRTOS/src/stream_buffer.c ****      * the buffer will wrap back to the beginning. */
1500:FreeRTOS/src/stream_buffer.c ****     xFirstLength = configMIN( pxStreamBuffer->xLength - xHead, xCount );
1501:FreeRTOS/src/stream_buffer.c **** 
1502:FreeRTOS/src/stream_buffer.c ****     /* Write as many bytes as can be written in the first write. */
1503:FreeRTOS/src/stream_buffer.c ****     configASSERT( ( xHead + xFirstLength ) <= pxStreamBuffer->xLength );
1504:FreeRTOS/src/stream_buffer.c ****     ( void ) memcpy( ( void * ) ( &( pxStreamBuffer->pucBuffer[ xHead ] ) ), ( const void * ) pucDa
1505:FreeRTOS/src/stream_buffer.c **** 
1506:FreeRTOS/src/stream_buffer.c ****     /* If the number of bytes written was less than the number that could be
1507:FreeRTOS/src/stream_buffer.c ****      * written in the first write... */
1508:FreeRTOS/src/stream_buffer.c ****     if( xCount > xFirstLength )
1509:FreeRTOS/src/stream_buffer.c ****     {
1510:FreeRTOS/src/stream_buffer.c ****         /* ...then write the remaining bytes to the start of the buffer. */
1511:FreeRTOS/src/stream_buffer.c ****         configASSERT( ( xCount - xFirstLength ) <= pxStreamBuffer->xLength );
1512:FreeRTOS/src/stream_buffer.c ****         ( void ) memcpy( ( void * ) pxStreamBuffer->pucBuffer, ( const void * ) &( pucData[ xFirstL
ARM GAS  C:\Users\user\AppData\Local\Temp\ccSdXByh.s 			page 28


1513:FreeRTOS/src/stream_buffer.c ****     }
1514:FreeRTOS/src/stream_buffer.c ****     else
1515:FreeRTOS/src/stream_buffer.c ****     {
1516:FreeRTOS/src/stream_buffer.c ****         mtCOVERAGE_TEST_MARKER();
1517:FreeRTOS/src/stream_buffer.c ****     }
1518:FreeRTOS/src/stream_buffer.c **** 
1519:FreeRTOS/src/stream_buffer.c ****     xHead += xCount;
1520:FreeRTOS/src/stream_buffer.c **** 
1521:FreeRTOS/src/stream_buffer.c ****     if( xHead >= pxStreamBuffer->xLength )
1522:FreeRTOS/src/stream_buffer.c ****     {
1523:FreeRTOS/src/stream_buffer.c ****         xHead -= pxStreamBuffer->xLength;
1524:FreeRTOS/src/stream_buffer.c ****     }
1525:FreeRTOS/src/stream_buffer.c ****     else
1526:FreeRTOS/src/stream_buffer.c ****     {
1527:FreeRTOS/src/stream_buffer.c ****         mtCOVERAGE_TEST_MARKER();
1528:FreeRTOS/src/stream_buffer.c ****     }
1529:FreeRTOS/src/stream_buffer.c **** 
1530:FreeRTOS/src/stream_buffer.c ****     return xHead;
1531:FreeRTOS/src/stream_buffer.c **** }
1532:FreeRTOS/src/stream_buffer.c **** /*-----------------------------------------------------------*/
1533:FreeRTOS/src/stream_buffer.c **** 
1534:FreeRTOS/src/stream_buffer.c **** static size_t prvReadBytesFromBuffer( StreamBuffer_t * pxStreamBuffer,
1535:FreeRTOS/src/stream_buffer.c ****                                       uint8_t * pucData,
1536:FreeRTOS/src/stream_buffer.c ****                                       size_t xCount,
1537:FreeRTOS/src/stream_buffer.c ****                                       size_t xTail )
1538:FreeRTOS/src/stream_buffer.c **** {
1539:FreeRTOS/src/stream_buffer.c ****     size_t xFirstLength;
1540:FreeRTOS/src/stream_buffer.c **** 
1541:FreeRTOS/src/stream_buffer.c ****     configASSERT( xCount != ( size_t ) 0 );
1542:FreeRTOS/src/stream_buffer.c **** 
1543:FreeRTOS/src/stream_buffer.c ****     /* Calculate the number of bytes that can be read - which may be
1544:FreeRTOS/src/stream_buffer.c ****      * less than the number wanted if the data wraps around to the start of
1545:FreeRTOS/src/stream_buffer.c ****      * the buffer. */
1546:FreeRTOS/src/stream_buffer.c ****     xFirstLength = configMIN( pxStreamBuffer->xLength - xTail, xCount );
1547:FreeRTOS/src/stream_buffer.c **** 
1548:FreeRTOS/src/stream_buffer.c ****     /* Obtain the number of bytes it is possible to obtain in the first
1549:FreeRTOS/src/stream_buffer.c ****      * read.  Asserts check bounds of read and write. */
1550:FreeRTOS/src/stream_buffer.c ****     configASSERT( xFirstLength <= xCount );
1551:FreeRTOS/src/stream_buffer.c ****     configASSERT( ( xTail + xFirstLength ) <= pxStreamBuffer->xLength );
1552:FreeRTOS/src/stream_buffer.c ****     ( void ) memcpy( ( void * ) pucData, ( const void * ) &( pxStreamBuffer->pucBuffer[ xTail ] ), 
1553:FreeRTOS/src/stream_buffer.c **** 
1554:FreeRTOS/src/stream_buffer.c ****     /* If the total number of wanted bytes is greater than the number
1555:FreeRTOS/src/stream_buffer.c ****      * that could be read in the first read... */
1556:FreeRTOS/src/stream_buffer.c ****     if( xCount > xFirstLength )
1557:FreeRTOS/src/stream_buffer.c ****     {
1558:FreeRTOS/src/stream_buffer.c ****         /* ...then read the remaining bytes from the start of the buffer. */
1559:FreeRTOS/src/stream_buffer.c ****         ( void ) memcpy( ( void * ) &( pucData[ xFirstLength ] ), ( void * ) ( pxStreamBuffer->pucB
1560:FreeRTOS/src/stream_buffer.c ****     }
1561:FreeRTOS/src/stream_buffer.c ****     else
1562:FreeRTOS/src/stream_buffer.c ****     {
1563:FreeRTOS/src/stream_buffer.c ****         mtCOVERAGE_TEST_MARKER();
1564:FreeRTOS/src/stream_buffer.c ****     }
1565:FreeRTOS/src/stream_buffer.c **** 
1566:FreeRTOS/src/stream_buffer.c ****     /* Move the tail pointer to effectively remove the data read from the buffer. */
1567:FreeRTOS/src/stream_buffer.c ****     xTail += xCount;
1568:FreeRTOS/src/stream_buffer.c **** 
1569:FreeRTOS/src/stream_buffer.c ****     if( xTail >= pxStreamBuffer->xLength )
ARM GAS  C:\Users\user\AppData\Local\Temp\ccSdXByh.s 			page 29


1570:FreeRTOS/src/stream_buffer.c ****     {
1571:FreeRTOS/src/stream_buffer.c ****         xTail -= pxStreamBuffer->xLength;
1572:FreeRTOS/src/stream_buffer.c ****     }
1573:FreeRTOS/src/stream_buffer.c **** 
1574:FreeRTOS/src/stream_buffer.c ****     return xTail;
1575:FreeRTOS/src/stream_buffer.c **** }
1576:FreeRTOS/src/stream_buffer.c **** /*-----------------------------------------------------------*/
1577:FreeRTOS/src/stream_buffer.c **** 
1578:FreeRTOS/src/stream_buffer.c **** static size_t prvBytesInBuffer( const StreamBuffer_t * const pxStreamBuffer )
1579:FreeRTOS/src/stream_buffer.c **** {
  29              		.loc 1 1579 1 view -0
  30              		.cfi_startproc
  31              		@ args = 0, pretend = 0, frame = 0
  32              		@ frame_needed = 0, uses_anonymous_args = 0
  33              		@ link register save eliminated.
1580:FreeRTOS/src/stream_buffer.c ****     /* Returns the distance between xTail and xHead. */
1581:FreeRTOS/src/stream_buffer.c ****     size_t xCount;
  34              		.loc 1 1581 5 view .LVU1
1582:FreeRTOS/src/stream_buffer.c **** 
1583:FreeRTOS/src/stream_buffer.c ****     xCount = pxStreamBuffer->xLength + pxStreamBuffer->xHead;
  35              		.loc 1 1583 5 view .LVU2
  36              		.loc 1 1583 28 is_stmt 0 view .LVU3
  37 0000 8268     		ldr	r2, [r0, #8]
  38              		.loc 1 1583 54 view .LVU4
  39 0002 4368     		ldr	r3, [r0, #4]
  40              		.loc 1 1583 12 view .LVU5
  41 0004 1344     		add	r3, r3, r2
  42              	.LVL1:
1584:FreeRTOS/src/stream_buffer.c ****     xCount -= pxStreamBuffer->xTail;
  43              		.loc 1 1584 5 is_stmt 1 view .LVU6
  44              		.loc 1 1584 29 is_stmt 0 view .LVU7
  45 0006 0068     		ldr	r0, [r0]
  46              	.LVL2:
  47              		.loc 1 1584 12 view .LVU8
  48 0008 181A     		subs	r0, r3, r0
  49              	.LVL3:
1585:FreeRTOS/src/stream_buffer.c **** 
1586:FreeRTOS/src/stream_buffer.c ****     if( xCount >= pxStreamBuffer->xLength )
  50              		.loc 1 1586 5 is_stmt 1 view .LVU9
  51              		.loc 1 1586 7 is_stmt 0 view .LVU10
  52 000a 8242     		cmp	r2, r0
  53 000c 00D8     		bhi	.L1
1587:FreeRTOS/src/stream_buffer.c ****     {
1588:FreeRTOS/src/stream_buffer.c ****         xCount -= pxStreamBuffer->xLength;
  54              		.loc 1 1588 9 is_stmt 1 view .LVU11
  55              		.loc 1 1588 16 is_stmt 0 view .LVU12
  56 000e 801A     		subs	r0, r0, r2
  57              	.LVL4:
1589:FreeRTOS/src/stream_buffer.c ****     }
1590:FreeRTOS/src/stream_buffer.c ****     else
1591:FreeRTOS/src/stream_buffer.c ****     {
1592:FreeRTOS/src/stream_buffer.c ****         mtCOVERAGE_TEST_MARKER();
  58              		.loc 1 1592 33 is_stmt 1 view .LVU13
1593:FreeRTOS/src/stream_buffer.c ****     }
1594:FreeRTOS/src/stream_buffer.c **** 
1595:FreeRTOS/src/stream_buffer.c ****     return xCount;
  59              		.loc 1 1595 5 view .LVU14
ARM GAS  C:\Users\user\AppData\Local\Temp\ccSdXByh.s 			page 30


  60              	.L1:
1596:FreeRTOS/src/stream_buffer.c **** }
  61              		.loc 1 1596 1 is_stmt 0 view .LVU15
  62 0010 7047     		bx	lr
  63              		.cfi_endproc
  64              	.LFE158:
  66              		.section	.text.prvBytesInBufferMeetTriggerLevel,"ax",%progbits
  67              		.align	1
  68              		.syntax unified
  69              		.thumb
  70              		.thumb_func
  72              	prvBytesInBufferMeetTriggerLevel:
  73              	.LVL5:
  74              	.LFB159:
1597:FreeRTOS/src/stream_buffer.c **** /*-----------------------------------------------------------*/
1598:FreeRTOS/src/stream_buffer.c **** 
1599:FreeRTOS/src/stream_buffer.c **** static BaseType_t prvBytesInBufferMeetTriggerLevel( const StreamBuffer_t * const pxStreamBuffer,
1600:FreeRTOS/src/stream_buffer.c ****                                                     size_t xBytesInBuffer )
1601:FreeRTOS/src/stream_buffer.c **** {
  75              		.loc 1 1601 1 is_stmt 1 view -0
  76              		.cfi_startproc
  77              		@ args = 0, pretend = 0, frame = 0
  78              		@ frame_needed = 0, uses_anonymous_args = 0
  79              		@ link register save eliminated.
1602:FreeRTOS/src/stream_buffer.c ****     BaseType_t xReturn = pdFALSE;
  80              		.loc 1 1602 5 view .LVU17
1603:FreeRTOS/src/stream_buffer.c **** 
1604:FreeRTOS/src/stream_buffer.c ****     if( ( pxStreamBuffer->ucFlags & sbFLAGS_IS_BATCHING_BUFFER ) != ( uint8_t ) 0 )
  81              		.loc 1 1604 5 view .LVU18
  82              		.loc 1 1604 25 is_stmt 0 view .LVU19
  83 0000 037F     		ldrb	r3, [r0, #28]	@ zero_extendqisi2
  84              		.loc 1 1604 7 view .LVU20
  85 0002 13F0040F 		tst	r3, #4
  86 0006 04D0     		beq	.L4
1605:FreeRTOS/src/stream_buffer.c ****     {
1606:FreeRTOS/src/stream_buffer.c ****         if( xBytesInBuffer > pxStreamBuffer->xTriggerLevelBytes )
  87              		.loc 1 1606 9 is_stmt 1 view .LVU21
  88              		.loc 1 1606 44 is_stmt 0 view .LVU22
  89 0008 C368     		ldr	r3, [r0, #12]
  90              		.loc 1 1606 11 view .LVU23
  91 000a 8B42     		cmp	r3, r1
  92 000c 06D3     		bcc	.L6
1602:FreeRTOS/src/stream_buffer.c **** 
  93              		.loc 1 1602 16 view .LVU24
  94 000e 0020     		movs	r0, #0
  95              	.LVL6:
1602:FreeRTOS/src/stream_buffer.c **** 
  96              		.loc 1 1602 16 view .LVU25
  97 0010 7047     		bx	lr
  98              	.LVL7:
  99              	.L4:
1607:FreeRTOS/src/stream_buffer.c ****         {
1608:FreeRTOS/src/stream_buffer.c ****             xReturn = pdTRUE;
1609:FreeRTOS/src/stream_buffer.c ****         }
1610:FreeRTOS/src/stream_buffer.c ****         else
1611:FreeRTOS/src/stream_buffer.c ****         {
1612:FreeRTOS/src/stream_buffer.c ****             mtCOVERAGE_TEST_MARKER();
ARM GAS  C:\Users\user\AppData\Local\Temp\ccSdXByh.s 			page 31


1613:FreeRTOS/src/stream_buffer.c ****         }
1614:FreeRTOS/src/stream_buffer.c ****     }
1615:FreeRTOS/src/stream_buffer.c ****     else if( xBytesInBuffer >= pxStreamBuffer->xTriggerLevelBytes )
 100              		.loc 1 1615 10 is_stmt 1 view .LVU26
 101              		.loc 1 1615 46 is_stmt 0 view .LVU27
 102 0012 C368     		ldr	r3, [r0, #12]
 103              		.loc 1 1615 12 view .LVU28
 104 0014 8B42     		cmp	r3, r1
 105 0016 03D9     		bls	.L7
1602:FreeRTOS/src/stream_buffer.c **** 
 106              		.loc 1 1602 16 view .LVU29
 107 0018 0020     		movs	r0, #0
 108              	.LVL8:
1602:FreeRTOS/src/stream_buffer.c **** 
 109              		.loc 1 1602 16 view .LVU30
 110 001a 7047     		bx	lr
 111              	.LVL9:
 112              	.L6:
1608:FreeRTOS/src/stream_buffer.c ****         }
 113              		.loc 1 1608 21 view .LVU31
 114 001c 0120     		movs	r0, #1
 115              	.LVL10:
1608:FreeRTOS/src/stream_buffer.c ****         }
 116              		.loc 1 1608 21 view .LVU32
 117 001e 7047     		bx	lr
 118              	.LVL11:
 119              	.L7:
1616:FreeRTOS/src/stream_buffer.c ****     {
1617:FreeRTOS/src/stream_buffer.c ****         xReturn = pdTRUE;
 120              		.loc 1 1617 17 view .LVU33
 121 0020 0120     		movs	r0, #1
 122              	.LVL12:
1618:FreeRTOS/src/stream_buffer.c ****     }
1619:FreeRTOS/src/stream_buffer.c ****     else
1620:FreeRTOS/src/stream_buffer.c ****     {
1621:FreeRTOS/src/stream_buffer.c ****         mtCOVERAGE_TEST_MARKER();
 123              		.loc 1 1621 33 is_stmt 1 view .LVU34
1622:FreeRTOS/src/stream_buffer.c ****     }
1623:FreeRTOS/src/stream_buffer.c **** 
1624:FreeRTOS/src/stream_buffer.c ****     return xReturn;
 124              		.loc 1 1624 5 view .LVU35
1625:FreeRTOS/src/stream_buffer.c **** }
 125              		.loc 1 1625 1 is_stmt 0 view .LVU36
 126 0022 7047     		bx	lr
 127              		.cfi_endproc
 128              	.LFE159:
 130              		.section	.text.prvInitialiseNewStreamBuffer,"ax",%progbits
 131              		.align	1
 132              		.syntax unified
 133              		.thumb
 134              		.thumb_func
 136              	prvInitialiseNewStreamBuffer:
 137              	.LVL13:
 138              	.LFB160:
1626:FreeRTOS/src/stream_buffer.c **** /*-----------------------------------------------------------*/
1627:FreeRTOS/src/stream_buffer.c **** 
1628:FreeRTOS/src/stream_buffer.c **** static void prvInitialiseNewStreamBuffer( StreamBuffer_t * const pxStreamBuffer,
ARM GAS  C:\Users\user\AppData\Local\Temp\ccSdXByh.s 			page 32


1629:FreeRTOS/src/stream_buffer.c ****                                           uint8_t * const pucBuffer,
1630:FreeRTOS/src/stream_buffer.c ****                                           size_t xBufferSizeBytes,
1631:FreeRTOS/src/stream_buffer.c ****                                           size_t xTriggerLevelBytes,
1632:FreeRTOS/src/stream_buffer.c ****                                           uint8_t ucFlags,
1633:FreeRTOS/src/stream_buffer.c ****                                           StreamBufferCallbackFunction_t pxSendCompletedCallback,
1634:FreeRTOS/src/stream_buffer.c ****                                           StreamBufferCallbackFunction_t pxReceiveCompletedCallback
1635:FreeRTOS/src/stream_buffer.c **** {
 139              		.loc 1 1635 1 is_stmt 1 view -0
 140              		.cfi_startproc
 141              		@ args = 12, pretend = 0, frame = 0
 142              		@ frame_needed = 0, uses_anonymous_args = 0
 143              		.loc 1 1635 1 is_stmt 0 view .LVU38
 144 0000 F8B5     		push	{r3, r4, r5, r6, r7, lr}
 145              	.LCFI0:
 146              		.cfi_def_cfa_offset 24
 147              		.cfi_offset 3, -24
 148              		.cfi_offset 4, -20
 149              		.cfi_offset 5, -16
 150              		.cfi_offset 6, -12
 151              		.cfi_offset 7, -8
 152              		.cfi_offset 14, -4
 153 0002 0446     		mov	r4, r0
 154 0004 0F46     		mov	r7, r1
 155 0006 1646     		mov	r6, r2
 156 0008 1D46     		mov	r5, r3
1636:FreeRTOS/src/stream_buffer.c ****     /* Assert here is deliberately writing to the entire buffer to ensure it can
1637:FreeRTOS/src/stream_buffer.c ****      * be written to without generating exceptions, and is setting the buffer to a
1638:FreeRTOS/src/stream_buffer.c ****      * known value to assist in development/debugging. */
1639:FreeRTOS/src/stream_buffer.c ****     #if ( configASSERT_DEFINED == 1 )
1640:FreeRTOS/src/stream_buffer.c ****     {
1641:FreeRTOS/src/stream_buffer.c ****         /* The value written just has to be identifiable when looking at the
1642:FreeRTOS/src/stream_buffer.c ****          * memory.  Don't use 0xA5 as that is the stack fill value and could
1643:FreeRTOS/src/stream_buffer.c ****          * result in confusion as to what is actually being observed. */
1644:FreeRTOS/src/stream_buffer.c ****         #define STREAM_BUFFER_BUFFER_WRITE_VALUE    ( 0x55 )
1645:FreeRTOS/src/stream_buffer.c ****         configASSERT( memset( pucBuffer, ( int ) STREAM_BUFFER_BUFFER_WRITE_VALUE, xBufferSizeBytes
1646:FreeRTOS/src/stream_buffer.c ****     }
1647:FreeRTOS/src/stream_buffer.c ****     #endif
1648:FreeRTOS/src/stream_buffer.c **** 
1649:FreeRTOS/src/stream_buffer.c ****     ( void ) memset( ( void * ) pxStreamBuffer, 0x00, sizeof( StreamBuffer_t ) );
 157              		.loc 1 1649 5 is_stmt 1 view .LVU39
 158              		.loc 1 1649 14 is_stmt 0 view .LVU40
 159 000a 2422     		movs	r2, #36
 160              	.LVL14:
 161              		.loc 1 1649 14 view .LVU41
 162 000c 0021     		movs	r1, #0
 163              	.LVL15:
 164              		.loc 1 1649 14 view .LVU42
 165 000e FFF7FEFF 		bl	memset
 166              	.LVL16:
1650:FreeRTOS/src/stream_buffer.c ****     pxStreamBuffer->pucBuffer = pucBuffer;
 167              		.loc 1 1650 5 is_stmt 1 view .LVU43
 168              		.loc 1 1650 31 is_stmt 0 view .LVU44
 169 0012 A761     		str	r7, [r4, #24]
1651:FreeRTOS/src/stream_buffer.c ****     pxStreamBuffer->xLength = xBufferSizeBytes;
 170              		.loc 1 1651 5 is_stmt 1 view .LVU45
 171              		.loc 1 1651 29 is_stmt 0 view .LVU46
 172 0014 A660     		str	r6, [r4, #8]
ARM GAS  C:\Users\user\AppData\Local\Temp\ccSdXByh.s 			page 33


1652:FreeRTOS/src/stream_buffer.c ****     pxStreamBuffer->xTriggerLevelBytes = xTriggerLevelBytes;
 173              		.loc 1 1652 5 is_stmt 1 view .LVU47
 174              		.loc 1 1652 40 is_stmt 0 view .LVU48
 175 0016 E560     		str	r5, [r4, #12]
1653:FreeRTOS/src/stream_buffer.c ****     pxStreamBuffer->ucFlags = ucFlags;
 176              		.loc 1 1653 5 is_stmt 1 view .LVU49
 177              		.loc 1 1653 29 is_stmt 0 view .LVU50
 178 0018 9DF81830 		ldrb	r3, [sp, #24]	@ zero_extendqisi2
 179 001c 2377     		strb	r3, [r4, #28]
1654:FreeRTOS/src/stream_buffer.c ****     pxStreamBuffer->uxNotificationIndex = tskDEFAULT_INDEX_TO_NOTIFY;
 180              		.loc 1 1654 5 is_stmt 1 view .LVU51
1655:FreeRTOS/src/stream_buffer.c ****     #if ( configUSE_SB_COMPLETED_CALLBACK == 1 )
1656:FreeRTOS/src/stream_buffer.c ****     {
1657:FreeRTOS/src/stream_buffer.c ****         pxStreamBuffer->pxSendCompletedCallback = pxSendCompletedCallback;
1658:FreeRTOS/src/stream_buffer.c ****         pxStreamBuffer->pxReceiveCompletedCallback = pxReceiveCompletedCallback;
1659:FreeRTOS/src/stream_buffer.c ****     }
1660:FreeRTOS/src/stream_buffer.c ****     #else
1661:FreeRTOS/src/stream_buffer.c ****     {
1662:FreeRTOS/src/stream_buffer.c ****         /* MISRA Ref 11.1.1 [Object type casting] */
1663:FreeRTOS/src/stream_buffer.c ****         /* More details at: https://github.com/FreeRTOS/FreeRTOS-Kernel/blob/main/MISRA.md#rule-111
1664:FreeRTOS/src/stream_buffer.c ****         /* coverity[misra_c_2012_rule_11_1_violation] */
1665:FreeRTOS/src/stream_buffer.c ****         ( void ) pxSendCompletedCallback;
 181              		.loc 1 1665 9 view .LVU52
1666:FreeRTOS/src/stream_buffer.c **** 
1667:FreeRTOS/src/stream_buffer.c ****         /* MISRA Ref 11.1.1 [Object type casting] */
1668:FreeRTOS/src/stream_buffer.c ****         /* More details at: https://github.com/FreeRTOS/FreeRTOS-Kernel/blob/main/MISRA.md#rule-111
1669:FreeRTOS/src/stream_buffer.c ****         /* coverity[misra_c_2012_rule_11_1_violation] */
1670:FreeRTOS/src/stream_buffer.c ****         ( void ) pxReceiveCompletedCallback;
 182              		.loc 1 1670 9 view .LVU53
1671:FreeRTOS/src/stream_buffer.c ****     }
1672:FreeRTOS/src/stream_buffer.c ****     #endif /* if ( configUSE_SB_COMPLETED_CALLBACK == 1 ) */
1673:FreeRTOS/src/stream_buffer.c **** }
 183              		.loc 1 1673 1 is_stmt 0 view .LVU54
 184 001e F8BD     		pop	{r3, r4, r5, r6, r7, pc}
 185              		.loc 1 1673 1 view .LVU55
 186              		.cfi_endproc
 187              	.LFE160:
 189              		.section	.text.prvWriteBytesToBuffer,"ax",%progbits
 190              		.align	1
 191              		.syntax unified
 192              		.thumb
 193              		.thumb_func
 195              	prvWriteBytesToBuffer:
 196              	.LVL17:
 197              	.LFB156:
1492:FreeRTOS/src/stream_buffer.c ****     size_t xFirstLength;
 198              		.loc 1 1492 1 is_stmt 1 view -0
 199              		.cfi_startproc
 200              		@ args = 0, pretend = 0, frame = 0
 201              		@ frame_needed = 0, uses_anonymous_args = 0
1492:FreeRTOS/src/stream_buffer.c ****     size_t xFirstLength;
 202              		.loc 1 1492 1 is_stmt 0 view .LVU57
 203 0000 2DE9F843 		push	{r3, r4, r5, r6, r7, r8, r9, lr}
 204              	.LCFI1:
 205              		.cfi_def_cfa_offset 32
 206              		.cfi_offset 3, -32
 207              		.cfi_offset 4, -28
ARM GAS  C:\Users\user\AppData\Local\Temp\ccSdXByh.s 			page 34


 208              		.cfi_offset 5, -24
 209              		.cfi_offset 6, -20
 210              		.cfi_offset 7, -16
 211              		.cfi_offset 8, -12
 212              		.cfi_offset 9, -8
 213              		.cfi_offset 14, -4
 214 0004 0546     		mov	r5, r0
 215 0006 8946     		mov	r9, r1
 216 0008 1646     		mov	r6, r2
 217 000a 1C46     		mov	r4, r3
1493:FreeRTOS/src/stream_buffer.c **** 
 218              		.loc 1 1493 5 is_stmt 1 view .LVU58
1495:FreeRTOS/src/stream_buffer.c **** 
 219              		.loc 1 1495 42 view .LVU59
1500:FreeRTOS/src/stream_buffer.c **** 
 220              		.loc 1 1500 5 view .LVU60
1500:FreeRTOS/src/stream_buffer.c **** 
 221              		.loc 1 1500 20 is_stmt 0 view .LVU61
 222 000c 8768     		ldr	r7, [r0, #8]
 223 000e FF1A     		subs	r7, r7, r3
1500:FreeRTOS/src/stream_buffer.c **** 
 224              		.loc 1 1500 18 view .LVU62
 225 0010 B846     		mov	r8, r7
 226 0012 9742     		cmp	r7, r2
 227 0014 28BF     		it	cs
 228 0016 9046     		movcs	r8, r2
 229              	.LVL18:
1503:FreeRTOS/src/stream_buffer.c ****     ( void ) memcpy( ( void * ) ( &( pxStreamBuffer->pucBuffer[ xHead ] ) ), ( const void * ) pucDa
 230              		.loc 1 1503 72 is_stmt 1 view .LVU63
1504:FreeRTOS/src/stream_buffer.c **** 
 231              		.loc 1 1504 5 view .LVU64
1504:FreeRTOS/src/stream_buffer.c **** 
 232              		.loc 1 1504 52 is_stmt 0 view .LVU65
 233 0018 8069     		ldr	r0, [r0, #24]
 234              	.LVL19:
1504:FreeRTOS/src/stream_buffer.c **** 
 235              		.loc 1 1504 14 view .LVU66
 236 001a 4246     		mov	r2, r8
 237              	.LVL20:
1504:FreeRTOS/src/stream_buffer.c **** 
 238              		.loc 1 1504 14 view .LVU67
 239 001c 1844     		add	r0, r0, r3
 240 001e FFF7FEFF 		bl	memcpy
 241              	.LVL21:
1508:FreeRTOS/src/stream_buffer.c ****     {
 242              		.loc 1 1508 5 is_stmt 1 view .LVU68
1508:FreeRTOS/src/stream_buffer.c ****     {
 243              		.loc 1 1508 7 is_stmt 0 view .LVU69
 244 0022 B742     		cmp	r7, r6
 245 0024 06D3     		bcc	.L14
 246              	.L11:
1516:FreeRTOS/src/stream_buffer.c ****     }
 247              		.loc 1 1516 33 is_stmt 1 view .LVU70
1519:FreeRTOS/src/stream_buffer.c **** 
 248              		.loc 1 1519 5 view .LVU71
1519:FreeRTOS/src/stream_buffer.c **** 
 249              		.loc 1 1519 11 is_stmt 0 view .LVU72
ARM GAS  C:\Users\user\AppData\Local\Temp\ccSdXByh.s 			page 35


 250 0026 A019     		adds	r0, r4, r6
 251              	.LVL22:
1521:FreeRTOS/src/stream_buffer.c ****     {
 252              		.loc 1 1521 5 is_stmt 1 view .LVU73
1521:FreeRTOS/src/stream_buffer.c ****     {
 253              		.loc 1 1521 32 is_stmt 0 view .LVU74
 254 0028 AB68     		ldr	r3, [r5, #8]
1521:FreeRTOS/src/stream_buffer.c ****     {
 255              		.loc 1 1521 7 view .LVU75
 256 002a 8342     		cmp	r3, r0
 257 002c 00D8     		bhi	.L10
1523:FreeRTOS/src/stream_buffer.c ****     }
 258              		.loc 1 1523 9 is_stmt 1 view .LVU76
1523:FreeRTOS/src/stream_buffer.c ****     }
 259              		.loc 1 1523 15 is_stmt 0 view .LVU77
 260 002e C01A     		subs	r0, r0, r3
 261              	.LVL23:
1527:FreeRTOS/src/stream_buffer.c ****     }
 262              		.loc 1 1527 33 is_stmt 1 view .LVU78
1530:FreeRTOS/src/stream_buffer.c **** }
 263              		.loc 1 1530 5 view .LVU79
 264              	.L10:
1531:FreeRTOS/src/stream_buffer.c **** /*-----------------------------------------------------------*/
 265              		.loc 1 1531 1 is_stmt 0 view .LVU80
 266 0030 BDE8F883 		pop	{r3, r4, r5, r6, r7, r8, r9, pc}
 267              	.LVL24:
 268              	.L14:
1511:FreeRTOS/src/stream_buffer.c ****         ( void ) memcpy( ( void * ) pxStreamBuffer->pucBuffer, ( const void * ) &( pucData[ xFirstL
 269              		.loc 1 1511 77 is_stmt 1 view .LVU81
1512:FreeRTOS/src/stream_buffer.c ****     }
 270              		.loc 1 1512 9 view .LVU82
1512:FreeRTOS/src/stream_buffer.c ****     }
 271              		.loc 1 1512 18 is_stmt 0 view .LVU83
 272 0034 A6EB0802 		sub	r2, r6, r8
 273 0038 4946     		mov	r1, r9
 274 003a 4144     		add	r1, r1, r8
 275 003c A869     		ldr	r0, [r5, #24]
 276 003e FFF7FEFF 		bl	memcpy
 277              	.LVL25:
 278 0042 F0E7     		b	.L11
 279              		.cfi_endproc
 280              	.LFE156:
 282              		.section	.text.prvWriteMessageToBuffer,"ax",%progbits
 283              		.align	1
 284              		.syntax unified
 285              		.thumb
 286              		.thumb_func
 288              	prvWriteMessageToBuffer:
 289              	.LVL26:
 290              	.LFB147:
1017:FreeRTOS/src/stream_buffer.c ****     size_t xNextHead = pxStreamBuffer->xHead;
 291              		.loc 1 1017 1 is_stmt 1 view -0
 292              		.cfi_startproc
 293              		@ args = 4, pretend = 0, frame = 8
 294              		@ frame_needed = 0, uses_anonymous_args = 0
1017:FreeRTOS/src/stream_buffer.c ****     size_t xNextHead = pxStreamBuffer->xHead;
 295              		.loc 1 1017 1 is_stmt 0 view .LVU85
ARM GAS  C:\Users\user\AppData\Local\Temp\ccSdXByh.s 			page 36


 296 0000 F0B5     		push	{r4, r5, r6, r7, lr}
 297              	.LCFI2:
 298              		.cfi_def_cfa_offset 20
 299              		.cfi_offset 4, -20
 300              		.cfi_offset 5, -16
 301              		.cfi_offset 6, -12
 302              		.cfi_offset 7, -8
 303              		.cfi_offset 14, -4
 304 0002 83B0     		sub	sp, sp, #12
 305              	.LCFI3:
 306              		.cfi_def_cfa_offset 32
 307 0004 0546     		mov	r5, r0
 308 0006 0F46     		mov	r7, r1
 309 0008 1146     		mov	r1, r2
 310              	.LVL27:
1017:FreeRTOS/src/stream_buffer.c ****     size_t xNextHead = pxStreamBuffer->xHead;
 311              		.loc 1 1017 1 view .LVU86
 312 000a 1646     		mov	r6, r2
 313 000c 1C46     		mov	r4, r3
1018:FreeRTOS/src/stream_buffer.c ****     configMESSAGE_BUFFER_LENGTH_TYPE xMessageLength;
 314              		.loc 1 1018 5 is_stmt 1 view .LVU87
1018:FreeRTOS/src/stream_buffer.c ****     configMESSAGE_BUFFER_LENGTH_TYPE xMessageLength;
 315              		.loc 1 1018 12 is_stmt 0 view .LVU88
 316 000e 4368     		ldr	r3, [r0, #4]
 317              	.LVL28:
1019:FreeRTOS/src/stream_buffer.c **** 
 318              		.loc 1 1019 5 is_stmt 1 view .LVU89
1021:FreeRTOS/src/stream_buffer.c ****     {
 319              		.loc 1 1021 5 view .LVU90
1021:FreeRTOS/src/stream_buffer.c ****     {
 320              		.loc 1 1021 25 is_stmt 0 view .LVU91
 321 0010 027F     		ldrb	r2, [r0, #28]	@ zero_extendqisi2
 322              	.LVL29:
1021:FreeRTOS/src/stream_buffer.c ****     {
 323              		.loc 1 1021 7 view .LVU92
 324 0012 12F0010F 		tst	r2, #1
 325 0016 0DD0     		beq	.L16
1026:FreeRTOS/src/stream_buffer.c **** 
 326              		.loc 1 1026 9 is_stmt 1 view .LVU93
1026:FreeRTOS/src/stream_buffer.c **** 
 327              		.loc 1 1026 24 is_stmt 0 view .LVU94
 328 0018 0191     		str	r1, [sp, #4]
1029:FreeRTOS/src/stream_buffer.c **** 
 329              		.loc 1 1029 70 is_stmt 1 view .LVU95
1031:FreeRTOS/src/stream_buffer.c ****         {
 330              		.loc 1 1031 9 view .LVU96
1031:FreeRTOS/src/stream_buffer.c ****         {
 331              		.loc 1 1031 11 is_stmt 0 view .LVU97
 332 001a 089A     		ldr	r2, [sp, #32]
 333 001c 9442     		cmp	r4, r2
 334 001e 01D2     		bcs	.L21
1041:FreeRTOS/src/stream_buffer.c ****         }
 335              		.loc 1 1041 30 view .LVU98
 336 0020 0024     		movs	r4, #0
 337              	.LVL30:
1061:FreeRTOS/src/stream_buffer.c **** }
 338              		.loc 1 1061 5 is_stmt 1 view .LVU99
ARM GAS  C:\Users\user\AppData\Local\Temp\ccSdXByh.s 			page 37


1061:FreeRTOS/src/stream_buffer.c **** }
 339              		.loc 1 1061 12 is_stmt 0 view .LVU100
 340 0022 0BE0     		b	.L15
 341              	.LVL31:
 342              	.L21:
1036:FreeRTOS/src/stream_buffer.c ****         }
 343              		.loc 1 1036 13 is_stmt 1 view .LVU101
1036:FreeRTOS/src/stream_buffer.c ****         }
 344              		.loc 1 1036 25 is_stmt 0 view .LVU102
 345 0024 0422     		movs	r2, #4
 346 0026 0DEB0201 		add	r1, sp, r2
 347              	.LVL32:
1036:FreeRTOS/src/stream_buffer.c ****         }
 348              		.loc 1 1036 25 view .LVU103
 349 002a FFF7FEFF 		bl	prvWriteBytesToBuffer
 350              	.LVL33:
1036:FreeRTOS/src/stream_buffer.c ****         }
 351              		.loc 1 1036 25 view .LVU104
 352 002e 0346     		mov	r3, r0
 353              	.LVL34:
1036:FreeRTOS/src/stream_buffer.c ****         }
 354              		.loc 1 1036 25 view .LVU105
 355 0030 3446     		mov	r4, r6
 356              	.LVL35:
1036:FreeRTOS/src/stream_buffer.c ****         }
 357              		.loc 1 1036 25 view .LVU106
 358 0032 02E0     		b	.L18
 359              	.LVL36:
 360              	.L16:
1049:FreeRTOS/src/stream_buffer.c ****     }
 361              		.loc 1 1049 9 is_stmt 1 view .LVU107
1049:FreeRTOS/src/stream_buffer.c ****     }
 362              		.loc 1 1049 26 is_stmt 0 view .LVU108
 363 0034 8C42     		cmp	r4, r1
 364 0036 28BF     		it	cs
 365 0038 0C46     		movcs	r4, r1
 366              	.LVL37:
 367              	.L18:
1052:FreeRTOS/src/stream_buffer.c ****     {
 368              		.loc 1 1052 5 is_stmt 1 view .LVU109
1052:FreeRTOS/src/stream_buffer.c ****     {
 369              		.loc 1 1052 7 is_stmt 0 view .LVU110
 370 003a 14B9     		cbnz	r4, .L22
 371              	.LVL38:
 372              	.L15:
1062:FreeRTOS/src/stream_buffer.c **** /*-----------------------------------------------------------*/
 373              		.loc 1 1062 1 view .LVU111
 374 003c 2046     		mov	r0, r4
 375 003e 03B0     		add	sp, sp, #12
 376              	.LCFI4:
 377              		.cfi_remember_state
 378              		.cfi_def_cfa_offset 20
 379              		@ sp needed
 380 0040 F0BD     		pop	{r4, r5, r6, r7, pc}
 381              	.LVL39:
 382              	.L22:
 383              	.LCFI5:
ARM GAS  C:\Users\user\AppData\Local\Temp\ccSdXByh.s 			page 38


 384              		.cfi_restore_state
1058:FreeRTOS/src/stream_buffer.c ****     }
 385              		.loc 1 1058 9 is_stmt 1 view .LVU112
1058:FreeRTOS/src/stream_buffer.c ****     }
 386              		.loc 1 1058 33 is_stmt 0 view .LVU113
 387 0042 2246     		mov	r2, r4
 388 0044 3946     		mov	r1, r7
 389 0046 2846     		mov	r0, r5
 390 0048 FFF7FEFF 		bl	prvWriteBytesToBuffer
 391              	.LVL40:
1058:FreeRTOS/src/stream_buffer.c ****     }
 392              		.loc 1 1058 31 discriminator 1 view .LVU114
 393 004c 6860     		str	r0, [r5, #4]
 394 004e F5E7     		b	.L15
 395              		.cfi_endproc
 396              	.LFE147:
 398              		.section	.text.prvReadBytesFromBuffer,"ax",%progbits
 399              		.align	1
 400              		.syntax unified
 401              		.thumb
 402              		.thumb_func
 404              	prvReadBytesFromBuffer:
 405              	.LVL41:
 406              	.LFB157:
1538:FreeRTOS/src/stream_buffer.c ****     size_t xFirstLength;
 407              		.loc 1 1538 1 is_stmt 1 view -0
 408              		.cfi_startproc
 409              		@ args = 0, pretend = 0, frame = 0
 410              		@ frame_needed = 0, uses_anonymous_args = 0
1538:FreeRTOS/src/stream_buffer.c ****     size_t xFirstLength;
 411              		.loc 1 1538 1 is_stmt 0 view .LVU116
 412 0000 2DE9F843 		push	{r3, r4, r5, r6, r7, r8, r9, lr}
 413              	.LCFI6:
 414              		.cfi_def_cfa_offset 32
 415              		.cfi_offset 3, -32
 416              		.cfi_offset 4, -28
 417              		.cfi_offset 5, -24
 418              		.cfi_offset 6, -20
 419              		.cfi_offset 7, -16
 420              		.cfi_offset 8, -12
 421              		.cfi_offset 9, -8
 422              		.cfi_offset 14, -4
 423 0004 0546     		mov	r5, r0
 424 0006 0846     		mov	r0, r1
 425              	.LVL42:
1538:FreeRTOS/src/stream_buffer.c ****     size_t xFirstLength;
 426              		.loc 1 1538 1 view .LVU117
 427 0008 8946     		mov	r9, r1
 428 000a 1646     		mov	r6, r2
 429 000c 1C46     		mov	r4, r3
1539:FreeRTOS/src/stream_buffer.c **** 
 430              		.loc 1 1539 5 is_stmt 1 view .LVU118
1541:FreeRTOS/src/stream_buffer.c **** 
 431              		.loc 1 1541 43 view .LVU119
1546:FreeRTOS/src/stream_buffer.c **** 
 432              		.loc 1 1546 5 view .LVU120
1546:FreeRTOS/src/stream_buffer.c **** 
ARM GAS  C:\Users\user\AppData\Local\Temp\ccSdXByh.s 			page 39


 433              		.loc 1 1546 20 is_stmt 0 view .LVU121
 434 000e AF68     		ldr	r7, [r5, #8]
 435 0010 FF1A     		subs	r7, r7, r3
1546:FreeRTOS/src/stream_buffer.c **** 
 436              		.loc 1 1546 18 view .LVU122
 437 0012 B846     		mov	r8, r7
 438 0014 9742     		cmp	r7, r2
 439 0016 28BF     		it	cs
 440 0018 9046     		movcs	r8, r2
 441              	.LVL43:
1550:FreeRTOS/src/stream_buffer.c ****     configASSERT( ( xTail + xFirstLength ) <= pxStreamBuffer->xLength );
 442              		.loc 1 1550 43 is_stmt 1 view .LVU123
1551:FreeRTOS/src/stream_buffer.c ****     ( void ) memcpy( ( void * ) pucData, ( const void * ) &( pxStreamBuffer->pucBuffer[ xTail ] ), 
 443              		.loc 1 1551 72 view .LVU124
1552:FreeRTOS/src/stream_buffer.c **** 
 444              		.loc 1 1552 5 view .LVU125
1552:FreeRTOS/src/stream_buffer.c **** 
 445              		.loc 1 1552 76 is_stmt 0 view .LVU126
 446 001a A969     		ldr	r1, [r5, #24]
 447              	.LVL44:
1552:FreeRTOS/src/stream_buffer.c **** 
 448              		.loc 1 1552 14 view .LVU127
 449 001c 4246     		mov	r2, r8
 450              	.LVL45:
1552:FreeRTOS/src/stream_buffer.c **** 
 451              		.loc 1 1552 14 view .LVU128
 452 001e 1944     		add	r1, r1, r3
 453 0020 FFF7FEFF 		bl	memcpy
 454              	.LVL46:
1556:FreeRTOS/src/stream_buffer.c ****     {
 455              		.loc 1 1556 5 is_stmt 1 view .LVU129
1556:FreeRTOS/src/stream_buffer.c ****     {
 456              		.loc 1 1556 7 is_stmt 0 view .LVU130
 457 0024 B742     		cmp	r7, r6
 458 0026 06D3     		bcc	.L27
 459              	.L24:
1563:FreeRTOS/src/stream_buffer.c ****     }
 460              		.loc 1 1563 33 is_stmt 1 view .LVU131
1567:FreeRTOS/src/stream_buffer.c **** 
 461              		.loc 1 1567 5 view .LVU132
1567:FreeRTOS/src/stream_buffer.c **** 
 462              		.loc 1 1567 11 is_stmt 0 view .LVU133
 463 0028 A019     		adds	r0, r4, r6
 464              	.LVL47:
1569:FreeRTOS/src/stream_buffer.c ****     {
 465              		.loc 1 1569 5 is_stmt 1 view .LVU134
1569:FreeRTOS/src/stream_buffer.c ****     {
 466              		.loc 1 1569 32 is_stmt 0 view .LVU135
 467 002a AB68     		ldr	r3, [r5, #8]
1569:FreeRTOS/src/stream_buffer.c ****     {
 468              		.loc 1 1569 7 view .LVU136
 469 002c 8342     		cmp	r3, r0
 470 002e 00D8     		bhi	.L23
1571:FreeRTOS/src/stream_buffer.c ****     }
 471              		.loc 1 1571 9 is_stmt 1 view .LVU137
1571:FreeRTOS/src/stream_buffer.c ****     }
 472              		.loc 1 1571 15 is_stmt 0 view .LVU138
ARM GAS  C:\Users\user\AppData\Local\Temp\ccSdXByh.s 			page 40


 473 0030 C01A     		subs	r0, r0, r3
 474              	.LVL48:
1574:FreeRTOS/src/stream_buffer.c **** }
 475              		.loc 1 1574 5 is_stmt 1 view .LVU139
 476              	.L23:
1575:FreeRTOS/src/stream_buffer.c **** /*-----------------------------------------------------------*/
 477              		.loc 1 1575 1 is_stmt 0 view .LVU140
 478 0032 BDE8F883 		pop	{r3, r4, r5, r6, r7, r8, r9, pc}
 479              	.LVL49:
 480              	.L27:
1559:FreeRTOS/src/stream_buffer.c ****     }
 481              		.loc 1 1559 9 is_stmt 1 view .LVU141
1559:FreeRTOS/src/stream_buffer.c ****     }
 482              		.loc 1 1559 18 is_stmt 0 view .LVU142
 483 0036 A6EB0802 		sub	r2, r6, r8
 484 003a A969     		ldr	r1, [r5, #24]
 485 003c 4846     		mov	r0, r9
 486 003e 4044     		add	r0, r0, r8
 487 0040 FFF7FEFF 		bl	memcpy
 488              	.LVL50:
 489 0044 F0E7     		b	.L24
 490              		.cfi_endproc
 491              	.LFE157:
 493              		.section	.text.prvReadMessageFromBuffer,"ax",%progbits
 494              		.align	1
 495              		.syntax unified
 496              		.thumb
 497              		.thumb_func
 499              	prvReadMessageFromBuffer:
 500              	.LVL51:
 501              	.LFB151:
1292:FreeRTOS/src/stream_buffer.c ****     size_t xCount, xNextMessageLength;
 502              		.loc 1 1292 1 is_stmt 1 view -0
 503              		.cfi_startproc
 504              		@ args = 0, pretend = 0, frame = 8
 505              		@ frame_needed = 0, uses_anonymous_args = 0
1292:FreeRTOS/src/stream_buffer.c ****     size_t xCount, xNextMessageLength;
 506              		.loc 1 1292 1 is_stmt 0 view .LVU144
 507 0000 F0B5     		push	{r4, r5, r6, r7, lr}
 508              	.LCFI7:
 509              		.cfi_def_cfa_offset 20
 510              		.cfi_offset 4, -20
 511              		.cfi_offset 5, -16
 512              		.cfi_offset 6, -12
 513              		.cfi_offset 7, -8
 514              		.cfi_offset 14, -4
 515 0002 83B0     		sub	sp, sp, #12
 516              	.LCFI8:
 517              		.cfi_def_cfa_offset 32
 518 0004 0546     		mov	r5, r0
 519 0006 0F46     		mov	r7, r1
 520 0008 1646     		mov	r6, r2
 521 000a 1C46     		mov	r4, r3
1293:FreeRTOS/src/stream_buffer.c ****     configMESSAGE_BUFFER_LENGTH_TYPE xTempNextMessageLength;
 522              		.loc 1 1293 5 is_stmt 1 view .LVU145
1294:FreeRTOS/src/stream_buffer.c ****     size_t xNextTail = pxStreamBuffer->xTail;
 523              		.loc 1 1294 5 view .LVU146
ARM GAS  C:\Users\user\AppData\Local\Temp\ccSdXByh.s 			page 41


1295:FreeRTOS/src/stream_buffer.c **** 
 524              		.loc 1 1295 5 view .LVU147
1295:FreeRTOS/src/stream_buffer.c **** 
 525              		.loc 1 1295 12 is_stmt 0 view .LVU148
 526 000c 0368     		ldr	r3, [r0]
 527              	.LVL52:
1297:FreeRTOS/src/stream_buffer.c ****     {
 528              		.loc 1 1297 5 is_stmt 1 view .LVU149
1297:FreeRTOS/src/stream_buffer.c ****     {
 529              		.loc 1 1297 25 is_stmt 0 view .LVU150
 530 000e 027F     		ldrb	r2, [r0, #28]	@ zero_extendqisi2
 531              	.LVL53:
1297:FreeRTOS/src/stream_buffer.c ****     {
 532              		.loc 1 1297 7 view .LVU151
 533 0010 12F0010F 		tst	r2, #1
 534 0014 06D1     		bne	.L33
 535              	.LVL54:
 536              	.L29:
1328:FreeRTOS/src/stream_buffer.c **** 
 537              		.loc 1 1328 5 is_stmt 1 view .LVU152
1328:FreeRTOS/src/stream_buffer.c **** 
 538              		.loc 1 1328 12 is_stmt 0 view .LVU153
 539 0016 B442     		cmp	r4, r6
 540 0018 28BF     		it	cs
 541 001a 3446     		movcs	r4, r6
 542              	.LVL55:
1330:FreeRTOS/src/stream_buffer.c ****     {
 543              		.loc 1 1330 5 is_stmt 1 view .LVU154
1330:FreeRTOS/src/stream_buffer.c ****     {
 544              		.loc 1 1330 7 is_stmt 0 view .LVU155
 545 001c 74B9     		cbnz	r4, .L34
 546              	.LVL56:
 547              	.L28:
1340:FreeRTOS/src/stream_buffer.c **** /*-----------------------------------------------------------*/
 548              		.loc 1 1340 1 view .LVU156
 549 001e 2046     		mov	r0, r4
 550 0020 03B0     		add	sp, sp, #12
 551              	.LCFI9:
 552              		.cfi_remember_state
 553              		.cfi_def_cfa_offset 20
 554              		@ sp needed
 555 0022 F0BD     		pop	{r4, r5, r6, r7, pc}
 556              	.LVL57:
 557              	.L33:
 558              	.LCFI10:
 559              		.cfi_restore_state
1301:FreeRTOS/src/stream_buffer.c ****         xNextMessageLength = ( size_t ) xTempNextMessageLength;
 560              		.loc 1 1301 9 is_stmt 1 view .LVU157
1301:FreeRTOS/src/stream_buffer.c ****         xNextMessageLength = ( size_t ) xTempNextMessageLength;
 561              		.loc 1 1301 21 is_stmt 0 view .LVU158
 562 0024 0422     		movs	r2, #4
 563 0026 0DEB0201 		add	r1, sp, r2
 564              	.LVL58:
1301:FreeRTOS/src/stream_buffer.c ****         xNextMessageLength = ( size_t ) xTempNextMessageLength;
 565              		.loc 1 1301 21 view .LVU159
 566 002a FFF7FEFF 		bl	prvReadBytesFromBuffer
 567              	.LVL59:
ARM GAS  C:\Users\user\AppData\Local\Temp\ccSdXByh.s 			page 42


1301:FreeRTOS/src/stream_buffer.c ****         xNextMessageLength = ( size_t ) xTempNextMessageLength;
 568              		.loc 1 1301 21 view .LVU160
 569 002e 0346     		mov	r3, r0
 570              	.LVL60:
1302:FreeRTOS/src/stream_buffer.c **** 
 571              		.loc 1 1302 9 is_stmt 1 view .LVU161
1302:FreeRTOS/src/stream_buffer.c **** 
 572              		.loc 1 1302 28 is_stmt 0 view .LVU162
 573 0030 019A     		ldr	r2, [sp, #4]
 574              	.LVL61:
1306:FreeRTOS/src/stream_buffer.c **** 
 575              		.loc 1 1306 9 is_stmt 1 view .LVU163
1306:FreeRTOS/src/stream_buffer.c **** 
 576              		.loc 1 1306 25 is_stmt 0 view .LVU164
 577 0032 043C     		subs	r4, r4, #4
 578              	.LVL62:
1310:FreeRTOS/src/stream_buffer.c ****         {
 579              		.loc 1 1310 9 is_stmt 1 view .LVU165
1310:FreeRTOS/src/stream_buffer.c ****         {
 580              		.loc 1 1310 11 is_stmt 0 view .LVU166
 581 0034 9642     		cmp	r6, r2
 582 0036 08D3     		bcc	.L31
1302:FreeRTOS/src/stream_buffer.c **** 
 583              		.loc 1 1302 28 view .LVU167
 584 0038 1646     		mov	r6, r2
 585              	.LVL63:
1302:FreeRTOS/src/stream_buffer.c **** 
 586              		.loc 1 1302 28 view .LVU168
 587 003a ECE7     		b	.L29
 588              	.LVL64:
 589              	.L34:
1336:FreeRTOS/src/stream_buffer.c ****     }
 590              		.loc 1 1336 9 is_stmt 1 view .LVU169
1336:FreeRTOS/src/stream_buffer.c ****     }
 591              		.loc 1 1336 33 is_stmt 0 view .LVU170
 592 003c 2246     		mov	r2, r4
 593 003e 3946     		mov	r1, r7
 594 0040 2846     		mov	r0, r5
 595 0042 FFF7FEFF 		bl	prvReadBytesFromBuffer
 596              	.LVL65:
1336:FreeRTOS/src/stream_buffer.c ****     }
 597              		.loc 1 1336 31 discriminator 1 view .LVU171
 598 0046 2860     		str	r0, [r5]
 599 0048 E9E7     		b	.L28
 600              	.LVL66:
 601              	.L31:
1328:FreeRTOS/src/stream_buffer.c **** 
 602              		.loc 1 1328 12 view .LVU172
 603 004a 0024     		movs	r4, #0
 604              	.LVL67:
1339:FreeRTOS/src/stream_buffer.c **** }
 605              		.loc 1 1339 5 is_stmt 1 view .LVU173
1339:FreeRTOS/src/stream_buffer.c **** }
 606              		.loc 1 1339 12 is_stmt 0 view .LVU174
 607 004c E7E7     		b	.L28
 608              		.cfi_endproc
 609              	.LFE151:
ARM GAS  C:\Users\user\AppData\Local\Temp\ccSdXByh.s 			page 43


 611              		.section	.text.xStreamBufferGenericCreate,"ax",%progbits
 612              		.align	1
 613              		.global	xStreamBufferGenericCreate
 614              		.syntax unified
 615              		.thumb
 616              		.thumb_func
 618              	xStreamBufferGenericCreate:
 619              	.LVL68:
 620              	.LFB138:
 345:FreeRTOS/src/stream_buffer.c ****         void * pvAllocatedMemory;
 621              		.loc 1 345 5 is_stmt 1 view -0
 622              		.cfi_startproc
 623              		@ args = 4, pretend = 0, frame = 0
 624              		@ frame_needed = 0, uses_anonymous_args = 0
 345:FreeRTOS/src/stream_buffer.c ****         void * pvAllocatedMemory;
 625              		.loc 1 345 5 is_stmt 0 view .LVU176
 626 0000 2DE9F041 		push	{r4, r5, r6, r7, r8, lr}
 627              	.LCFI11:
 628              		.cfi_def_cfa_offset 24
 629              		.cfi_offset 4, -24
 630              		.cfi_offset 5, -20
 631              		.cfi_offset 6, -16
 632              		.cfi_offset 7, -12
 633              		.cfi_offset 8, -8
 634              		.cfi_offset 14, -4
 635 0004 84B0     		sub	sp, sp, #16
 636              	.LCFI12:
 637              		.cfi_def_cfa_offset 40
 638 0006 0D46     		mov	r5, r1
 639 0008 1F46     		mov	r7, r3
 346:FreeRTOS/src/stream_buffer.c ****         uint8_t ucFlags;
 640              		.loc 1 346 9 is_stmt 1 view .LVU177
 347:FreeRTOS/src/stream_buffer.c **** 
 641              		.loc 1 347 9 view .LVU178
 349:FreeRTOS/src/stream_buffer.c **** 
 642              		.loc 1 349 158 view .LVU179
 355:FreeRTOS/src/stream_buffer.c ****         {
 643              		.loc 1 355 9 view .LVU180
 355:FreeRTOS/src/stream_buffer.c ****         {
 644              		.loc 1 355 11 is_stmt 0 view .LVU181
 645 000a 012A     		cmp	r2, #1
 646 000c 1ED0     		beq	.L39
 361:FreeRTOS/src/stream_buffer.c ****         {
 647              		.loc 1 361 14 is_stmt 1 view .LVU182
 361:FreeRTOS/src/stream_buffer.c ****         {
 648              		.loc 1 361 16 is_stmt 0 view .LVU183
 649 000e 022A     		cmp	r2, #2
 650 0010 19D0     		beq	.L44
 370:FreeRTOS/src/stream_buffer.c ****             configASSERT( xBufferSizeBytes > 0 );
 651              		.loc 1 370 21 view .LVU184
 652 0012 0023     		movs	r3, #0
 653              	.LVL69:
 370:FreeRTOS/src/stream_buffer.c ****             configASSERT( xBufferSizeBytes > 0 );
 654              		.loc 1 370 21 view .LVU185
 655 0014 9846     		mov	r8, r3
 656              	.L36:
 657              	.LVL70:
ARM GAS  C:\Users\user\AppData\Local\Temp\ccSdXByh.s 			page 44


 371:FreeRTOS/src/stream_buffer.c ****         }
 658              		.loc 1 371 49 is_stmt 1 view .LVU186
 374:FreeRTOS/src/stream_buffer.c **** 
 659              		.loc 1 374 63 view .LVU187
 378:FreeRTOS/src/stream_buffer.c ****         {
 660              		.loc 1 378 9 view .LVU188
 378:FreeRTOS/src/stream_buffer.c ****         {
 661              		.loc 1 378 11 is_stmt 0 view .LVU189
 662 0016 0DB9     		cbnz	r5, .L37
 380:FreeRTOS/src/stream_buffer.c ****         }
 663              		.loc 1 380 32 view .LVU190
 664 0018 0123     		movs	r3, #1
 665 001a 1D46     		mov	r5, r3
 666              	.L37:
 667              	.LVL71:
 391:FreeRTOS/src/stream_buffer.c ****         {
 668              		.loc 1 391 9 is_stmt 1 view .LVU191
 391:FreeRTOS/src/stream_buffer.c ****         {
 669              		.loc 1 391 11 is_stmt 0 view .LVU192
 670 001c 10F1260F 		cmn	r0, #38
 671 0020 17D8     		bhi	.L42
 393:FreeRTOS/src/stream_buffer.c ****             pvAllocatedMemory = pvPortMalloc( xBufferSizeBytes + sizeof( StreamBuffer_t ) );
 672              		.loc 1 393 13 is_stmt 1 view .LVU193
 393:FreeRTOS/src/stream_buffer.c ****             pvAllocatedMemory = pvPortMalloc( xBufferSizeBytes + sizeof( StreamBuffer_t ) );
 673              		.loc 1 393 29 is_stmt 0 view .LVU194
 674 0022 441C     		adds	r4, r0, #1
 675              	.LVL72:
 394:FreeRTOS/src/stream_buffer.c ****         }
 676              		.loc 1 394 13 is_stmt 1 view .LVU195
 394:FreeRTOS/src/stream_buffer.c ****         }
 677              		.loc 1 394 33 is_stmt 0 view .LVU196
 678 0024 2530     		adds	r0, r0, #37
 679 0026 FFF7FEFF 		bl	pvPortMalloc
 680              	.LVL73:
 401:FreeRTOS/src/stream_buffer.c ****         {
 681              		.loc 1 401 9 is_stmt 1 view .LVU197
 401:FreeRTOS/src/stream_buffer.c ****         {
 682              		.loc 1 401 11 is_stmt 0 view .LVU198
 683 002a 0146     		mov	r1, r0
 684 002c 0646     		mov	r6, r0
 685 002e 90B1     		cbz	r0, .L35
 406:FreeRTOS/src/stream_buffer.c ****                                                                                                    
 686              		.loc 1 406 13 is_stmt 1 view .LVU199
 687 0030 0A9B     		ldr	r3, [sp, #40]
 688 0032 0293     		str	r3, [sp, #8]
 689 0034 0197     		str	r7, [sp, #4]
 690 0036 CDF80080 		str	r8, [sp]
 691 003a 2B46     		mov	r3, r5
 692 003c 2246     		mov	r2, r4
 693 003e 2431     		adds	r1, r1, #36
 694 0040 FFF7FEFF 		bl	prvInitialiseNewStreamBuffer
 695              	.LVL74:
 417:FreeRTOS/src/stream_buffer.c ****         }
 696              		.loc 1 417 103 view .LVU200
 697 0044 07E0     		b	.L35
 698              	.LVL75:
 699              	.L44:
ARM GAS  C:\Users\user\AppData\Local\Temp\ccSdXByh.s 			page 45


 364:FreeRTOS/src/stream_buffer.c ****             configASSERT( xBufferSizeBytes > 0 );
 700              		.loc 1 364 21 is_stmt 0 view .LVU201
 701 0046 0423     		movs	r3, #4
 702              	.LVL76:
 364:FreeRTOS/src/stream_buffer.c ****             configASSERT( xBufferSizeBytes > 0 );
 703              		.loc 1 364 21 view .LVU202
 704 0048 9846     		mov	r8, r3
 705 004a E4E7     		b	.L36
 706              	.LVL77:
 707              	.L39:
 358:FreeRTOS/src/stream_buffer.c ****             configASSERT( xBufferSizeBytes > sbBYTES_TO_STORE_MESSAGE_LENGTH );
 708              		.loc 1 358 21 view .LVU203
 709 004c 0123     		movs	r3, #1
 710              	.LVL78:
 358:FreeRTOS/src/stream_buffer.c ****             configASSERT( xBufferSizeBytes > sbBYTES_TO_STORE_MESSAGE_LENGTH );
 711              		.loc 1 358 21 view .LVU204
 712 004e 9846     		mov	r8, r3
 713 0050 E1E7     		b	.L36
 714              	.LVL79:
 715              	.L42:
 398:FreeRTOS/src/stream_buffer.c ****         }
 716              		.loc 1 398 31 view .LVU205
 717 0052 0023     		movs	r3, #0
 718 0054 1E46     		mov	r6, r3
 719              	.LVL80:
 421:FreeRTOS/src/stream_buffer.c ****         }
 720              		.loc 1 421 66 is_stmt 1 view .LVU206
 424:FreeRTOS/src/stream_buffer.c **** 
 721              		.loc 1 424 68 view .LVU207
 429:FreeRTOS/src/stream_buffer.c ****     }
 722              		.loc 1 429 9 view .LVU208
 723              	.L35:
 430:FreeRTOS/src/stream_buffer.c ****     #endif /* configSUPPORT_DYNAMIC_ALLOCATION */
 724              		.loc 1 430 5 is_stmt 0 view .LVU209
 725 0056 3046     		mov	r0, r6
 726 0058 04B0     		add	sp, sp, #16
 727              	.LCFI13:
 728              		.cfi_def_cfa_offset 24
 729              		@ sp needed
 730 005a BDE8F081 		pop	{r4, r5, r6, r7, r8, pc}
 430:FreeRTOS/src/stream_buffer.c ****     #endif /* configSUPPORT_DYNAMIC_ALLOCATION */
 731              		.loc 1 430 5 view .LVU210
 732              		.cfi_endproc
 733              	.LFE138:
 735              		.section	.text.vStreamBufferDelete,"ax",%progbits
 736              		.align	1
 737              		.global	vStreamBufferDelete
 738              		.syntax unified
 739              		.thumb
 740              		.thumb_func
 742              	vStreamBufferDelete:
 743              	.LVL81:
 744              	.LFB139:
 567:FreeRTOS/src/stream_buffer.c ****     StreamBuffer_t * pxStreamBuffer = xStreamBuffer;
 745              		.loc 1 567 1 is_stmt 1 view -0
 746              		.cfi_startproc
 747              		@ args = 0, pretend = 0, frame = 0
ARM GAS  C:\Users\user\AppData\Local\Temp\ccSdXByh.s 			page 46


 748              		@ frame_needed = 0, uses_anonymous_args = 0
 567:FreeRTOS/src/stream_buffer.c ****     StreamBuffer_t * pxStreamBuffer = xStreamBuffer;
 749              		.loc 1 567 1 is_stmt 0 view .LVU212
 750 0000 08B5     		push	{r3, lr}
 751              	.LCFI14:
 752              		.cfi_def_cfa_offset 8
 753              		.cfi_offset 3, -8
 754              		.cfi_offset 14, -4
 568:FreeRTOS/src/stream_buffer.c **** 
 755              		.loc 1 568 5 is_stmt 1 view .LVU213
 756              	.LVL82:
 570:FreeRTOS/src/stream_buffer.c **** 
 757              		.loc 1 570 52 view .LVU214
 572:FreeRTOS/src/stream_buffer.c **** 
 758              		.loc 1 572 35 view .LVU215
 574:FreeRTOS/src/stream_buffer.c **** 
 759              		.loc 1 574 47 view .LVU216
 576:FreeRTOS/src/stream_buffer.c ****     {
 760              		.loc 1 576 5 view .LVU217
 576:FreeRTOS/src/stream_buffer.c ****     {
 761              		.loc 1 576 25 is_stmt 0 view .LVU218
 762 0002 037F     		ldrb	r3, [r0, #28]	@ zero_extendqisi2
 576:FreeRTOS/src/stream_buffer.c ****     {
 763              		.loc 1 576 7 view .LVU219
 764 0004 13F0020F 		tst	r3, #2
 765 0008 02D1     		bne	.L46
 582:FreeRTOS/src/stream_buffer.c ****         }
 766              		.loc 1 582 13 is_stmt 1 view .LVU220
 767 000a FFF7FEFF 		bl	vPortFree
 768              	.LVL83:
 769              	.L45:
 600:FreeRTOS/src/stream_buffer.c **** /*-----------------------------------------------------------*/
 770              		.loc 1 600 1 is_stmt 0 view .LVU221
 771 000e 08BD     		pop	{r3, pc}
 772              	.LVL84:
 773              	.L46:
 596:FreeRTOS/src/stream_buffer.c ****     }
 774              		.loc 1 596 9 is_stmt 1 view .LVU222
 596:FreeRTOS/src/stream_buffer.c ****     }
 775              		.loc 1 596 18 is_stmt 0 view .LVU223
 776 0010 2422     		movs	r2, #36
 777 0012 0021     		movs	r1, #0
 778 0014 FFF7FEFF 		bl	memset
 779              	.LVL85:
 599:FreeRTOS/src/stream_buffer.c **** }
 780              		.loc 1 599 38 is_stmt 1 view .LVU224
 600:FreeRTOS/src/stream_buffer.c **** /*-----------------------------------------------------------*/
 781              		.loc 1 600 1 is_stmt 0 view .LVU225
 782 0018 F9E7     		b	.L45
 783              		.cfi_endproc
 784              	.LFE139:
 786              		.section	.text.xStreamBufferReset,"ax",%progbits
 787              		.align	1
 788              		.global	xStreamBufferReset
 789              		.syntax unified
 790              		.thumb
 791              		.thumb_func
ARM GAS  C:\Users\user\AppData\Local\Temp\ccSdXByh.s 			page 47


 793              	xStreamBufferReset:
 794              	.LVL86:
 795              	.LFB140:
 604:FreeRTOS/src/stream_buffer.c ****     StreamBuffer_t * const pxStreamBuffer = xStreamBuffer;
 796              		.loc 1 604 1 is_stmt 1 view -0
 797              		.cfi_startproc
 798              		@ args = 0, pretend = 0, frame = 0
 799              		@ frame_needed = 0, uses_anonymous_args = 0
 604:FreeRTOS/src/stream_buffer.c ****     StreamBuffer_t * const pxStreamBuffer = xStreamBuffer;
 800              		.loc 1 604 1 is_stmt 0 view .LVU227
 801 0000 10B5     		push	{r4, lr}
 802              	.LCFI15:
 803              		.cfi_def_cfa_offset 8
 804              		.cfi_offset 4, -8
 805              		.cfi_offset 14, -4
 806 0002 84B0     		sub	sp, sp, #16
 807              	.LCFI16:
 808              		.cfi_def_cfa_offset 24
 809 0004 0446     		mov	r4, r0
 605:FreeRTOS/src/stream_buffer.c ****     BaseType_t xReturn = pdFAIL;
 810              		.loc 1 605 5 is_stmt 1 view .LVU228
 811              	.LVL87:
 606:FreeRTOS/src/stream_buffer.c ****     StreamBufferCallbackFunction_t pxSendCallback = NULL, pxReceiveCallback = NULL;
 812              		.loc 1 606 5 view .LVU229
 607:FreeRTOS/src/stream_buffer.c **** 
 813              		.loc 1 607 5 view .LVU230
 613:FreeRTOS/src/stream_buffer.c **** 
 814              		.loc 1 613 51 view .LVU231
 615:FreeRTOS/src/stream_buffer.c **** 
 815              		.loc 1 615 35 view .LVU232
 626:FreeRTOS/src/stream_buffer.c ****     {
 816              		.loc 1 626 5 view .LVU233
 817 0006 FFF7FEFF 		bl	vPortEnterCritical
 818              	.LVL88:
 628:FreeRTOS/src/stream_buffer.c ****         {
 819              		.loc 1 628 9 view .LVU234
 628:FreeRTOS/src/stream_buffer.c ****         {
 820              		.loc 1 628 29 is_stmt 0 view .LVU235
 821 000a 2369     		ldr	r3, [r4, #16]
 628:FreeRTOS/src/stream_buffer.c ****         {
 822              		.loc 1 628 11 view .LVU236
 823 000c 33B1     		cbz	r3, .L54
 606:FreeRTOS/src/stream_buffer.c ****     StreamBufferCallbackFunction_t pxSendCallback = NULL, pxReceiveCallback = NULL;
 824              		.loc 1 606 16 view .LVU237
 825 000e 0023     		movs	r3, #0
 826 0010 1C46     		mov	r4, r3
 827              	.LVL89:
 828              	.L50:
 656:FreeRTOS/src/stream_buffer.c **** 
 829              		.loc 1 656 5 is_stmt 1 view .LVU238
 830 0012 FFF7FEFF 		bl	vPortExitCritical
 831              	.LVL90:
 658:FreeRTOS/src/stream_buffer.c **** 
 832              		.loc 1 658 46 view .LVU239
 660:FreeRTOS/src/stream_buffer.c **** }
 833              		.loc 1 660 5 view .LVU240
 661:FreeRTOS/src/stream_buffer.c **** /*-----------------------------------------------------------*/
ARM GAS  C:\Users\user\AppData\Local\Temp\ccSdXByh.s 			page 48


 834              		.loc 1 661 1 is_stmt 0 view .LVU241
 835 0016 2046     		mov	r0, r4
 836 0018 04B0     		add	sp, sp, #16
 837              	.LCFI17:
 838              		.cfi_remember_state
 839              		.cfi_def_cfa_offset 8
 840              		@ sp needed
 841 001a 10BD     		pop	{r4, pc}
 842              	.LVL91:
 843              	.L54:
 844              	.LCFI18:
 845              		.cfi_restore_state
 628:FreeRTOS/src/stream_buffer.c ****         {
 846              		.loc 1 628 82 discriminator 1 view .LVU242
 847 001c 6369     		ldr	r3, [r4, #20]
 628:FreeRTOS/src/stream_buffer.c ****         {
 848              		.loc 1 628 63 discriminator 1 view .LVU243
 849 001e 13B1     		cbz	r3, .L55
 606:FreeRTOS/src/stream_buffer.c ****     StreamBufferCallbackFunction_t pxSendCallback = NULL, pxReceiveCallback = NULL;
 850              		.loc 1 606 16 view .LVU244
 851 0020 0023     		movs	r3, #0
 852 0022 1C46     		mov	r4, r3
 853              	.LVL92:
 606:FreeRTOS/src/stream_buffer.c ****     StreamBufferCallbackFunction_t pxSendCallback = NULL, pxReceiveCallback = NULL;
 854              		.loc 1 606 16 view .LVU245
 855 0024 F5E7     		b	.L50
 856              	.LVL93:
 857              	.L55:
 637:FreeRTOS/src/stream_buffer.c ****                                           pxStreamBuffer->pucBuffer,
 858              		.loc 1 637 13 is_stmt 1 view .LVU246
 859 0026 0293     		str	r3, [sp, #8]
 860 0028 0193     		str	r3, [sp, #4]
 861 002a 2046     		mov	r0, r4
 862 002c 237F     		ldrb	r3, [r4, #28]	@ zero_extendqisi2
 863 002e 0093     		str	r3, [sp]
 864 0030 E368     		ldr	r3, [r4, #12]
 865 0032 A268     		ldr	r2, [r4, #8]
 866 0034 A169     		ldr	r1, [r4, #24]
 867 0036 FFF7FEFF 		bl	prvInitialiseNewStreamBuffer
 868              	.LVL94:
 651:FreeRTOS/src/stream_buffer.c **** 
 869              		.loc 1 651 54 view .LVU247
 653:FreeRTOS/src/stream_buffer.c ****         }
 870              		.loc 1 653 13 view .LVU248
 653:FreeRTOS/src/stream_buffer.c ****         }
 871              		.loc 1 653 21 is_stmt 0 view .LVU249
 872 003a 0123     		movs	r3, #1
 873 003c 1C46     		mov	r4, r3
 874              	.LVL95:
 653:FreeRTOS/src/stream_buffer.c ****         }
 875              		.loc 1 653 21 view .LVU250
 876 003e E8E7     		b	.L50
 877              		.cfi_endproc
 878              	.LFE140:
 880              		.section	.text.xStreamBufferResetFromISR,"ax",%progbits
 881              		.align	1
 882              		.global	xStreamBufferResetFromISR
ARM GAS  C:\Users\user\AppData\Local\Temp\ccSdXByh.s 			page 49


 883              		.syntax unified
 884              		.thumb
 885              		.thumb_func
 887              	xStreamBufferResetFromISR:
 888              	.LVL96:
 889              	.LFB141:
 665:FreeRTOS/src/stream_buffer.c ****     StreamBuffer_t * const pxStreamBuffer = xStreamBuffer;
 890              		.loc 1 665 1 is_stmt 1 view -0
 891              		.cfi_startproc
 892              		@ args = 0, pretend = 0, frame = 0
 893              		@ frame_needed = 0, uses_anonymous_args = 0
 665:FreeRTOS/src/stream_buffer.c ****     StreamBuffer_t * const pxStreamBuffer = xStreamBuffer;
 894              		.loc 1 665 1 is_stmt 0 view .LVU252
 895 0000 10B5     		push	{r4, lr}
 896              	.LCFI19:
 897              		.cfi_def_cfa_offset 8
 898              		.cfi_offset 4, -8
 899              		.cfi_offset 14, -4
 900 0002 84B0     		sub	sp, sp, #16
 901              	.LCFI20:
 902              		.cfi_def_cfa_offset 24
 666:FreeRTOS/src/stream_buffer.c ****     BaseType_t xReturn = pdFAIL;
 903              		.loc 1 666 5 is_stmt 1 view .LVU253
 904              	.LVL97:
 667:FreeRTOS/src/stream_buffer.c ****     StreamBufferCallbackFunction_t pxSendCallback = NULL, pxReceiveCallback = NULL;
 905              		.loc 1 667 5 view .LVU254
 668:FreeRTOS/src/stream_buffer.c ****     UBaseType_t uxSavedInterruptStatus;
 906              		.loc 1 668 5 view .LVU255
 669:FreeRTOS/src/stream_buffer.c **** 
 907              		.loc 1 669 5 view .LVU256
 675:FreeRTOS/src/stream_buffer.c **** 
 908              		.loc 1 675 58 view .LVU257
 677:FreeRTOS/src/stream_buffer.c **** 
 909              		.loc 1 677 35 view .LVU258
 691:FreeRTOS/src/stream_buffer.c ****     {
 910              		.loc 1 691 5 view .LVU259
 911              	.LBB24:
 912              	.LBI24:
 913              		.file 2 "FreeRTOS/portable/GCC/ARM_CM4F/portmacro.h"
   1:FreeRTOS/portable/GCC/ARM_CM4F/portmacro.h **** /*
   2:FreeRTOS/portable/GCC/ARM_CM4F/portmacro.h ****  * FreeRTOS Kernel <DEVELOPMENT BRANCH>
   3:FreeRTOS/portable/GCC/ARM_CM4F/portmacro.h ****  * Copyright (C) 2021 Amazon.com, Inc. or its affiliates. All Rights Reserved.
   4:FreeRTOS/portable/GCC/ARM_CM4F/portmacro.h ****  *
   5:FreeRTOS/portable/GCC/ARM_CM4F/portmacro.h ****  * SPDX-License-Identifier: MIT
   6:FreeRTOS/portable/GCC/ARM_CM4F/portmacro.h ****  *
   7:FreeRTOS/portable/GCC/ARM_CM4F/portmacro.h ****  * Permission is hereby granted, free of charge, to any person obtaining a copy of
   8:FreeRTOS/portable/GCC/ARM_CM4F/portmacro.h ****  * this software and associated documentation files (the "Software"), to deal in
   9:FreeRTOS/portable/GCC/ARM_CM4F/portmacro.h ****  * the Software without restriction, including without limitation the rights to
  10:FreeRTOS/portable/GCC/ARM_CM4F/portmacro.h ****  * use, copy, modify, merge, publish, distribute, sublicense, and/or sell copies of
  11:FreeRTOS/portable/GCC/ARM_CM4F/portmacro.h ****  * the Software, and to permit persons to whom the Software is furnished to do so,
  12:FreeRTOS/portable/GCC/ARM_CM4F/portmacro.h ****  * subject to the following conditions:
  13:FreeRTOS/portable/GCC/ARM_CM4F/portmacro.h ****  *
  14:FreeRTOS/portable/GCC/ARM_CM4F/portmacro.h ****  * The above copyright notice and this permission notice shall be included in all
  15:FreeRTOS/portable/GCC/ARM_CM4F/portmacro.h ****  * copies or substantial portions of the Software.
  16:FreeRTOS/portable/GCC/ARM_CM4F/portmacro.h ****  *
  17:FreeRTOS/portable/GCC/ARM_CM4F/portmacro.h ****  * THE SOFTWARE IS PROVIDED "AS IS", WITHOUT WARRANTY OF ANY KIND, EXPRESS OR
  18:FreeRTOS/portable/GCC/ARM_CM4F/portmacro.h ****  * IMPLIED, INCLUDING BUT NOT LIMITED TO THE WARRANTIES OF MERCHANTABILITY, FITNESS
ARM GAS  C:\Users\user\AppData\Local\Temp\ccSdXByh.s 			page 50


  19:FreeRTOS/portable/GCC/ARM_CM4F/portmacro.h ****  * FOR A PARTICULAR PURPOSE AND NONINFRINGEMENT. IN NO EVENT SHALL THE AUTHORS OR
  20:FreeRTOS/portable/GCC/ARM_CM4F/portmacro.h ****  * COPYRIGHT HOLDERS BE LIABLE FOR ANY CLAIM, DAMAGES OR OTHER LIABILITY, WHETHER
  21:FreeRTOS/portable/GCC/ARM_CM4F/portmacro.h ****  * IN AN ACTION OF CONTRACT, TORT OR OTHERWISE, ARISING FROM, OUT OF OR IN
  22:FreeRTOS/portable/GCC/ARM_CM4F/portmacro.h ****  * CONNECTION WITH THE SOFTWARE OR THE USE OR OTHER DEALINGS IN THE SOFTWARE.
  23:FreeRTOS/portable/GCC/ARM_CM4F/portmacro.h ****  *
  24:FreeRTOS/portable/GCC/ARM_CM4F/portmacro.h ****  * https://www.FreeRTOS.org
  25:FreeRTOS/portable/GCC/ARM_CM4F/portmacro.h ****  * https://github.com/FreeRTOS
  26:FreeRTOS/portable/GCC/ARM_CM4F/portmacro.h ****  *
  27:FreeRTOS/portable/GCC/ARM_CM4F/portmacro.h ****  */
  28:FreeRTOS/portable/GCC/ARM_CM4F/portmacro.h **** 
  29:FreeRTOS/portable/GCC/ARM_CM4F/portmacro.h **** 
  30:FreeRTOS/portable/GCC/ARM_CM4F/portmacro.h **** #ifndef PORTMACRO_H
  31:FreeRTOS/portable/GCC/ARM_CM4F/portmacro.h **** #define PORTMACRO_H
  32:FreeRTOS/portable/GCC/ARM_CM4F/portmacro.h **** 
  33:FreeRTOS/portable/GCC/ARM_CM4F/portmacro.h **** /* *INDENT-OFF* */
  34:FreeRTOS/portable/GCC/ARM_CM4F/portmacro.h **** #ifdef __cplusplus
  35:FreeRTOS/portable/GCC/ARM_CM4F/portmacro.h ****     extern "C" {
  36:FreeRTOS/portable/GCC/ARM_CM4F/portmacro.h **** #endif
  37:FreeRTOS/portable/GCC/ARM_CM4F/portmacro.h **** /* *INDENT-ON* */
  38:FreeRTOS/portable/GCC/ARM_CM4F/portmacro.h **** 
  39:FreeRTOS/portable/GCC/ARM_CM4F/portmacro.h **** /*-----------------------------------------------------------
  40:FreeRTOS/portable/GCC/ARM_CM4F/portmacro.h ****  * Port specific definitions.
  41:FreeRTOS/portable/GCC/ARM_CM4F/portmacro.h ****  *
  42:FreeRTOS/portable/GCC/ARM_CM4F/portmacro.h ****  * The settings in this file configure FreeRTOS correctly for the
  43:FreeRTOS/portable/GCC/ARM_CM4F/portmacro.h ****  * given hardware and compiler.
  44:FreeRTOS/portable/GCC/ARM_CM4F/portmacro.h ****  *
  45:FreeRTOS/portable/GCC/ARM_CM4F/portmacro.h ****  * These settings should not be altered.
  46:FreeRTOS/portable/GCC/ARM_CM4F/portmacro.h ****  *-----------------------------------------------------------
  47:FreeRTOS/portable/GCC/ARM_CM4F/portmacro.h ****  */
  48:FreeRTOS/portable/GCC/ARM_CM4F/portmacro.h **** 
  49:FreeRTOS/portable/GCC/ARM_CM4F/portmacro.h **** /* Type definitions. */
  50:FreeRTOS/portable/GCC/ARM_CM4F/portmacro.h **** #define portCHAR          char
  51:FreeRTOS/portable/GCC/ARM_CM4F/portmacro.h **** #define portFLOAT         float
  52:FreeRTOS/portable/GCC/ARM_CM4F/portmacro.h **** #define portDOUBLE        double
  53:FreeRTOS/portable/GCC/ARM_CM4F/portmacro.h **** #define portLONG          long
  54:FreeRTOS/portable/GCC/ARM_CM4F/portmacro.h **** #define portSHORT         short
  55:FreeRTOS/portable/GCC/ARM_CM4F/portmacro.h **** #define portSTACK_TYPE    uint32_t
  56:FreeRTOS/portable/GCC/ARM_CM4F/portmacro.h **** #define portBASE_TYPE     long
  57:FreeRTOS/portable/GCC/ARM_CM4F/portmacro.h **** 
  58:FreeRTOS/portable/GCC/ARM_CM4F/portmacro.h **** typedef portSTACK_TYPE   StackType_t;
  59:FreeRTOS/portable/GCC/ARM_CM4F/portmacro.h **** typedef long             BaseType_t;
  60:FreeRTOS/portable/GCC/ARM_CM4F/portmacro.h **** typedef unsigned long    UBaseType_t;
  61:FreeRTOS/portable/GCC/ARM_CM4F/portmacro.h **** 
  62:FreeRTOS/portable/GCC/ARM_CM4F/portmacro.h **** #if ( configTICK_TYPE_WIDTH_IN_BITS == TICK_TYPE_WIDTH_16_BITS )
  63:FreeRTOS/portable/GCC/ARM_CM4F/portmacro.h ****     typedef uint16_t     TickType_t;
  64:FreeRTOS/portable/GCC/ARM_CM4F/portmacro.h ****     #define portMAX_DELAY              ( TickType_t ) 0xffff
  65:FreeRTOS/portable/GCC/ARM_CM4F/portmacro.h **** #elif ( configTICK_TYPE_WIDTH_IN_BITS == TICK_TYPE_WIDTH_32_BITS )
  66:FreeRTOS/portable/GCC/ARM_CM4F/portmacro.h ****     typedef uint32_t     TickType_t;
  67:FreeRTOS/portable/GCC/ARM_CM4F/portmacro.h ****     #define portMAX_DELAY              ( TickType_t ) 0xffffffffUL
  68:FreeRTOS/portable/GCC/ARM_CM4F/portmacro.h **** 
  69:FreeRTOS/portable/GCC/ARM_CM4F/portmacro.h **** /* 32-bit tick type on a 32-bit architecture, so reads of the tick count do
  70:FreeRTOS/portable/GCC/ARM_CM4F/portmacro.h ****  * not need to be guarded with a critical section. */
  71:FreeRTOS/portable/GCC/ARM_CM4F/portmacro.h ****     #define portTICK_TYPE_IS_ATOMIC    1
  72:FreeRTOS/portable/GCC/ARM_CM4F/portmacro.h **** #elif ( configTICK_TYPE_WIDTH_IN_BITS == TICK_TYPE_WIDTH_64_BITS )
  73:FreeRTOS/portable/GCC/ARM_CM4F/portmacro.h ****     typedef uint64_t TickType_t;
  74:FreeRTOS/portable/GCC/ARM_CM4F/portmacro.h ****     #define portMAX_DELAY              ( TickType_t ) 0xffffffffffffffffULL
  75:FreeRTOS/portable/GCC/ARM_CM4F/portmacro.h **** #else /* if ( configTICK_TYPE_WIDTH_IN_BITS == TICK_TYPE_WIDTH_16_BITS ) */
ARM GAS  C:\Users\user\AppData\Local\Temp\ccSdXByh.s 			page 51


  76:FreeRTOS/portable/GCC/ARM_CM4F/portmacro.h ****     #error configTICK_TYPE_WIDTH_IN_BITS set to unsupported tick type width.
  77:FreeRTOS/portable/GCC/ARM_CM4F/portmacro.h **** #endif /* if ( configTICK_TYPE_WIDTH_IN_BITS == TICK_TYPE_WIDTH_16_BITS ) */
  78:FreeRTOS/portable/GCC/ARM_CM4F/portmacro.h **** /*-----------------------------------------------------------*/
  79:FreeRTOS/portable/GCC/ARM_CM4F/portmacro.h **** 
  80:FreeRTOS/portable/GCC/ARM_CM4F/portmacro.h **** /* Architecture specifics. */
  81:FreeRTOS/portable/GCC/ARM_CM4F/portmacro.h **** #define portSTACK_GROWTH      ( -1 )
  82:FreeRTOS/portable/GCC/ARM_CM4F/portmacro.h **** #define portTICK_PERIOD_MS    ( ( TickType_t ) 1000 / configTICK_RATE_HZ )
  83:FreeRTOS/portable/GCC/ARM_CM4F/portmacro.h **** #define portBYTE_ALIGNMENT    8
  84:FreeRTOS/portable/GCC/ARM_CM4F/portmacro.h **** #define portDONT_DISCARD      __attribute__( ( used ) )
  85:FreeRTOS/portable/GCC/ARM_CM4F/portmacro.h **** /*-----------------------------------------------------------*/
  86:FreeRTOS/portable/GCC/ARM_CM4F/portmacro.h **** 
  87:FreeRTOS/portable/GCC/ARM_CM4F/portmacro.h **** /* Scheduler utilities. */
  88:FreeRTOS/portable/GCC/ARM_CM4F/portmacro.h **** #define portYIELD()                                     \
  89:FreeRTOS/portable/GCC/ARM_CM4F/portmacro.h ****     {                                                   \
  90:FreeRTOS/portable/GCC/ARM_CM4F/portmacro.h ****         /* Set a PendSV to request a context switch. */ \
  91:FreeRTOS/portable/GCC/ARM_CM4F/portmacro.h ****         portNVIC_INT_CTRL_REG = portNVIC_PENDSVSET_BIT; \
  92:FreeRTOS/portable/GCC/ARM_CM4F/portmacro.h ****                                                         \
  93:FreeRTOS/portable/GCC/ARM_CM4F/portmacro.h ****         /* Barriers are normally not required but do ensure the code is completely \
  94:FreeRTOS/portable/GCC/ARM_CM4F/portmacro.h ****          * within the specified behaviour for the architecture. */ \
  95:FreeRTOS/portable/GCC/ARM_CM4F/portmacro.h ****         __asm volatile ( "dsb" ::: "memory" );                     \
  96:FreeRTOS/portable/GCC/ARM_CM4F/portmacro.h ****         __asm volatile ( "isb" );                                  \
  97:FreeRTOS/portable/GCC/ARM_CM4F/portmacro.h ****     }
  98:FreeRTOS/portable/GCC/ARM_CM4F/portmacro.h **** 
  99:FreeRTOS/portable/GCC/ARM_CM4F/portmacro.h **** #define portNVIC_INT_CTRL_REG     ( *( ( volatile uint32_t * ) 0xe000ed04 ) )
 100:FreeRTOS/portable/GCC/ARM_CM4F/portmacro.h **** #define portNVIC_PENDSVSET_BIT    ( 1UL << 28UL )
 101:FreeRTOS/portable/GCC/ARM_CM4F/portmacro.h **** #define portEND_SWITCHING_ISR( xSwitchRequired ) \
 102:FreeRTOS/portable/GCC/ARM_CM4F/portmacro.h ****     do                                           \
 103:FreeRTOS/portable/GCC/ARM_CM4F/portmacro.h ****     {                                            \
 104:FreeRTOS/portable/GCC/ARM_CM4F/portmacro.h ****         if( xSwitchRequired != pdFALSE )         \
 105:FreeRTOS/portable/GCC/ARM_CM4F/portmacro.h ****         {                                        \
 106:FreeRTOS/portable/GCC/ARM_CM4F/portmacro.h ****             traceISR_EXIT_TO_SCHEDULER();        \
 107:FreeRTOS/portable/GCC/ARM_CM4F/portmacro.h ****             portYIELD();                         \
 108:FreeRTOS/portable/GCC/ARM_CM4F/portmacro.h ****         }                                        \
 109:FreeRTOS/portable/GCC/ARM_CM4F/portmacro.h ****         else                                     \
 110:FreeRTOS/portable/GCC/ARM_CM4F/portmacro.h ****         {                                        \
 111:FreeRTOS/portable/GCC/ARM_CM4F/portmacro.h ****             traceISR_EXIT();                     \
 112:FreeRTOS/portable/GCC/ARM_CM4F/portmacro.h ****         }                                        \
 113:FreeRTOS/portable/GCC/ARM_CM4F/portmacro.h ****     } while( 0 )
 114:FreeRTOS/portable/GCC/ARM_CM4F/portmacro.h **** #define portYIELD_FROM_ISR( x )    portEND_SWITCHING_ISR( x )
 115:FreeRTOS/portable/GCC/ARM_CM4F/portmacro.h **** /*-----------------------------------------------------------*/
 116:FreeRTOS/portable/GCC/ARM_CM4F/portmacro.h **** 
 117:FreeRTOS/portable/GCC/ARM_CM4F/portmacro.h **** /* Critical section management. */
 118:FreeRTOS/portable/GCC/ARM_CM4F/portmacro.h **** extern void vPortEnterCritical( void );
 119:FreeRTOS/portable/GCC/ARM_CM4F/portmacro.h **** extern void vPortExitCritical( void );
 120:FreeRTOS/portable/GCC/ARM_CM4F/portmacro.h **** #define portSET_INTERRUPT_MASK_FROM_ISR()         ulPortRaiseBASEPRI()
 121:FreeRTOS/portable/GCC/ARM_CM4F/portmacro.h **** #define portCLEAR_INTERRUPT_MASK_FROM_ISR( x )    vPortSetBASEPRI( x )
 122:FreeRTOS/portable/GCC/ARM_CM4F/portmacro.h **** #define portDISABLE_INTERRUPTS()                  vPortRaiseBASEPRI()
 123:FreeRTOS/portable/GCC/ARM_CM4F/portmacro.h **** #define portENABLE_INTERRUPTS()                   vPortSetBASEPRI( 0 )
 124:FreeRTOS/portable/GCC/ARM_CM4F/portmacro.h **** #define portENTER_CRITICAL()                      vPortEnterCritical()
 125:FreeRTOS/portable/GCC/ARM_CM4F/portmacro.h **** #define portEXIT_CRITICAL()                       vPortExitCritical()
 126:FreeRTOS/portable/GCC/ARM_CM4F/portmacro.h **** 
 127:FreeRTOS/portable/GCC/ARM_CM4F/portmacro.h **** /*-----------------------------------------------------------*/
 128:FreeRTOS/portable/GCC/ARM_CM4F/portmacro.h **** 
 129:FreeRTOS/portable/GCC/ARM_CM4F/portmacro.h **** /* Task function macros as described on the FreeRTOS.org WEB site.  These are
 130:FreeRTOS/portable/GCC/ARM_CM4F/portmacro.h ****  * not necessary for to use this port.  They are defined so the common demo files
 131:FreeRTOS/portable/GCC/ARM_CM4F/portmacro.h ****  * (which build with all the ports) will build. */
 132:FreeRTOS/portable/GCC/ARM_CM4F/portmacro.h **** #define portTASK_FUNCTION_PROTO( vFunction, pvParameters )    void vFunction( void * pvParameters )
ARM GAS  C:\Users\user\AppData\Local\Temp\ccSdXByh.s 			page 52


 133:FreeRTOS/portable/GCC/ARM_CM4F/portmacro.h **** #define portTASK_FUNCTION( vFunction, pvParameters )          void vFunction( void * pvParameters )
 134:FreeRTOS/portable/GCC/ARM_CM4F/portmacro.h **** /*-----------------------------------------------------------*/
 135:FreeRTOS/portable/GCC/ARM_CM4F/portmacro.h **** 
 136:FreeRTOS/portable/GCC/ARM_CM4F/portmacro.h **** /* Tickless idle/low power functionality. */
 137:FreeRTOS/portable/GCC/ARM_CM4F/portmacro.h **** #ifndef portSUPPRESS_TICKS_AND_SLEEP
 138:FreeRTOS/portable/GCC/ARM_CM4F/portmacro.h ****     extern void vPortSuppressTicksAndSleep( TickType_t xExpectedIdleTime );
 139:FreeRTOS/portable/GCC/ARM_CM4F/portmacro.h ****     #define portSUPPRESS_TICKS_AND_SLEEP( xExpectedIdleTime )    vPortSuppressTicksAndSleep( xExpec
 140:FreeRTOS/portable/GCC/ARM_CM4F/portmacro.h **** #endif
 141:FreeRTOS/portable/GCC/ARM_CM4F/portmacro.h **** /*-----------------------------------------------------------*/
 142:FreeRTOS/portable/GCC/ARM_CM4F/portmacro.h **** 
 143:FreeRTOS/portable/GCC/ARM_CM4F/portmacro.h **** /* Architecture specific optimisations. */
 144:FreeRTOS/portable/GCC/ARM_CM4F/portmacro.h **** #ifndef configUSE_PORT_OPTIMISED_TASK_SELECTION
 145:FreeRTOS/portable/GCC/ARM_CM4F/portmacro.h ****     #define configUSE_PORT_OPTIMISED_TASK_SELECTION    1
 146:FreeRTOS/portable/GCC/ARM_CM4F/portmacro.h **** #endif
 147:FreeRTOS/portable/GCC/ARM_CM4F/portmacro.h **** 
 148:FreeRTOS/portable/GCC/ARM_CM4F/portmacro.h **** #if configUSE_PORT_OPTIMISED_TASK_SELECTION == 1
 149:FreeRTOS/portable/GCC/ARM_CM4F/portmacro.h **** 
 150:FreeRTOS/portable/GCC/ARM_CM4F/portmacro.h **** /* Generic helper function. */
 151:FreeRTOS/portable/GCC/ARM_CM4F/portmacro.h ****     __attribute__( ( always_inline ) ) static inline uint8_t ucPortCountLeadingZeros( uint32_t ulBi
 152:FreeRTOS/portable/GCC/ARM_CM4F/portmacro.h ****     {
 153:FreeRTOS/portable/GCC/ARM_CM4F/portmacro.h ****         uint8_t ucReturn;
 154:FreeRTOS/portable/GCC/ARM_CM4F/portmacro.h **** 
 155:FreeRTOS/portable/GCC/ARM_CM4F/portmacro.h ****         __asm volatile ( "clz %0, %1" : "=r" ( ucReturn ) : "r" ( ulBitmap ) : "memory" );
 156:FreeRTOS/portable/GCC/ARM_CM4F/portmacro.h **** 
 157:FreeRTOS/portable/GCC/ARM_CM4F/portmacro.h ****         return ucReturn;
 158:FreeRTOS/portable/GCC/ARM_CM4F/portmacro.h ****     }
 159:FreeRTOS/portable/GCC/ARM_CM4F/portmacro.h **** 
 160:FreeRTOS/portable/GCC/ARM_CM4F/portmacro.h **** /* Check the configuration. */
 161:FreeRTOS/portable/GCC/ARM_CM4F/portmacro.h ****     #if ( configMAX_PRIORITIES > 32 )
 162:FreeRTOS/portable/GCC/ARM_CM4F/portmacro.h ****         #error configUSE_PORT_OPTIMISED_TASK_SELECTION can only be set to 1 when configMAX_PRIORITI
 163:FreeRTOS/portable/GCC/ARM_CM4F/portmacro.h ****     #endif
 164:FreeRTOS/portable/GCC/ARM_CM4F/portmacro.h **** 
 165:FreeRTOS/portable/GCC/ARM_CM4F/portmacro.h **** /* Store/clear the ready priorities in a bit map. */
 166:FreeRTOS/portable/GCC/ARM_CM4F/portmacro.h ****     #define portRECORD_READY_PRIORITY( uxPriority, uxReadyPriorities )    ( uxReadyPriorities ) |= 
 167:FreeRTOS/portable/GCC/ARM_CM4F/portmacro.h ****     #define portRESET_READY_PRIORITY( uxPriority, uxReadyPriorities )     ( uxReadyPriorities ) &= 
 168:FreeRTOS/portable/GCC/ARM_CM4F/portmacro.h **** 
 169:FreeRTOS/portable/GCC/ARM_CM4F/portmacro.h **** /*-----------------------------------------------------------*/
 170:FreeRTOS/portable/GCC/ARM_CM4F/portmacro.h **** 
 171:FreeRTOS/portable/GCC/ARM_CM4F/portmacro.h ****     #define portGET_HIGHEST_PRIORITY( uxTopPriority, uxReadyPriorities )    uxTopPriority = ( 31UL 
 172:FreeRTOS/portable/GCC/ARM_CM4F/portmacro.h **** 
 173:FreeRTOS/portable/GCC/ARM_CM4F/portmacro.h **** #endif /* configUSE_PORT_OPTIMISED_TASK_SELECTION */
 174:FreeRTOS/portable/GCC/ARM_CM4F/portmacro.h **** 
 175:FreeRTOS/portable/GCC/ARM_CM4F/portmacro.h **** /*-----------------------------------------------------------*/
 176:FreeRTOS/portable/GCC/ARM_CM4F/portmacro.h **** 
 177:FreeRTOS/portable/GCC/ARM_CM4F/portmacro.h **** #if ( configASSERT_DEFINED == 1 )
 178:FreeRTOS/portable/GCC/ARM_CM4F/portmacro.h ****     void vPortValidateInterruptPriority( void );
 179:FreeRTOS/portable/GCC/ARM_CM4F/portmacro.h ****     #define portASSERT_IF_INTERRUPT_PRIORITY_INVALID()    vPortValidateInterruptPriority()
 180:FreeRTOS/portable/GCC/ARM_CM4F/portmacro.h **** #endif
 181:FreeRTOS/portable/GCC/ARM_CM4F/portmacro.h **** 
 182:FreeRTOS/portable/GCC/ARM_CM4F/portmacro.h **** /* portNOP() is not required by this port. */
 183:FreeRTOS/portable/GCC/ARM_CM4F/portmacro.h **** #define portNOP()
 184:FreeRTOS/portable/GCC/ARM_CM4F/portmacro.h **** 
 185:FreeRTOS/portable/GCC/ARM_CM4F/portmacro.h **** #define portINLINE              __inline
 186:FreeRTOS/portable/GCC/ARM_CM4F/portmacro.h **** 
 187:FreeRTOS/portable/GCC/ARM_CM4F/portmacro.h **** #ifndef portFORCE_INLINE
 188:FreeRTOS/portable/GCC/ARM_CM4F/portmacro.h ****     #define portFORCE_INLINE    inline __attribute__( ( always_inline ) )
 189:FreeRTOS/portable/GCC/ARM_CM4F/portmacro.h **** #endif
ARM GAS  C:\Users\user\AppData\Local\Temp\ccSdXByh.s 			page 53


 190:FreeRTOS/portable/GCC/ARM_CM4F/portmacro.h **** 
 191:FreeRTOS/portable/GCC/ARM_CM4F/portmacro.h **** portFORCE_INLINE static BaseType_t xPortIsInsideInterrupt( void )
 192:FreeRTOS/portable/GCC/ARM_CM4F/portmacro.h **** {
 193:FreeRTOS/portable/GCC/ARM_CM4F/portmacro.h ****     uint32_t ulCurrentInterrupt;
 194:FreeRTOS/portable/GCC/ARM_CM4F/portmacro.h ****     BaseType_t xReturn;
 195:FreeRTOS/portable/GCC/ARM_CM4F/portmacro.h **** 
 196:FreeRTOS/portable/GCC/ARM_CM4F/portmacro.h ****     /* Obtain the number of the currently executing interrupt. */
 197:FreeRTOS/portable/GCC/ARM_CM4F/portmacro.h ****     __asm volatile ( "mrs %0, ipsr" : "=r" ( ulCurrentInterrupt )::"memory" );
 198:FreeRTOS/portable/GCC/ARM_CM4F/portmacro.h **** 
 199:FreeRTOS/portable/GCC/ARM_CM4F/portmacro.h ****     if( ulCurrentInterrupt == 0 )
 200:FreeRTOS/portable/GCC/ARM_CM4F/portmacro.h ****     {
 201:FreeRTOS/portable/GCC/ARM_CM4F/portmacro.h ****         xReturn = pdFALSE;
 202:FreeRTOS/portable/GCC/ARM_CM4F/portmacro.h ****     }
 203:FreeRTOS/portable/GCC/ARM_CM4F/portmacro.h ****     else
 204:FreeRTOS/portable/GCC/ARM_CM4F/portmacro.h ****     {
 205:FreeRTOS/portable/GCC/ARM_CM4F/portmacro.h ****         xReturn = pdTRUE;
 206:FreeRTOS/portable/GCC/ARM_CM4F/portmacro.h ****     }
 207:FreeRTOS/portable/GCC/ARM_CM4F/portmacro.h **** 
 208:FreeRTOS/portable/GCC/ARM_CM4F/portmacro.h ****     return xReturn;
 209:FreeRTOS/portable/GCC/ARM_CM4F/portmacro.h **** }
 210:FreeRTOS/portable/GCC/ARM_CM4F/portmacro.h **** 
 211:FreeRTOS/portable/GCC/ARM_CM4F/portmacro.h **** /*-----------------------------------------------------------*/
 212:FreeRTOS/portable/GCC/ARM_CM4F/portmacro.h **** 
 213:FreeRTOS/portable/GCC/ARM_CM4F/portmacro.h **** portFORCE_INLINE static void vPortRaiseBASEPRI( void )
 214:FreeRTOS/portable/GCC/ARM_CM4F/portmacro.h **** {
 215:FreeRTOS/portable/GCC/ARM_CM4F/portmacro.h ****     uint32_t ulNewBASEPRI;
 216:FreeRTOS/portable/GCC/ARM_CM4F/portmacro.h **** 
 217:FreeRTOS/portable/GCC/ARM_CM4F/portmacro.h ****     __asm volatile
 218:FreeRTOS/portable/GCC/ARM_CM4F/portmacro.h ****     (
 219:FreeRTOS/portable/GCC/ARM_CM4F/portmacro.h ****         "   mov %0, %1                                              \n" \
 220:FreeRTOS/portable/GCC/ARM_CM4F/portmacro.h ****         "   msr basepri, %0                                         \n" \
 221:FreeRTOS/portable/GCC/ARM_CM4F/portmacro.h ****         "   isb                                                     \n" \
 222:FreeRTOS/portable/GCC/ARM_CM4F/portmacro.h ****         "   dsb                                                     \n" \
 223:FreeRTOS/portable/GCC/ARM_CM4F/portmacro.h ****         : "=r" ( ulNewBASEPRI ) : "i" ( configMAX_SYSCALL_INTERRUPT_PRIORITY ) : "memory"
 224:FreeRTOS/portable/GCC/ARM_CM4F/portmacro.h ****     );
 225:FreeRTOS/portable/GCC/ARM_CM4F/portmacro.h **** }
 226:FreeRTOS/portable/GCC/ARM_CM4F/portmacro.h **** 
 227:FreeRTOS/portable/GCC/ARM_CM4F/portmacro.h **** /*-----------------------------------------------------------*/
 228:FreeRTOS/portable/GCC/ARM_CM4F/portmacro.h **** 
 229:FreeRTOS/portable/GCC/ARM_CM4F/portmacro.h **** portFORCE_INLINE static uint32_t ulPortRaiseBASEPRI( void )
 914              		.loc 2 229 34 view .LVU260
 915              	.LBB25:
 230:FreeRTOS/portable/GCC/ARM_CM4F/portmacro.h **** {
 231:FreeRTOS/portable/GCC/ARM_CM4F/portmacro.h ****     uint32_t ulOriginalBASEPRI, ulNewBASEPRI;
 916              		.loc 2 231 5 view .LVU261
 232:FreeRTOS/portable/GCC/ARM_CM4F/portmacro.h **** 
 233:FreeRTOS/portable/GCC/ARM_CM4F/portmacro.h ****     __asm volatile
 917              		.loc 2 233 5 view .LVU262
 918              		.syntax unified
 919              	@ 233 "FreeRTOS/portable/GCC/ARM_CM4F/portmacro.h" 1
 920 0004 EFF31183 		   mrs r3, basepri                                         
 921 0008 4FF05002 	   mov r2, #80                                              
 922 000c 82F31188 	   msr basepri, r2                                         
 923 0010 BFF36F8F 	   isb                                                     
 924 0014 BFF34F8F 	   dsb                                                     
 925              	
 926              	@ 0 "" 2
ARM GAS  C:\Users\user\AppData\Local\Temp\ccSdXByh.s 			page 54


 927              		.thumb
 928              		.syntax unified
 929 0018 1C46     		mov	r4, r3
 234:FreeRTOS/portable/GCC/ARM_CM4F/portmacro.h ****     (
 235:FreeRTOS/portable/GCC/ARM_CM4F/portmacro.h ****         "   mrs %0, basepri                                         \n" \
 236:FreeRTOS/portable/GCC/ARM_CM4F/portmacro.h ****         "   mov %1, %2                                              \n" \
 237:FreeRTOS/portable/GCC/ARM_CM4F/portmacro.h ****         "   msr basepri, %1                                         \n" \
 238:FreeRTOS/portable/GCC/ARM_CM4F/portmacro.h ****         "   isb                                                     \n" \
 239:FreeRTOS/portable/GCC/ARM_CM4F/portmacro.h ****         "   dsb                                                     \n" \
 240:FreeRTOS/portable/GCC/ARM_CM4F/portmacro.h ****         : "=r" ( ulOriginalBASEPRI ), "=r" ( ulNewBASEPRI ) : "i" ( configMAX_SYSCALL_INTERRUPT_PRI
 241:FreeRTOS/portable/GCC/ARM_CM4F/portmacro.h ****     );
 242:FreeRTOS/portable/GCC/ARM_CM4F/portmacro.h **** 
 243:FreeRTOS/portable/GCC/ARM_CM4F/portmacro.h ****     /* This return will not be reached but is necessary to prevent compiler
 244:FreeRTOS/portable/GCC/ARM_CM4F/portmacro.h ****      * warnings. */
 245:FreeRTOS/portable/GCC/ARM_CM4F/portmacro.h ****     return ulOriginalBASEPRI;
 930              		.loc 2 245 5 view .LVU263
 931              	.LVL98:
 932              		.loc 2 245 5 is_stmt 0 view .LVU264
 933              	.LBE25:
 934              	.LBE24:
 693:FreeRTOS/src/stream_buffer.c ****         {
 935              		.loc 1 693 9 is_stmt 1 view .LVU265
 693:FreeRTOS/src/stream_buffer.c ****         {
 936              		.loc 1 693 29 is_stmt 0 view .LVU266
 937 001a 0369     		ldr	r3, [r0, #16]
 938              	.LVL99:
 693:FreeRTOS/src/stream_buffer.c ****         {
 939              		.loc 1 693 11 view .LVU267
 940 001c 23B1     		cbz	r3, .L61
 667:FreeRTOS/src/stream_buffer.c ****     StreamBufferCallbackFunction_t pxSendCallback = NULL, pxReceiveCallback = NULL;
 941              		.loc 1 667 16 view .LVU268
 942 001e 0020     		movs	r0, #0
 943              	.LVL100:
 944              	.L57:
 721:FreeRTOS/src/stream_buffer.c **** 
 945              		.loc 1 721 5 is_stmt 1 view .LVU269
 946              	.LBB26:
 947              	.LBI26:
 246:FreeRTOS/portable/GCC/ARM_CM4F/portmacro.h **** }
 247:FreeRTOS/portable/GCC/ARM_CM4F/portmacro.h **** /*-----------------------------------------------------------*/
 248:FreeRTOS/portable/GCC/ARM_CM4F/portmacro.h **** 
 249:FreeRTOS/portable/GCC/ARM_CM4F/portmacro.h **** portFORCE_INLINE static void vPortSetBASEPRI( uint32_t ulNewMaskValue )
 948              		.loc 2 249 30 view .LVU270
 949              	.LBB27:
 250:FreeRTOS/portable/GCC/ARM_CM4F/portmacro.h **** {
 251:FreeRTOS/portable/GCC/ARM_CM4F/portmacro.h ****     __asm volatile
 950              		.loc 2 251 5 view .LVU271
 951              		.syntax unified
 952              	@ 251 "FreeRTOS/portable/GCC/ARM_CM4F/portmacro.h" 1
 953 0020 84F31188 		   msr basepri, r4 
 954              	@ 0 "" 2
 955              		.thumb
 956              		.syntax unified
 957              	.LBE27:
 958              	.LBE26:
 723:FreeRTOS/src/stream_buffer.c **** 
 959              		.loc 1 723 53 view .LVU272
ARM GAS  C:\Users\user\AppData\Local\Temp\ccSdXByh.s 			page 55


 725:FreeRTOS/src/stream_buffer.c **** }
 960              		.loc 1 725 5 view .LVU273
 726:FreeRTOS/src/stream_buffer.c **** /*-----------------------------------------------------------*/
 961              		.loc 1 726 1 is_stmt 0 view .LVU274
 962 0024 04B0     		add	sp, sp, #16
 963              	.LCFI21:
 964              		.cfi_remember_state
 965              		.cfi_def_cfa_offset 8
 966              		@ sp needed
 967 0026 10BD     		pop	{r4, pc}
 968              	.LVL101:
 969              	.L61:
 970              	.LCFI22:
 971              		.cfi_restore_state
 693:FreeRTOS/src/stream_buffer.c ****         {
 972              		.loc 1 693 82 discriminator 1 view .LVU275
 973 0028 4369     		ldr	r3, [r0, #20]
 693:FreeRTOS/src/stream_buffer.c ****         {
 974              		.loc 1 693 63 discriminator 1 view .LVU276
 975 002a 0BB1     		cbz	r3, .L62
 667:FreeRTOS/src/stream_buffer.c ****     StreamBufferCallbackFunction_t pxSendCallback = NULL, pxReceiveCallback = NULL;
 976              		.loc 1 667 16 view .LVU277
 977 002c 0020     		movs	r0, #0
 978              	.LVL102:
 667:FreeRTOS/src/stream_buffer.c ****     StreamBufferCallbackFunction_t pxSendCallback = NULL, pxReceiveCallback = NULL;
 979              		.loc 1 667 16 view .LVU278
 980 002e F7E7     		b	.L57
 981              	.LVL103:
 982              	.L62:
 702:FreeRTOS/src/stream_buffer.c ****                                           pxStreamBuffer->pucBuffer,
 983              		.loc 1 702 13 is_stmt 1 view .LVU279
 984 0030 0293     		str	r3, [sp, #8]
 985 0032 0193     		str	r3, [sp, #4]
 986 0034 037F     		ldrb	r3, [r0, #28]	@ zero_extendqisi2
 987 0036 0093     		str	r3, [sp]
 988 0038 C368     		ldr	r3, [r0, #12]
 989 003a 8268     		ldr	r2, [r0, #8]
 990 003c 8169     		ldr	r1, [r0, #24]
 991 003e FFF7FEFF 		bl	prvInitialiseNewStreamBuffer
 992              	.LVL104:
 716:FreeRTOS/src/stream_buffer.c **** 
 993              		.loc 1 716 63 view .LVU280
 718:FreeRTOS/src/stream_buffer.c ****         }
 994              		.loc 1 718 13 view .LVU281
 718:FreeRTOS/src/stream_buffer.c ****         }
 995              		.loc 1 718 21 is_stmt 0 view .LVU282
 996 0042 0120     		movs	r0, #1
 997 0044 ECE7     		b	.L57
 998              		.cfi_endproc
 999              	.LFE141:
 1001              		.section	.text.xStreamBufferSetTriggerLevel,"ax",%progbits
 1002              		.align	1
 1003              		.global	xStreamBufferSetTriggerLevel
 1004              		.syntax unified
 1005              		.thumb
 1006              		.thumb_func
 1008              	xStreamBufferSetTriggerLevel:
ARM GAS  C:\Users\user\AppData\Local\Temp\ccSdXByh.s 			page 56


 1009              	.LVL105:
 1010              	.LFB142:
 731:FreeRTOS/src/stream_buffer.c ****     StreamBuffer_t * const pxStreamBuffer = xStreamBuffer;
 1011              		.loc 1 731 1 is_stmt 1 view -0
 1012              		.cfi_startproc
 1013              		@ args = 0, pretend = 0, frame = 0
 1014              		@ frame_needed = 0, uses_anonymous_args = 0
 1015              		@ link register save eliminated.
 732:FreeRTOS/src/stream_buffer.c ****     BaseType_t xReturn;
 1016              		.loc 1 732 5 view .LVU284
 733:FreeRTOS/src/stream_buffer.c **** 
 1017              		.loc 1 733 5 view .LVU285
 735:FreeRTOS/src/stream_buffer.c **** 
 1018              		.loc 1 735 76 view .LVU286
 737:FreeRTOS/src/stream_buffer.c **** 
 1019              		.loc 1 737 35 view .LVU287
 740:FreeRTOS/src/stream_buffer.c ****     {
 1020              		.loc 1 740 5 view .LVU288
 740:FreeRTOS/src/stream_buffer.c ****     {
 1021              		.loc 1 740 7 is_stmt 0 view .LVU289
 1022 0000 0B46     		mov	r3, r1
 1023 0002 01B9     		cbnz	r1, .L64
 742:FreeRTOS/src/stream_buffer.c ****     }
 1024              		.loc 1 742 23 view .LVU290
 1025 0004 0123     		movs	r3, #1
 1026              	.L64:
 1027              	.LVL106:
 747:FreeRTOS/src/stream_buffer.c ****     {
 1028              		.loc 1 747 5 is_stmt 1 view .LVU291
 747:FreeRTOS/src/stream_buffer.c ****     {
 1029              		.loc 1 747 39 is_stmt 0 view .LVU292
 1030 0006 8268     		ldr	r2, [r0, #8]
 747:FreeRTOS/src/stream_buffer.c ****     {
 1031              		.loc 1 747 7 view .LVU293
 1032 0008 9A42     		cmp	r2, r3
 1033 000a 02D9     		bls	.L67
 749:FreeRTOS/src/stream_buffer.c ****         xReturn = pdPASS;
 1034              		.loc 1 749 9 is_stmt 1 view .LVU294
 749:FreeRTOS/src/stream_buffer.c ****         xReturn = pdPASS;
 1035              		.loc 1 749 44 is_stmt 0 view .LVU295
 1036 000c C360     		str	r3, [r0, #12]
 750:FreeRTOS/src/stream_buffer.c ****     }
 1037              		.loc 1 750 9 is_stmt 1 view .LVU296
 1038              	.LVL107:
 750:FreeRTOS/src/stream_buffer.c ****     }
 1039              		.loc 1 750 17 is_stmt 0 view .LVU297
 1040 000e 0120     		movs	r0, #1
 1041              	.LVL108:
 750:FreeRTOS/src/stream_buffer.c ****     }
 1042              		.loc 1 750 17 view .LVU298
 1043 0010 7047     		bx	lr
 1044              	.LVL109:
 1045              	.L67:
 754:FreeRTOS/src/stream_buffer.c ****     }
 1046              		.loc 1 754 17 view .LVU299
 1047 0012 0020     		movs	r0, #0
 1048              	.LVL110:
ARM GAS  C:\Users\user\AppData\Local\Temp\ccSdXByh.s 			page 57


 757:FreeRTOS/src/stream_buffer.c **** 
 1049              		.loc 1 757 56 is_stmt 1 view .LVU300
 759:FreeRTOS/src/stream_buffer.c **** }
 1050              		.loc 1 759 5 view .LVU301
 760:FreeRTOS/src/stream_buffer.c **** /*-----------------------------------------------------------*/
 1051              		.loc 1 760 1 is_stmt 0 view .LVU302
 1052 0014 7047     		bx	lr
 1053              		.cfi_endproc
 1054              	.LFE142:
 1056              		.section	.text.xStreamBufferSpacesAvailable,"ax",%progbits
 1057              		.align	1
 1058              		.global	xStreamBufferSpacesAvailable
 1059              		.syntax unified
 1060              		.thumb
 1061              		.thumb_func
 1063              	xStreamBufferSpacesAvailable:
 1064              	.LFB143:
 764:FreeRTOS/src/stream_buffer.c ****     const StreamBuffer_t * const pxStreamBuffer = xStreamBuffer;
 1065              		.loc 1 764 1 is_stmt 1 view -0
 1066              		.cfi_startproc
 1067              		@ args = 0, pretend = 0, frame = 0
 1068              		@ frame_needed = 0, uses_anonymous_args = 0
 1069              		@ link register save eliminated.
 1070              	.LVL111:
 1071              	.L69:
 766:FreeRTOS/src/stream_buffer.c ****     size_t xOriginalTail;
 1072              		.loc 1 766 5 view .LVU304
 767:FreeRTOS/src/stream_buffer.c **** 
 1073              		.loc 1 767 5 view .LVU305
 769:FreeRTOS/src/stream_buffer.c **** 
 1074              		.loc 1 769 61 view .LVU306
 771:FreeRTOS/src/stream_buffer.c **** 
 1075              		.loc 1 771 35 view .LVU307
 776:FreeRTOS/src/stream_buffer.c ****     {
 1076              		.loc 1 776 5 view .LVU308
 778:FreeRTOS/src/stream_buffer.c ****         xSpace = pxStreamBuffer->xLength + pxStreamBuffer->xTail;
 1077              		.loc 1 778 9 view .LVU309
 778:FreeRTOS/src/stream_buffer.c ****         xSpace = pxStreamBuffer->xLength + pxStreamBuffer->xTail;
 1078              		.loc 1 778 23 is_stmt 0 view .LVU310
 1079 0000 0168     		ldr	r1, [r0]
 1080              	.LVL112:
 779:FreeRTOS/src/stream_buffer.c ****         xSpace -= pxStreamBuffer->xHead;
 1081              		.loc 1 779 9 is_stmt 1 view .LVU311
 779:FreeRTOS/src/stream_buffer.c ****         xSpace -= pxStreamBuffer->xHead;
 1082              		.loc 1 779 32 is_stmt 0 view .LVU312
 1083 0002 8268     		ldr	r2, [r0, #8]
 779:FreeRTOS/src/stream_buffer.c ****         xSpace -= pxStreamBuffer->xHead;
 1084              		.loc 1 779 58 view .LVU313
 1085 0004 0368     		ldr	r3, [r0]
 779:FreeRTOS/src/stream_buffer.c ****         xSpace -= pxStreamBuffer->xHead;
 1086              		.loc 1 779 16 view .LVU314
 1087 0006 1344     		add	r3, r3, r2
 1088              	.LVL113:
 780:FreeRTOS/src/stream_buffer.c ****     } while( xOriginalTail != pxStreamBuffer->xTail );
 1089              		.loc 1 780 9 is_stmt 1 view .LVU315
 780:FreeRTOS/src/stream_buffer.c ****     } while( xOriginalTail != pxStreamBuffer->xTail );
 1090              		.loc 1 780 33 is_stmt 0 view .LVU316
ARM GAS  C:\Users\user\AppData\Local\Temp\ccSdXByh.s 			page 58


 1091 0008 D0F804C0 		ldr	ip, [r0, #4]
 780:FreeRTOS/src/stream_buffer.c ****     } while( xOriginalTail != pxStreamBuffer->xTail );
 1092              		.loc 1 780 16 view .LVU317
 1093 000c A3EB0C03 		sub	r3, r3, ip
 1094              	.LVL114:
 781:FreeRTOS/src/stream_buffer.c **** 
 1095              		.loc 1 781 28 is_stmt 1 discriminator 1 view .LVU318
 781:FreeRTOS/src/stream_buffer.c **** 
 1096              		.loc 1 781 45 is_stmt 0 discriminator 1 view .LVU319
 1097 0010 D0F800C0 		ldr	ip, [r0]
 781:FreeRTOS/src/stream_buffer.c **** 
 1098              		.loc 1 781 28 discriminator 1 view .LVU320
 1099 0014 8C45     		cmp	ip, r1
 1100 0016 F3D1     		bne	.L69
 783:FreeRTOS/src/stream_buffer.c **** 
 1101              		.loc 1 783 5 is_stmt 1 view .LVU321
 783:FreeRTOS/src/stream_buffer.c **** 
 1102              		.loc 1 783 12 is_stmt 0 view .LVU322
 1103 0018 581E     		subs	r0, r3, #1
 1104              	.LVL115:
 785:FreeRTOS/src/stream_buffer.c ****     {
 1105              		.loc 1 785 5 is_stmt 1 view .LVU323
 785:FreeRTOS/src/stream_buffer.c ****     {
 1106              		.loc 1 785 7 is_stmt 0 view .LVU324
 1107 001a 8242     		cmp	r2, r0
 1108 001c 00D8     		bhi	.L68
 787:FreeRTOS/src/stream_buffer.c ****     }
 1109              		.loc 1 787 9 is_stmt 1 view .LVU325
 787:FreeRTOS/src/stream_buffer.c ****     }
 1110              		.loc 1 787 16 is_stmt 0 view .LVU326
 1111 001e 801A     		subs	r0, r0, r2
 1112              	.LVL116:
 791:FreeRTOS/src/stream_buffer.c ****     }
 1113              		.loc 1 791 33 is_stmt 1 view .LVU327
 794:FreeRTOS/src/stream_buffer.c **** 
 1114              		.loc 1 794 55 view .LVU328
 796:FreeRTOS/src/stream_buffer.c **** }
 1115              		.loc 1 796 5 view .LVU329
 1116              	.L68:
 797:FreeRTOS/src/stream_buffer.c **** /*-----------------------------------------------------------*/
 1117              		.loc 1 797 1 is_stmt 0 view .LVU330
 1118 0020 7047     		bx	lr
 1119              		.cfi_endproc
 1120              	.LFE143:
 1122              		.section	.text.xStreamBufferBytesAvailable,"ax",%progbits
 1123              		.align	1
 1124              		.global	xStreamBufferBytesAvailable
 1125              		.syntax unified
 1126              		.thumb
 1127              		.thumb_func
 1129              	xStreamBufferBytesAvailable:
 1130              	.LVL117:
 1131              	.LFB144:
 801:FreeRTOS/src/stream_buffer.c ****     const StreamBuffer_t * const pxStreamBuffer = xStreamBuffer;
 1132              		.loc 1 801 1 is_stmt 1 view -0
 1133              		.cfi_startproc
 1134              		@ args = 0, pretend = 0, frame = 0
ARM GAS  C:\Users\user\AppData\Local\Temp\ccSdXByh.s 			page 59


 1135              		@ frame_needed = 0, uses_anonymous_args = 0
 801:FreeRTOS/src/stream_buffer.c ****     const StreamBuffer_t * const pxStreamBuffer = xStreamBuffer;
 1136              		.loc 1 801 1 is_stmt 0 view .LVU332
 1137 0000 08B5     		push	{r3, lr}
 1138              	.LCFI23:
 1139              		.cfi_def_cfa_offset 8
 1140              		.cfi_offset 3, -8
 1141              		.cfi_offset 14, -4
 802:FreeRTOS/src/stream_buffer.c ****     size_t xReturn;
 1142              		.loc 1 802 5 is_stmt 1 view .LVU333
 1143              	.LVL118:
 803:FreeRTOS/src/stream_buffer.c **** 
 1144              		.loc 1 803 5 view .LVU334
 805:FreeRTOS/src/stream_buffer.c **** 
 1145              		.loc 1 805 60 view .LVU335
 807:FreeRTOS/src/stream_buffer.c **** 
 1146              		.loc 1 807 35 view .LVU336
 809:FreeRTOS/src/stream_buffer.c **** 
 1147              		.loc 1 809 5 view .LVU337
 809:FreeRTOS/src/stream_buffer.c **** 
 1148              		.loc 1 809 15 is_stmt 0 view .LVU338
 1149 0002 FFF7FEFF 		bl	prvBytesInBuffer
 1150              	.LVL119:
 811:FreeRTOS/src/stream_buffer.c **** 
 1151              		.loc 1 811 55 is_stmt 1 view .LVU339
 813:FreeRTOS/src/stream_buffer.c **** }
 1152              		.loc 1 813 5 view .LVU340
 814:FreeRTOS/src/stream_buffer.c **** /*-----------------------------------------------------------*/
 1153              		.loc 1 814 1 is_stmt 0 view .LVU341
 1154 0006 08BD     		pop	{r3, pc}
 1155              		.cfi_endproc
 1156              	.LFE144:
 1158              		.section	.text.xStreamBufferSend,"ax",%progbits
 1159              		.align	1
 1160              		.global	xStreamBufferSend
 1161              		.syntax unified
 1162              		.thumb
 1163              		.thumb_func
 1165              	xStreamBufferSend:
 1166              	.LVL120:
 1167              	.LFB145:
 821:FreeRTOS/src/stream_buffer.c ****     StreamBuffer_t * const pxStreamBuffer = xStreamBuffer;
 1168              		.loc 1 821 1 is_stmt 1 view -0
 1169              		.cfi_startproc
 1170              		@ args = 0, pretend = 0, frame = 16
 1171              		@ frame_needed = 0, uses_anonymous_args = 0
 821:FreeRTOS/src/stream_buffer.c ****     StreamBuffer_t * const pxStreamBuffer = xStreamBuffer;
 1172              		.loc 1 821 1 is_stmt 0 view .LVU343
 1173 0000 2DE9F041 		push	{r4, r5, r6, r7, r8, lr}
 1174              	.LCFI24:
 1175              		.cfi_def_cfa_offset 24
 1176              		.cfi_offset 4, -24
 1177              		.cfi_offset 5, -20
 1178              		.cfi_offset 6, -16
 1179              		.cfi_offset 7, -12
 1180              		.cfi_offset 8, -8
 1181              		.cfi_offset 14, -4
ARM GAS  C:\Users\user\AppData\Local\Temp\ccSdXByh.s 			page 60


 1182 0004 86B0     		sub	sp, sp, #24
 1183              	.LCFI25:
 1184              		.cfi_def_cfa_offset 48
 1185 0006 0446     		mov	r4, r0
 1186 0008 8846     		mov	r8, r1
 1187 000a 1746     		mov	r7, r2
 1188 000c 0393     		str	r3, [sp, #12]
 822:FreeRTOS/src/stream_buffer.c ****     size_t xReturn, xSpace = 0;
 1189              		.loc 1 822 5 is_stmt 1 view .LVU344
 1190              	.LVL121:
 823:FreeRTOS/src/stream_buffer.c ****     size_t xRequiredSpace = xDataLengthBytes;
 1191              		.loc 1 823 5 view .LVU345
 824:FreeRTOS/src/stream_buffer.c ****     TimeOut_t xTimeOut;
 1192              		.loc 1 824 5 view .LVU346
 825:FreeRTOS/src/stream_buffer.c ****     size_t xMaxReportedSpace = 0;
 1193              		.loc 1 825 5 view .LVU347
 826:FreeRTOS/src/stream_buffer.c **** 
 1194              		.loc 1 826 5 view .LVU348
 828:FreeRTOS/src/stream_buffer.c **** 
 1195              		.loc 1 828 92 view .LVU349
 830:FreeRTOS/src/stream_buffer.c ****     configASSERT( pxStreamBuffer );
 1196              		.loc 1 830 29 view .LVU350
 831:FreeRTOS/src/stream_buffer.c **** 
 1197              		.loc 1 831 35 view .LVU351
 835:FreeRTOS/src/stream_buffer.c **** 
 1198              		.loc 1 835 5 view .LVU352
 835:FreeRTOS/src/stream_buffer.c **** 
 1199              		.loc 1 835 39 is_stmt 0 view .LVU353
 1200 000e 8368     		ldr	r3, [r0, #8]
 1201              	.LVL122:
 835:FreeRTOS/src/stream_buffer.c **** 
 1202              		.loc 1 835 23 view .LVU354
 1203 0010 013B     		subs	r3, r3, #1
 1204              	.LVL123:
 841:FreeRTOS/src/stream_buffer.c ****     {
 1205              		.loc 1 841 5 is_stmt 1 view .LVU355
 841:FreeRTOS/src/stream_buffer.c ****     {
 1206              		.loc 1 841 25 is_stmt 0 view .LVU356
 1207 0012 027F     		ldrb	r2, [r0, #28]	@ zero_extendqisi2
 1208              	.LVL124:
 841:FreeRTOS/src/stream_buffer.c ****     {
 1209              		.loc 1 841 7 view .LVU357
 1210 0014 12F0010F 		tst	r2, #1
 1211 0018 2BD0     		beq	.L74
 843:FreeRTOS/src/stream_buffer.c **** 
 1212              		.loc 1 843 9 is_stmt 1 view .LVU358
 843:FreeRTOS/src/stream_buffer.c **** 
 1213              		.loc 1 843 24 is_stmt 0 view .LVU359
 1214 001a 3E1D     		adds	r6, r7, #4
 1215              	.LVL125:
 846:FreeRTOS/src/stream_buffer.c **** 
 1216              		.loc 1 846 58 is_stmt 1 view .LVU360
 850:FreeRTOS/src/stream_buffer.c ****         {
 1217              		.loc 1 850 9 view .LVU361
 850:FreeRTOS/src/stream_buffer.c ****         {
 1218              		.loc 1 850 11 is_stmt 0 view .LVU362
 1219 001c B342     		cmp	r3, r6
ARM GAS  C:\Users\user\AppData\Local\Temp\ccSdXByh.s 			page 61


 1220 001e 01D2     		bcs	.L75
 854:FreeRTOS/src/stream_buffer.c ****         }
 1221              		.loc 1 854 13 is_stmt 1 view .LVU363
 854:FreeRTOS/src/stream_buffer.c ****         }
 1222              		.loc 1 854 26 is_stmt 0 view .LVU364
 1223 0020 0023     		movs	r3, #0
 1224              	.LVL126:
 854:FreeRTOS/src/stream_buffer.c ****         }
 1225              		.loc 1 854 26 view .LVU365
 1226 0022 0393     		str	r3, [sp, #12]
 1227              	.LVL127:
 1228              	.L75:
 872:FreeRTOS/src/stream_buffer.c ****         }
 1229              		.loc 1 872 37 is_stmt 1 view .LVU366
 876:FreeRTOS/src/stream_buffer.c ****     {
 1230              		.loc 1 876 5 view .LVU367
 876:FreeRTOS/src/stream_buffer.c ****     {
 1231              		.loc 1 876 22 is_stmt 0 view .LVU368
 1232 0024 039B     		ldr	r3, [sp, #12]
 876:FreeRTOS/src/stream_buffer.c ****     {
 1233              		.loc 1 876 7 view .LVU369
 1234 0026 6BB3     		cbz	r3, .L76
 878:FreeRTOS/src/stream_buffer.c **** 
 1235              		.loc 1 878 9 is_stmt 1 view .LVU370
 1236 0028 04A8     		add	r0, sp, #16
 1237              	.LVL128:
 878:FreeRTOS/src/stream_buffer.c **** 
 1238              		.loc 1 878 9 is_stmt 0 view .LVU371
 1239 002a FFF7FEFF 		bl	vTaskSetTimeOutState
 1240              	.LVL129:
 1241              	.L78:
 880:FreeRTOS/src/stream_buffer.c ****         {
 1242              		.loc 1 880 9 is_stmt 1 view .LVU372
 884:FreeRTOS/src/stream_buffer.c ****             {
 1243              		.loc 1 884 13 view .LVU373
 1244 002e FFF7FEFF 		bl	vPortEnterCritical
 1245              	.LVL130:
 886:FreeRTOS/src/stream_buffer.c **** 
 1246              		.loc 1 886 17 view .LVU374
 886:FreeRTOS/src/stream_buffer.c **** 
 1247              		.loc 1 886 26 is_stmt 0 view .LVU375
 1248 0032 2046     		mov	r0, r4
 1249 0034 FFF7FEFF 		bl	xStreamBufferSpacesAvailable
 1250              	.LVL131:
 1251 0038 0546     		mov	r5, r0
 1252              	.LVL132:
 888:FreeRTOS/src/stream_buffer.c ****                 {
 1253              		.loc 1 888 17 is_stmt 1 view .LVU376
 888:FreeRTOS/src/stream_buffer.c ****                 {
 1254              		.loc 1 888 19 is_stmt 0 view .LVU377
 1255 003a 8642     		cmp	r6, r0
 1256 003c 1FD9     		bls	.L77
 891:FreeRTOS/src/stream_buffer.c **** 
 1257              		.loc 1 891 21 is_stmt 1 view .LVU378
 891:FreeRTOS/src/stream_buffer.c **** 
 1258              		.loc 1 891 30 is_stmt 0 view .LVU379
 1259 003e 216A     		ldr	r1, [r4, #32]
ARM GAS  C:\Users\user\AppData\Local\Temp\ccSdXByh.s 			page 62


 1260 0040 0020     		movs	r0, #0
 1261              	.LVL133:
 891:FreeRTOS/src/stream_buffer.c **** 
 1262              		.loc 1 891 30 view .LVU380
 1263 0042 FFF7FEFF 		bl	xTaskGenericNotifyStateClear
 1264              	.LVL134:
 894:FreeRTOS/src/stream_buffer.c ****                     pxStreamBuffer->xTaskWaitingToSend = xTaskGetCurrentTaskHandle();
 1265              		.loc 1 894 79 is_stmt 1 view .LVU381
 895:FreeRTOS/src/stream_buffer.c ****                 }
 1266              		.loc 1 895 21 view .LVU382
 895:FreeRTOS/src/stream_buffer.c ****                 }
 1267              		.loc 1 895 58 is_stmt 0 view .LVU383
 1268 0046 FFF7FEFF 		bl	xTaskGetCurrentTaskHandle
 1269              	.LVL135:
 895:FreeRTOS/src/stream_buffer.c ****                 }
 1270              		.loc 1 895 56 discriminator 1 view .LVU384
 1271 004a 6061     		str	r0, [r4, #20]
 903:FreeRTOS/src/stream_buffer.c **** 
 1272              		.loc 1 903 13 is_stmt 1 view .LVU385
 1273 004c FFF7FEFF 		bl	vPortExitCritical
 1274              	.LVL136:
 905:FreeRTOS/src/stream_buffer.c ****             ( void ) xTaskNotifyWaitIndexed( pxStreamBuffer->uxNotificationIndex, ( uint32_t ) 0, (
 1275              		.loc 1 905 65 view .LVU386
 906:FreeRTOS/src/stream_buffer.c ****             pxStreamBuffer->xTaskWaitingToSend = NULL;
 1276              		.loc 1 906 13 view .LVU387
 906:FreeRTOS/src/stream_buffer.c ****             pxStreamBuffer->xTaskWaitingToSend = NULL;
 1277              		.loc 1 906 22 is_stmt 0 view .LVU388
 1278 0050 039B     		ldr	r3, [sp, #12]
 1279 0052 0093     		str	r3, [sp]
 1280 0054 0023     		movs	r3, #0
 1281 0056 1A46     		mov	r2, r3
 1282 0058 1946     		mov	r1, r3
 1283 005a 206A     		ldr	r0, [r4, #32]
 1284 005c FFF7FEFF 		bl	xTaskGenericNotifyWait
 1285              	.LVL137:
 907:FreeRTOS/src/stream_buffer.c ****         } while( xTaskCheckForTimeOut( &xTimeOut, &xTicksToWait ) == pdFALSE );
 1286              		.loc 1 907 13 is_stmt 1 view .LVU389
 907:FreeRTOS/src/stream_buffer.c ****         } while( xTaskCheckForTimeOut( &xTimeOut, &xTicksToWait ) == pdFALSE );
 1287              		.loc 1 907 48 is_stmt 0 view .LVU390
 1288 0060 0023     		movs	r3, #0
 1289 0062 6361     		str	r3, [r4, #20]
 908:FreeRTOS/src/stream_buffer.c ****     }
 1290              		.loc 1 908 67 is_stmt 1 view .LVU391
 908:FreeRTOS/src/stream_buffer.c ****     }
 1291              		.loc 1 908 18 is_stmt 0 view .LVU392
 1292 0064 03A9     		add	r1, sp, #12
 1293 0066 04A8     		add	r0, sp, #16
 1294 0068 FFF7FEFF 		bl	xTaskCheckForTimeOut
 1295              	.LVL138:
 908:FreeRTOS/src/stream_buffer.c ****     }
 1296              		.loc 1 908 67 discriminator 1 view .LVU393
 1297 006c 0028     		cmp	r0, #0
 1298 006e DED0     		beq	.L78
 1299 0070 07E0     		b	.L79
 1300              	.LVL139:
 1301              	.L74:
 866:FreeRTOS/src/stream_buffer.c ****         {
ARM GAS  C:\Users\user\AppData\Local\Temp\ccSdXByh.s 			page 63


 1302              		.loc 1 866 9 is_stmt 1 view .LVU394
 866:FreeRTOS/src/stream_buffer.c ****         {
 1303              		.loc 1 866 11 is_stmt 0 view .LVU395
 1304 0072 9F42     		cmp	r7, r3
 1305 0074 01D8     		bhi	.L83
 824:FreeRTOS/src/stream_buffer.c ****     TimeOut_t xTimeOut;
 1306              		.loc 1 824 12 view .LVU396
 1307 0076 3E46     		mov	r6, r7
 1308 0078 D4E7     		b	.L75
 1309              	.L83:
 868:FreeRTOS/src/stream_buffer.c ****         }
 1310              		.loc 1 868 28 view .LVU397
 1311 007a 1E46     		mov	r6, r3
 1312 007c D2E7     		b	.L75
 1313              	.LVL140:
 1314              	.L77:
 899:FreeRTOS/src/stream_buffer.c ****                     break;
 1315              		.loc 1 899 21 is_stmt 1 view .LVU398
 1316 007e FFF7FEFF 		bl	vPortExitCritical
 1317              	.LVL141:
 900:FreeRTOS/src/stream_buffer.c ****                 }
 1318              		.loc 1 900 21 view .LVU399
 1319              	.L79:
 912:FreeRTOS/src/stream_buffer.c ****     }
 1320              		.loc 1 912 33 view .LVU400
 915:FreeRTOS/src/stream_buffer.c ****     {
 1321              		.loc 1 915 5 view .LVU401
 915:FreeRTOS/src/stream_buffer.c ****     {
 1322              		.loc 1 915 7 is_stmt 0 view .LVU402
 1323 0082 1DB9     		cbnz	r5, .L80
 1324              	.LVL142:
 1325              	.L76:
 917:FreeRTOS/src/stream_buffer.c ****     }
 1326              		.loc 1 917 9 is_stmt 1 view .LVU403
 917:FreeRTOS/src/stream_buffer.c ****     }
 1327              		.loc 1 917 18 is_stmt 0 view .LVU404
 1328 0084 2046     		mov	r0, r4
 1329 0086 FFF7FEFF 		bl	xStreamBufferSpacesAvailable
 1330              	.LVL143:
 1331 008a 0546     		mov	r5, r0
 1332              	.L80:
 1333              	.LVL144:
 921:FreeRTOS/src/stream_buffer.c ****     }
 1334              		.loc 1 921 33 is_stmt 1 view .LVU405
 924:FreeRTOS/src/stream_buffer.c **** 
 1335              		.loc 1 924 5 view .LVU406
 924:FreeRTOS/src/stream_buffer.c **** 
 1336              		.loc 1 924 15 is_stmt 0 view .LVU407
 1337 008c 0096     		str	r6, [sp]
 1338 008e 2B46     		mov	r3, r5
 1339 0090 3A46     		mov	r2, r7
 1340 0092 4146     		mov	r1, r8
 1341 0094 2046     		mov	r0, r4
 1342 0096 FFF7FEFF 		bl	prvWriteMessageToBuffer
 1343              	.LVL145:
 926:FreeRTOS/src/stream_buffer.c ****     {
 1344              		.loc 1 926 5 is_stmt 1 view .LVU408
ARM GAS  C:\Users\user\AppData\Local\Temp\ccSdXByh.s 			page 64


 926:FreeRTOS/src/stream_buffer.c ****     {
 1345              		.loc 1 926 7 is_stmt 0 view .LVU409
 1346 009a 0546     		mov	r5, r0
 1347              	.LVL146:
 926:FreeRTOS/src/stream_buffer.c ****     {
 1348              		.loc 1 926 7 view .LVU410
 1349 009c 18B9     		cbnz	r0, .L85
 1350              	.LVL147:
 1351              	.L73:
 949:FreeRTOS/src/stream_buffer.c **** /*-----------------------------------------------------------*/
 1352              		.loc 1 949 1 view .LVU411
 1353 009e 2846     		mov	r0, r5
 1354 00a0 06B0     		add	sp, sp, #24
 1355              	.LCFI26:
 1356              		.cfi_remember_state
 1357              		.cfi_def_cfa_offset 24
 1358              		@ sp needed
 1359 00a2 BDE8F081 		pop	{r4, r5, r6, r7, r8, pc}
 1360              	.LVL148:
 1361              	.L85:
 1362              	.LCFI27:
 1363              		.cfi_restore_state
 928:FreeRTOS/src/stream_buffer.c **** 
 1364              		.loc 1 928 58 is_stmt 1 view .LVU412
 931:FreeRTOS/src/stream_buffer.c ****         {
 1365              		.loc 1 931 9 view .LVU413
 931:FreeRTOS/src/stream_buffer.c ****         {
 1366              		.loc 1 931 13 is_stmt 0 view .LVU414
 1367 00a6 2046     		mov	r0, r4
 1368              	.LVL149:
 931:FreeRTOS/src/stream_buffer.c ****         {
 1369              		.loc 1 931 13 view .LVU415
 1370 00a8 FFF7FEFF 		bl	prvBytesInBuffer
 1371              	.LVL150:
 1372 00ac 0146     		mov	r1, r0
 931:FreeRTOS/src/stream_buffer.c ****         {
 1373              		.loc 1 931 13 discriminator 1 view .LVU416
 1374 00ae 2046     		mov	r0, r4
 1375 00b0 FFF7FEFF 		bl	prvBytesInBufferMeetTriggerLevel
 1376              	.LVL151:
 931:FreeRTOS/src/stream_buffer.c ****         {
 1377              		.loc 1 931 11 discriminator 2 view .LVU417
 1378 00b4 0028     		cmp	r0, #0
 1379 00b6 F2D0     		beq	.L73
 933:FreeRTOS/src/stream_buffer.c ****         }
 1380              		.loc 1 933 13 is_stmt 1 view .LVU418
 1381 00b8 FFF7FEFF 		bl	vTaskSuspendAll
 1382              	.LVL152:
 933:FreeRTOS/src/stream_buffer.c ****         }
 1383              		.loc 1 933 13 discriminator 1 view .LVU419
 1384 00bc 2369     		ldr	r3, [r4, #16]
 1385 00be 43B1     		cbz	r3, .L82
 933:FreeRTOS/src/stream_buffer.c ****         }
 1386              		.loc 1 933 13 discriminator 2 view .LVU420
 1387 00c0 2069     		ldr	r0, [r4, #16]
 1388 00c2 0026     		movs	r6, #0
 1389              	.LVL153:
ARM GAS  C:\Users\user\AppData\Local\Temp\ccSdXByh.s 			page 65


 933:FreeRTOS/src/stream_buffer.c ****         }
 1390              		.loc 1 933 13 is_stmt 0 discriminator 2 view .LVU421
 1391 00c4 0096     		str	r6, [sp]
 1392 00c6 3346     		mov	r3, r6
 1393 00c8 3246     		mov	r2, r6
 1394 00ca 216A     		ldr	r1, [r4, #32]
 1395 00cc FFF7FEFF 		bl	xTaskGenericNotify
 1396              	.LVL154:
 933:FreeRTOS/src/stream_buffer.c ****         }
 1397              		.loc 1 933 13 is_stmt 1 discriminator 4 view .LVU422
 1398 00d0 2661     		str	r6, [r4, #16]
 1399              	.L82:
 933:FreeRTOS/src/stream_buffer.c ****         }
 1400              		.loc 1 933 13 discriminator 5 view .LVU423
 1401 00d2 FFF7FEFF 		bl	xTaskResumeAll
 1402              	.LVL155:
 942:FreeRTOS/src/stream_buffer.c ****         traceSTREAM_BUFFER_SEND_FAILED( xStreamBuffer );
 1403              		.loc 1 942 33 view .LVU424
 943:FreeRTOS/src/stream_buffer.c ****     }
 1404              		.loc 1 943 56 view .LVU425
 946:FreeRTOS/src/stream_buffer.c **** 
 1405              		.loc 1 946 45 view .LVU426
 948:FreeRTOS/src/stream_buffer.c **** }
 1406              		.loc 1 948 5 view .LVU427
 948:FreeRTOS/src/stream_buffer.c **** }
 1407              		.loc 1 948 12 is_stmt 0 view .LVU428
 1408 00d6 E2E7     		b	.L73
 1409              		.cfi_endproc
 1410              	.LFE145:
 1412              		.section	.text.xStreamBufferSendFromISR,"ax",%progbits
 1413              		.align	1
 1414              		.global	xStreamBufferSendFromISR
 1415              		.syntax unified
 1416              		.thumb
 1417              		.thumb_func
 1419              	xStreamBufferSendFromISR:
 1420              	.LVL156:
 1421              	.LFB146:
 956:FreeRTOS/src/stream_buffer.c ****     StreamBuffer_t * const pxStreamBuffer = xStreamBuffer;
 1422              		.loc 1 956 1 is_stmt 1 view -0
 1423              		.cfi_startproc
 1424              		@ args = 0, pretend = 0, frame = 0
 1425              		@ frame_needed = 0, uses_anonymous_args = 0
 956:FreeRTOS/src/stream_buffer.c ****     StreamBuffer_t * const pxStreamBuffer = xStreamBuffer;
 1426              		.loc 1 956 1 is_stmt 0 view .LVU430
 1427 0000 2DE9F041 		push	{r4, r5, r6, r7, r8, lr}
 1428              	.LCFI28:
 1429              		.cfi_def_cfa_offset 24
 1430              		.cfi_offset 4, -24
 1431              		.cfi_offset 5, -20
 1432              		.cfi_offset 6, -16
 1433              		.cfi_offset 7, -12
 1434              		.cfi_offset 8, -8
 1435              		.cfi_offset 14, -4
 1436 0004 82B0     		sub	sp, sp, #8
 1437              	.LCFI29:
 1438              		.cfi_def_cfa_offset 32
ARM GAS  C:\Users\user\AppData\Local\Temp\ccSdXByh.s 			page 66


 1439 0006 0446     		mov	r4, r0
 1440 0008 0F46     		mov	r7, r1
 1441 000a 1546     		mov	r5, r2
 1442 000c 9846     		mov	r8, r3
 957:FreeRTOS/src/stream_buffer.c ****     size_t xReturn, xSpace;
 1443              		.loc 1 957 5 is_stmt 1 view .LVU431
 1444              	.LVL157:
 958:FreeRTOS/src/stream_buffer.c ****     size_t xRequiredSpace = xDataLengthBytes;
 1445              		.loc 1 958 5 view .LVU432
 959:FreeRTOS/src/stream_buffer.c **** 
 1446              		.loc 1 959 5 view .LVU433
 961:FreeRTOS/src/stream_buffer.c **** 
 1447              		.loc 1 961 112 view .LVU434
 963:FreeRTOS/src/stream_buffer.c ****     configASSERT( pxStreamBuffer );
 1448              		.loc 1 963 29 view .LVU435
 964:FreeRTOS/src/stream_buffer.c **** 
 1449              		.loc 1 964 35 view .LVU436
 970:FreeRTOS/src/stream_buffer.c ****     {
 1450              		.loc 1 970 5 view .LVU437
 970:FreeRTOS/src/stream_buffer.c ****     {
 1451              		.loc 1 970 25 is_stmt 0 view .LVU438
 1452 000e 037F     		ldrb	r3, [r0, #28]	@ zero_extendqisi2
 1453              	.LVL158:
 970:FreeRTOS/src/stream_buffer.c ****     {
 1454              		.loc 1 970 7 view .LVU439
 1455 0010 13F0010F 		tst	r3, #1
 1456 0014 12D0     		beq	.L90
 972:FreeRTOS/src/stream_buffer.c **** 
 1457              		.loc 1 972 9 is_stmt 1 view .LVU440
 972:FreeRTOS/src/stream_buffer.c **** 
 1458              		.loc 1 972 24 is_stmt 0 view .LVU441
 1459 0016 1346     		mov	r3, r2
 1460 0018 0433     		adds	r3, r3, #4
 1461 001a 1E46     		mov	r6, r3
 1462              	.LVL159:
 975:FreeRTOS/src/stream_buffer.c ****     }
 1463              		.loc 1 975 58 is_stmt 1 view .LVU442
 1464              	.L87:
 979:FreeRTOS/src/stream_buffer.c ****     }
 1465              		.loc 1 979 33 view .LVU443
 982:FreeRTOS/src/stream_buffer.c ****     xReturn = prvWriteMessageToBuffer( pxStreamBuffer, pvTxData, xDataLengthBytes, xSpace, xRequire
 1466              		.loc 1 982 5 view .LVU444
 982:FreeRTOS/src/stream_buffer.c ****     xReturn = prvWriteMessageToBuffer( pxStreamBuffer, pvTxData, xDataLengthBytes, xSpace, xRequire
 1467              		.loc 1 982 14 is_stmt 0 view .LVU445
 1468 001c 2046     		mov	r0, r4
 1469              	.LVL160:
 982:FreeRTOS/src/stream_buffer.c ****     xReturn = prvWriteMessageToBuffer( pxStreamBuffer, pvTxData, xDataLengthBytes, xSpace, xRequire
 1470              		.loc 1 982 14 view .LVU446
 1471 001e FFF7FEFF 		bl	xStreamBufferSpacesAvailable
 1472              	.LVL161:
 982:FreeRTOS/src/stream_buffer.c ****     xReturn = prvWriteMessageToBuffer( pxStreamBuffer, pvTxData, xDataLengthBytes, xSpace, xRequire
 1473              		.loc 1 982 14 view .LVU447
 1474 0022 0346     		mov	r3, r0
 1475              	.LVL162:
 983:FreeRTOS/src/stream_buffer.c **** 
 1476              		.loc 1 983 5 is_stmt 1 view .LVU448
 983:FreeRTOS/src/stream_buffer.c **** 
ARM GAS  C:\Users\user\AppData\Local\Temp\ccSdXByh.s 			page 67


 1477              		.loc 1 983 15 is_stmt 0 view .LVU449
 1478 0024 0096     		str	r6, [sp]
 1479 0026 2A46     		mov	r2, r5
 1480 0028 3946     		mov	r1, r7
 1481 002a 2046     		mov	r0, r4
 1482              	.LVL163:
 983:FreeRTOS/src/stream_buffer.c **** 
 1483              		.loc 1 983 15 view .LVU450
 1484 002c FFF7FEFF 		bl	prvWriteMessageToBuffer
 1485              	.LVL164:
 985:FreeRTOS/src/stream_buffer.c ****     {
 1486              		.loc 1 985 5 is_stmt 1 view .LVU451
 985:FreeRTOS/src/stream_buffer.c ****     {
 1487              		.loc 1 985 7 is_stmt 0 view .LVU452
 1488 0030 0646     		mov	r6, r0
 1489              	.LVL165:
 985:FreeRTOS/src/stream_buffer.c ****     {
 1490              		.loc 1 985 7 view .LVU453
 1491 0032 28B9     		cbnz	r0, .L92
 1492              	.LVL166:
 1493              	.L86:
1009:FreeRTOS/src/stream_buffer.c **** /*-----------------------------------------------------------*/
 1494              		.loc 1 1009 1 view .LVU454
 1495 0034 3046     		mov	r0, r6
 1496 0036 02B0     		add	sp, sp, #8
 1497              	.LCFI30:
 1498              		.cfi_remember_state
 1499              		.cfi_def_cfa_offset 24
 1500              		@ sp needed
 1501 0038 BDE8F081 		pop	{r4, r5, r6, r7, r8, pc}
 1502              	.LVL167:
 1503              	.L90:
 1504              	.LCFI31:
 1505              		.cfi_restore_state
 959:FreeRTOS/src/stream_buffer.c **** 
 1506              		.loc 1 959 12 view .LVU455
 1507 003c 1646     		mov	r6, r2
 1508 003e EDE7     		b	.L87
 1509              	.LVL168:
 1510              	.L92:
 988:FreeRTOS/src/stream_buffer.c ****         {
 1511              		.loc 1 988 9 is_stmt 1 view .LVU456
 988:FreeRTOS/src/stream_buffer.c ****         {
 1512              		.loc 1 988 13 is_stmt 0 view .LVU457
 1513 0040 2046     		mov	r0, r4
 1514              	.LVL169:
 988:FreeRTOS/src/stream_buffer.c ****         {
 1515              		.loc 1 988 13 view .LVU458
 1516 0042 FFF7FEFF 		bl	prvBytesInBuffer
 1517              	.LVL170:
 1518 0046 0146     		mov	r1, r0
 988:FreeRTOS/src/stream_buffer.c ****         {
 1519              		.loc 1 988 13 discriminator 1 view .LVU459
 1520 0048 2046     		mov	r0, r4
 1521 004a FFF7FEFF 		bl	prvBytesInBufferMeetTriggerLevel
 1522              	.LVL171:
 988:FreeRTOS/src/stream_buffer.c ****         {
ARM GAS  C:\Users\user\AppData\Local\Temp\ccSdXByh.s 			page 68


 1523              		.loc 1 988 11 discriminator 2 view .LVU460
 1524 004e 0028     		cmp	r0, #0
 1525 0050 F0D0     		beq	.L86
 993:FreeRTOS/src/stream_buffer.c ****         }
 1526              		.loc 1 993 13 is_stmt 1 view .LVU461
 1527              	.LBB28:
 993:FreeRTOS/src/stream_buffer.c ****         }
 1528              		.loc 1 993 13 view .LVU462
 993:FreeRTOS/src/stream_buffer.c ****         }
 1529              		.loc 1 993 13 view .LVU463
 1530              	.LBB29:
 1531              	.LBI29:
 229:FreeRTOS/portable/GCC/ARM_CM4F/portmacro.h **** {
 1532              		.loc 2 229 34 view .LVU464
 1533              	.LBB30:
 231:FreeRTOS/portable/GCC/ARM_CM4F/portmacro.h **** 
 1534              		.loc 2 231 5 view .LVU465
 233:FreeRTOS/portable/GCC/ARM_CM4F/portmacro.h ****     (
 1535              		.loc 2 233 5 view .LVU466
 1536              		.syntax unified
 1537              	@ 233 "FreeRTOS/portable/GCC/ARM_CM4F/portmacro.h" 1
 1538 0052 EFF31183 		   mrs r3, basepri                                         
 1539 0056 4FF05002 	   mov r2, #80                                              
 1540 005a 82F31188 	   msr basepri, r2                                         
 1541 005e BFF36F8F 	   isb                                                     
 1542 0062 BFF34F8F 	   dsb                                                     
 1543              	
 1544              	@ 0 "" 2
 1545              		.thumb
 1546              		.syntax unified
 1547 0066 1F46     		mov	r7, r3
 1548              	.LVL172:
 245:FreeRTOS/portable/GCC/ARM_CM4F/portmacro.h **** }
 1549              		.loc 2 245 5 view .LVU467
 245:FreeRTOS/portable/GCC/ARM_CM4F/portmacro.h **** }
 1550              		.loc 2 245 5 is_stmt 0 view .LVU468
 1551              	.LBE30:
 1552              	.LBE29:
 993:FreeRTOS/src/stream_buffer.c ****         }
 1553              		.loc 1 993 13 is_stmt 1 discriminator 1 view .LVU469
 1554 0068 2369     		ldr	r3, [r4, #16]
 1555              	.LVL173:
 993:FreeRTOS/src/stream_buffer.c ****         }
 1556              		.loc 1 993 13 is_stmt 0 discriminator 1 view .LVU470
 1557 006a 53B1     		cbz	r3, .L89
 993:FreeRTOS/src/stream_buffer.c ****         }
 1558              		.loc 1 993 13 is_stmt 1 discriminator 2 view .LVU471
 1559 006c 2069     		ldr	r0, [r4, #16]
 1560 006e CDF80480 		str	r8, [sp, #4]
 1561 0072 0023     		movs	r3, #0
 1562 0074 1D46     		mov	r5, r3
 1563              	.LVL174:
 993:FreeRTOS/src/stream_buffer.c ****         }
 1564              		.loc 1 993 13 is_stmt 0 discriminator 2 view .LVU472
 1565 0076 0093     		str	r3, [sp]
 1566 0078 1A46     		mov	r2, r3
 1567 007a 216A     		ldr	r1, [r4, #32]
ARM GAS  C:\Users\user\AppData\Local\Temp\ccSdXByh.s 			page 69


 1568 007c FFF7FEFF 		bl	xTaskGenericNotifyFromISR
 1569              	.LVL175:
 993:FreeRTOS/src/stream_buffer.c ****         }
 1570              		.loc 1 993 13 is_stmt 1 discriminator 4 view .LVU473
 1571 0080 2561     		str	r5, [r4, #16]
 1572              	.L89:
 993:FreeRTOS/src/stream_buffer.c ****         }
 1573              		.loc 1 993 13 discriminator 5 view .LVU474
 1574              	.LBB31:
 1575              	.LBI31:
 249:FreeRTOS/portable/GCC/ARM_CM4F/portmacro.h **** {
 1576              		.loc 2 249 30 view .LVU475
 1577              	.LBB32:
 1578              		.loc 2 251 5 view .LVU476
 1579              		.syntax unified
 1580              	@ 251 "FreeRTOS/portable/GCC/ARM_CM4F/portmacro.h" 1
 1581 0082 87F31188 		   msr basepri, r7 
 1582              	@ 0 "" 2
 1583              		.thumb
 1584              		.syntax unified
 1585              	.LBE32:
 1586              	.LBE31:
 1587              	.LBE28:
 993:FreeRTOS/src/stream_buffer.c ****         }
 1588              		.loc 1 993 13 discriminator 6 view .LVU477
1002:FreeRTOS/src/stream_buffer.c ****     }
 1589              		.loc 1 1002 33 view .LVU478
1005:FreeRTOS/src/stream_buffer.c ****     traceRETURN_xStreamBufferSendFromISR( xReturn );
 1590              		.loc 1 1005 63 view .LVU479
1006:FreeRTOS/src/stream_buffer.c **** 
 1591              		.loc 1 1006 52 view .LVU480
1008:FreeRTOS/src/stream_buffer.c **** }
 1592              		.loc 1 1008 5 view .LVU481
1008:FreeRTOS/src/stream_buffer.c **** }
 1593              		.loc 1 1008 12 is_stmt 0 view .LVU482
 1594 0086 D5E7     		b	.L86
 1595              		.cfi_endproc
 1596              	.LFE146:
 1598              		.section	.text.xStreamBufferReceive,"ax",%progbits
 1599              		.align	1
 1600              		.global	xStreamBufferReceive
 1601              		.syntax unified
 1602              		.thumb
 1603              		.thumb_func
 1605              	xStreamBufferReceive:
 1606              	.LVL176:
 1607              	.LFB148:
1069:FreeRTOS/src/stream_buffer.c ****     StreamBuffer_t * const pxStreamBuffer = xStreamBuffer;
 1608              		.loc 1 1069 1 is_stmt 1 view -0
 1609              		.cfi_startproc
 1610              		@ args = 0, pretend = 0, frame = 0
 1611              		@ frame_needed = 0, uses_anonymous_args = 0
1069:FreeRTOS/src/stream_buffer.c ****     StreamBuffer_t * const pxStreamBuffer = xStreamBuffer;
 1612              		.loc 1 1069 1 is_stmt 0 view .LVU484
 1613 0000 2DE9F043 		push	{r4, r5, r6, r7, r8, r9, lr}
 1614              	.LCFI32:
 1615              		.cfi_def_cfa_offset 28
ARM GAS  C:\Users\user\AppData\Local\Temp\ccSdXByh.s 			page 70


 1616              		.cfi_offset 4, -28
 1617              		.cfi_offset 5, -24
 1618              		.cfi_offset 6, -20
 1619              		.cfi_offset 7, -16
 1620              		.cfi_offset 8, -12
 1621              		.cfi_offset 9, -8
 1622              		.cfi_offset 14, -4
 1623 0004 83B0     		sub	sp, sp, #12
 1624              	.LCFI33:
 1625              		.cfi_def_cfa_offset 40
 1626 0006 0446     		mov	r4, r0
 1627 0008 8846     		mov	r8, r1
 1628 000a 9146     		mov	r9, r2
 1629 000c 1F46     		mov	r7, r3
1070:FreeRTOS/src/stream_buffer.c ****     size_t xReceivedLength = 0, xBytesAvailable, xBytesToStoreMessageLength;
 1630              		.loc 1 1070 5 is_stmt 1 view .LVU485
 1631              	.LVL177:
1071:FreeRTOS/src/stream_buffer.c **** 
 1632              		.loc 1 1071 5 view .LVU486
1073:FreeRTOS/src/stream_buffer.c **** 
 1633              		.loc 1 1073 97 view .LVU487
1075:FreeRTOS/src/stream_buffer.c ****     configASSERT( pxStreamBuffer );
 1634              		.loc 1 1075 29 view .LVU488
1076:FreeRTOS/src/stream_buffer.c **** 
 1635              		.loc 1 1076 35 view .LVU489
1083:FreeRTOS/src/stream_buffer.c ****     {
 1636              		.loc 1 1083 5 view .LVU490
1083:FreeRTOS/src/stream_buffer.c ****     {
 1637              		.loc 1 1083 25 is_stmt 0 view .LVU491
 1638 000e 037F     		ldrb	r3, [r0, #28]	@ zero_extendqisi2
 1639              	.LVL178:
1083:FreeRTOS/src/stream_buffer.c ****     {
 1640              		.loc 1 1083 7 view .LVU492
 1641 0010 13F0010F 		tst	r3, #1
 1642 0014 04D1     		bne	.L100
1087:FreeRTOS/src/stream_buffer.c ****     {
 1643              		.loc 1 1087 10 is_stmt 1 view .LVU493
1087:FreeRTOS/src/stream_buffer.c ****     {
 1644              		.loc 1 1087 12 is_stmt 0 view .LVU494
 1645 0016 13F0040F 		tst	r3, #4
 1646 001a 1DD0     		beq	.L101
1091:FreeRTOS/src/stream_buffer.c ****     }
 1647              		.loc 1 1091 9 is_stmt 1 view .LVU495
1091:FreeRTOS/src/stream_buffer.c ****     }
 1648              		.loc 1 1091 36 is_stmt 0 view .LVU496
 1649 001c C668     		ldr	r6, [r0, #12]
 1650              	.LVL179:
1091:FreeRTOS/src/stream_buffer.c ****     }
 1651              		.loc 1 1091 36 view .LVU497
 1652 001e 00E0     		b	.L94
 1653              	.LVL180:
 1654              	.L100:
1085:FreeRTOS/src/stream_buffer.c ****     }
 1655              		.loc 1 1085 36 view .LVU498
 1656 0020 0426     		movs	r6, #4
 1657              	.L94:
 1658              	.LVL181:
ARM GAS  C:\Users\user\AppData\Local\Temp\ccSdXByh.s 			page 71


1098:FreeRTOS/src/stream_buffer.c ****     {
 1659              		.loc 1 1098 5 is_stmt 1 view .LVU499
1098:FreeRTOS/src/stream_buffer.c ****     {
 1660              		.loc 1 1098 7 is_stmt 0 view .LVU500
 1661 0022 1FB3     		cbz	r7, .L95
1102:FreeRTOS/src/stream_buffer.c ****         {
 1662              		.loc 1 1102 9 is_stmt 1 view .LVU501
 1663 0024 FFF7FEFF 		bl	vPortEnterCritical
 1664              	.LVL182:
1104:FreeRTOS/src/stream_buffer.c **** 
 1665              		.loc 1 1104 13 view .LVU502
1104:FreeRTOS/src/stream_buffer.c **** 
 1666              		.loc 1 1104 31 is_stmt 0 view .LVU503
 1667 0028 2046     		mov	r0, r4
 1668 002a FFF7FEFF 		bl	prvBytesInBuffer
 1669              	.LVL183:
 1670 002e 0546     		mov	r5, r0
 1671              	.LVL184:
1113:FreeRTOS/src/stream_buffer.c ****             {
 1672              		.loc 1 1113 13 is_stmt 1 view .LVU504
1113:FreeRTOS/src/stream_buffer.c ****             {
 1673              		.loc 1 1113 15 is_stmt 0 view .LVU505
 1674 0030 8642     		cmp	r6, r0
 1675 0032 13D2     		bcs	.L104
 1676              	.LVL185:
 1677              	.L96:
1124:FreeRTOS/src/stream_buffer.c ****             }
 1678              		.loc 1 1124 41 is_stmt 1 view .LVU506
1127:FreeRTOS/src/stream_buffer.c **** 
 1679              		.loc 1 1127 9 view .LVU507
 1680 0034 FFF7FEFF 		bl	vPortExitCritical
 1681              	.LVL186:
1129:FreeRTOS/src/stream_buffer.c ****         {
 1682              		.loc 1 1129 9 view .LVU508
1129:FreeRTOS/src/stream_buffer.c ****         {
 1683              		.loc 1 1129 11 is_stmt 0 view .LVU509
 1684 0038 AE42     		cmp	r6, r5
 1685 003a 1BD3     		bcc	.L97
1132:FreeRTOS/src/stream_buffer.c ****             ( void ) xTaskNotifyWaitIndexed( pxStreamBuffer->uxNotificationIndex, ( uint32_t ) 0, (
 1686              		.loc 1 1132 68 is_stmt 1 view .LVU510
1133:FreeRTOS/src/stream_buffer.c ****             pxStreamBuffer->xTaskWaitingToReceive = NULL;
 1687              		.loc 1 1133 13 view .LVU511
1133:FreeRTOS/src/stream_buffer.c ****             pxStreamBuffer->xTaskWaitingToReceive = NULL;
 1688              		.loc 1 1133 22 is_stmt 0 view .LVU512
 1689 003c 0097     		str	r7, [sp]
 1690 003e 0023     		movs	r3, #0
 1691 0040 1A46     		mov	r2, r3
 1692 0042 1946     		mov	r1, r3
 1693 0044 206A     		ldr	r0, [r4, #32]
 1694 0046 FFF7FEFF 		bl	xTaskGenericNotifyWait
 1695              	.LVL187:
1134:FreeRTOS/src/stream_buffer.c **** 
 1696              		.loc 1 1134 13 is_stmt 1 view .LVU513
1134:FreeRTOS/src/stream_buffer.c **** 
 1697              		.loc 1 1134 51 is_stmt 0 view .LVU514
 1698 004a 0023     		movs	r3, #0
 1699 004c 2361     		str	r3, [r4, #16]
ARM GAS  C:\Users\user\AppData\Local\Temp\ccSdXByh.s 			page 72


1137:FreeRTOS/src/stream_buffer.c ****         }
 1700              		.loc 1 1137 13 is_stmt 1 view .LVU515
1137:FreeRTOS/src/stream_buffer.c ****         }
 1701              		.loc 1 1137 31 is_stmt 0 view .LVU516
 1702 004e 2046     		mov	r0, r4
 1703 0050 FFF7FEFF 		bl	prvBytesInBuffer
 1704              	.LVL188:
 1705 0054 0546     		mov	r5, r0
 1706              	.LVL189:
1137:FreeRTOS/src/stream_buffer.c ****         }
 1707              		.loc 1 1137 31 view .LVU517
 1708 0056 0DE0     		b	.L97
 1709              	.LVL190:
 1710              	.L101:
1095:FreeRTOS/src/stream_buffer.c ****     }
 1711              		.loc 1 1095 36 view .LVU518
 1712 0058 0026     		movs	r6, #0
 1713 005a E2E7     		b	.L94
 1714              	.LVL191:
 1715              	.L104:
1116:FreeRTOS/src/stream_buffer.c **** 
 1716              		.loc 1 1116 17 is_stmt 1 view .LVU519
1116:FreeRTOS/src/stream_buffer.c **** 
 1717              		.loc 1 1116 26 is_stmt 0 view .LVU520
 1718 005c 216A     		ldr	r1, [r4, #32]
 1719 005e 0020     		movs	r0, #0
 1720              	.LVL192:
1116:FreeRTOS/src/stream_buffer.c **** 
 1721              		.loc 1 1116 26 view .LVU521
 1722 0060 FFF7FEFF 		bl	xTaskGenericNotifyStateClear
 1723              	.LVL193:
1119:FreeRTOS/src/stream_buffer.c ****                 pxStreamBuffer->xTaskWaitingToReceive = xTaskGetCurrentTaskHandle();
 1724              		.loc 1 1119 78 is_stmt 1 view .LVU522
1120:FreeRTOS/src/stream_buffer.c ****             }
 1725              		.loc 1 1120 17 view .LVU523
1120:FreeRTOS/src/stream_buffer.c ****             }
 1726              		.loc 1 1120 57 is_stmt 0 view .LVU524
 1727 0064 FFF7FEFF 		bl	xTaskGetCurrentTaskHandle
 1728              	.LVL194:
1120:FreeRTOS/src/stream_buffer.c ****             }
 1729              		.loc 1 1120 55 discriminator 1 view .LVU525
 1730 0068 2061     		str	r0, [r4, #16]
 1731 006a E3E7     		b	.L96
 1732              	.LVL195:
 1733              	.L95:
1146:FreeRTOS/src/stream_buffer.c ****     }
 1734              		.loc 1 1146 9 is_stmt 1 view .LVU526
1146:FreeRTOS/src/stream_buffer.c ****     }
 1735              		.loc 1 1146 27 is_stmt 0 view .LVU527
 1736 006c 2046     		mov	r0, r4
 1737              	.LVL196:
1146:FreeRTOS/src/stream_buffer.c ****     }
 1738              		.loc 1 1146 27 view .LVU528
 1739 006e FFF7FEFF 		bl	prvBytesInBuffer
 1740              	.LVL197:
1146:FreeRTOS/src/stream_buffer.c ****     }
 1741              		.loc 1 1146 27 view .LVU529
ARM GAS  C:\Users\user\AppData\Local\Temp\ccSdXByh.s 			page 73


 1742 0072 0546     		mov	r5, r0
 1743              	.L97:
 1744              	.LVL198:
1154:FreeRTOS/src/stream_buffer.c ****     {
 1745              		.loc 1 1154 5 is_stmt 1 view .LVU530
1154:FreeRTOS/src/stream_buffer.c ****     {
 1746              		.loc 1 1154 7 is_stmt 0 view .LVU531
 1747 0074 B542     		cmp	r5, r6
 1748 0076 04D8     		bhi	.L105
1071:FreeRTOS/src/stream_buffer.c **** 
 1749              		.loc 1 1071 12 view .LVU532
 1750 0078 0025     		movs	r5, #0
 1751              	.LVL199:
1171:FreeRTOS/src/stream_buffer.c ****         mtCOVERAGE_TEST_MARKER();
 1752              		.loc 1 1171 59 is_stmt 1 view .LVU533
1172:FreeRTOS/src/stream_buffer.c ****     }
 1753              		.loc 1 1172 33 view .LVU534
1175:FreeRTOS/src/stream_buffer.c **** 
 1754              		.loc 1 1175 56 view .LVU535
1177:FreeRTOS/src/stream_buffer.c **** }
 1755              		.loc 1 1177 5 view .LVU536
 1756              	.L93:
1178:FreeRTOS/src/stream_buffer.c **** /*-----------------------------------------------------------*/
 1757              		.loc 1 1178 1 is_stmt 0 view .LVU537
 1758 007a 2846     		mov	r0, r5
 1759 007c 03B0     		add	sp, sp, #12
 1760              	.LCFI34:
 1761              		.cfi_remember_state
 1762              		.cfi_def_cfa_offset 28
 1763              		@ sp needed
 1764 007e BDE8F083 		pop	{r4, r5, r6, r7, r8, r9, pc}
 1765              	.LVL200:
 1766              	.L105:
 1767              	.LCFI35:
 1768              		.cfi_restore_state
1156:FreeRTOS/src/stream_buffer.c **** 
 1769              		.loc 1 1156 9 is_stmt 1 view .LVU538
1156:FreeRTOS/src/stream_buffer.c **** 
 1770              		.loc 1 1156 27 is_stmt 0 view .LVU539
 1771 0082 2B46     		mov	r3, r5
 1772 0084 4A46     		mov	r2, r9
 1773 0086 4146     		mov	r1, r8
 1774 0088 2046     		mov	r0, r4
 1775 008a FFF7FEFF 		bl	prvReadMessageFromBuffer
 1776              	.LVL201:
1159:FreeRTOS/src/stream_buffer.c ****         {
 1777              		.loc 1 1159 9 is_stmt 1 view .LVU540
1159:FreeRTOS/src/stream_buffer.c ****         {
 1778              		.loc 1 1159 11 is_stmt 0 view .LVU541
 1779 008e 0546     		mov	r5, r0
 1780              	.LVL202:
1159:FreeRTOS/src/stream_buffer.c ****         {
 1781              		.loc 1 1159 11 view .LVU542
 1782 0090 0028     		cmp	r0, #0
 1783 0092 F2D0     		beq	.L93
1161:FreeRTOS/src/stream_buffer.c ****             prvRECEIVE_COMPLETED( xStreamBuffer );
 1784              		.loc 1 1161 73 is_stmt 1 view .LVU543
ARM GAS  C:\Users\user\AppData\Local\Temp\ccSdXByh.s 			page 74


1162:FreeRTOS/src/stream_buffer.c ****         }
 1785              		.loc 1 1162 13 view .LVU544
1162:FreeRTOS/src/stream_buffer.c ****         }
 1786              		.loc 1 1162 13 view .LVU545
 1787 0094 FFF7FEFF 		bl	vTaskSuspendAll
 1788              	.LVL203:
1162:FreeRTOS/src/stream_buffer.c ****         }
 1789              		.loc 1 1162 13 discriminator 1 view .LVU546
 1790 0098 6369     		ldr	r3, [r4, #20]
 1791 009a 43B1     		cbz	r3, .L99
1162:FreeRTOS/src/stream_buffer.c ****         }
 1792              		.loc 1 1162 13 discriminator 2 view .LVU547
 1793 009c 6069     		ldr	r0, [r4, #20]
 1794 009e 0026     		movs	r6, #0
 1795              	.LVL204:
1162:FreeRTOS/src/stream_buffer.c ****         }
 1796              		.loc 1 1162 13 is_stmt 0 discriminator 2 view .LVU548
 1797 00a0 0096     		str	r6, [sp]
 1798 00a2 3346     		mov	r3, r6
 1799 00a4 3246     		mov	r2, r6
 1800 00a6 216A     		ldr	r1, [r4, #32]
 1801 00a8 FFF7FEFF 		bl	xTaskGenericNotify
 1802              	.LVL205:
1162:FreeRTOS/src/stream_buffer.c ****         }
 1803              		.loc 1 1162 13 is_stmt 1 discriminator 4 view .LVU549
 1804 00ac 6661     		str	r6, [r4, #20]
 1805              	.L99:
1162:FreeRTOS/src/stream_buffer.c ****         }
 1806              		.loc 1 1162 13 discriminator 5 view .LVU550
 1807 00ae FFF7FEFF 		bl	xTaskResumeAll
 1808              	.LVL206:
1162:FreeRTOS/src/stream_buffer.c ****         }
 1809              		.loc 1 1162 13 discriminator 6 view .LVU551
 1810 00b2 E2E7     		b	.L93
 1811              		.cfi_endproc
 1812              	.LFE148:
 1814              		.section	.text.xStreamBufferNextMessageLengthBytes,"ax",%progbits
 1815              		.align	1
 1816              		.global	xStreamBufferNextMessageLengthBytes
 1817              		.syntax unified
 1818              		.thumb
 1819              		.thumb_func
 1821              	xStreamBufferNextMessageLengthBytes:
 1822              	.LVL207:
 1823              	.LFB149:
1182:FreeRTOS/src/stream_buffer.c ****     StreamBuffer_t * const pxStreamBuffer = xStreamBuffer;
 1824              		.loc 1 1182 1 view -0
 1825              		.cfi_startproc
 1826              		@ args = 0, pretend = 0, frame = 8
 1827              		@ frame_needed = 0, uses_anonymous_args = 0
1183:FreeRTOS/src/stream_buffer.c ****     size_t xReturn, xBytesAvailable;
 1828              		.loc 1 1183 5 view .LVU553
1184:FreeRTOS/src/stream_buffer.c ****     configMESSAGE_BUFFER_LENGTH_TYPE xTempReturn;
 1829              		.loc 1 1184 5 view .LVU554
1185:FreeRTOS/src/stream_buffer.c **** 
 1830              		.loc 1 1185 5 view .LVU555
1187:FreeRTOS/src/stream_buffer.c **** 
ARM GAS  C:\Users\user\AppData\Local\Temp\ccSdXByh.s 			page 75


 1831              		.loc 1 1187 68 view .LVU556
1189:FreeRTOS/src/stream_buffer.c **** 
 1832              		.loc 1 1189 35 view .LVU557
1192:FreeRTOS/src/stream_buffer.c ****     {
 1833              		.loc 1 1192 5 view .LVU558
1192:FreeRTOS/src/stream_buffer.c ****     {
 1834              		.loc 1 1192 25 is_stmt 0 view .LVU559
 1835 0000 037F     		ldrb	r3, [r0, #28]	@ zero_extendqisi2
1192:FreeRTOS/src/stream_buffer.c ****     {
 1836              		.loc 1 1192 7 view .LVU560
 1837 0002 13F0010F 		tst	r3, #1
 1838 0006 01D1     		bne	.L114
1216:FreeRTOS/src/stream_buffer.c ****     }
 1839              		.loc 1 1216 17 view .LVU561
 1840 0008 0020     		movs	r0, #0
 1841              	.LVL208:
1222:FreeRTOS/src/stream_buffer.c **** /*-----------------------------------------------------------*/
 1842              		.loc 1 1222 1 view .LVU562
 1843 000a 7047     		bx	lr
 1844              	.LVL209:
 1845              	.L114:
1182:FreeRTOS/src/stream_buffer.c ****     StreamBuffer_t * const pxStreamBuffer = xStreamBuffer;
 1846              		.loc 1 1182 1 view .LVU563
 1847 000c 10B5     		push	{r4, lr}
 1848              	.LCFI36:
 1849              		.cfi_def_cfa_offset 8
 1850              		.cfi_offset 4, -8
 1851              		.cfi_offset 14, -4
 1852 000e 82B0     		sub	sp, sp, #8
 1853              	.LCFI37:
 1854              		.cfi_def_cfa_offset 16
 1855 0010 0446     		mov	r4, r0
1194:FreeRTOS/src/stream_buffer.c **** 
 1856              		.loc 1 1194 9 is_stmt 1 view .LVU564
1194:FreeRTOS/src/stream_buffer.c **** 
 1857              		.loc 1 1194 27 is_stmt 0 view .LVU565
 1858 0012 FFF7FEFF 		bl	prvBytesInBuffer
 1859              	.LVL210:
1196:FreeRTOS/src/stream_buffer.c ****         {
 1860              		.loc 1 1196 9 is_stmt 1 view .LVU566
1196:FreeRTOS/src/stream_buffer.c ****         {
 1861              		.loc 1 1196 11 is_stmt 0 view .LVU567
 1862 0016 0428     		cmp	r0, #4
 1863 0018 02D8     		bhi	.L115
1211:FreeRTOS/src/stream_buffer.c ****         }
 1864              		.loc 1 1211 21 view .LVU568
 1865 001a 0020     		movs	r0, #0
 1866              	.LVL211:
1219:FreeRTOS/src/stream_buffer.c **** 
 1867              		.loc 1 1219 63 is_stmt 1 view .LVU569
1221:FreeRTOS/src/stream_buffer.c **** }
 1868              		.loc 1 1221 5 view .LVU570
 1869              	.L106:
1222:FreeRTOS/src/stream_buffer.c **** /*-----------------------------------------------------------*/
 1870              		.loc 1 1222 1 is_stmt 0 view .LVU571
 1871 001c 02B0     		add	sp, sp, #8
 1872              	.LCFI38:
ARM GAS  C:\Users\user\AppData\Local\Temp\ccSdXByh.s 			page 76


 1873              		.cfi_remember_state
 1874              		.cfi_def_cfa_offset 8
 1875              		@ sp needed
 1876 001e 10BD     		pop	{r4, pc}
 1877              	.LVL212:
 1878              	.L115:
 1879              	.LCFI39:
 1880              		.cfi_restore_state
1201:FreeRTOS/src/stream_buffer.c ****             xReturn = ( size_t ) xTempReturn;
 1881              		.loc 1 1201 13 is_stmt 1 view .LVU572
1201:FreeRTOS/src/stream_buffer.c ****             xReturn = ( size_t ) xTempReturn;
 1882              		.loc 1 1201 137 is_stmt 0 view .LVU573
 1883 0020 2046     		mov	r0, r4
 1884              	.LVL213:
1201:FreeRTOS/src/stream_buffer.c ****             xReturn = ( size_t ) xTempReturn;
 1885              		.loc 1 1201 137 view .LVU574
 1886 0022 2368     		ldr	r3, [r4]
1201:FreeRTOS/src/stream_buffer.c ****             xReturn = ( size_t ) xTempReturn;
 1887              		.loc 1 1201 22 view .LVU575
 1888 0024 0422     		movs	r2, #4
 1889 0026 0DEB0201 		add	r1, sp, r2
 1890 002a FFF7FEFF 		bl	prvReadBytesFromBuffer
 1891              	.LVL214:
1202:FreeRTOS/src/stream_buffer.c ****         }
 1892              		.loc 1 1202 13 is_stmt 1 view .LVU576
1202:FreeRTOS/src/stream_buffer.c ****         }
 1893              		.loc 1 1202 21 is_stmt 0 view .LVU577
 1894 002e 0198     		ldr	r0, [sp, #4]
 1895              	.LVL215:
1202:FreeRTOS/src/stream_buffer.c ****         }
 1896              		.loc 1 1202 21 view .LVU578
 1897 0030 F4E7     		b	.L106
 1898              		.cfi_endproc
 1899              	.LFE149:
 1901              		.section	.text.xStreamBufferReceiveFromISR,"ax",%progbits
 1902              		.align	1
 1903              		.global	xStreamBufferReceiveFromISR
 1904              		.syntax unified
 1905              		.thumb
 1906              		.thumb_func
 1908              	xStreamBufferReceiveFromISR:
 1909              	.LVL216:
 1910              	.LFB150:
1229:FreeRTOS/src/stream_buffer.c ****     StreamBuffer_t * const pxStreamBuffer = xStreamBuffer;
 1911              		.loc 1 1229 1 is_stmt 1 view -0
 1912              		.cfi_startproc
 1913              		@ args = 0, pretend = 0, frame = 0
 1914              		@ frame_needed = 0, uses_anonymous_args = 0
1229:FreeRTOS/src/stream_buffer.c ****     StreamBuffer_t * const pxStreamBuffer = xStreamBuffer;
 1915              		.loc 1 1229 1 is_stmt 0 view .LVU580
 1916 0000 2DE9F041 		push	{r4, r5, r6, r7, r8, lr}
 1917              	.LCFI40:
 1918              		.cfi_def_cfa_offset 24
 1919              		.cfi_offset 4, -24
 1920              		.cfi_offset 5, -20
 1921              		.cfi_offset 6, -16
 1922              		.cfi_offset 7, -12
ARM GAS  C:\Users\user\AppData\Local\Temp\ccSdXByh.s 			page 77


 1923              		.cfi_offset 8, -8
 1924              		.cfi_offset 14, -4
 1925 0004 82B0     		sub	sp, sp, #8
 1926              	.LCFI41:
 1927              		.cfi_def_cfa_offset 32
 1928 0006 0446     		mov	r4, r0
 1929 0008 0E46     		mov	r6, r1
 1930 000a 1746     		mov	r7, r2
 1931 000c 9846     		mov	r8, r3
1230:FreeRTOS/src/stream_buffer.c ****     size_t xReceivedLength = 0, xBytesAvailable, xBytesToStoreMessageLength;
 1932              		.loc 1 1230 5 is_stmt 1 view .LVU581
 1933              	.LVL217:
1231:FreeRTOS/src/stream_buffer.c **** 
 1934              		.loc 1 1231 5 view .LVU582
1233:FreeRTOS/src/stream_buffer.c **** 
 1935              		.loc 1 1233 117 view .LVU583
1235:FreeRTOS/src/stream_buffer.c ****     configASSERT( pxStreamBuffer );
 1936              		.loc 1 1235 29 view .LVU584
1236:FreeRTOS/src/stream_buffer.c **** 
 1937              		.loc 1 1236 35 view .LVU585
1243:FreeRTOS/src/stream_buffer.c ****     {
 1938              		.loc 1 1243 5 view .LVU586
1243:FreeRTOS/src/stream_buffer.c ****     {
 1939              		.loc 1 1243 25 is_stmt 0 view .LVU587
 1940 000e 037F     		ldrb	r3, [r0, #28]	@ zero_extendqisi2
 1941              	.LVL218:
1243:FreeRTOS/src/stream_buffer.c ****     {
 1942              		.loc 1 1243 7 view .LVU588
 1943 0010 13F0010F 		tst	r3, #1
 1944 0014 0CD0     		beq	.L120
1245:FreeRTOS/src/stream_buffer.c ****     }
 1945              		.loc 1 1245 36 view .LVU589
 1946 0016 0423     		movs	r3, #4
 1947 0018 1D46     		mov	r5, r3
 1948              	.L117:
 1949              	.LVL219:
1252:FreeRTOS/src/stream_buffer.c **** 
 1950              		.loc 1 1252 5 is_stmt 1 view .LVU590
1252:FreeRTOS/src/stream_buffer.c **** 
 1951              		.loc 1 1252 23 is_stmt 0 view .LVU591
 1952 001a 2046     		mov	r0, r4
 1953              	.LVL220:
1252:FreeRTOS/src/stream_buffer.c **** 
 1954              		.loc 1 1252 23 view .LVU592
 1955 001c FFF7FEFF 		bl	prvBytesInBuffer
 1956              	.LVL221:
1259:FreeRTOS/src/stream_buffer.c ****     {
 1957              		.loc 1 1259 5 is_stmt 1 view .LVU593
1259:FreeRTOS/src/stream_buffer.c ****     {
 1958              		.loc 1 1259 7 is_stmt 0 view .LVU594
 1959 0020 8542     		cmp	r5, r0
 1960 0022 08D3     		bcc	.L123
1231:FreeRTOS/src/stream_buffer.c **** 
 1961              		.loc 1 1231 12 view .LVU595
 1962 0024 0023     		movs	r3, #0
 1963 0026 1E46     		mov	r6, r3
 1964              	.LVL222:
ARM GAS  C:\Users\user\AppData\Local\Temp\ccSdXByh.s 			page 78


1278:FreeRTOS/src/stream_buffer.c ****     }
 1965              		.loc 1 1278 33 is_stmt 1 view .LVU596
1281:FreeRTOS/src/stream_buffer.c ****     traceRETURN_xStreamBufferReceiveFromISR( xReceivedLength );
 1966              		.loc 1 1281 74 view .LVU597
1282:FreeRTOS/src/stream_buffer.c **** 
 1967              		.loc 1 1282 63 view .LVU598
1284:FreeRTOS/src/stream_buffer.c **** }
 1968              		.loc 1 1284 5 view .LVU599
 1969              	.L116:
1285:FreeRTOS/src/stream_buffer.c **** /*-----------------------------------------------------------*/
 1970              		.loc 1 1285 1 is_stmt 0 view .LVU600
 1971 0028 3046     		mov	r0, r6
 1972 002a 02B0     		add	sp, sp, #8
 1973              	.LCFI42:
 1974              		.cfi_remember_state
 1975              		.cfi_def_cfa_offset 24
 1976              		@ sp needed
 1977 002c BDE8F081 		pop	{r4, r5, r6, r7, r8, pc}
 1978              	.LVL223:
 1979              	.L120:
 1980              	.LCFI43:
 1981              		.cfi_restore_state
1249:FreeRTOS/src/stream_buffer.c ****     }
 1982              		.loc 1 1249 36 view .LVU601
 1983 0030 0023     		movs	r3, #0
 1984 0032 1D46     		mov	r5, r3
 1985 0034 F1E7     		b	.L117
 1986              	.LVL224:
 1987              	.L123:
1261:FreeRTOS/src/stream_buffer.c **** 
 1988              		.loc 1 1261 9 is_stmt 1 view .LVU602
1261:FreeRTOS/src/stream_buffer.c **** 
 1989              		.loc 1 1261 27 is_stmt 0 view .LVU603
 1990 0036 0346     		mov	r3, r0
 1991 0038 3A46     		mov	r2, r7
 1992 003a 3146     		mov	r1, r6
 1993 003c 2046     		mov	r0, r4
 1994              	.LVL225:
1261:FreeRTOS/src/stream_buffer.c **** 
 1995              		.loc 1 1261 27 view .LVU604
 1996 003e FFF7FEFF 		bl	prvReadMessageFromBuffer
 1997              	.LVL226:
1264:FreeRTOS/src/stream_buffer.c ****         {
 1998              		.loc 1 1264 9 is_stmt 1 view .LVU605
1264:FreeRTOS/src/stream_buffer.c ****         {
 1999              		.loc 1 1264 11 is_stmt 0 view .LVU606
 2000 0042 0646     		mov	r6, r0
 2001              	.LVL227:
1264:FreeRTOS/src/stream_buffer.c ****         {
 2002              		.loc 1 1264 11 view .LVU607
 2003 0044 0028     		cmp	r0, #0
 2004 0046 EFD0     		beq	.L116
1269:FreeRTOS/src/stream_buffer.c ****         }
 2005              		.loc 1 1269 13 is_stmt 1 view .LVU608
 2006              	.LBB33:
1269:FreeRTOS/src/stream_buffer.c ****         }
 2007              		.loc 1 1269 13 view .LVU609
ARM GAS  C:\Users\user\AppData\Local\Temp\ccSdXByh.s 			page 79


1269:FreeRTOS/src/stream_buffer.c ****         }
 2008              		.loc 1 1269 13 view .LVU610
 2009              	.LBB34:
 2010              	.LBI34:
 229:FreeRTOS/portable/GCC/ARM_CM4F/portmacro.h **** {
 2011              		.loc 2 229 34 view .LVU611
 2012              	.LBB35:
 231:FreeRTOS/portable/GCC/ARM_CM4F/portmacro.h **** 
 2013              		.loc 2 231 5 view .LVU612
 233:FreeRTOS/portable/GCC/ARM_CM4F/portmacro.h ****     (
 2014              		.loc 2 233 5 view .LVU613
 2015              		.syntax unified
 2016              	@ 233 "FreeRTOS/portable/GCC/ARM_CM4F/portmacro.h" 1
 2017 0048 EFF31183 		   mrs r3, basepri                                         
 2018 004c 4FF05002 	   mov r2, #80                                              
 2019 0050 82F31188 	   msr basepri, r2                                         
 2020 0054 BFF36F8F 	   isb                                                     
 2021 0058 BFF34F8F 	   dsb                                                     
 2022              	
 2023              	@ 0 "" 2
 2024              		.thumb
 2025              		.syntax unified
 2026 005c 1F46     		mov	r7, r3
 2027              	.LVL228:
 245:FreeRTOS/portable/GCC/ARM_CM4F/portmacro.h **** }
 2028              		.loc 2 245 5 view .LVU614
 245:FreeRTOS/portable/GCC/ARM_CM4F/portmacro.h **** }
 2029              		.loc 2 245 5 is_stmt 0 view .LVU615
 2030              	.LBE35:
 2031              	.LBE34:
1269:FreeRTOS/src/stream_buffer.c ****         }
 2032              		.loc 1 1269 13 is_stmt 1 discriminator 1 view .LVU616
 2033 005e 6369     		ldr	r3, [r4, #20]
 2034              	.LVL229:
1269:FreeRTOS/src/stream_buffer.c ****         }
 2035              		.loc 1 1269 13 is_stmt 0 discriminator 1 view .LVU617
 2036 0060 53B1     		cbz	r3, .L119
1269:FreeRTOS/src/stream_buffer.c ****         }
 2037              		.loc 1 1269 13 is_stmt 1 discriminator 2 view .LVU618
 2038 0062 6069     		ldr	r0, [r4, #20]
 2039              	.LVL230:
1269:FreeRTOS/src/stream_buffer.c ****         }
 2040              		.loc 1 1269 13 is_stmt 0 discriminator 2 view .LVU619
 2041 0064 CDF80480 		str	r8, [sp, #4]
 2042 0068 0023     		movs	r3, #0
 2043 006a 1D46     		mov	r5, r3
 2044              	.LVL231:
1269:FreeRTOS/src/stream_buffer.c ****         }
 2045              		.loc 1 1269 13 discriminator 2 view .LVU620
 2046 006c 0093     		str	r3, [sp]
 2047 006e 1A46     		mov	r2, r3
 2048 0070 216A     		ldr	r1, [r4, #32]
 2049 0072 FFF7FEFF 		bl	xTaskGenericNotifyFromISR
 2050              	.LVL232:
1269:FreeRTOS/src/stream_buffer.c ****         }
 2051              		.loc 1 1269 13 is_stmt 1 discriminator 4 view .LVU621
 2052 0076 6561     		str	r5, [r4, #20]
ARM GAS  C:\Users\user\AppData\Local\Temp\ccSdXByh.s 			page 80


 2053              	.L119:
1269:FreeRTOS/src/stream_buffer.c ****         }
 2054              		.loc 1 1269 13 discriminator 5 view .LVU622
 2055              	.LBB36:
 2056              	.LBI36:
 249:FreeRTOS/portable/GCC/ARM_CM4F/portmacro.h **** {
 2057              		.loc 2 249 30 view .LVU623
 2058              	.LBB37:
 2059              		.loc 2 251 5 view .LVU624
 2060              		.syntax unified
 2061              	@ 251 "FreeRTOS/portable/GCC/ARM_CM4F/portmacro.h" 1
 2062 0078 87F31188 		   msr basepri, r7 
 2063              	@ 0 "" 2
 2064              		.thumb
 2065              		.syntax unified
 2066              	.LBE37:
 2067              	.LBE36:
 2068              	.LBE33:
1269:FreeRTOS/src/stream_buffer.c ****         }
 2069              		.loc 1 1269 13 discriminator 6 view .LVU625
 2070              	.LBB40:
 2071              	.LBB39:
 2072              	.LBB38:
 252:FreeRTOS/portable/GCC/ARM_CM4F/portmacro.h ****     (
 253:FreeRTOS/portable/GCC/ARM_CM4F/portmacro.h ****         "   msr basepri, %0 " ::"r" ( ulNewMaskValue ) : "memory"
 254:FreeRTOS/portable/GCC/ARM_CM4F/portmacro.h ****     );
 255:FreeRTOS/portable/GCC/ARM_CM4F/portmacro.h **** }
 2073              		.loc 2 255 1 is_stmt 0 view .LVU626
 2074 007c D4E7     		b	.L116
 2075              	.LBE38:
 2076              	.LBE39:
 2077              	.LBE40:
 2078              		.cfi_endproc
 2079              	.LFE150:
 2081              		.section	.text.xStreamBufferIsEmpty,"ax",%progbits
 2082              		.align	1
 2083              		.global	xStreamBufferIsEmpty
 2084              		.syntax unified
 2085              		.thumb
 2086              		.thumb_func
 2088              	xStreamBufferIsEmpty:
 2089              	.LVL233:
 2090              	.LFB152:
1344:FreeRTOS/src/stream_buffer.c ****     const StreamBuffer_t * const pxStreamBuffer = xStreamBuffer;
 2091              		.loc 1 1344 1 is_stmt 1 view -0
 2092              		.cfi_startproc
 2093              		@ args = 0, pretend = 0, frame = 0
 2094              		@ frame_needed = 0, uses_anonymous_args = 0
 2095              		@ link register save eliminated.
1345:FreeRTOS/src/stream_buffer.c ****     BaseType_t xReturn;
 2096              		.loc 1 1345 5 view .LVU628
1346:FreeRTOS/src/stream_buffer.c ****     size_t xTail;
 2097              		.loc 1 1346 5 view .LVU629
1347:FreeRTOS/src/stream_buffer.c **** 
 2098              		.loc 1 1347 5 view .LVU630
1349:FreeRTOS/src/stream_buffer.c **** 
 2099              		.loc 1 1349 53 view .LVU631
ARM GAS  C:\Users\user\AppData\Local\Temp\ccSdXByh.s 			page 81


1351:FreeRTOS/src/stream_buffer.c **** 
 2100              		.loc 1 1351 35 view .LVU632
1354:FreeRTOS/src/stream_buffer.c **** 
 2101              		.loc 1 1354 5 view .LVU633
1354:FreeRTOS/src/stream_buffer.c **** 
 2102              		.loc 1 1354 11 is_stmt 0 view .LVU634
 2103 0000 0368     		ldr	r3, [r0]
 2104              	.LVL234:
1356:FreeRTOS/src/stream_buffer.c ****     {
 2105              		.loc 1 1356 5 is_stmt 1 view .LVU635
1356:FreeRTOS/src/stream_buffer.c ****     {
 2106              		.loc 1 1356 23 is_stmt 0 view .LVU636
 2107 0002 4268     		ldr	r2, [r0, #4]
1356:FreeRTOS/src/stream_buffer.c ****     {
 2108              		.loc 1 1356 7 view .LVU637
 2109 0004 9A42     		cmp	r2, r3
 2110 0006 01D0     		beq	.L127
1362:FreeRTOS/src/stream_buffer.c ****     }
 2111              		.loc 1 1362 17 view .LVU638
 2112 0008 0020     		movs	r0, #0
 2113              	.LVL235:
1365:FreeRTOS/src/stream_buffer.c **** 
 2114              		.loc 1 1365 48 is_stmt 1 view .LVU639
1367:FreeRTOS/src/stream_buffer.c **** }
 2115              		.loc 1 1367 5 view .LVU640
1368:FreeRTOS/src/stream_buffer.c **** /*-----------------------------------------------------------*/
 2116              		.loc 1 1368 1 is_stmt 0 view .LVU641
 2117 000a 7047     		bx	lr
 2118              	.LVL236:
 2119              	.L127:
1358:FreeRTOS/src/stream_buffer.c ****     }
 2120              		.loc 1 1358 17 view .LVU642
 2121 000c 0120     		movs	r0, #1
 2122              	.LVL237:
1358:FreeRTOS/src/stream_buffer.c ****     }
 2123              		.loc 1 1358 17 view .LVU643
 2124 000e 7047     		bx	lr
 2125              		.cfi_endproc
 2126              	.LFE152:
 2128              		.section	.text.xStreamBufferIsFull,"ax",%progbits
 2129              		.align	1
 2130              		.global	xStreamBufferIsFull
 2131              		.syntax unified
 2132              		.thumb
 2133              		.thumb_func
 2135              	xStreamBufferIsFull:
 2136              	.LVL238:
 2137              	.LFB153:
1372:FreeRTOS/src/stream_buffer.c ****     BaseType_t xReturn;
 2138              		.loc 1 1372 1 is_stmt 1 view -0
 2139              		.cfi_startproc
 2140              		@ args = 0, pretend = 0, frame = 0
 2141              		@ frame_needed = 0, uses_anonymous_args = 0
1372:FreeRTOS/src/stream_buffer.c ****     BaseType_t xReturn;
 2142              		.loc 1 1372 1 is_stmt 0 view .LVU645
 2143 0000 10B5     		push	{r4, lr}
 2144              	.LCFI44:
ARM GAS  C:\Users\user\AppData\Local\Temp\ccSdXByh.s 			page 82


 2145              		.cfi_def_cfa_offset 8
 2146              		.cfi_offset 4, -8
 2147              		.cfi_offset 14, -4
1373:FreeRTOS/src/stream_buffer.c ****     size_t xBytesToStoreMessageLength;
 2148              		.loc 1 1373 5 is_stmt 1 view .LVU646
1374:FreeRTOS/src/stream_buffer.c ****     const StreamBuffer_t * const pxStreamBuffer = xStreamBuffer;
 2149              		.loc 1 1374 5 view .LVU647
1375:FreeRTOS/src/stream_buffer.c **** 
 2150              		.loc 1 1375 5 view .LVU648
 2151              	.LVL239:
1377:FreeRTOS/src/stream_buffer.c **** 
 2152              		.loc 1 1377 52 view .LVU649
1379:FreeRTOS/src/stream_buffer.c **** 
 2153              		.loc 1 1379 35 view .LVU650
1385:FreeRTOS/src/stream_buffer.c ****     {
 2154              		.loc 1 1385 5 view .LVU651
1385:FreeRTOS/src/stream_buffer.c ****     {
 2155              		.loc 1 1385 25 is_stmt 0 view .LVU652
 2156 0002 037F     		ldrb	r3, [r0, #28]	@ zero_extendqisi2
1385:FreeRTOS/src/stream_buffer.c ****     {
 2157              		.loc 1 1385 7 view .LVU653
 2158 0004 13F0010F 		tst	r3, #1
 2159 0008 07D0     		beq	.L131
1387:FreeRTOS/src/stream_buffer.c ****     }
 2160              		.loc 1 1387 36 view .LVU654
 2161 000a 0423     		movs	r3, #4
 2162 000c 1C46     		mov	r4, r3
 2163              	.L129:
 2164              	.LVL240:
1395:FreeRTOS/src/stream_buffer.c ****     {
 2165              		.loc 1 1395 5 is_stmt 1 view .LVU655
1395:FreeRTOS/src/stream_buffer.c ****     {
 2166              		.loc 1 1395 9 is_stmt 0 view .LVU656
 2167 000e FFF7FEFF 		bl	xStreamBufferSpacesAvailable
 2168              	.LVL241:
1395:FreeRTOS/src/stream_buffer.c ****     {
 2169              		.loc 1 1395 7 discriminator 1 view .LVU657
 2170 0012 A042     		cmp	r0, r4
 2171 0014 04D8     		bhi	.L132
1397:FreeRTOS/src/stream_buffer.c ****     }
 2172              		.loc 1 1397 17 view .LVU658
 2173 0016 0120     		movs	r0, #1
 2174              	.L128:
1407:FreeRTOS/src/stream_buffer.c **** /*-----------------------------------------------------------*/
 2175              		.loc 1 1407 1 view .LVU659
 2176 0018 10BD     		pop	{r4, pc}
 2177              	.LVL242:
 2178              	.L131:
1391:FreeRTOS/src/stream_buffer.c ****     }
 2179              		.loc 1 1391 36 view .LVU660
 2180 001a 0023     		movs	r3, #0
 2181 001c 1C46     		mov	r4, r3
 2182 001e F6E7     		b	.L129
 2183              	.LVL243:
 2184              	.L132:
1401:FreeRTOS/src/stream_buffer.c ****     }
 2185              		.loc 1 1401 17 view .LVU661
ARM GAS  C:\Users\user\AppData\Local\Temp\ccSdXByh.s 			page 83


 2186 0020 0020     		movs	r0, #0
 2187              	.LVL244:
1404:FreeRTOS/src/stream_buffer.c **** 
 2188              		.loc 1 1404 47 is_stmt 1 view .LVU662
1406:FreeRTOS/src/stream_buffer.c **** }
 2189              		.loc 1 1406 5 view .LVU663
1406:FreeRTOS/src/stream_buffer.c **** }
 2190              		.loc 1 1406 12 is_stmt 0 view .LVU664
 2191 0022 F9E7     		b	.L128
 2192              		.cfi_endproc
 2193              	.LFE153:
 2195              		.section	.text.xStreamBufferSendCompletedFromISR,"ax",%progbits
 2196              		.align	1
 2197              		.global	xStreamBufferSendCompletedFromISR
 2198              		.syntax unified
 2199              		.thumb
 2200              		.thumb_func
 2202              	xStreamBufferSendCompletedFromISR:
 2203              	.LVL245:
 2204              	.LFB154:
1412:FreeRTOS/src/stream_buffer.c ****     StreamBuffer_t * const pxStreamBuffer = xStreamBuffer;
 2205              		.loc 1 1412 1 is_stmt 1 view -0
 2206              		.cfi_startproc
 2207              		@ args = 0, pretend = 0, frame = 0
 2208              		@ frame_needed = 0, uses_anonymous_args = 0
1412:FreeRTOS/src/stream_buffer.c ****     StreamBuffer_t * const pxStreamBuffer = xStreamBuffer;
 2209              		.loc 1 1412 1 is_stmt 0 view .LVU666
 2210 0000 70B5     		push	{r4, r5, r6, lr}
 2211              	.LCFI45:
 2212              		.cfi_def_cfa_offset 16
 2213              		.cfi_offset 4, -16
 2214              		.cfi_offset 5, -12
 2215              		.cfi_offset 6, -8
 2216              		.cfi_offset 14, -4
 2217 0002 82B0     		sub	sp, sp, #8
 2218              	.LCFI46:
 2219              		.cfi_def_cfa_offset 24
1413:FreeRTOS/src/stream_buffer.c ****     BaseType_t xReturn;
 2220              		.loc 1 1413 5 is_stmt 1 view .LVU667
 2221              	.LVL246:
1414:FreeRTOS/src/stream_buffer.c ****     UBaseType_t uxSavedInterruptStatus;
 2222              		.loc 1 1414 5 view .LVU668
1415:FreeRTOS/src/stream_buffer.c **** 
 2223              		.loc 1 1415 5 view .LVU669
1417:FreeRTOS/src/stream_buffer.c **** 
 2224              		.loc 1 1417 93 view .LVU670
1419:FreeRTOS/src/stream_buffer.c **** 
 2225              		.loc 1 1419 35 view .LVU671
1424:FreeRTOS/src/stream_buffer.c ****     {
 2226              		.loc 1 1424 5 view .LVU672
 2227              	.LBB41:
 2228              	.LBI41:
 229:FreeRTOS/portable/GCC/ARM_CM4F/portmacro.h **** {
 2229              		.loc 2 229 34 view .LVU673
 2230              	.LBB42:
 231:FreeRTOS/portable/GCC/ARM_CM4F/portmacro.h **** 
 2231              		.loc 2 231 5 view .LVU674
ARM GAS  C:\Users\user\AppData\Local\Temp\ccSdXByh.s 			page 84


 233:FreeRTOS/portable/GCC/ARM_CM4F/portmacro.h ****     (
 2232              		.loc 2 233 5 view .LVU675
 2233              		.syntax unified
 2234              	@ 233 "FreeRTOS/portable/GCC/ARM_CM4F/portmacro.h" 1
 2235 0004 EFF31183 		   mrs r3, basepri                                         
 2236 0008 4FF05002 	   mov r2, #80                                              
 2237 000c 82F31188 	   msr basepri, r2                                         
 2238 0010 BFF36F8F 	   isb                                                     
 2239 0014 BFF34F8F 	   dsb                                                     
 2240              	
 2241              	@ 0 "" 2
 2242              		.thumb
 2243              		.syntax unified
 2244 0018 1E46     		mov	r6, r3
 245:FreeRTOS/portable/GCC/ARM_CM4F/portmacro.h **** }
 2245              		.loc 2 245 5 view .LVU676
 2246              	.LVL247:
 245:FreeRTOS/portable/GCC/ARM_CM4F/portmacro.h **** }
 2247              		.loc 2 245 5 is_stmt 0 view .LVU677
 2248              	.LBE42:
 2249              	.LBE41:
1426:FreeRTOS/src/stream_buffer.c ****         {
 2250              		.loc 1 1426 9 is_stmt 1 view .LVU678
1426:FreeRTOS/src/stream_buffer.c ****         {
 2251              		.loc 1 1426 31 is_stmt 0 view .LVU679
 2252 001a 0369     		ldr	r3, [r0, #16]
 2253              	.LVL248:
1426:FreeRTOS/src/stream_buffer.c ****         {
 2254              		.loc 1 1426 11 view .LVU680
 2255 001c 7BB1     		cbz	r3, .L136
 2256 001e 0446     		mov	r4, r0
1428:FreeRTOS/src/stream_buffer.c ****                                                 ( pxStreamBuffer )->uxNotificationIndex,
 2257              		.loc 1 1428 13 is_stmt 1 view .LVU681
1428:FreeRTOS/src/stream_buffer.c ****                                                 ( pxStreamBuffer )->uxNotificationIndex,
 2258              		.loc 1 1428 22 is_stmt 0 view .LVU682
 2259 0020 0069     		ldr	r0, [r0, #16]
 2260              	.LVL249:
1428:FreeRTOS/src/stream_buffer.c ****                                                 ( pxStreamBuffer )->uxNotificationIndex,
 2261              		.loc 1 1428 22 view .LVU683
 2262 0022 0191     		str	r1, [sp, #4]
 2263 0024 0025     		movs	r5, #0
 2264 0026 0095     		str	r5, [sp]
 2265 0028 2B46     		mov	r3, r5
 2266 002a 2A46     		mov	r2, r5
 2267 002c 216A     		ldr	r1, [r4, #32]
 2268              	.LVL250:
1428:FreeRTOS/src/stream_buffer.c ****                                                 ( pxStreamBuffer )->uxNotificationIndex,
 2269              		.loc 1 1428 22 view .LVU684
 2270 002e FFF7FEFF 		bl	xTaskGenericNotifyFromISR
 2271              	.LVL251:
1433:FreeRTOS/src/stream_buffer.c ****             xReturn = pdTRUE;
 2272              		.loc 1 1433 13 is_stmt 1 view .LVU685
1433:FreeRTOS/src/stream_buffer.c ****             xReturn = pdTRUE;
 2273              		.loc 1 1433 55 is_stmt 0 view .LVU686
 2274 0032 2561     		str	r5, [r4, #16]
1434:FreeRTOS/src/stream_buffer.c ****         }
 2275              		.loc 1 1434 13 is_stmt 1 view .LVU687
ARM GAS  C:\Users\user\AppData\Local\Temp\ccSdXByh.s 			page 85


 2276              	.LVL252:
1434:FreeRTOS/src/stream_buffer.c ****         }
 2277              		.loc 1 1434 21 is_stmt 0 view .LVU688
 2278 0034 0120     		movs	r0, #1
 2279              	.LVL253:
 2280              	.L135:
1441:FreeRTOS/src/stream_buffer.c **** 
 2281              		.loc 1 1441 5 is_stmt 1 view .LVU689
 2282              	.LBB43:
 2283              	.LBI43:
 249:FreeRTOS/portable/GCC/ARM_CM4F/portmacro.h **** {
 2284              		.loc 2 249 30 view .LVU690
 2285              	.LBB44:
 251:FreeRTOS/portable/GCC/ARM_CM4F/portmacro.h ****     (
 2286              		.loc 2 251 5 view .LVU691
 2287              		.syntax unified
 2288              	@ 251 "FreeRTOS/portable/GCC/ARM_CM4F/portmacro.h" 1
 2289 0036 86F31188 		   msr basepri, r6 
 2290              	@ 0 "" 2
 2291              		.thumb
 2292              		.syntax unified
 2293              	.LBE44:
 2294              	.LBE43:
1443:FreeRTOS/src/stream_buffer.c **** 
 2295              		.loc 1 1443 61 view .LVU692
1445:FreeRTOS/src/stream_buffer.c **** }
 2296              		.loc 1 1445 5 view .LVU693
1446:FreeRTOS/src/stream_buffer.c **** /*-----------------------------------------------------------*/
 2297              		.loc 1 1446 1 is_stmt 0 view .LVU694
 2298 003a 02B0     		add	sp, sp, #8
 2299              	.LCFI47:
 2300              		.cfi_remember_state
 2301              		.cfi_def_cfa_offset 16
 2302              		@ sp needed
 2303 003c 70BD     		pop	{r4, r5, r6, pc}
 2304              	.LVL254:
 2305              	.L136:
 2306              	.LCFI48:
 2307              		.cfi_restore_state
1438:FreeRTOS/src/stream_buffer.c ****         }
 2308              		.loc 1 1438 21 view .LVU695
 2309 003e 1846     		mov	r0, r3
 2310              	.LVL255:
1438:FreeRTOS/src/stream_buffer.c ****         }
 2311              		.loc 1 1438 21 view .LVU696
 2312 0040 F9E7     		b	.L135
 2313              		.cfi_endproc
 2314              	.LFE154:
 2316              		.section	.text.xStreamBufferReceiveCompletedFromISR,"ax",%progbits
 2317              		.align	1
 2318              		.global	xStreamBufferReceiveCompletedFromISR
 2319              		.syntax unified
 2320              		.thumb
 2321              		.thumb_func
 2323              	xStreamBufferReceiveCompletedFromISR:
 2324              	.LVL256:
 2325              	.LFB155:
ARM GAS  C:\Users\user\AppData\Local\Temp\ccSdXByh.s 			page 86


1451:FreeRTOS/src/stream_buffer.c ****     StreamBuffer_t * const pxStreamBuffer = xStreamBuffer;
 2326              		.loc 1 1451 1 is_stmt 1 view -0
 2327              		.cfi_startproc
 2328              		@ args = 0, pretend = 0, frame = 0
 2329              		@ frame_needed = 0, uses_anonymous_args = 0
1451:FreeRTOS/src/stream_buffer.c ****     StreamBuffer_t * const pxStreamBuffer = xStreamBuffer;
 2330              		.loc 1 1451 1 is_stmt 0 view .LVU698
 2331 0000 70B5     		push	{r4, r5, r6, lr}
 2332              	.LCFI49:
 2333              		.cfi_def_cfa_offset 16
 2334              		.cfi_offset 4, -16
 2335              		.cfi_offset 5, -12
 2336              		.cfi_offset 6, -8
 2337              		.cfi_offset 14, -4
 2338 0002 82B0     		sub	sp, sp, #8
 2339              	.LCFI50:
 2340              		.cfi_def_cfa_offset 24
1452:FreeRTOS/src/stream_buffer.c ****     BaseType_t xReturn;
 2341              		.loc 1 1452 5 is_stmt 1 view .LVU699
 2342              	.LVL257:
1453:FreeRTOS/src/stream_buffer.c ****     UBaseType_t uxSavedInterruptStatus;
 2343              		.loc 1 1453 5 view .LVU700
1454:FreeRTOS/src/stream_buffer.c **** 
 2344              		.loc 1 1454 5 view .LVU701
1456:FreeRTOS/src/stream_buffer.c **** 
 2345              		.loc 1 1456 96 view .LVU702
1458:FreeRTOS/src/stream_buffer.c **** 
 2346              		.loc 1 1458 35 view .LVU703
1463:FreeRTOS/src/stream_buffer.c ****     {
 2347              		.loc 1 1463 5 view .LVU704
 2348              	.LBB45:
 2349              	.LBI45:
 229:FreeRTOS/portable/GCC/ARM_CM4F/portmacro.h **** {
 2350              		.loc 2 229 34 view .LVU705
 2351              	.LBB46:
 231:FreeRTOS/portable/GCC/ARM_CM4F/portmacro.h **** 
 2352              		.loc 2 231 5 view .LVU706
 233:FreeRTOS/portable/GCC/ARM_CM4F/portmacro.h ****     (
 2353              		.loc 2 233 5 view .LVU707
 2354              		.syntax unified
 2355              	@ 233 "FreeRTOS/portable/GCC/ARM_CM4F/portmacro.h" 1
 2356 0004 EFF31183 		   mrs r3, basepri                                         
 2357 0008 4FF05002 	   mov r2, #80                                              
 2358 000c 82F31188 	   msr basepri, r2                                         
 2359 0010 BFF36F8F 	   isb                                                     
 2360 0014 BFF34F8F 	   dsb                                                     
 2361              	
 2362              	@ 0 "" 2
 2363              		.thumb
 2364              		.syntax unified
 2365 0018 1E46     		mov	r6, r3
 245:FreeRTOS/portable/GCC/ARM_CM4F/portmacro.h **** }
 2366              		.loc 2 245 5 view .LVU708
 2367              	.LVL258:
 245:FreeRTOS/portable/GCC/ARM_CM4F/portmacro.h **** }
 2368              		.loc 2 245 5 is_stmt 0 view .LVU709
 2369              	.LBE46:
ARM GAS  C:\Users\user\AppData\Local\Temp\ccSdXByh.s 			page 87


 2370              	.LBE45:
1465:FreeRTOS/src/stream_buffer.c ****         {
 2371              		.loc 1 1465 9 is_stmt 1 view .LVU710
1465:FreeRTOS/src/stream_buffer.c ****         {
 2372              		.loc 1 1465 31 is_stmt 0 view .LVU711
 2373 001a 4369     		ldr	r3, [r0, #20]
 2374              	.LVL259:
1465:FreeRTOS/src/stream_buffer.c ****         {
 2375              		.loc 1 1465 11 view .LVU712
 2376 001c 7BB1     		cbz	r3, .L140
 2377 001e 0446     		mov	r4, r0
1467:FreeRTOS/src/stream_buffer.c ****                                                 ( pxStreamBuffer )->uxNotificationIndex,
 2378              		.loc 1 1467 13 is_stmt 1 view .LVU713
1467:FreeRTOS/src/stream_buffer.c ****                                                 ( pxStreamBuffer )->uxNotificationIndex,
 2379              		.loc 1 1467 22 is_stmt 0 view .LVU714
 2380 0020 4069     		ldr	r0, [r0, #20]
 2381              	.LVL260:
1467:FreeRTOS/src/stream_buffer.c ****                                                 ( pxStreamBuffer )->uxNotificationIndex,
 2382              		.loc 1 1467 22 view .LVU715
 2383 0022 0191     		str	r1, [sp, #4]
 2384 0024 0025     		movs	r5, #0
 2385 0026 0095     		str	r5, [sp]
 2386 0028 2B46     		mov	r3, r5
 2387 002a 2A46     		mov	r2, r5
 2388 002c 216A     		ldr	r1, [r4, #32]
 2389              	.LVL261:
1467:FreeRTOS/src/stream_buffer.c ****                                                 ( pxStreamBuffer )->uxNotificationIndex,
 2390              		.loc 1 1467 22 view .LVU716
 2391 002e FFF7FEFF 		bl	xTaskGenericNotifyFromISR
 2392              	.LVL262:
1472:FreeRTOS/src/stream_buffer.c ****             xReturn = pdTRUE;
 2393              		.loc 1 1472 13 is_stmt 1 view .LVU717
1472:FreeRTOS/src/stream_buffer.c ****             xReturn = pdTRUE;
 2394              		.loc 1 1472 52 is_stmt 0 view .LVU718
 2395 0032 6561     		str	r5, [r4, #20]
1473:FreeRTOS/src/stream_buffer.c ****         }
 2396              		.loc 1 1473 13 is_stmt 1 view .LVU719
 2397              	.LVL263:
1473:FreeRTOS/src/stream_buffer.c ****         }
 2398              		.loc 1 1473 21 is_stmt 0 view .LVU720
 2399 0034 0120     		movs	r0, #1
 2400              	.LVL264:
 2401              	.L139:
1480:FreeRTOS/src/stream_buffer.c **** 
 2402              		.loc 1 1480 5 is_stmt 1 view .LVU721
 2403              	.LBB47:
 2404              	.LBI47:
 249:FreeRTOS/portable/GCC/ARM_CM4F/portmacro.h **** {
 2405              		.loc 2 249 30 view .LVU722
 2406              	.LBB48:
 251:FreeRTOS/portable/GCC/ARM_CM4F/portmacro.h ****     (
 2407              		.loc 2 251 5 view .LVU723
 2408              		.syntax unified
 2409              	@ 251 "FreeRTOS/portable/GCC/ARM_CM4F/portmacro.h" 1
 2410 0036 86F31188 		   msr basepri, r6 
 2411              	@ 0 "" 2
 2412              		.thumb
ARM GAS  C:\Users\user\AppData\Local\Temp\ccSdXByh.s 			page 88


 2413              		.syntax unified
 2414              	.LBE48:
 2415              	.LBE47:
1482:FreeRTOS/src/stream_buffer.c **** 
 2416              		.loc 1 1482 64 view .LVU724
1484:FreeRTOS/src/stream_buffer.c **** }
 2417              		.loc 1 1484 5 view .LVU725
1485:FreeRTOS/src/stream_buffer.c **** /*-----------------------------------------------------------*/
 2418              		.loc 1 1485 1 is_stmt 0 view .LVU726
 2419 003a 02B0     		add	sp, sp, #8
 2420              	.LCFI51:
 2421              		.cfi_remember_state
 2422              		.cfi_def_cfa_offset 16
 2423              		@ sp needed
 2424 003c 70BD     		pop	{r4, r5, r6, pc}
 2425              	.LVL265:
 2426              	.L140:
 2427              	.LCFI52:
 2428              		.cfi_restore_state
1477:FreeRTOS/src/stream_buffer.c ****         }
 2429              		.loc 1 1477 21 view .LVU727
 2430 003e 1846     		mov	r0, r3
 2431              	.LVL266:
1477:FreeRTOS/src/stream_buffer.c ****         }
 2432              		.loc 1 1477 21 view .LVU728
 2433 0040 F9E7     		b	.L139
 2434              		.cfi_endproc
 2435              	.LFE155:
 2437              		.section	.text.uxStreamBufferGetStreamBufferNotificationIndex,"ax",%progbits
 2438              		.align	1
 2439              		.global	uxStreamBufferGetStreamBufferNotificationIndex
 2440              		.syntax unified
 2441              		.thumb
 2442              		.thumb_func
 2444              	uxStreamBufferGetStreamBufferNotificationIndex:
 2445              	.LVL267:
 2446              	.LFB161:
1674:FreeRTOS/src/stream_buffer.c **** /*-----------------------------------------------------------*/
1675:FreeRTOS/src/stream_buffer.c **** 
1676:FreeRTOS/src/stream_buffer.c **** UBaseType_t uxStreamBufferGetStreamBufferNotificationIndex( StreamBufferHandle_t xStreamBuffer )
1677:FreeRTOS/src/stream_buffer.c **** {
 2447              		.loc 1 1677 1 is_stmt 1 view -0
 2448              		.cfi_startproc
 2449              		@ args = 0, pretend = 0, frame = 0
 2450              		@ frame_needed = 0, uses_anonymous_args = 0
 2451              		@ link register save eliminated.
1678:FreeRTOS/src/stream_buffer.c ****     StreamBuffer_t * const pxStreamBuffer = xStreamBuffer;
 2452              		.loc 1 1678 5 view .LVU730
1679:FreeRTOS/src/stream_buffer.c **** 
1680:FreeRTOS/src/stream_buffer.c ****     traceENTER_uxStreamBufferGetStreamBufferNotificationIndex( xStreamBuffer );
 2453              		.loc 1 1680 79 view .LVU731
1681:FreeRTOS/src/stream_buffer.c **** 
1682:FreeRTOS/src/stream_buffer.c ****     configASSERT( pxStreamBuffer );
 2454              		.loc 1 1682 35 view .LVU732
1683:FreeRTOS/src/stream_buffer.c **** 
1684:FreeRTOS/src/stream_buffer.c ****     traceRETURN_uxStreamBufferGetStreamBufferNotificationIndex( pxStreamBuffer->uxNotificationIndex
 2455              		.loc 1 1684 102 view .LVU733
ARM GAS  C:\Users\user\AppData\Local\Temp\ccSdXByh.s 			page 89


1685:FreeRTOS/src/stream_buffer.c **** 
1686:FreeRTOS/src/stream_buffer.c ****     return pxStreamBuffer->uxNotificationIndex;
 2456              		.loc 1 1686 5 view .LVU734
1687:FreeRTOS/src/stream_buffer.c **** }
 2457              		.loc 1 1687 1 is_stmt 0 view .LVU735
 2458 0000 006A     		ldr	r0, [r0, #32]
 2459              	.LVL268:
 2460              		.loc 1 1687 1 view .LVU736
 2461 0002 7047     		bx	lr
 2462              		.cfi_endproc
 2463              	.LFE161:
 2465              		.section	.text.vStreamBufferSetStreamBufferNotificationIndex,"ax",%progbits
 2466              		.align	1
 2467              		.global	vStreamBufferSetStreamBufferNotificationIndex
 2468              		.syntax unified
 2469              		.thumb
 2470              		.thumb_func
 2472              	vStreamBufferSetStreamBufferNotificationIndex:
 2473              	.LVL269:
 2474              	.LFB162:
1688:FreeRTOS/src/stream_buffer.c **** /*-----------------------------------------------------------*/
1689:FreeRTOS/src/stream_buffer.c **** 
1690:FreeRTOS/src/stream_buffer.c **** void vStreamBufferSetStreamBufferNotificationIndex( StreamBufferHandle_t xStreamBuffer,
1691:FreeRTOS/src/stream_buffer.c ****                                                     UBaseType_t uxNotificationIndex )
1692:FreeRTOS/src/stream_buffer.c **** {
 2475              		.loc 1 1692 1 is_stmt 1 view -0
 2476              		.cfi_startproc
 2477              		@ args = 0, pretend = 0, frame = 0
 2478              		@ frame_needed = 0, uses_anonymous_args = 0
 2479              		@ link register save eliminated.
1693:FreeRTOS/src/stream_buffer.c ****     StreamBuffer_t * const pxStreamBuffer = xStreamBuffer;
 2480              		.loc 1 1693 5 view .LVU738
1694:FreeRTOS/src/stream_buffer.c **** 
1695:FreeRTOS/src/stream_buffer.c ****     traceENTER_vStreamBufferSetStreamBufferNotificationIndex( xStreamBuffer, uxNotificationIndex );
 2481              		.loc 1 1695 99 view .LVU739
1696:FreeRTOS/src/stream_buffer.c **** 
1697:FreeRTOS/src/stream_buffer.c ****     /* There should be no task waiting otherwise we'd never resume them. */
1698:FreeRTOS/src/stream_buffer.c ****     configASSERT( ( pxStreamBuffer != NULL ) && ( pxStreamBuffer->xTaskWaitingToReceive == NULL ) )
 2482              		.loc 1 1698 100 view .LVU740
1699:FreeRTOS/src/stream_buffer.c ****     configASSERT( ( pxStreamBuffer != NULL ) && ( pxStreamBuffer->xTaskWaitingToSend == NULL ) );
 2483              		.loc 1 1699 97 view .LVU741
1700:FreeRTOS/src/stream_buffer.c **** 
1701:FreeRTOS/src/stream_buffer.c ****     /* Check that the task notification index is valid. */
1702:FreeRTOS/src/stream_buffer.c ****     configASSERT( uxNotificationIndex < configTASK_NOTIFICATION_ARRAY_ENTRIES );
 2484              		.loc 1 1702 80 view .LVU742
1703:FreeRTOS/src/stream_buffer.c **** 
1704:FreeRTOS/src/stream_buffer.c ****     pxStreamBuffer->uxNotificationIndex = uxNotificationIndex;
 2485              		.loc 1 1704 5 view .LVU743
 2486              		.loc 1 1704 41 is_stmt 0 view .LVU744
 2487 0000 0162     		str	r1, [r0, #32]
1705:FreeRTOS/src/stream_buffer.c **** 
1706:FreeRTOS/src/stream_buffer.c ****     traceRETURN_vStreamBufferSetStreamBufferNotificationIndex();
 2488              		.loc 1 1706 64 is_stmt 1 view .LVU745
1707:FreeRTOS/src/stream_buffer.c **** }
 2489              		.loc 1 1707 1 is_stmt 0 view .LVU746
 2490 0002 7047     		bx	lr
 2491              		.cfi_endproc
ARM GAS  C:\Users\user\AppData\Local\Temp\ccSdXByh.s 			page 90


 2492              	.LFE162:
 2494              		.text
 2495              	.Letext0:
 2496              		.file 3 "C:/arm-gnu-toolchain-15.3.rel1-mingw-w64-i686-arm-none-eabi/lib/gcc/arm-none-eabi/15.3.1/
 2497              		.file 4 "C:/arm-gnu-toolchain-15.3.rel1-mingw-w64-i686-arm-none-eabi/arm-none-eabi/include/machine
 2498              		.file 5 "C:/arm-gnu-toolchain-15.3.rel1-mingw-w64-i686-arm-none-eabi/arm-none-eabi/include/sys/_st
 2499              		.file 6 "FreeRTOS/inc/task.h"
 2500              		.file 7 "FreeRTOS/inc/stream_buffer.h"
 2501              		.file 8 "C:/arm-gnu-toolchain-15.3.rel1-mingw-w64-i686-arm-none-eabi/arm-none-eabi/include/string.
 2502              		.file 9 "FreeRTOS/inc/portable.h"
 2503              		.file 10 "<built-in>"
ARM GAS  C:\Users\user\AppData\Local\Temp\ccSdXByh.s 			page 91


DEFINED SYMBOLS
                            *ABS*:00000000 stream_buffer.c
C:\Users\user\AppData\Local\Temp\ccSdXByh.s:21     .text.prvBytesInBuffer:00000000 $t
C:\Users\user\AppData\Local\Temp\ccSdXByh.s:26     .text.prvBytesInBuffer:00000000 prvBytesInBuffer
C:\Users\user\AppData\Local\Temp\ccSdXByh.s:67     .text.prvBytesInBufferMeetTriggerLevel:00000000 $t
C:\Users\user\AppData\Local\Temp\ccSdXByh.s:72     .text.prvBytesInBufferMeetTriggerLevel:00000000 prvBytesInBufferMeetTriggerLevel
C:\Users\user\AppData\Local\Temp\ccSdXByh.s:131    .text.prvInitialiseNewStreamBuffer:00000000 $t
C:\Users\user\AppData\Local\Temp\ccSdXByh.s:136    .text.prvInitialiseNewStreamBuffer:00000000 prvInitialiseNewStreamBuffer
C:\Users\user\AppData\Local\Temp\ccSdXByh.s:190    .text.prvWriteBytesToBuffer:00000000 $t
C:\Users\user\AppData\Local\Temp\ccSdXByh.s:195    .text.prvWriteBytesToBuffer:00000000 prvWriteBytesToBuffer
C:\Users\user\AppData\Local\Temp\ccSdXByh.s:283    .text.prvWriteMessageToBuffer:00000000 $t
C:\Users\user\AppData\Local\Temp\ccSdXByh.s:288    .text.prvWriteMessageToBuffer:00000000 prvWriteMessageToBuffer
C:\Users\user\AppData\Local\Temp\ccSdXByh.s:399    .text.prvReadBytesFromBuffer:00000000 $t
C:\Users\user\AppData\Local\Temp\ccSdXByh.s:404    .text.prvReadBytesFromBuffer:00000000 prvReadBytesFromBuffer
C:\Users\user\AppData\Local\Temp\ccSdXByh.s:494    .text.prvReadMessageFromBuffer:00000000 $t
C:\Users\user\AppData\Local\Temp\ccSdXByh.s:499    .text.prvReadMessageFromBuffer:00000000 prvReadMessageFromBuffer
C:\Users\user\AppData\Local\Temp\ccSdXByh.s:612    .text.xStreamBufferGenericCreate:00000000 $t
C:\Users\user\AppData\Local\Temp\ccSdXByh.s:618    .text.xStreamBufferGenericCreate:00000000 xStreamBufferGenericCreate
C:\Users\user\AppData\Local\Temp\ccSdXByh.s:736    .text.vStreamBufferDelete:00000000 $t
C:\Users\user\AppData\Local\Temp\ccSdXByh.s:742    .text.vStreamBufferDelete:00000000 vStreamBufferDelete
C:\Users\user\AppData\Local\Temp\ccSdXByh.s:787    .text.xStreamBufferReset:00000000 $t
C:\Users\user\AppData\Local\Temp\ccSdXByh.s:793    .text.xStreamBufferReset:00000000 xStreamBufferReset
C:\Users\user\AppData\Local\Temp\ccSdXByh.s:881    .text.xStreamBufferResetFromISR:00000000 $t
C:\Users\user\AppData\Local\Temp\ccSdXByh.s:887    .text.xStreamBufferResetFromISR:00000000 xStreamBufferResetFromISR
C:\Users\user\AppData\Local\Temp\ccSdXByh.s:1002   .text.xStreamBufferSetTriggerLevel:00000000 $t
C:\Users\user\AppData\Local\Temp\ccSdXByh.s:1008   .text.xStreamBufferSetTriggerLevel:00000000 xStreamBufferSetTriggerLevel
C:\Users\user\AppData\Local\Temp\ccSdXByh.s:1057   .text.xStreamBufferSpacesAvailable:00000000 $t
C:\Users\user\AppData\Local\Temp\ccSdXByh.s:1063   .text.xStreamBufferSpacesAvailable:00000000 xStreamBufferSpacesAvailable
C:\Users\user\AppData\Local\Temp\ccSdXByh.s:1123   .text.xStreamBufferBytesAvailable:00000000 $t
C:\Users\user\AppData\Local\Temp\ccSdXByh.s:1129   .text.xStreamBufferBytesAvailable:00000000 xStreamBufferBytesAvailable
C:\Users\user\AppData\Local\Temp\ccSdXByh.s:1159   .text.xStreamBufferSend:00000000 $t
C:\Users\user\AppData\Local\Temp\ccSdXByh.s:1165   .text.xStreamBufferSend:00000000 xStreamBufferSend
C:\Users\user\AppData\Local\Temp\ccSdXByh.s:1413   .text.xStreamBufferSendFromISR:00000000 $t
C:\Users\user\AppData\Local\Temp\ccSdXByh.s:1419   .text.xStreamBufferSendFromISR:00000000 xStreamBufferSendFromISR
C:\Users\user\AppData\Local\Temp\ccSdXByh.s:1599   .text.xStreamBufferReceive:00000000 $t
C:\Users\user\AppData\Local\Temp\ccSdXByh.s:1605   .text.xStreamBufferReceive:00000000 xStreamBufferReceive
C:\Users\user\AppData\Local\Temp\ccSdXByh.s:1815   .text.xStreamBufferNextMessageLengthBytes:00000000 $t
C:\Users\user\AppData\Local\Temp\ccSdXByh.s:1821   .text.xStreamBufferNextMessageLengthBytes:00000000 xStreamBufferNextMessageLengthBytes
C:\Users\user\AppData\Local\Temp\ccSdXByh.s:1902   .text.xStreamBufferReceiveFromISR:00000000 $t
C:\Users\user\AppData\Local\Temp\ccSdXByh.s:1908   .text.xStreamBufferReceiveFromISR:00000000 xStreamBufferReceiveFromISR
C:\Users\user\AppData\Local\Temp\ccSdXByh.s:2082   .text.xStreamBufferIsEmpty:00000000 $t
C:\Users\user\AppData\Local\Temp\ccSdXByh.s:2088   .text.xStreamBufferIsEmpty:00000000 xStreamBufferIsEmpty
C:\Users\user\AppData\Local\Temp\ccSdXByh.s:2129   .text.xStreamBufferIsFull:00000000 $t
C:\Users\user\AppData\Local\Temp\ccSdXByh.s:2135   .text.xStreamBufferIsFull:00000000 xStreamBufferIsFull
C:\Users\user\AppData\Local\Temp\ccSdXByh.s:2196   .text.xStreamBufferSendCompletedFromISR:00000000 $t
C:\Users\user\AppData\Local\Temp\ccSdXByh.s:2202   .text.xStreamBufferSendCompletedFromISR:00000000 xStreamBufferSendCompletedFromISR
C:\Users\user\AppData\Local\Temp\ccSdXByh.s:2317   .text.xStreamBufferReceiveCompletedFromISR:00000000 $t
C:\Users\user\AppData\Local\Temp\ccSdXByh.s:2323   .text.xStreamBufferReceiveCompletedFromISR:00000000 xStreamBufferReceiveCompletedFromISR
C:\Users\user\AppData\Local\Temp\ccSdXByh.s:2438   .text.uxStreamBufferGetStreamBufferNotificationIndex:00000000 $t
C:\Users\user\AppData\Local\Temp\ccSdXByh.s:2444   .text.uxStreamBufferGetStreamBufferNotificationIndex:00000000 uxStreamBufferGetStreamBufferNotificationIndex
C:\Users\user\AppData\Local\Temp\ccSdXByh.s:2466   .text.vStreamBufferSetStreamBufferNotificationIndex:00000000 $t
C:\Users\user\AppData\Local\Temp\ccSdXByh.s:2472   .text.vStreamBufferSetStreamBufferNotificationIndex:00000000 vStreamBufferSetStreamBufferNotificationIndex

UNDEFINED SYMBOLS
memset
memcpy
pvPortMalloc
ARM GAS  C:\Users\user\AppData\Local\Temp\ccSdXByh.s 			page 92


vPortFree
vPortEnterCritical
vPortExitCritical
vTaskSetTimeOutState
xTaskGenericNotifyStateClear
xTaskGetCurrentTaskHandle
xTaskGenericNotifyWait
xTaskCheckForTimeOut
vTaskSuspendAll
xTaskGenericNotify
xTaskResumeAll
xTaskGenericNotifyFromISR
