ARM GAS  C:\Users\user\AppData\Local\Temp\ccbCLowf.s 			page 1


   1              		.cpu cortex-m4
   2              		.arch armv7e-m
   3              		.fpu fpv4-sp-d16
   4              		.eabi_attribute 27, 1
   5              		.eabi_attribute 28, 1
   6              		.eabi_attribute 20, 1
   7              		.eabi_attribute 21, 1
   8              		.eabi_attribute 23, 3
   9              		.eabi_attribute 24, 1
  10              		.eabi_attribute 25, 1
  11              		.eabi_attribute 26, 1
  12              		.eabi_attribute 30, 1
  13              		.eabi_attribute 34, 1
  14              		.eabi_attribute 18, 4
  15              		.file	"timers.c"
  16              		.text
  17              	.Ltext0:
  18              		.cfi_sections	.debug_frame
  19              		.file 1 "FreeRTOS/src/timers.c"
  20              		.section	.text.prvGetNextExpireTime,"ax",%progbits
  21              		.align	1
  22              		.syntax unified
  23              		.thumb
  24              		.thumb_func
  26              	prvGetNextExpireTime:
  27              	.LVL0:
  28              	.LFB154:
   1:FreeRTOS/src/timers.c **** /*
   2:FreeRTOS/src/timers.c ****  * FreeRTOS Kernel <DEVELOPMENT BRANCH>
   3:FreeRTOS/src/timers.c ****  * Copyright (C) 2021 Amazon.com, Inc. or its affiliates. All Rights Reserved.
   4:FreeRTOS/src/timers.c ****  *
   5:FreeRTOS/src/timers.c ****  * SPDX-License-Identifier: MIT
   6:FreeRTOS/src/timers.c ****  *
   7:FreeRTOS/src/timers.c ****  * Permission is hereby granted, free of charge, to any person obtaining a copy of
   8:FreeRTOS/src/timers.c ****  * this software and associated documentation files (the "Software"), to deal in
   9:FreeRTOS/src/timers.c ****  * the Software without restriction, including without limitation the rights to
  10:FreeRTOS/src/timers.c ****  * use, copy, modify, merge, publish, distribute, sublicense, and/or sell copies of
  11:FreeRTOS/src/timers.c ****  * the Software, and to permit persons to whom the Software is furnished to do so,
  12:FreeRTOS/src/timers.c ****  * subject to the following conditions:
  13:FreeRTOS/src/timers.c ****  *
  14:FreeRTOS/src/timers.c ****  * The above copyright notice and this permission notice shall be included in all
  15:FreeRTOS/src/timers.c ****  * copies or substantial portions of the Software.
  16:FreeRTOS/src/timers.c ****  *
  17:FreeRTOS/src/timers.c ****  * THE SOFTWARE IS PROVIDED "AS IS", WITHOUT WARRANTY OF ANY KIND, EXPRESS OR
  18:FreeRTOS/src/timers.c ****  * IMPLIED, INCLUDING BUT NOT LIMITED TO THE WARRANTIES OF MERCHANTABILITY, FITNESS
  19:FreeRTOS/src/timers.c ****  * FOR A PARTICULAR PURPOSE AND NONINFRINGEMENT. IN NO EVENT SHALL THE AUTHORS OR
  20:FreeRTOS/src/timers.c ****  * COPYRIGHT HOLDERS BE LIABLE FOR ANY CLAIM, DAMAGES OR OTHER LIABILITY, WHETHER
  21:FreeRTOS/src/timers.c ****  * IN AN ACTION OF CONTRACT, TORT OR OTHERWISE, ARISING FROM, OUT OF OR IN
  22:FreeRTOS/src/timers.c ****  * CONNECTION WITH THE SOFTWARE OR THE USE OR OTHER DEALINGS IN THE SOFTWARE.
  23:FreeRTOS/src/timers.c ****  *
  24:FreeRTOS/src/timers.c ****  * https://www.FreeRTOS.org
  25:FreeRTOS/src/timers.c ****  * https://github.com/FreeRTOS
  26:FreeRTOS/src/timers.c ****  *
  27:FreeRTOS/src/timers.c ****  */
  28:FreeRTOS/src/timers.c **** 
  29:FreeRTOS/src/timers.c **** /* Standard includes. */
  30:FreeRTOS/src/timers.c **** #include <stdlib.h>
ARM GAS  C:\Users\user\AppData\Local\Temp\ccbCLowf.s 			page 2


  31:FreeRTOS/src/timers.c **** 
  32:FreeRTOS/src/timers.c **** /* Defining MPU_WRAPPERS_INCLUDED_FROM_API_FILE prevents task.h from redefining
  33:FreeRTOS/src/timers.c ****  * all the API functions to use the MPU wrappers.  That should only be done when
  34:FreeRTOS/src/timers.c ****  * task.h is included from an application file. */
  35:FreeRTOS/src/timers.c **** #define MPU_WRAPPERS_INCLUDED_FROM_API_FILE
  36:FreeRTOS/src/timers.c **** 
  37:FreeRTOS/src/timers.c **** #include "FreeRTOS.h"
  38:FreeRTOS/src/timers.c **** #include "task.h"
  39:FreeRTOS/src/timers.c **** #include "queue.h"
  40:FreeRTOS/src/timers.c **** #include "timers.h"
  41:FreeRTOS/src/timers.c **** 
  42:FreeRTOS/src/timers.c **** #if ( INCLUDE_xTimerPendFunctionCall == 1 ) && ( configUSE_TIMERS == 0 )
  43:FreeRTOS/src/timers.c ****     #error configUSE_TIMERS must be set to 1 to make the xTimerPendFunctionCall() function availabl
  44:FreeRTOS/src/timers.c **** #endif
  45:FreeRTOS/src/timers.c **** 
  46:FreeRTOS/src/timers.c **** /* The MPU ports require MPU_WRAPPERS_INCLUDED_FROM_API_FILE to be defined
  47:FreeRTOS/src/timers.c ****  * for the header files above, but not in this file, in order to generate the
  48:FreeRTOS/src/timers.c ****  * correct privileged Vs unprivileged linkage and placement. */
  49:FreeRTOS/src/timers.c **** #undef MPU_WRAPPERS_INCLUDED_FROM_API_FILE
  50:FreeRTOS/src/timers.c **** 
  51:FreeRTOS/src/timers.c **** 
  52:FreeRTOS/src/timers.c **** /* This entire source file will be skipped if the application is not configured
  53:FreeRTOS/src/timers.c ****  * to include software timer functionality.  This #if is closed at the very bottom
  54:FreeRTOS/src/timers.c ****  * of this file.  If you want to include software timer functionality then ensure
  55:FreeRTOS/src/timers.c ****  * configUSE_TIMERS is set to 1 in FreeRTOSConfig.h. */
  56:FreeRTOS/src/timers.c **** #if ( configUSE_TIMERS == 1 )
  57:FreeRTOS/src/timers.c **** 
  58:FreeRTOS/src/timers.c **** /* Misc definitions. */
  59:FreeRTOS/src/timers.c ****     #define tmrNO_DELAY                    ( ( TickType_t ) 0U )
  60:FreeRTOS/src/timers.c ****     #define tmrMAX_TIME_BEFORE_OVERFLOW    ( ( TickType_t ) -1 )
  61:FreeRTOS/src/timers.c **** 
  62:FreeRTOS/src/timers.c **** /* The name assigned to the timer service task. This can be overridden by
  63:FreeRTOS/src/timers.c ****  * defining configTIMER_SERVICE_TASK_NAME in FreeRTOSConfig.h. */
  64:FreeRTOS/src/timers.c ****     #ifndef configTIMER_SERVICE_TASK_NAME
  65:FreeRTOS/src/timers.c ****         #define configTIMER_SERVICE_TASK_NAME    "Tmr Svc"
  66:FreeRTOS/src/timers.c ****     #endif
  67:FreeRTOS/src/timers.c **** 
  68:FreeRTOS/src/timers.c ****     #if ( ( configNUMBER_OF_CORES > 1 ) && ( configUSE_CORE_AFFINITY == 1 ) )
  69:FreeRTOS/src/timers.c **** 
  70:FreeRTOS/src/timers.c **** /* The core affinity assigned to the timer service task on SMP systems.
  71:FreeRTOS/src/timers.c ****  * This can be overridden by defining configTIMER_SERVICE_TASK_CORE_AFFINITY in FreeRTOSConfig.h. *
  72:FreeRTOS/src/timers.c ****         #ifndef configTIMER_SERVICE_TASK_CORE_AFFINITY
  73:FreeRTOS/src/timers.c ****             #define configTIMER_SERVICE_TASK_CORE_AFFINITY    tskNO_AFFINITY
  74:FreeRTOS/src/timers.c ****         #endif
  75:FreeRTOS/src/timers.c ****     #endif /* #if ( ( configNUMBER_OF_CORES > 1 ) && ( configUSE_CORE_AFFINITY == 1 ) ) */
  76:FreeRTOS/src/timers.c **** 
  77:FreeRTOS/src/timers.c **** /* Bit definitions used in the ucStatus member of a timer structure. */
  78:FreeRTOS/src/timers.c ****     #define tmrSTATUS_IS_ACTIVE                  ( 0x01U )
  79:FreeRTOS/src/timers.c ****     #define tmrSTATUS_IS_STATICALLY_ALLOCATED    ( 0x02U )
  80:FreeRTOS/src/timers.c ****     #define tmrSTATUS_IS_AUTORELOAD              ( 0x04U )
  81:FreeRTOS/src/timers.c **** 
  82:FreeRTOS/src/timers.c **** /* The definition of the timers themselves. */
  83:FreeRTOS/src/timers.c ****     typedef struct tmrTimerControl                                               /* The old naming 
  84:FreeRTOS/src/timers.c ****     {
  85:FreeRTOS/src/timers.c ****         const char * pcTimerName;                                                /**< Text name.  T
  86:FreeRTOS/src/timers.c ****         ListItem_t xTimerListItem;                                               /**< Standard link
  87:FreeRTOS/src/timers.c ****         TickType_t xTimerPeriodInTicks;                                          /**< How quickly a
ARM GAS  C:\Users\user\AppData\Local\Temp\ccbCLowf.s 			page 3


  88:FreeRTOS/src/timers.c ****         void * pvTimerID;                                                        /**< An ID to iden
  89:FreeRTOS/src/timers.c ****         portTIMER_CALLBACK_ATTRIBUTE TimerCallbackFunction_t pxCallbackFunction; /**< The function 
  90:FreeRTOS/src/timers.c ****         #if ( configUSE_TRACE_FACILITY == 1 )
  91:FreeRTOS/src/timers.c ****             UBaseType_t uxTimerNumber;                                           /**< An ID assigne
  92:FreeRTOS/src/timers.c ****         #endif
  93:FreeRTOS/src/timers.c ****         uint8_t ucStatus;                                                        /**< Holds bits to
  94:FreeRTOS/src/timers.c ****     } xTIMER;
  95:FreeRTOS/src/timers.c **** 
  96:FreeRTOS/src/timers.c **** /* The old xTIMER name is maintained above then typedefed to the new Timer_t
  97:FreeRTOS/src/timers.c ****  * name below to enable the use of older kernel aware debuggers. */
  98:FreeRTOS/src/timers.c ****     typedef xTIMER Timer_t;
  99:FreeRTOS/src/timers.c **** 
 100:FreeRTOS/src/timers.c **** /* The definition of messages that can be sent and received on the timer queue.
 101:FreeRTOS/src/timers.c ****  * Two types of message can be queued - messages that manipulate a software timer,
 102:FreeRTOS/src/timers.c ****  * and messages that request the execution of a non-timer related callback.  The
 103:FreeRTOS/src/timers.c ****  * two message types are defined in two separate structures, xTimerParametersType
 104:FreeRTOS/src/timers.c ****  * and xCallbackParametersType respectively. */
 105:FreeRTOS/src/timers.c ****     typedef struct tmrTimerParameters
 106:FreeRTOS/src/timers.c ****     {
 107:FreeRTOS/src/timers.c ****         TickType_t xMessageValue; /**< An optional value used by a subset of commands, for example,
 108:FreeRTOS/src/timers.c ****         Timer_t * pxTimer;        /**< The timer to which the command will be applied. */
 109:FreeRTOS/src/timers.c ****     } TimerParameter_t;
 110:FreeRTOS/src/timers.c **** 
 111:FreeRTOS/src/timers.c **** 
 112:FreeRTOS/src/timers.c ****     typedef struct tmrCallbackParameters
 113:FreeRTOS/src/timers.c ****     {
 114:FreeRTOS/src/timers.c ****         portTIMER_CALLBACK_ATTRIBUTE
 115:FreeRTOS/src/timers.c ****         PendedFunction_t pxCallbackFunction; /* << The callback function to execute. */
 116:FreeRTOS/src/timers.c ****         void * pvParameter1;                 /* << The value that will be used as the callback func
 117:FreeRTOS/src/timers.c ****         uint32_t ulParameter2;               /* << The value that will be used as the callback func
 118:FreeRTOS/src/timers.c ****     } CallbackParameters_t;
 119:FreeRTOS/src/timers.c **** 
 120:FreeRTOS/src/timers.c **** /* The structure that contains the two message types, along with an identifier
 121:FreeRTOS/src/timers.c ****  * that is used to determine which message type is valid. */
 122:FreeRTOS/src/timers.c ****     typedef struct tmrTimerQueueMessage
 123:FreeRTOS/src/timers.c ****     {
 124:FreeRTOS/src/timers.c ****         BaseType_t xMessageID; /**< The command being sent to the timer service task. */
 125:FreeRTOS/src/timers.c ****         union
 126:FreeRTOS/src/timers.c ****         {
 127:FreeRTOS/src/timers.c ****             TimerParameter_t xTimerParameters;
 128:FreeRTOS/src/timers.c **** 
 129:FreeRTOS/src/timers.c ****             /* Don't include xCallbackParameters if it is not going to be used as
 130:FreeRTOS/src/timers.c ****              * it makes the structure (and therefore the timer queue) larger. */
 131:FreeRTOS/src/timers.c ****             #if ( INCLUDE_xTimerPendFunctionCall == 1 )
 132:FreeRTOS/src/timers.c ****                 CallbackParameters_t xCallbackParameters;
 133:FreeRTOS/src/timers.c ****             #endif /* INCLUDE_xTimerPendFunctionCall */
 134:FreeRTOS/src/timers.c ****         } u;
 135:FreeRTOS/src/timers.c ****     } DaemonTaskMessage_t;
 136:FreeRTOS/src/timers.c **** 
 137:FreeRTOS/src/timers.c **** /* The list in which active timers are stored.  Timers are referenced in expire
 138:FreeRTOS/src/timers.c ****  * time order, with the nearest expiry time at the front of the list.  Only the
 139:FreeRTOS/src/timers.c ****  * timer service task is allowed to access these lists.
 140:FreeRTOS/src/timers.c ****  * xActiveTimerList1 and xActiveTimerList2 could be at function scope but that
 141:FreeRTOS/src/timers.c ****  * breaks some kernel aware debuggers, and debuggers that reply on removing the
 142:FreeRTOS/src/timers.c ****  * static qualifier. */
 143:FreeRTOS/src/timers.c ****     PRIVILEGED_DATA static List_t xActiveTimerList1;
 144:FreeRTOS/src/timers.c ****     PRIVILEGED_DATA static List_t xActiveTimerList2;
ARM GAS  C:\Users\user\AppData\Local\Temp\ccbCLowf.s 			page 4


 145:FreeRTOS/src/timers.c ****     PRIVILEGED_DATA static List_t * pxCurrentTimerList;
 146:FreeRTOS/src/timers.c ****     PRIVILEGED_DATA static List_t * pxOverflowTimerList;
 147:FreeRTOS/src/timers.c **** 
 148:FreeRTOS/src/timers.c **** /* A queue that is used to send commands to the timer service task. */
 149:FreeRTOS/src/timers.c ****     PRIVILEGED_DATA static QueueHandle_t xTimerQueue = NULL;
 150:FreeRTOS/src/timers.c ****     PRIVILEGED_DATA static TaskHandle_t xTimerTaskHandle = NULL;
 151:FreeRTOS/src/timers.c **** 
 152:FreeRTOS/src/timers.c **** /*-----------------------------------------------------------*/
 153:FreeRTOS/src/timers.c **** 
 154:FreeRTOS/src/timers.c **** /*
 155:FreeRTOS/src/timers.c ****  * Initialise the infrastructure used by the timer service task if it has not
 156:FreeRTOS/src/timers.c ****  * been initialised already.
 157:FreeRTOS/src/timers.c ****  */
 158:FreeRTOS/src/timers.c ****     static void prvCheckForValidListAndQueue( void ) PRIVILEGED_FUNCTION;
 159:FreeRTOS/src/timers.c **** 
 160:FreeRTOS/src/timers.c **** /*
 161:FreeRTOS/src/timers.c ****  * The timer service task (daemon).  Timer functionality is controlled by this
 162:FreeRTOS/src/timers.c ****  * task.  Other tasks communicate with the timer service task using the
 163:FreeRTOS/src/timers.c ****  * xTimerQueue queue.
 164:FreeRTOS/src/timers.c ****  */
 165:FreeRTOS/src/timers.c ****     static portTASK_FUNCTION_PROTO( prvTimerTask, pvParameters ) PRIVILEGED_FUNCTION;
 166:FreeRTOS/src/timers.c **** 
 167:FreeRTOS/src/timers.c **** /*
 168:FreeRTOS/src/timers.c ****  * Called by the timer service task to interpret and process a command it
 169:FreeRTOS/src/timers.c ****  * received on the timer queue.
 170:FreeRTOS/src/timers.c ****  */
 171:FreeRTOS/src/timers.c ****     static void prvProcessReceivedCommands( void ) PRIVILEGED_FUNCTION;
 172:FreeRTOS/src/timers.c **** 
 173:FreeRTOS/src/timers.c **** /*
 174:FreeRTOS/src/timers.c ****  * Insert the timer into either xActiveTimerList1, or xActiveTimerList2,
 175:FreeRTOS/src/timers.c ****  * depending on if the expire time causes a timer counter overflow.
 176:FreeRTOS/src/timers.c ****  */
 177:FreeRTOS/src/timers.c ****     static BaseType_t prvInsertTimerInActiveList( Timer_t * const pxTimer,
 178:FreeRTOS/src/timers.c ****                                                   const TickType_t xNextExpiryTime,
 179:FreeRTOS/src/timers.c ****                                                   const TickType_t xTimeNow,
 180:FreeRTOS/src/timers.c ****                                                   const TickType_t xCommandTime ) PRIVILEGED_FUNCTI
 181:FreeRTOS/src/timers.c **** 
 182:FreeRTOS/src/timers.c **** /*
 183:FreeRTOS/src/timers.c ****  * Reload the specified auto-reload timer.  If the reloading is backlogged,
 184:FreeRTOS/src/timers.c ****  * clear the backlog, calling the callback for each additional reload.  When
 185:FreeRTOS/src/timers.c ****  * this function returns, the next expiry time is after xTimeNow.
 186:FreeRTOS/src/timers.c ****  */
 187:FreeRTOS/src/timers.c ****     static void prvReloadTimer( Timer_t * const pxTimer,
 188:FreeRTOS/src/timers.c ****                                 TickType_t xExpiredTime,
 189:FreeRTOS/src/timers.c ****                                 const TickType_t xTimeNow ) PRIVILEGED_FUNCTION;
 190:FreeRTOS/src/timers.c **** 
 191:FreeRTOS/src/timers.c **** /*
 192:FreeRTOS/src/timers.c ****  * An active timer has reached its expire time.  Reload the timer if it is an
 193:FreeRTOS/src/timers.c ****  * auto-reload timer, then call its callback.
 194:FreeRTOS/src/timers.c ****  */
 195:FreeRTOS/src/timers.c ****     static void prvProcessExpiredTimer( const TickType_t xNextExpireTime,
 196:FreeRTOS/src/timers.c ****                                         const TickType_t xTimeNow ) PRIVILEGED_FUNCTION;
 197:FreeRTOS/src/timers.c **** 
 198:FreeRTOS/src/timers.c **** /*
 199:FreeRTOS/src/timers.c ****  * The tick count has overflowed.  Switch the timer lists after ensuring the
 200:FreeRTOS/src/timers.c ****  * current timer list does not still reference some timers.
 201:FreeRTOS/src/timers.c ****  */
ARM GAS  C:\Users\user\AppData\Local\Temp\ccbCLowf.s 			page 5


 202:FreeRTOS/src/timers.c ****     static void prvSwitchTimerLists( void ) PRIVILEGED_FUNCTION;
 203:FreeRTOS/src/timers.c **** 
 204:FreeRTOS/src/timers.c **** /*
 205:FreeRTOS/src/timers.c ****  * Obtain the current tick count, setting *pxTimerListsWereSwitched to pdTRUE
 206:FreeRTOS/src/timers.c ****  * if a tick count overflow occurred since prvSampleTimeNow() was last called.
 207:FreeRTOS/src/timers.c ****  */
 208:FreeRTOS/src/timers.c ****     static TickType_t prvSampleTimeNow( BaseType_t * const pxTimerListsWereSwitched ) PRIVILEGED_FU
 209:FreeRTOS/src/timers.c **** 
 210:FreeRTOS/src/timers.c **** /*
 211:FreeRTOS/src/timers.c ****  * If the timer list contains any active timers then return the expire time of
 212:FreeRTOS/src/timers.c ****  * the timer that will expire first and set *pxListWasEmpty to false.  If the
 213:FreeRTOS/src/timers.c ****  * timer list does not contain any timers then return 0 and set *pxListWasEmpty
 214:FreeRTOS/src/timers.c ****  * to pdTRUE.
 215:FreeRTOS/src/timers.c ****  */
 216:FreeRTOS/src/timers.c ****     static TickType_t prvGetNextExpireTime( BaseType_t * const pxListWasEmpty ) PRIVILEGED_FUNCTION
 217:FreeRTOS/src/timers.c **** 
 218:FreeRTOS/src/timers.c **** /*
 219:FreeRTOS/src/timers.c ****  * If a timer has expired, process it.  Otherwise, block the timer service task
 220:FreeRTOS/src/timers.c ****  * until either a timer does expire or a command is received.
 221:FreeRTOS/src/timers.c ****  */
 222:FreeRTOS/src/timers.c ****     static void prvProcessTimerOrBlockTask( const TickType_t xNextExpireTime,
 223:FreeRTOS/src/timers.c ****                                             BaseType_t xListWasEmpty ) PRIVILEGED_FUNCTION;
 224:FreeRTOS/src/timers.c **** 
 225:FreeRTOS/src/timers.c **** /*
 226:FreeRTOS/src/timers.c ****  * Called after a Timer_t structure has been allocated either statically or
 227:FreeRTOS/src/timers.c ****  * dynamically to fill in the structure's members.
 228:FreeRTOS/src/timers.c ****  */
 229:FreeRTOS/src/timers.c ****     static void prvInitialiseNewTimer( const char * const pcTimerName,
 230:FreeRTOS/src/timers.c ****                                        const TickType_t xTimerPeriodInTicks,
 231:FreeRTOS/src/timers.c ****                                        const BaseType_t xAutoReload,
 232:FreeRTOS/src/timers.c ****                                        void * const pvTimerID,
 233:FreeRTOS/src/timers.c ****                                        TimerCallbackFunction_t pxCallbackFunction,
 234:FreeRTOS/src/timers.c ****                                        Timer_t * pxNewTimer ) PRIVILEGED_FUNCTION;
 235:FreeRTOS/src/timers.c **** /*-----------------------------------------------------------*/
 236:FreeRTOS/src/timers.c **** 
 237:FreeRTOS/src/timers.c ****     BaseType_t xTimerCreateTimerTask( void )
 238:FreeRTOS/src/timers.c ****     {
 239:FreeRTOS/src/timers.c ****         BaseType_t xReturn = pdFAIL;
 240:FreeRTOS/src/timers.c **** 
 241:FreeRTOS/src/timers.c ****         traceENTER_xTimerCreateTimerTask();
 242:FreeRTOS/src/timers.c **** 
 243:FreeRTOS/src/timers.c ****         /* This function is called when the scheduler is started if
 244:FreeRTOS/src/timers.c ****          * configUSE_TIMERS is set to 1.  Check that the infrastructure used by the
 245:FreeRTOS/src/timers.c ****          * timer service task has been created/initialised.  If timers have already
 246:FreeRTOS/src/timers.c ****          * been created then the initialisation will already have been performed. */
 247:FreeRTOS/src/timers.c ****         prvCheckForValidListAndQueue();
 248:FreeRTOS/src/timers.c **** 
 249:FreeRTOS/src/timers.c ****         if( xTimerQueue != NULL )
 250:FreeRTOS/src/timers.c ****         {
 251:FreeRTOS/src/timers.c ****             #if ( ( configNUMBER_OF_CORES > 1 ) && ( configUSE_CORE_AFFINITY == 1 ) )
 252:FreeRTOS/src/timers.c ****             {
 253:FreeRTOS/src/timers.c ****                 #if ( configSUPPORT_STATIC_ALLOCATION == 1 )
 254:FreeRTOS/src/timers.c ****                 {
 255:FreeRTOS/src/timers.c ****                     StaticTask_t * pxTimerTaskTCBBuffer = NULL;
 256:FreeRTOS/src/timers.c ****                     StackType_t * pxTimerTaskStackBuffer = NULL;
 257:FreeRTOS/src/timers.c ****                     configSTACK_DEPTH_TYPE uxTimerTaskStackSize;
 258:FreeRTOS/src/timers.c **** 
ARM GAS  C:\Users\user\AppData\Local\Temp\ccbCLowf.s 			page 6


 259:FreeRTOS/src/timers.c ****                     vApplicationGetTimerTaskMemory( &pxTimerTaskTCBBuffer, &pxTimerTaskStackBuffer,
 260:FreeRTOS/src/timers.c ****                     xTimerTaskHandle = xTaskCreateStaticAffinitySet( &prvTimerTask,
 261:FreeRTOS/src/timers.c ****                                                                      configTIMER_SERVICE_TASK_NAME,
 262:FreeRTOS/src/timers.c ****                                                                      uxTimerTaskStackSize,
 263:FreeRTOS/src/timers.c ****                                                                      NULL,
 264:FreeRTOS/src/timers.c ****                                                                      ( ( UBaseType_t ) configTIMER_
 265:FreeRTOS/src/timers.c ****                                                                      pxTimerTaskStackBuffer,
 266:FreeRTOS/src/timers.c ****                                                                      pxTimerTaskTCBBuffer,
 267:FreeRTOS/src/timers.c ****                                                                      configTIMER_SERVICE_TASK_CORE_
 268:FreeRTOS/src/timers.c **** 
 269:FreeRTOS/src/timers.c ****                     if( xTimerTaskHandle != NULL )
 270:FreeRTOS/src/timers.c ****                     {
 271:FreeRTOS/src/timers.c ****                         xReturn = pdPASS;
 272:FreeRTOS/src/timers.c ****                     }
 273:FreeRTOS/src/timers.c ****                 }
 274:FreeRTOS/src/timers.c ****                 #else /* if ( configSUPPORT_STATIC_ALLOCATION == 1 ) */
 275:FreeRTOS/src/timers.c ****                 {
 276:FreeRTOS/src/timers.c ****                     xReturn = xTaskCreateAffinitySet( &prvTimerTask,
 277:FreeRTOS/src/timers.c ****                                                       configTIMER_SERVICE_TASK_NAME,
 278:FreeRTOS/src/timers.c ****                                                       configTIMER_TASK_STACK_DEPTH,
 279:FreeRTOS/src/timers.c ****                                                       NULL,
 280:FreeRTOS/src/timers.c ****                                                       ( ( UBaseType_t ) configTIMER_TASK_PRIORITY )
 281:FreeRTOS/src/timers.c ****                                                       configTIMER_SERVICE_TASK_CORE_AFFINITY,
 282:FreeRTOS/src/timers.c ****                                                       &xTimerTaskHandle );
 283:FreeRTOS/src/timers.c ****                 }
 284:FreeRTOS/src/timers.c ****                 #endif /* configSUPPORT_STATIC_ALLOCATION */
 285:FreeRTOS/src/timers.c ****             }
 286:FreeRTOS/src/timers.c ****             #else /* #if ( ( configNUMBER_OF_CORES > 1 ) && ( configUSE_CORE_AFFINITY == 1 ) ) */
 287:FreeRTOS/src/timers.c ****             {
 288:FreeRTOS/src/timers.c ****                 #if ( configSUPPORT_STATIC_ALLOCATION == 1 )
 289:FreeRTOS/src/timers.c ****                 {
 290:FreeRTOS/src/timers.c ****                     StaticTask_t * pxTimerTaskTCBBuffer = NULL;
 291:FreeRTOS/src/timers.c ****                     StackType_t * pxTimerTaskStackBuffer = NULL;
 292:FreeRTOS/src/timers.c ****                     configSTACK_DEPTH_TYPE uxTimerTaskStackSize;
 293:FreeRTOS/src/timers.c **** 
 294:FreeRTOS/src/timers.c ****                     vApplicationGetTimerTaskMemory( &pxTimerTaskTCBBuffer, &pxTimerTaskStackBuffer,
 295:FreeRTOS/src/timers.c ****                     xTimerTaskHandle = xTaskCreateStatic( &prvTimerTask,
 296:FreeRTOS/src/timers.c ****                                                           configTIMER_SERVICE_TASK_NAME,
 297:FreeRTOS/src/timers.c ****                                                           uxTimerTaskStackSize,
 298:FreeRTOS/src/timers.c ****                                                           NULL,
 299:FreeRTOS/src/timers.c ****                                                           ( ( UBaseType_t ) configTIMER_TASK_PRIORI
 300:FreeRTOS/src/timers.c ****                                                           pxTimerTaskStackBuffer,
 301:FreeRTOS/src/timers.c ****                                                           pxTimerTaskTCBBuffer );
 302:FreeRTOS/src/timers.c **** 
 303:FreeRTOS/src/timers.c ****                     if( xTimerTaskHandle != NULL )
 304:FreeRTOS/src/timers.c ****                     {
 305:FreeRTOS/src/timers.c ****                         xReturn = pdPASS;
 306:FreeRTOS/src/timers.c ****                     }
 307:FreeRTOS/src/timers.c ****                 }
 308:FreeRTOS/src/timers.c ****                 #else /* if ( configSUPPORT_STATIC_ALLOCATION == 1 ) */
 309:FreeRTOS/src/timers.c ****                 {
 310:FreeRTOS/src/timers.c ****                     xReturn = xTaskCreate( &prvTimerTask,
 311:FreeRTOS/src/timers.c ****                                            configTIMER_SERVICE_TASK_NAME,
 312:FreeRTOS/src/timers.c ****                                            configTIMER_TASK_STACK_DEPTH,
 313:FreeRTOS/src/timers.c ****                                            NULL,
 314:FreeRTOS/src/timers.c ****                                            ( ( UBaseType_t ) configTIMER_TASK_PRIORITY ) | portPRIV
 315:FreeRTOS/src/timers.c ****                                            &xTimerTaskHandle );
ARM GAS  C:\Users\user\AppData\Local\Temp\ccbCLowf.s 			page 7


 316:FreeRTOS/src/timers.c ****                 }
 317:FreeRTOS/src/timers.c ****                 #endif /* configSUPPORT_STATIC_ALLOCATION */
 318:FreeRTOS/src/timers.c ****             }
 319:FreeRTOS/src/timers.c ****             #endif /* #if ( ( configNUMBER_OF_CORES > 1 ) && ( configUSE_CORE_AFFINITY == 1 ) ) */
 320:FreeRTOS/src/timers.c ****         }
 321:FreeRTOS/src/timers.c ****         else
 322:FreeRTOS/src/timers.c ****         {
 323:FreeRTOS/src/timers.c ****             mtCOVERAGE_TEST_MARKER();
 324:FreeRTOS/src/timers.c ****         }
 325:FreeRTOS/src/timers.c **** 
 326:FreeRTOS/src/timers.c ****         configASSERT( xReturn );
 327:FreeRTOS/src/timers.c **** 
 328:FreeRTOS/src/timers.c ****         traceRETURN_xTimerCreateTimerTask( xReturn );
 329:FreeRTOS/src/timers.c **** 
 330:FreeRTOS/src/timers.c ****         return xReturn;
 331:FreeRTOS/src/timers.c ****     }
 332:FreeRTOS/src/timers.c **** /*-----------------------------------------------------------*/
 333:FreeRTOS/src/timers.c **** 
 334:FreeRTOS/src/timers.c ****     #if ( configSUPPORT_DYNAMIC_ALLOCATION == 1 )
 335:FreeRTOS/src/timers.c **** 
 336:FreeRTOS/src/timers.c ****         TimerHandle_t xTimerCreate( const char * const pcTimerName,
 337:FreeRTOS/src/timers.c ****                                     const TickType_t xTimerPeriodInTicks,
 338:FreeRTOS/src/timers.c ****                                     const BaseType_t xAutoReload,
 339:FreeRTOS/src/timers.c ****                                     void * const pvTimerID,
 340:FreeRTOS/src/timers.c ****                                     TimerCallbackFunction_t pxCallbackFunction )
 341:FreeRTOS/src/timers.c ****         {
 342:FreeRTOS/src/timers.c ****             Timer_t * pxNewTimer;
 343:FreeRTOS/src/timers.c **** 
 344:FreeRTOS/src/timers.c ****             traceENTER_xTimerCreate( pcTimerName, xTimerPeriodInTicks, xAutoReload, pvTimerID, pxCa
 345:FreeRTOS/src/timers.c **** 
 346:FreeRTOS/src/timers.c ****             /* MISRA Ref 11.5.1 [Malloc memory assignment] */
 347:FreeRTOS/src/timers.c ****             /* More details at: https://github.com/FreeRTOS/FreeRTOS-Kernel/blob/main/MISRA.md#rule
 348:FreeRTOS/src/timers.c ****             /* coverity[misra_c_2012_rule_11_5_violation] */
 349:FreeRTOS/src/timers.c ****             pxNewTimer = ( Timer_t * ) pvPortMalloc( sizeof( Timer_t ) );
 350:FreeRTOS/src/timers.c **** 
 351:FreeRTOS/src/timers.c ****             if( pxNewTimer != NULL )
 352:FreeRTOS/src/timers.c ****             {
 353:FreeRTOS/src/timers.c ****                 /* Status is thus far zero as the timer is not created statically
 354:FreeRTOS/src/timers.c ****                  * and has not been started.  The auto-reload bit may get set in
 355:FreeRTOS/src/timers.c ****                  * prvInitialiseNewTimer. */
 356:FreeRTOS/src/timers.c ****                 pxNewTimer->ucStatus = 0x00;
 357:FreeRTOS/src/timers.c ****                 prvInitialiseNewTimer( pcTimerName, xTimerPeriodInTicks, xAutoReload, pvTimerID, px
 358:FreeRTOS/src/timers.c ****             }
 359:FreeRTOS/src/timers.c **** 
 360:FreeRTOS/src/timers.c ****             traceRETURN_xTimerCreate( pxNewTimer );
 361:FreeRTOS/src/timers.c **** 
 362:FreeRTOS/src/timers.c ****             return pxNewTimer;
 363:FreeRTOS/src/timers.c ****         }
 364:FreeRTOS/src/timers.c **** 
 365:FreeRTOS/src/timers.c ****     #endif /* configSUPPORT_DYNAMIC_ALLOCATION */
 366:FreeRTOS/src/timers.c **** /*-----------------------------------------------------------*/
 367:FreeRTOS/src/timers.c **** 
 368:FreeRTOS/src/timers.c ****     #if ( configSUPPORT_STATIC_ALLOCATION == 1 )
 369:FreeRTOS/src/timers.c **** 
 370:FreeRTOS/src/timers.c ****         TimerHandle_t xTimerCreateStatic( const char * const pcTimerName,
 371:FreeRTOS/src/timers.c ****                                           const TickType_t xTimerPeriodInTicks,
 372:FreeRTOS/src/timers.c ****                                           const BaseType_t xAutoReload,
ARM GAS  C:\Users\user\AppData\Local\Temp\ccbCLowf.s 			page 8


 373:FreeRTOS/src/timers.c ****                                           void * const pvTimerID,
 374:FreeRTOS/src/timers.c ****                                           TimerCallbackFunction_t pxCallbackFunction,
 375:FreeRTOS/src/timers.c ****                                           StaticTimer_t * pxTimerBuffer )
 376:FreeRTOS/src/timers.c ****         {
 377:FreeRTOS/src/timers.c ****             Timer_t * pxNewTimer;
 378:FreeRTOS/src/timers.c **** 
 379:FreeRTOS/src/timers.c ****             traceENTER_xTimerCreateStatic( pcTimerName, xTimerPeriodInTicks, xAutoReload, pvTimerID
 380:FreeRTOS/src/timers.c **** 
 381:FreeRTOS/src/timers.c ****             #if ( configASSERT_DEFINED == 1 )
 382:FreeRTOS/src/timers.c ****             {
 383:FreeRTOS/src/timers.c ****                 /* Sanity check that the size of the structure used to declare a
 384:FreeRTOS/src/timers.c ****                  * variable of type StaticTimer_t equals the size of the real timer
 385:FreeRTOS/src/timers.c ****                  * structure. */
 386:FreeRTOS/src/timers.c ****                 volatile size_t xSize = sizeof( StaticTimer_t );
 387:FreeRTOS/src/timers.c ****                 configASSERT( xSize == sizeof( Timer_t ) );
 388:FreeRTOS/src/timers.c ****                 ( void ) xSize; /* Prevent unused variable warning when configASSERT() is not defin
 389:FreeRTOS/src/timers.c ****             }
 390:FreeRTOS/src/timers.c ****             #endif /* configASSERT_DEFINED */
 391:FreeRTOS/src/timers.c **** 
 392:FreeRTOS/src/timers.c ****             /* A pointer to a StaticTimer_t structure MUST be provided, use it. */
 393:FreeRTOS/src/timers.c ****             configASSERT( pxTimerBuffer );
 394:FreeRTOS/src/timers.c ****             /* MISRA Ref 11.3.1 [Misaligned access] */
 395:FreeRTOS/src/timers.c ****             /* More details at: https://github.com/FreeRTOS/FreeRTOS-Kernel/blob/main/MISRA.md#rule
 396:FreeRTOS/src/timers.c ****             /* coverity[misra_c_2012_rule_11_3_violation] */
 397:FreeRTOS/src/timers.c ****             pxNewTimer = ( Timer_t * ) pxTimerBuffer;
 398:FreeRTOS/src/timers.c **** 
 399:FreeRTOS/src/timers.c ****             if( pxNewTimer != NULL )
 400:FreeRTOS/src/timers.c ****             {
 401:FreeRTOS/src/timers.c ****                 /* Timers can be created statically or dynamically so note this
 402:FreeRTOS/src/timers.c ****                  * timer was created statically in case it is later deleted.  The
 403:FreeRTOS/src/timers.c ****                  * auto-reload bit may get set in prvInitialiseNewTimer(). */
 404:FreeRTOS/src/timers.c ****                 pxNewTimer->ucStatus = ( uint8_t ) tmrSTATUS_IS_STATICALLY_ALLOCATED;
 405:FreeRTOS/src/timers.c **** 
 406:FreeRTOS/src/timers.c ****                 prvInitialiseNewTimer( pcTimerName, xTimerPeriodInTicks, xAutoReload, pvTimerID, px
 407:FreeRTOS/src/timers.c ****             }
 408:FreeRTOS/src/timers.c **** 
 409:FreeRTOS/src/timers.c ****             traceRETURN_xTimerCreateStatic( pxNewTimer );
 410:FreeRTOS/src/timers.c **** 
 411:FreeRTOS/src/timers.c ****             return pxNewTimer;
 412:FreeRTOS/src/timers.c ****         }
 413:FreeRTOS/src/timers.c **** 
 414:FreeRTOS/src/timers.c ****     #endif /* configSUPPORT_STATIC_ALLOCATION */
 415:FreeRTOS/src/timers.c **** /*-----------------------------------------------------------*/
 416:FreeRTOS/src/timers.c **** 
 417:FreeRTOS/src/timers.c ****     static void prvInitialiseNewTimer( const char * const pcTimerName,
 418:FreeRTOS/src/timers.c ****                                        const TickType_t xTimerPeriodInTicks,
 419:FreeRTOS/src/timers.c ****                                        const BaseType_t xAutoReload,
 420:FreeRTOS/src/timers.c ****                                        void * const pvTimerID,
 421:FreeRTOS/src/timers.c ****                                        TimerCallbackFunction_t pxCallbackFunction,
 422:FreeRTOS/src/timers.c ****                                        Timer_t * pxNewTimer )
 423:FreeRTOS/src/timers.c ****     {
 424:FreeRTOS/src/timers.c ****         /* 0 is not a valid value for xTimerPeriodInTicks. */
 425:FreeRTOS/src/timers.c ****         configASSERT( ( xTimerPeriodInTicks > 0 ) );
 426:FreeRTOS/src/timers.c **** 
 427:FreeRTOS/src/timers.c ****         /* Ensure the infrastructure used by the timer service task has been
 428:FreeRTOS/src/timers.c ****          * created/initialised. */
 429:FreeRTOS/src/timers.c ****         prvCheckForValidListAndQueue();
ARM GAS  C:\Users\user\AppData\Local\Temp\ccbCLowf.s 			page 9


 430:FreeRTOS/src/timers.c **** 
 431:FreeRTOS/src/timers.c ****         /* Initialise the timer structure members using the function
 432:FreeRTOS/src/timers.c ****          * parameters. */
 433:FreeRTOS/src/timers.c ****         pxNewTimer->pcTimerName = pcTimerName;
 434:FreeRTOS/src/timers.c ****         pxNewTimer->xTimerPeriodInTicks = xTimerPeriodInTicks;
 435:FreeRTOS/src/timers.c ****         pxNewTimer->pvTimerID = pvTimerID;
 436:FreeRTOS/src/timers.c ****         pxNewTimer->pxCallbackFunction = pxCallbackFunction;
 437:FreeRTOS/src/timers.c ****         vListInitialiseItem( &( pxNewTimer->xTimerListItem ) );
 438:FreeRTOS/src/timers.c **** 
 439:FreeRTOS/src/timers.c ****         if( xAutoReload != pdFALSE )
 440:FreeRTOS/src/timers.c ****         {
 441:FreeRTOS/src/timers.c ****             pxNewTimer->ucStatus |= ( uint8_t ) tmrSTATUS_IS_AUTORELOAD;
 442:FreeRTOS/src/timers.c ****         }
 443:FreeRTOS/src/timers.c **** 
 444:FreeRTOS/src/timers.c ****         traceTIMER_CREATE( pxNewTimer );
 445:FreeRTOS/src/timers.c ****     }
 446:FreeRTOS/src/timers.c **** /*-----------------------------------------------------------*/
 447:FreeRTOS/src/timers.c **** 
 448:FreeRTOS/src/timers.c ****     BaseType_t xTimerGenericCommandFromTask( TimerHandle_t xTimer,
 449:FreeRTOS/src/timers.c ****                                              const BaseType_t xCommandID,
 450:FreeRTOS/src/timers.c ****                                              const TickType_t xOptionalValue,
 451:FreeRTOS/src/timers.c ****                                              BaseType_t * const pxHigherPriorityTaskWoken,
 452:FreeRTOS/src/timers.c ****                                              const TickType_t xTicksToWait )
 453:FreeRTOS/src/timers.c ****     {
 454:FreeRTOS/src/timers.c ****         BaseType_t xReturn = pdFAIL;
 455:FreeRTOS/src/timers.c ****         DaemonTaskMessage_t xMessage;
 456:FreeRTOS/src/timers.c **** 
 457:FreeRTOS/src/timers.c ****         ( void ) pxHigherPriorityTaskWoken;
 458:FreeRTOS/src/timers.c **** 
 459:FreeRTOS/src/timers.c ****         traceENTER_xTimerGenericCommandFromTask( xTimer, xCommandID, xOptionalValue, pxHigherPriori
 460:FreeRTOS/src/timers.c **** 
 461:FreeRTOS/src/timers.c ****         /* Send a message to the timer service task to perform a particular action
 462:FreeRTOS/src/timers.c ****          * on a particular timer definition. */
 463:FreeRTOS/src/timers.c ****         if( ( xTimerQueue != NULL ) && ( xTimer != NULL ) )
 464:FreeRTOS/src/timers.c ****         {
 465:FreeRTOS/src/timers.c ****             /* Send a command to the timer service task to start the xTimer timer. */
 466:FreeRTOS/src/timers.c ****             xMessage.xMessageID = xCommandID;
 467:FreeRTOS/src/timers.c ****             xMessage.u.xTimerParameters.xMessageValue = xOptionalValue;
 468:FreeRTOS/src/timers.c ****             xMessage.u.xTimerParameters.pxTimer = xTimer;
 469:FreeRTOS/src/timers.c **** 
 470:FreeRTOS/src/timers.c ****             /* Enforce a lower bound as well as an upper bound so that only
 471:FreeRTOS/src/timers.c ****              * valid task-issued commands are accepted here. */
 472:FreeRTOS/src/timers.c ****             configASSERT( ( xCommandID >= tmrCOMMAND_START_DONT_TRACE ) && ( xCommandID < tmrFIRST_
 473:FreeRTOS/src/timers.c **** 
 474:FreeRTOS/src/timers.c ****             if( ( xCommandID >= tmrCOMMAND_START_DONT_TRACE ) && ( xCommandID < tmrFIRST_FROM_ISR_C
 475:FreeRTOS/src/timers.c ****             {
 476:FreeRTOS/src/timers.c ****                 if( xTaskGetSchedulerState() == taskSCHEDULER_RUNNING )
 477:FreeRTOS/src/timers.c ****                 {
 478:FreeRTOS/src/timers.c ****                     xReturn = xQueueSendToBack( xTimerQueue, &xMessage, xTicksToWait );
 479:FreeRTOS/src/timers.c ****                 }
 480:FreeRTOS/src/timers.c ****                 else
 481:FreeRTOS/src/timers.c ****                 {
 482:FreeRTOS/src/timers.c ****                     xReturn = xQueueSendToBack( xTimerQueue, &xMessage, tmrNO_DELAY );
 483:FreeRTOS/src/timers.c ****                 }
 484:FreeRTOS/src/timers.c ****             }
 485:FreeRTOS/src/timers.c **** 
 486:FreeRTOS/src/timers.c ****             traceTIMER_COMMAND_SEND( xTimer, xCommandID, xOptionalValue, xReturn );
ARM GAS  C:\Users\user\AppData\Local\Temp\ccbCLowf.s 			page 10


 487:FreeRTOS/src/timers.c ****         }
 488:FreeRTOS/src/timers.c ****         else
 489:FreeRTOS/src/timers.c ****         {
 490:FreeRTOS/src/timers.c ****             mtCOVERAGE_TEST_MARKER();
 491:FreeRTOS/src/timers.c ****         }
 492:FreeRTOS/src/timers.c **** 
 493:FreeRTOS/src/timers.c ****         traceRETURN_xTimerGenericCommandFromTask( xReturn );
 494:FreeRTOS/src/timers.c **** 
 495:FreeRTOS/src/timers.c ****         return xReturn;
 496:FreeRTOS/src/timers.c ****     }
 497:FreeRTOS/src/timers.c **** /*-----------------------------------------------------------*/
 498:FreeRTOS/src/timers.c **** 
 499:FreeRTOS/src/timers.c ****     BaseType_t xTimerGenericCommandFromISR( TimerHandle_t xTimer,
 500:FreeRTOS/src/timers.c ****                                             const BaseType_t xCommandID,
 501:FreeRTOS/src/timers.c ****                                             const TickType_t xOptionalValue,
 502:FreeRTOS/src/timers.c ****                                             BaseType_t * const pxHigherPriorityTaskWoken,
 503:FreeRTOS/src/timers.c ****                                             const TickType_t xTicksToWait )
 504:FreeRTOS/src/timers.c ****     {
 505:FreeRTOS/src/timers.c ****         BaseType_t xReturn = pdFAIL;
 506:FreeRTOS/src/timers.c ****         DaemonTaskMessage_t xMessage;
 507:FreeRTOS/src/timers.c **** 
 508:FreeRTOS/src/timers.c ****         ( void ) xTicksToWait;
 509:FreeRTOS/src/timers.c **** 
 510:FreeRTOS/src/timers.c ****         traceENTER_xTimerGenericCommandFromISR( xTimer, xCommandID, xOptionalValue, pxHigherPriorit
 511:FreeRTOS/src/timers.c **** 
 512:FreeRTOS/src/timers.c ****         /* Send a message to the timer service task to perform a particular action
 513:FreeRTOS/src/timers.c ****          * on a particular timer definition. */
 514:FreeRTOS/src/timers.c ****         if( ( xTimerQueue != NULL ) && ( xTimer != NULL ) )
 515:FreeRTOS/src/timers.c ****         {
 516:FreeRTOS/src/timers.c ****             /* Send a command to the timer service task to start the xTimer timer. */
 517:FreeRTOS/src/timers.c ****             xMessage.xMessageID = xCommandID;
 518:FreeRTOS/src/timers.c ****             xMessage.u.xTimerParameters.xMessageValue = xOptionalValue;
 519:FreeRTOS/src/timers.c ****             xMessage.u.xTimerParameters.pxTimer = xTimer;
 520:FreeRTOS/src/timers.c **** 
 521:FreeRTOS/src/timers.c ****             configASSERT( xCommandID >= tmrFIRST_FROM_ISR_COMMAND );
 522:FreeRTOS/src/timers.c **** 
 523:FreeRTOS/src/timers.c ****             if( xCommandID >= tmrFIRST_FROM_ISR_COMMAND )
 524:FreeRTOS/src/timers.c ****             {
 525:FreeRTOS/src/timers.c ****                 xReturn = xQueueSendToBackFromISR( xTimerQueue, &xMessage, pxHigherPriorityTaskWoke
 526:FreeRTOS/src/timers.c ****             }
 527:FreeRTOS/src/timers.c **** 
 528:FreeRTOS/src/timers.c ****             traceTIMER_COMMAND_SEND( xTimer, xCommandID, xOptionalValue, xReturn );
 529:FreeRTOS/src/timers.c ****         }
 530:FreeRTOS/src/timers.c ****         else
 531:FreeRTOS/src/timers.c ****         {
 532:FreeRTOS/src/timers.c ****             mtCOVERAGE_TEST_MARKER();
 533:FreeRTOS/src/timers.c ****         }
 534:FreeRTOS/src/timers.c **** 
 535:FreeRTOS/src/timers.c ****         traceRETURN_xTimerGenericCommandFromISR( xReturn );
 536:FreeRTOS/src/timers.c **** 
 537:FreeRTOS/src/timers.c ****         return xReturn;
 538:FreeRTOS/src/timers.c ****     }
 539:FreeRTOS/src/timers.c **** /*-----------------------------------------------------------*/
 540:FreeRTOS/src/timers.c **** 
 541:FreeRTOS/src/timers.c ****     TaskHandle_t xTimerGetTimerDaemonTaskHandle( void )
 542:FreeRTOS/src/timers.c ****     {
 543:FreeRTOS/src/timers.c ****         traceENTER_xTimerGetTimerDaemonTaskHandle();
ARM GAS  C:\Users\user\AppData\Local\Temp\ccbCLowf.s 			page 11


 544:FreeRTOS/src/timers.c **** 
 545:FreeRTOS/src/timers.c ****         /* If xTimerGetTimerDaemonTaskHandle() is called before the scheduler has been
 546:FreeRTOS/src/timers.c ****          * started, then xTimerTaskHandle will be NULL. */
 547:FreeRTOS/src/timers.c ****         configASSERT( ( xTimerTaskHandle != NULL ) );
 548:FreeRTOS/src/timers.c **** 
 549:FreeRTOS/src/timers.c ****         traceRETURN_xTimerGetTimerDaemonTaskHandle( xTimerTaskHandle );
 550:FreeRTOS/src/timers.c **** 
 551:FreeRTOS/src/timers.c ****         return xTimerTaskHandle;
 552:FreeRTOS/src/timers.c ****     }
 553:FreeRTOS/src/timers.c **** /*-----------------------------------------------------------*/
 554:FreeRTOS/src/timers.c **** 
 555:FreeRTOS/src/timers.c ****     TickType_t xTimerGetPeriod( TimerHandle_t xTimer )
 556:FreeRTOS/src/timers.c ****     {
 557:FreeRTOS/src/timers.c ****         Timer_t * pxTimer = xTimer;
 558:FreeRTOS/src/timers.c **** 
 559:FreeRTOS/src/timers.c ****         traceENTER_xTimerGetPeriod( xTimer );
 560:FreeRTOS/src/timers.c **** 
 561:FreeRTOS/src/timers.c ****         configASSERT( xTimer );
 562:FreeRTOS/src/timers.c **** 
 563:FreeRTOS/src/timers.c ****         traceRETURN_xTimerGetPeriod( pxTimer->xTimerPeriodInTicks );
 564:FreeRTOS/src/timers.c **** 
 565:FreeRTOS/src/timers.c ****         return pxTimer->xTimerPeriodInTicks;
 566:FreeRTOS/src/timers.c ****     }
 567:FreeRTOS/src/timers.c **** /*-----------------------------------------------------------*/
 568:FreeRTOS/src/timers.c **** 
 569:FreeRTOS/src/timers.c ****     void vTimerSetReloadMode( TimerHandle_t xTimer,
 570:FreeRTOS/src/timers.c ****                               const BaseType_t xAutoReload )
 571:FreeRTOS/src/timers.c ****     {
 572:FreeRTOS/src/timers.c ****         Timer_t * pxTimer = xTimer;
 573:FreeRTOS/src/timers.c **** 
 574:FreeRTOS/src/timers.c ****         traceENTER_vTimerSetReloadMode( xTimer, xAutoReload );
 575:FreeRTOS/src/timers.c **** 
 576:FreeRTOS/src/timers.c ****         configASSERT( xTimer );
 577:FreeRTOS/src/timers.c ****         taskENTER_CRITICAL();
 578:FreeRTOS/src/timers.c ****         {
 579:FreeRTOS/src/timers.c ****             if( xAutoReload != pdFALSE )
 580:FreeRTOS/src/timers.c ****             {
 581:FreeRTOS/src/timers.c ****                 pxTimer->ucStatus |= ( uint8_t ) tmrSTATUS_IS_AUTORELOAD;
 582:FreeRTOS/src/timers.c ****             }
 583:FreeRTOS/src/timers.c ****             else
 584:FreeRTOS/src/timers.c ****             {
 585:FreeRTOS/src/timers.c ****                 pxTimer->ucStatus &= ( ( uint8_t ) ~tmrSTATUS_IS_AUTORELOAD );
 586:FreeRTOS/src/timers.c ****             }
 587:FreeRTOS/src/timers.c ****         }
 588:FreeRTOS/src/timers.c ****         taskEXIT_CRITICAL();
 589:FreeRTOS/src/timers.c **** 
 590:FreeRTOS/src/timers.c ****         traceRETURN_vTimerSetReloadMode();
 591:FreeRTOS/src/timers.c ****     }
 592:FreeRTOS/src/timers.c **** /*-----------------------------------------------------------*/
 593:FreeRTOS/src/timers.c **** 
 594:FreeRTOS/src/timers.c ****     BaseType_t xTimerGetReloadMode( TimerHandle_t xTimer )
 595:FreeRTOS/src/timers.c ****     {
 596:FreeRTOS/src/timers.c ****         Timer_t * pxTimer = xTimer;
 597:FreeRTOS/src/timers.c ****         BaseType_t xReturn;
 598:FreeRTOS/src/timers.c **** 
 599:FreeRTOS/src/timers.c ****         traceENTER_xTimerGetReloadMode( xTimer );
 600:FreeRTOS/src/timers.c **** 
ARM GAS  C:\Users\user\AppData\Local\Temp\ccbCLowf.s 			page 12


 601:FreeRTOS/src/timers.c ****         configASSERT( xTimer );
 602:FreeRTOS/src/timers.c ****         portBASE_TYPE_ENTER_CRITICAL();
 603:FreeRTOS/src/timers.c ****         {
 604:FreeRTOS/src/timers.c ****             if( ( pxTimer->ucStatus & tmrSTATUS_IS_AUTORELOAD ) == 0U )
 605:FreeRTOS/src/timers.c ****             {
 606:FreeRTOS/src/timers.c ****                 /* Not an auto-reload timer. */
 607:FreeRTOS/src/timers.c ****                 xReturn = pdFALSE;
 608:FreeRTOS/src/timers.c ****             }
 609:FreeRTOS/src/timers.c ****             else
 610:FreeRTOS/src/timers.c ****             {
 611:FreeRTOS/src/timers.c ****                 /* Is an auto-reload timer. */
 612:FreeRTOS/src/timers.c ****                 xReturn = pdTRUE;
 613:FreeRTOS/src/timers.c ****             }
 614:FreeRTOS/src/timers.c ****         }
 615:FreeRTOS/src/timers.c ****         portBASE_TYPE_EXIT_CRITICAL();
 616:FreeRTOS/src/timers.c **** 
 617:FreeRTOS/src/timers.c ****         traceRETURN_xTimerGetReloadMode( xReturn );
 618:FreeRTOS/src/timers.c **** 
 619:FreeRTOS/src/timers.c ****         return xReturn;
 620:FreeRTOS/src/timers.c ****     }
 621:FreeRTOS/src/timers.c **** 
 622:FreeRTOS/src/timers.c ****     UBaseType_t uxTimerGetReloadMode( TimerHandle_t xTimer )
 623:FreeRTOS/src/timers.c ****     {
 624:FreeRTOS/src/timers.c ****         UBaseType_t uxReturn;
 625:FreeRTOS/src/timers.c **** 
 626:FreeRTOS/src/timers.c ****         traceENTER_uxTimerGetReloadMode( xTimer );
 627:FreeRTOS/src/timers.c **** 
 628:FreeRTOS/src/timers.c ****         uxReturn = ( UBaseType_t ) xTimerGetReloadMode( xTimer );
 629:FreeRTOS/src/timers.c **** 
 630:FreeRTOS/src/timers.c ****         traceRETURN_uxTimerGetReloadMode( uxReturn );
 631:FreeRTOS/src/timers.c **** 
 632:FreeRTOS/src/timers.c ****         return uxReturn;
 633:FreeRTOS/src/timers.c ****     }
 634:FreeRTOS/src/timers.c **** /*-----------------------------------------------------------*/
 635:FreeRTOS/src/timers.c **** 
 636:FreeRTOS/src/timers.c ****     TickType_t xTimerGetExpiryTime( TimerHandle_t xTimer )
 637:FreeRTOS/src/timers.c ****     {
 638:FreeRTOS/src/timers.c ****         Timer_t * pxTimer = xTimer;
 639:FreeRTOS/src/timers.c ****         TickType_t xReturn;
 640:FreeRTOS/src/timers.c **** 
 641:FreeRTOS/src/timers.c ****         traceENTER_xTimerGetExpiryTime( xTimer );
 642:FreeRTOS/src/timers.c **** 
 643:FreeRTOS/src/timers.c ****         configASSERT( xTimer );
 644:FreeRTOS/src/timers.c ****         xReturn = listGET_LIST_ITEM_VALUE( &( pxTimer->xTimerListItem ) );
 645:FreeRTOS/src/timers.c **** 
 646:FreeRTOS/src/timers.c ****         traceRETURN_xTimerGetExpiryTime( xReturn );
 647:FreeRTOS/src/timers.c **** 
 648:FreeRTOS/src/timers.c ****         return xReturn;
 649:FreeRTOS/src/timers.c ****     }
 650:FreeRTOS/src/timers.c **** /*-----------------------------------------------------------*/
 651:FreeRTOS/src/timers.c **** 
 652:FreeRTOS/src/timers.c ****     #if ( configSUPPORT_STATIC_ALLOCATION == 1 )
 653:FreeRTOS/src/timers.c ****         BaseType_t xTimerGetStaticBuffer( TimerHandle_t xTimer,
 654:FreeRTOS/src/timers.c ****                                           StaticTimer_t ** ppxTimerBuffer )
 655:FreeRTOS/src/timers.c ****         {
 656:FreeRTOS/src/timers.c ****             BaseType_t xReturn;
 657:FreeRTOS/src/timers.c ****             Timer_t * pxTimer = xTimer;
ARM GAS  C:\Users\user\AppData\Local\Temp\ccbCLowf.s 			page 13


 658:FreeRTOS/src/timers.c **** 
 659:FreeRTOS/src/timers.c ****             traceENTER_xTimerGetStaticBuffer( xTimer, ppxTimerBuffer );
 660:FreeRTOS/src/timers.c **** 
 661:FreeRTOS/src/timers.c ****             configASSERT( ppxTimerBuffer != NULL );
 662:FreeRTOS/src/timers.c **** 
 663:FreeRTOS/src/timers.c ****             if( ( pxTimer->ucStatus & tmrSTATUS_IS_STATICALLY_ALLOCATED ) != 0U )
 664:FreeRTOS/src/timers.c ****             {
 665:FreeRTOS/src/timers.c ****                 /* MISRA Ref 11.3.1 [Misaligned access] */
 666:FreeRTOS/src/timers.c ****                 /* More details at: https://github.com/FreeRTOS/FreeRTOS-Kernel/blob/main/MISRA.md#
 667:FreeRTOS/src/timers.c ****                 /* coverity[misra_c_2012_rule_11_3_violation] */
 668:FreeRTOS/src/timers.c ****                 *ppxTimerBuffer = ( StaticTimer_t * ) pxTimer;
 669:FreeRTOS/src/timers.c ****                 xReturn = pdTRUE;
 670:FreeRTOS/src/timers.c ****             }
 671:FreeRTOS/src/timers.c ****             else
 672:FreeRTOS/src/timers.c ****             {
 673:FreeRTOS/src/timers.c ****                 xReturn = pdFALSE;
 674:FreeRTOS/src/timers.c ****             }
 675:FreeRTOS/src/timers.c **** 
 676:FreeRTOS/src/timers.c ****             traceRETURN_xTimerGetStaticBuffer( xReturn );
 677:FreeRTOS/src/timers.c **** 
 678:FreeRTOS/src/timers.c ****             return xReturn;
 679:FreeRTOS/src/timers.c ****         }
 680:FreeRTOS/src/timers.c ****     #endif /* configSUPPORT_STATIC_ALLOCATION */
 681:FreeRTOS/src/timers.c **** /*-----------------------------------------------------------*/
 682:FreeRTOS/src/timers.c **** 
 683:FreeRTOS/src/timers.c ****     const char * pcTimerGetName( TimerHandle_t xTimer )
 684:FreeRTOS/src/timers.c ****     {
 685:FreeRTOS/src/timers.c ****         Timer_t * pxTimer = xTimer;
 686:FreeRTOS/src/timers.c **** 
 687:FreeRTOS/src/timers.c ****         traceENTER_pcTimerGetName( xTimer );
 688:FreeRTOS/src/timers.c **** 
 689:FreeRTOS/src/timers.c ****         configASSERT( xTimer );
 690:FreeRTOS/src/timers.c **** 
 691:FreeRTOS/src/timers.c ****         traceRETURN_pcTimerGetName( pxTimer->pcTimerName );
 692:FreeRTOS/src/timers.c **** 
 693:FreeRTOS/src/timers.c ****         return pxTimer->pcTimerName;
 694:FreeRTOS/src/timers.c ****     }
 695:FreeRTOS/src/timers.c **** /*-----------------------------------------------------------*/
 696:FreeRTOS/src/timers.c **** 
 697:FreeRTOS/src/timers.c ****     static void prvReloadTimer( Timer_t * const pxTimer,
 698:FreeRTOS/src/timers.c ****                                 TickType_t xExpiredTime,
 699:FreeRTOS/src/timers.c ****                                 const TickType_t xTimeNow )
 700:FreeRTOS/src/timers.c ****     {
 701:FreeRTOS/src/timers.c ****         /* Insert the timer into the appropriate list for the next expiry time.
 702:FreeRTOS/src/timers.c ****          * If the next expiry time has already passed, advance the expiry time,
 703:FreeRTOS/src/timers.c ****          * call the callback function, and try again. */
 704:FreeRTOS/src/timers.c ****         while( prvInsertTimerInActiveList( pxTimer, ( xExpiredTime + pxTimer->xTimerPeriodInTicks )
 705:FreeRTOS/src/timers.c ****         {
 706:FreeRTOS/src/timers.c ****             /* Advance the expiry time. */
 707:FreeRTOS/src/timers.c ****             xExpiredTime += pxTimer->xTimerPeriodInTicks;
 708:FreeRTOS/src/timers.c **** 
 709:FreeRTOS/src/timers.c ****             /* Call the timer callback. */
 710:FreeRTOS/src/timers.c ****             traceTIMER_EXPIRED( pxTimer );
 711:FreeRTOS/src/timers.c ****             pxTimer->pxCallbackFunction( ( TimerHandle_t ) pxTimer );
 712:FreeRTOS/src/timers.c ****         }
 713:FreeRTOS/src/timers.c ****     }
 714:FreeRTOS/src/timers.c **** /*-----------------------------------------------------------*/
ARM GAS  C:\Users\user\AppData\Local\Temp\ccbCLowf.s 			page 14


 715:FreeRTOS/src/timers.c **** 
 716:FreeRTOS/src/timers.c ****     static void prvProcessExpiredTimer( const TickType_t xNextExpireTime,
 717:FreeRTOS/src/timers.c ****                                         const TickType_t xTimeNow )
 718:FreeRTOS/src/timers.c ****     {
 719:FreeRTOS/src/timers.c ****         /* MISRA Ref 11.5.3 [Void pointer assignment] */
 720:FreeRTOS/src/timers.c ****         /* More details at: https://github.com/FreeRTOS/FreeRTOS-Kernel/blob/main/MISRA.md#rule-115
 721:FreeRTOS/src/timers.c ****         /* coverity[misra_c_2012_rule_11_5_violation] */
 722:FreeRTOS/src/timers.c ****         Timer_t * const pxTimer = ( Timer_t * ) listGET_OWNER_OF_HEAD_ENTRY( pxCurrentTimerList );
 723:FreeRTOS/src/timers.c **** 
 724:FreeRTOS/src/timers.c ****         /* Remove the timer from the list of active timers.  A check has already
 725:FreeRTOS/src/timers.c ****          * been performed to ensure the list is not empty. */
 726:FreeRTOS/src/timers.c **** 
 727:FreeRTOS/src/timers.c ****         ( void ) uxListRemove( &( pxTimer->xTimerListItem ) );
 728:FreeRTOS/src/timers.c **** 
 729:FreeRTOS/src/timers.c ****         /* If the timer is an auto-reload timer then calculate the next
 730:FreeRTOS/src/timers.c ****          * expiry time and re-insert the timer in the list of active timers. */
 731:FreeRTOS/src/timers.c ****         if( ( pxTimer->ucStatus & tmrSTATUS_IS_AUTORELOAD ) != 0U )
 732:FreeRTOS/src/timers.c ****         {
 733:FreeRTOS/src/timers.c ****             prvReloadTimer( pxTimer, xNextExpireTime, xTimeNow );
 734:FreeRTOS/src/timers.c ****         }
 735:FreeRTOS/src/timers.c ****         else
 736:FreeRTOS/src/timers.c ****         {
 737:FreeRTOS/src/timers.c ****             pxTimer->ucStatus &= ( ( uint8_t ) ~tmrSTATUS_IS_ACTIVE );
 738:FreeRTOS/src/timers.c ****         }
 739:FreeRTOS/src/timers.c **** 
 740:FreeRTOS/src/timers.c ****         /* Call the timer callback. */
 741:FreeRTOS/src/timers.c ****         traceTIMER_EXPIRED( pxTimer );
 742:FreeRTOS/src/timers.c ****         pxTimer->pxCallbackFunction( ( TimerHandle_t ) pxTimer );
 743:FreeRTOS/src/timers.c ****     }
 744:FreeRTOS/src/timers.c **** /*-----------------------------------------------------------*/
 745:FreeRTOS/src/timers.c **** 
 746:FreeRTOS/src/timers.c ****     static portTASK_FUNCTION( prvTimerTask, pvParameters )
 747:FreeRTOS/src/timers.c ****     {
 748:FreeRTOS/src/timers.c ****         TickType_t xNextExpireTime;
 749:FreeRTOS/src/timers.c ****         BaseType_t xListWasEmpty;
 750:FreeRTOS/src/timers.c **** 
 751:FreeRTOS/src/timers.c ****         /* Just to avoid compiler warnings. */
 752:FreeRTOS/src/timers.c ****         ( void ) pvParameters;
 753:FreeRTOS/src/timers.c **** 
 754:FreeRTOS/src/timers.c ****         #if ( configUSE_DAEMON_TASK_STARTUP_HOOK == 1 )
 755:FreeRTOS/src/timers.c ****         {
 756:FreeRTOS/src/timers.c ****             /* Allow the application writer to execute some code in the context of
 757:FreeRTOS/src/timers.c ****              * this task at the point the task starts executing.  This is useful if the
 758:FreeRTOS/src/timers.c ****              * application includes initialisation code that would benefit from
 759:FreeRTOS/src/timers.c ****              * executing after the scheduler has been started. */
 760:FreeRTOS/src/timers.c ****             vApplicationDaemonTaskStartupHook();
 761:FreeRTOS/src/timers.c ****         }
 762:FreeRTOS/src/timers.c ****         #endif /* configUSE_DAEMON_TASK_STARTUP_HOOK */
 763:FreeRTOS/src/timers.c **** 
 764:FreeRTOS/src/timers.c ****         for( ; configCONTROL_INFINITE_LOOP(); )
 765:FreeRTOS/src/timers.c ****         {
 766:FreeRTOS/src/timers.c ****             /* Query the timers list to see if it contains any timers, and if so,
 767:FreeRTOS/src/timers.c ****              * obtain the time at which the next timer will expire. */
 768:FreeRTOS/src/timers.c ****             xNextExpireTime = prvGetNextExpireTime( &xListWasEmpty );
 769:FreeRTOS/src/timers.c **** 
 770:FreeRTOS/src/timers.c ****             /* If a timer has expired, process it.  Otherwise, block this task
 771:FreeRTOS/src/timers.c ****              * until either a timer does expire, or a command is received. */
ARM GAS  C:\Users\user\AppData\Local\Temp\ccbCLowf.s 			page 15


 772:FreeRTOS/src/timers.c ****             prvProcessTimerOrBlockTask( xNextExpireTime, xListWasEmpty );
 773:FreeRTOS/src/timers.c **** 
 774:FreeRTOS/src/timers.c ****             /* Empty the command queue. */
 775:FreeRTOS/src/timers.c ****             prvProcessReceivedCommands();
 776:FreeRTOS/src/timers.c ****         }
 777:FreeRTOS/src/timers.c ****     }
 778:FreeRTOS/src/timers.c **** /*-----------------------------------------------------------*/
 779:FreeRTOS/src/timers.c **** 
 780:FreeRTOS/src/timers.c ****     static void prvProcessTimerOrBlockTask( const TickType_t xNextExpireTime,
 781:FreeRTOS/src/timers.c ****                                             BaseType_t xListWasEmpty )
 782:FreeRTOS/src/timers.c ****     {
 783:FreeRTOS/src/timers.c ****         TickType_t xTimeNow;
 784:FreeRTOS/src/timers.c ****         BaseType_t xTimerListsWereSwitched;
 785:FreeRTOS/src/timers.c **** 
 786:FreeRTOS/src/timers.c ****         vTaskSuspendAll();
 787:FreeRTOS/src/timers.c ****         {
 788:FreeRTOS/src/timers.c ****             /* Obtain the time now to make an assessment as to whether the timer
 789:FreeRTOS/src/timers.c ****              * has expired or not.  If obtaining the time causes the lists to switch
 790:FreeRTOS/src/timers.c ****              * then don't process this timer as any timers that remained in the list
 791:FreeRTOS/src/timers.c ****              * when the lists were switched will have been processed within the
 792:FreeRTOS/src/timers.c ****              * prvSampleTimeNow() function. */
 793:FreeRTOS/src/timers.c ****             xTimeNow = prvSampleTimeNow( &xTimerListsWereSwitched );
 794:FreeRTOS/src/timers.c **** 
 795:FreeRTOS/src/timers.c ****             if( xTimerListsWereSwitched == pdFALSE )
 796:FreeRTOS/src/timers.c ****             {
 797:FreeRTOS/src/timers.c ****                 /* The tick count has not overflowed, has the timer expired? */
 798:FreeRTOS/src/timers.c ****                 if( ( xListWasEmpty == pdFALSE ) && ( xNextExpireTime <= xTimeNow ) )
 799:FreeRTOS/src/timers.c ****                 {
 800:FreeRTOS/src/timers.c ****                     ( void ) xTaskResumeAll();
 801:FreeRTOS/src/timers.c ****                     prvProcessExpiredTimer( xNextExpireTime, xTimeNow );
 802:FreeRTOS/src/timers.c ****                 }
 803:FreeRTOS/src/timers.c ****                 else
 804:FreeRTOS/src/timers.c ****                 {
 805:FreeRTOS/src/timers.c ****                     /* The tick count has not overflowed, and the next expire
 806:FreeRTOS/src/timers.c ****                      * time has not been reached yet.  This task should therefore
 807:FreeRTOS/src/timers.c ****                      * block to wait for the next expire time or a command to be
 808:FreeRTOS/src/timers.c ****                      * received - whichever comes first.  The following line cannot
 809:FreeRTOS/src/timers.c ****                      * be reached unless xNextExpireTime > xTimeNow, except in the
 810:FreeRTOS/src/timers.c ****                      * case when the current timer list is empty. */
 811:FreeRTOS/src/timers.c ****                     if( xListWasEmpty != pdFALSE )
 812:FreeRTOS/src/timers.c ****                     {
 813:FreeRTOS/src/timers.c ****                         /* The current timer list is empty - is the overflow list
 814:FreeRTOS/src/timers.c ****                          * also empty? */
 815:FreeRTOS/src/timers.c ****                         xListWasEmpty = listLIST_IS_EMPTY( pxOverflowTimerList );
 816:FreeRTOS/src/timers.c ****                     }
 817:FreeRTOS/src/timers.c **** 
 818:FreeRTOS/src/timers.c ****                     vQueueWaitForMessageRestricted( xTimerQueue, ( xNextExpireTime - xTimeNow ), xL
 819:FreeRTOS/src/timers.c **** 
 820:FreeRTOS/src/timers.c ****                     if( xTaskResumeAll() == pdFALSE )
 821:FreeRTOS/src/timers.c ****                     {
 822:FreeRTOS/src/timers.c ****                         /* Yield to wait for either a command to arrive, or the
 823:FreeRTOS/src/timers.c ****                          * block time to expire.  If a command arrived between the
 824:FreeRTOS/src/timers.c ****                          * critical section being exited and this yield then the yield
 825:FreeRTOS/src/timers.c ****                          * will not cause the task to block. */
 826:FreeRTOS/src/timers.c ****                         taskYIELD_WITHIN_API();
 827:FreeRTOS/src/timers.c ****                     }
 828:FreeRTOS/src/timers.c ****                     else
ARM GAS  C:\Users\user\AppData\Local\Temp\ccbCLowf.s 			page 16


 829:FreeRTOS/src/timers.c ****                     {
 830:FreeRTOS/src/timers.c ****                         mtCOVERAGE_TEST_MARKER();
 831:FreeRTOS/src/timers.c ****                     }
 832:FreeRTOS/src/timers.c ****                 }
 833:FreeRTOS/src/timers.c ****             }
 834:FreeRTOS/src/timers.c ****             else
 835:FreeRTOS/src/timers.c ****             {
 836:FreeRTOS/src/timers.c ****                 ( void ) xTaskResumeAll();
 837:FreeRTOS/src/timers.c ****             }
 838:FreeRTOS/src/timers.c ****         }
 839:FreeRTOS/src/timers.c ****     }
 840:FreeRTOS/src/timers.c **** /*-----------------------------------------------------------*/
 841:FreeRTOS/src/timers.c **** 
 842:FreeRTOS/src/timers.c ****     static TickType_t prvGetNextExpireTime( BaseType_t * const pxListWasEmpty )
 843:FreeRTOS/src/timers.c ****     {
  29              		.loc 1 843 5 view -0
  30              		.cfi_startproc
  31              		@ args = 0, pretend = 0, frame = 0
  32              		@ frame_needed = 0, uses_anonymous_args = 0
  33              		@ link register save eliminated.
 844:FreeRTOS/src/timers.c ****         TickType_t xNextExpireTime;
  34              		.loc 1 844 9 view .LVU1
 845:FreeRTOS/src/timers.c **** 
 846:FreeRTOS/src/timers.c ****         /* Timers are listed in expiry time order, with the head of the list
 847:FreeRTOS/src/timers.c ****          * referencing the task that will expire first.  Obtain the time at which
 848:FreeRTOS/src/timers.c ****          * the timer with the nearest expiry time will expire.  If there are no
 849:FreeRTOS/src/timers.c ****          * active timers then just set the next expire time to 0.  That will cause
 850:FreeRTOS/src/timers.c ****          * this task to unblock when the tick count overflows, at which point the
 851:FreeRTOS/src/timers.c ****          * timer lists will be switched and the next expiry time can be
 852:FreeRTOS/src/timers.c ****          * re-assessed.  */
 853:FreeRTOS/src/timers.c ****         *pxListWasEmpty = listLIST_IS_EMPTY( pxCurrentTimerList );
  35              		.loc 1 853 9 view .LVU2
  36              		.loc 1 853 27 is_stmt 0 view .LVU3
  37 0000 064B     		ldr	r3, .L6
  38 0002 1A68     		ldr	r2, [r3]
  39 0004 1368     		ldr	r3, [r2]
  40 0006 2BB9     		cbnz	r3, .L4
  41              		.loc 1 853 27 discriminator 1 view .LVU4
  42 0008 0123     		movs	r3, #1
  43              	.L2:
  44              		.loc 1 853 25 discriminator 4 view .LVU5
  45 000a 0360     		str	r3, [r0]
 854:FreeRTOS/src/timers.c **** 
 855:FreeRTOS/src/timers.c ****         if( *pxListWasEmpty == pdFALSE )
  46              		.loc 1 855 9 is_stmt 1 view .LVU6
  47              		.loc 1 855 11 is_stmt 0 view .LVU7
  48 000c 23B9     		cbnz	r3, .L5
 856:FreeRTOS/src/timers.c ****         {
 857:FreeRTOS/src/timers.c ****             xNextExpireTime = listGET_ITEM_VALUE_OF_HEAD_ENTRY( pxCurrentTimerList );
  49              		.loc 1 857 13 is_stmt 1 view .LVU8
  50              		.loc 1 857 31 is_stmt 0 view .LVU9
  51 000e D368     		ldr	r3, [r2, #12]
  52              		.loc 1 857 29 view .LVU10
  53 0010 1868     		ldr	r0, [r3]
  54              	.LVL1:
  55              		.loc 1 857 29 view .LVU11
  56 0012 7047     		bx	lr
ARM GAS  C:\Users\user\AppData\Local\Temp\ccbCLowf.s 			page 17


  57              	.LVL2:
  58              	.L4:
 853:FreeRTOS/src/timers.c **** 
  59              		.loc 1 853 27 discriminator 2 view .LVU12
  60 0014 0023     		movs	r3, #0
  61 0016 F8E7     		b	.L2
  62              	.L5:
 858:FreeRTOS/src/timers.c ****         }
 859:FreeRTOS/src/timers.c ****         else
 860:FreeRTOS/src/timers.c ****         {
 861:FreeRTOS/src/timers.c ****             /* Ensure the task unblocks when the tick count rolls over. */
 862:FreeRTOS/src/timers.c ****             xNextExpireTime = ( TickType_t ) 0U;
  63              		.loc 1 862 29 view .LVU13
  64 0018 0020     		movs	r0, #0
  65              	.LVL3:
 863:FreeRTOS/src/timers.c ****         }
 864:FreeRTOS/src/timers.c **** 
 865:FreeRTOS/src/timers.c ****         return xNextExpireTime;
  66              		.loc 1 865 9 is_stmt 1 view .LVU14
 866:FreeRTOS/src/timers.c ****     }
  67              		.loc 1 866 5 is_stmt 0 view .LVU15
  68 001a 7047     		bx	lr
  69              	.L7:
  70              		.align	2
  71              	.L6:
  72 001c 00000000 		.word	pxCurrentTimerList
  73              		.cfi_endproc
  74              	.LFE154:
  76              		.section	.text.prvInsertTimerInActiveList,"ax",%progbits
  77              		.align	1
  78              		.syntax unified
  79              		.thumb
  80              		.thumb_func
  82              	prvInsertTimerInActiveList:
  83              	.LVL4:
  84              	.LFB156:
 867:FreeRTOS/src/timers.c **** /*-----------------------------------------------------------*/
 868:FreeRTOS/src/timers.c **** 
 869:FreeRTOS/src/timers.c ****     static TickType_t prvSampleTimeNow( BaseType_t * const pxTimerListsWereSwitched )
 870:FreeRTOS/src/timers.c ****     {
 871:FreeRTOS/src/timers.c ****         TickType_t xTimeNow;
 872:FreeRTOS/src/timers.c ****         PRIVILEGED_DATA static TickType_t xLastTime = ( TickType_t ) 0U;
 873:FreeRTOS/src/timers.c **** 
 874:FreeRTOS/src/timers.c ****         xTimeNow = xTaskGetTickCount();
 875:FreeRTOS/src/timers.c **** 
 876:FreeRTOS/src/timers.c ****         if( xTimeNow < xLastTime )
 877:FreeRTOS/src/timers.c ****         {
 878:FreeRTOS/src/timers.c ****             prvSwitchTimerLists();
 879:FreeRTOS/src/timers.c ****             *pxTimerListsWereSwitched = pdTRUE;
 880:FreeRTOS/src/timers.c ****         }
 881:FreeRTOS/src/timers.c ****         else
 882:FreeRTOS/src/timers.c ****         {
 883:FreeRTOS/src/timers.c ****             *pxTimerListsWereSwitched = pdFALSE;
 884:FreeRTOS/src/timers.c ****         }
 885:FreeRTOS/src/timers.c **** 
 886:FreeRTOS/src/timers.c ****         xLastTime = xTimeNow;
 887:FreeRTOS/src/timers.c **** 
ARM GAS  C:\Users\user\AppData\Local\Temp\ccbCLowf.s 			page 18


 888:FreeRTOS/src/timers.c ****         return xTimeNow;
 889:FreeRTOS/src/timers.c ****     }
 890:FreeRTOS/src/timers.c **** /*-----------------------------------------------------------*/
 891:FreeRTOS/src/timers.c **** 
 892:FreeRTOS/src/timers.c ****     static BaseType_t prvInsertTimerInActiveList( Timer_t * const pxTimer,
 893:FreeRTOS/src/timers.c ****                                                   const TickType_t xNextExpiryTime,
 894:FreeRTOS/src/timers.c ****                                                   const TickType_t xTimeNow,
 895:FreeRTOS/src/timers.c ****                                                   const TickType_t xCommandTime )
 896:FreeRTOS/src/timers.c ****     {
  85              		.loc 1 896 5 is_stmt 1 view -0
  86              		.cfi_startproc
  87              		@ args = 0, pretend = 0, frame = 0
  88              		@ frame_needed = 0, uses_anonymous_args = 0
  89              		.loc 1 896 5 is_stmt 0 view .LVU17
  90 0000 08B5     		push	{r3, lr}
  91              	.LCFI0:
  92              		.cfi_def_cfa_offset 8
  93              		.cfi_offset 3, -8
  94              		.cfi_offset 14, -4
 897:FreeRTOS/src/timers.c ****         BaseType_t xProcessTimerNow = pdFALSE;
  95              		.loc 1 897 9 is_stmt 1 view .LVU18
  96              	.LVL5:
 898:FreeRTOS/src/timers.c **** 
 899:FreeRTOS/src/timers.c ****         listSET_LIST_ITEM_VALUE( &( pxTimer->xTimerListItem ), xNextExpiryTime );
  97              		.loc 1 899 9 view .LVU19
  98 0002 4160     		str	r1, [r0, #4]
 900:FreeRTOS/src/timers.c ****         listSET_LIST_ITEM_OWNER( &( pxTimer->xTimerListItem ), pxTimer );
  99              		.loc 1 900 9 view .LVU20
 100 0004 0061     		str	r0, [r0, #16]
 901:FreeRTOS/src/timers.c **** 
 902:FreeRTOS/src/timers.c ****         if( xNextExpiryTime <= xTimeNow )
 101              		.loc 1 902 9 view .LVU21
 102              		.loc 1 902 11 is_stmt 0 view .LVU22
 103 0006 9142     		cmp	r1, r2
 104 0008 0CD8     		bhi	.L9
 903:FreeRTOS/src/timers.c ****         {
 904:FreeRTOS/src/timers.c ****             /* Has the expiry time elapsed between the command to start/reset a
 905:FreeRTOS/src/timers.c ****              * timer was issued, and the time the command was processed? */
 906:FreeRTOS/src/timers.c ****             if( ( ( TickType_t ) ( xTimeNow - xCommandTime ) ) >= pxTimer->xTimerPeriodInTicks )
 105              		.loc 1 906 13 is_stmt 1 view .LVU23
 106              		.loc 1 906 45 is_stmt 0 view .LVU24
 107 000a D21A     		subs	r2, r2, r3
 108              	.LVL6:
 109              		.loc 1 906 74 view .LVU25
 110 000c 8369     		ldr	r3, [r0, #24]
 111              	.LVL7:
 112              		.loc 1 906 15 view .LVU26
 113 000e 9A42     		cmp	r2, r3
 114 0010 01D3     		bcc	.L15
 907:FreeRTOS/src/timers.c ****             {
 908:FreeRTOS/src/timers.c ****                 /* The time between a command being issued and the command being
 909:FreeRTOS/src/timers.c ****                  * processed actually exceeds the timers period.  */
 910:FreeRTOS/src/timers.c ****                 xProcessTimerNow = pdTRUE;
 115              		.loc 1 910 34 view .LVU27
 116 0012 0120     		movs	r0, #1
 117              	.LVL8:
 118              	.L8:
ARM GAS  C:\Users\user\AppData\Local\Temp\ccbCLowf.s 			page 19


 911:FreeRTOS/src/timers.c ****             }
 912:FreeRTOS/src/timers.c ****             else
 913:FreeRTOS/src/timers.c ****             {
 914:FreeRTOS/src/timers.c ****                 vListInsert( pxOverflowTimerList, &( pxTimer->xTimerListItem ) );
 915:FreeRTOS/src/timers.c ****             }
 916:FreeRTOS/src/timers.c ****         }
 917:FreeRTOS/src/timers.c ****         else
 918:FreeRTOS/src/timers.c ****         {
 919:FreeRTOS/src/timers.c ****             if( ( xTimeNow < xCommandTime ) && ( xNextExpiryTime >= xCommandTime ) )
 920:FreeRTOS/src/timers.c ****             {
 921:FreeRTOS/src/timers.c ****                 /* If, since the command was issued, the tick count has overflowed
 922:FreeRTOS/src/timers.c ****                  * but the expiry time has not, then the timer must have already passed
 923:FreeRTOS/src/timers.c ****                  * its expiry time and should be processed immediately. */
 924:FreeRTOS/src/timers.c ****                 xProcessTimerNow = pdTRUE;
 925:FreeRTOS/src/timers.c ****             }
 926:FreeRTOS/src/timers.c ****             else
 927:FreeRTOS/src/timers.c ****             {
 928:FreeRTOS/src/timers.c ****                 vListInsert( pxCurrentTimerList, &( pxTimer->xTimerListItem ) );
 929:FreeRTOS/src/timers.c ****             }
 930:FreeRTOS/src/timers.c ****         }
 931:FreeRTOS/src/timers.c **** 
 932:FreeRTOS/src/timers.c ****         return xProcessTimerNow;
 933:FreeRTOS/src/timers.c ****     }
 119              		.loc 1 933 5 view .LVU28
 120 0014 08BD     		pop	{r3, pc}
 121              	.LVL9:
 122              	.L15:
 914:FreeRTOS/src/timers.c ****             }
 123              		.loc 1 914 17 is_stmt 1 view .LVU29
 124 0016 011D     		adds	r1, r0, #4
 125              	.LVL10:
 914:FreeRTOS/src/timers.c ****             }
 126              		.loc 1 914 17 is_stmt 0 view .LVU30
 127 0018 094B     		ldr	r3, .L16
 128 001a 1868     		ldr	r0, [r3]
 129              	.LVL11:
 914:FreeRTOS/src/timers.c ****             }
 130              		.loc 1 914 17 view .LVU31
 131 001c FFF7FEFF 		bl	vListInsert
 132              	.LVL12:
 897:FreeRTOS/src/timers.c **** 
 133              		.loc 1 897 20 view .LVU32
 134 0020 0020     		movs	r0, #0
 135 0022 F7E7     		b	.L8
 136              	.LVL13:
 137              	.L9:
 919:FreeRTOS/src/timers.c ****             {
 138              		.loc 1 919 13 is_stmt 1 view .LVU33
 919:FreeRTOS/src/timers.c ****             {
 139              		.loc 1 919 15 is_stmt 0 view .LVU34
 140 0024 9A42     		cmp	r2, r3
 141 0026 01D2     		bcs	.L11
 919:FreeRTOS/src/timers.c ****             {
 142              		.loc 1 919 45 discriminator 1 view .LVU35
 143 0028 9942     		cmp	r1, r3
 144 002a 06D2     		bcs	.L13
 145              	.L11:
ARM GAS  C:\Users\user\AppData\Local\Temp\ccbCLowf.s 			page 20


 928:FreeRTOS/src/timers.c ****             }
 146              		.loc 1 928 17 is_stmt 1 view .LVU36
 147 002c 011D     		adds	r1, r0, #4
 148              	.LVL14:
 928:FreeRTOS/src/timers.c ****             }
 149              		.loc 1 928 17 is_stmt 0 view .LVU37
 150 002e 054B     		ldr	r3, .L16+4
 151              	.LVL15:
 928:FreeRTOS/src/timers.c ****             }
 152              		.loc 1 928 17 view .LVU38
 153 0030 1868     		ldr	r0, [r3]
 154              	.LVL16:
 928:FreeRTOS/src/timers.c ****             }
 155              		.loc 1 928 17 view .LVU39
 156 0032 FFF7FEFF 		bl	vListInsert
 157              	.LVL17:
 897:FreeRTOS/src/timers.c **** 
 158              		.loc 1 897 20 view .LVU40
 159 0036 0020     		movs	r0, #0
 160 0038 ECE7     		b	.L8
 161              	.LVL18:
 162              	.L13:
 924:FreeRTOS/src/timers.c ****             }
 163              		.loc 1 924 34 view .LVU41
 164 003a 0120     		movs	r0, #1
 165              	.LVL19:
 932:FreeRTOS/src/timers.c ****     }
 166              		.loc 1 932 9 is_stmt 1 view .LVU42
 932:FreeRTOS/src/timers.c ****     }
 167              		.loc 1 932 16 is_stmt 0 view .LVU43
 168 003c EAE7     		b	.L8
 169              	.L17:
 170 003e 00BF     		.align	2
 171              	.L16:
 172 0040 00000000 		.word	pxOverflowTimerList
 173 0044 00000000 		.word	pxCurrentTimerList
 174              		.cfi_endproc
 175              	.LFE156:
 177              		.section	.text.prvReloadTimer,"ax",%progbits
 178              		.align	1
 179              		.syntax unified
 180              		.thumb
 181              		.thumb_func
 183              	prvReloadTimer:
 184              	.LVL20:
 185              	.LFB150:
 700:FreeRTOS/src/timers.c ****         /* Insert the timer into the appropriate list for the next expiry time.
 186              		.loc 1 700 5 is_stmt 1 view -0
 187              		.cfi_startproc
 188              		@ args = 0, pretend = 0, frame = 0
 189              		@ frame_needed = 0, uses_anonymous_args = 0
 700:FreeRTOS/src/timers.c ****         /* Insert the timer into the appropriate list for the next expiry time.
 190              		.loc 1 700 5 is_stmt 0 view .LVU45
 191 0000 70B5     		push	{r4, r5, r6, lr}
 192              	.LCFI1:
 193              		.cfi_def_cfa_offset 16
 194              		.cfi_offset 4, -16
ARM GAS  C:\Users\user\AppData\Local\Temp\ccbCLowf.s 			page 21


 195              		.cfi_offset 5, -12
 196              		.cfi_offset 6, -8
 197              		.cfi_offset 14, -4
 198 0002 0446     		mov	r4, r0
 199 0004 0D46     		mov	r5, r1
 200 0006 1646     		mov	r6, r2
 704:FreeRTOS/src/timers.c ****         {
 201              		.loc 1 704 9 is_stmt 1 view .LVU46
 704:FreeRTOS/src/timers.c ****         {
 202              		.loc 1 704 14 is_stmt 0 view .LVU47
 203 0008 04E0     		b	.L19
 204              	.LVL21:
 205              	.L20:
 707:FreeRTOS/src/timers.c **** 
 206              		.loc 1 707 13 is_stmt 1 view .LVU48
 707:FreeRTOS/src/timers.c **** 
 207              		.loc 1 707 36 is_stmt 0 view .LVU49
 208 000a A369     		ldr	r3, [r4, #24]
 707:FreeRTOS/src/timers.c **** 
 209              		.loc 1 707 26 view .LVU50
 210 000c 1D44     		add	r5, r5, r3
 211              	.LVL22:
 710:FreeRTOS/src/timers.c ****             pxTimer->pxCallbackFunction( ( TimerHandle_t ) pxTimer );
 212              		.loc 1 710 42 is_stmt 1 view .LVU51
 711:FreeRTOS/src/timers.c ****         }
 213              		.loc 1 711 13 view .LVU52
 711:FreeRTOS/src/timers.c ****         }
 214              		.loc 1 711 20 is_stmt 0 view .LVU53
 215 000e 236A     		ldr	r3, [r4, #32]
 711:FreeRTOS/src/timers.c ****         }
 216              		.loc 1 711 13 view .LVU54
 217 0010 2046     		mov	r0, r4
 218 0012 9847     		blx	r3
 219              	.LVL23:
 220              	.L19:
 704:FreeRTOS/src/timers.c ****         {
 221              		.loc 1 704 127 is_stmt 1 view .LVU55
 704:FreeRTOS/src/timers.c ****         {
 222              		.loc 1 704 77 is_stmt 0 view .LVU56
 223 0014 A169     		ldr	r1, [r4, #24]
 704:FreeRTOS/src/timers.c ****         {
 224              		.loc 1 704 16 view .LVU57
 225 0016 2B46     		mov	r3, r5
 226 0018 3246     		mov	r2, r6
 227 001a 2944     		add	r1, r1, r5
 228 001c 2046     		mov	r0, r4
 229 001e FFF7FEFF 		bl	prvInsertTimerInActiveList
 230              	.LVL24:
 704:FreeRTOS/src/timers.c ****         {
 231              		.loc 1 704 127 discriminator 1 view .LVU58
 232 0022 0028     		cmp	r0, #0
 233 0024 F1D1     		bne	.L20
 713:FreeRTOS/src/timers.c **** /*-----------------------------------------------------------*/
 234              		.loc 1 713 5 view .LVU59
 235 0026 70BD     		pop	{r4, r5, r6, pc}
 713:FreeRTOS/src/timers.c **** /*-----------------------------------------------------------*/
 236              		.loc 1 713 5 view .LVU60
ARM GAS  C:\Users\user\AppData\Local\Temp\ccbCLowf.s 			page 22


 237              		.cfi_endproc
 238              	.LFE150:
 240              		.section	.text.prvProcessExpiredTimer,"ax",%progbits
 241              		.align	1
 242              		.syntax unified
 243              		.thumb
 244              		.thumb_func
 246              	prvProcessExpiredTimer:
 247              	.LVL25:
 248              	.LFB151:
 718:FreeRTOS/src/timers.c ****         /* MISRA Ref 11.5.3 [Void pointer assignment] */
 249              		.loc 1 718 5 is_stmt 1 view -0
 250              		.cfi_startproc
 251              		@ args = 0, pretend = 0, frame = 0
 252              		@ frame_needed = 0, uses_anonymous_args = 0
 718:FreeRTOS/src/timers.c ****         /* MISRA Ref 11.5.3 [Void pointer assignment] */
 253              		.loc 1 718 5 is_stmt 0 view .LVU62
 254 0000 70B5     		push	{r4, r5, r6, lr}
 255              	.LCFI2:
 256              		.cfi_def_cfa_offset 16
 257              		.cfi_offset 4, -16
 258              		.cfi_offset 5, -12
 259              		.cfi_offset 6, -8
 260              		.cfi_offset 14, -4
 261 0002 0546     		mov	r5, r0
 262 0004 0E46     		mov	r6, r1
 722:FreeRTOS/src/timers.c **** 
 263              		.loc 1 722 9 is_stmt 1 view .LVU63
 722:FreeRTOS/src/timers.c **** 
 264              		.loc 1 722 49 is_stmt 0 view .LVU64
 265 0006 0D4B     		ldr	r3, .L27
 266 0008 1B68     		ldr	r3, [r3]
 267 000a DB68     		ldr	r3, [r3, #12]
 722:FreeRTOS/src/timers.c **** 
 268              		.loc 1 722 25 view .LVU65
 269 000c DC68     		ldr	r4, [r3, #12]
 270              	.LVL26:
 727:FreeRTOS/src/timers.c **** 
 271              		.loc 1 727 9 is_stmt 1 view .LVU66
 727:FreeRTOS/src/timers.c **** 
 272              		.loc 1 727 18 is_stmt 0 view .LVU67
 273 000e 201D     		adds	r0, r4, #4
 274              	.LVL27:
 727:FreeRTOS/src/timers.c **** 
 275              		.loc 1 727 18 view .LVU68
 276 0010 FFF7FEFF 		bl	uxListRemove
 277              	.LVL28:
 731:FreeRTOS/src/timers.c ****         {
 278              		.loc 1 731 9 is_stmt 1 view .LVU69
 731:FreeRTOS/src/timers.c ****         {
 279              		.loc 1 731 22 is_stmt 0 view .LVU70
 280 0014 94F82430 		ldrb	r3, [r4, #36]	@ zero_extendqisi2
 731:FreeRTOS/src/timers.c ****         {
 281              		.loc 1 731 11 view .LVU71
 282 0018 13F0040F 		tst	r3, #4
 283 001c 07D1     		bne	.L26
 737:FreeRTOS/src/timers.c ****         }
ARM GAS  C:\Users\user\AppData\Local\Temp\ccbCLowf.s 			page 23


 284              		.loc 1 737 13 is_stmt 1 view .LVU72
 737:FreeRTOS/src/timers.c ****         }
 285              		.loc 1 737 31 is_stmt 0 view .LVU73
 286 001e 23F00103 		bic	r3, r3, #1
 287 0022 84F82430 		strb	r3, [r4, #36]
 288              	.L24:
 741:FreeRTOS/src/timers.c ****         pxTimer->pxCallbackFunction( ( TimerHandle_t ) pxTimer );
 289              		.loc 1 741 38 is_stmt 1 view .LVU74
 742:FreeRTOS/src/timers.c ****     }
 290              		.loc 1 742 9 view .LVU75
 742:FreeRTOS/src/timers.c ****     }
 291              		.loc 1 742 16 is_stmt 0 view .LVU76
 292 0026 236A     		ldr	r3, [r4, #32]
 742:FreeRTOS/src/timers.c ****     }
 293              		.loc 1 742 9 view .LVU77
 294 0028 2046     		mov	r0, r4
 295 002a 9847     		blx	r3
 296              	.LVL29:
 743:FreeRTOS/src/timers.c **** /*-----------------------------------------------------------*/
 297              		.loc 1 743 5 view .LVU78
 298 002c 70BD     		pop	{r4, r5, r6, pc}
 299              	.LVL30:
 300              	.L26:
 733:FreeRTOS/src/timers.c ****         }
 301              		.loc 1 733 13 is_stmt 1 view .LVU79
 302 002e 3246     		mov	r2, r6
 303 0030 2946     		mov	r1, r5
 304 0032 2046     		mov	r0, r4
 305 0034 FFF7FEFF 		bl	prvReloadTimer
 306              	.LVL31:
 307 0038 F5E7     		b	.L24
 308              	.L28:
 309 003a 00BF     		.align	2
 310              	.L27:
 311 003c 00000000 		.word	pxCurrentTimerList
 312              		.cfi_endproc
 313              	.LFE151:
 315              		.section	.text.prvSwitchTimerLists,"ax",%progbits
 316              		.align	1
 317              		.syntax unified
 318              		.thumb
 319              		.thumb_func
 321              	prvSwitchTimerLists:
 322              	.LFB158:
 934:FreeRTOS/src/timers.c **** /*-----------------------------------------------------------*/
 935:FreeRTOS/src/timers.c **** 
 936:FreeRTOS/src/timers.c ****     static void prvProcessReceivedCommands( void )
 937:FreeRTOS/src/timers.c ****     {
 938:FreeRTOS/src/timers.c ****         DaemonTaskMessage_t xMessage = { 0 };
 939:FreeRTOS/src/timers.c ****         Timer_t * pxTimer;
 940:FreeRTOS/src/timers.c ****         BaseType_t xTimerListsWereSwitched;
 941:FreeRTOS/src/timers.c ****         TickType_t xTimeNow;
 942:FreeRTOS/src/timers.c **** 
 943:FreeRTOS/src/timers.c ****         while( xQueueReceive( xTimerQueue, &xMessage, tmrNO_DELAY ) != pdFAIL )
 944:FreeRTOS/src/timers.c ****         {
 945:FreeRTOS/src/timers.c ****             #if ( INCLUDE_xTimerPendFunctionCall == 1 )
 946:FreeRTOS/src/timers.c ****             {
ARM GAS  C:\Users\user\AppData\Local\Temp\ccbCLowf.s 			page 24


 947:FreeRTOS/src/timers.c ****                 /* Negative commands are pended function calls rather than timer
 948:FreeRTOS/src/timers.c ****                  * commands. */
 949:FreeRTOS/src/timers.c ****                 if( xMessage.xMessageID < ( BaseType_t ) 0 )
 950:FreeRTOS/src/timers.c ****                 {
 951:FreeRTOS/src/timers.c ****                     const CallbackParameters_t * const pxCallback = &( xMessage.u.xCallbackParamete
 952:FreeRTOS/src/timers.c **** 
 953:FreeRTOS/src/timers.c ****                     /* The timer uses the xCallbackParameters member to request a
 954:FreeRTOS/src/timers.c ****                      * callback be executed.  Check the callback is not NULL. */
 955:FreeRTOS/src/timers.c ****                     configASSERT( pxCallback );
 956:FreeRTOS/src/timers.c **** 
 957:FreeRTOS/src/timers.c ****                     /* Call the function. */
 958:FreeRTOS/src/timers.c ****                     pxCallback->pxCallbackFunction( pxCallback->pvParameter1, pxCallback->ulParamet
 959:FreeRTOS/src/timers.c ****                 }
 960:FreeRTOS/src/timers.c ****                 else
 961:FreeRTOS/src/timers.c ****                 {
 962:FreeRTOS/src/timers.c ****                     mtCOVERAGE_TEST_MARKER();
 963:FreeRTOS/src/timers.c ****                 }
 964:FreeRTOS/src/timers.c ****             }
 965:FreeRTOS/src/timers.c ****             #endif /* INCLUDE_xTimerPendFunctionCall */
 966:FreeRTOS/src/timers.c **** 
 967:FreeRTOS/src/timers.c ****             /* Commands that are positive are timer commands rather than pended
 968:FreeRTOS/src/timers.c ****              * function calls. */
 969:FreeRTOS/src/timers.c ****             if( xMessage.xMessageID >= ( BaseType_t ) 0 )
 970:FreeRTOS/src/timers.c ****             {
 971:FreeRTOS/src/timers.c ****                 /* The messages uses the xTimerParameters member to work on a
 972:FreeRTOS/src/timers.c ****                  * software timer. */
 973:FreeRTOS/src/timers.c ****                 pxTimer = xMessage.u.xTimerParameters.pxTimer;
 974:FreeRTOS/src/timers.c **** 
 975:FreeRTOS/src/timers.c ****                 if( pxTimer != NULL )
 976:FreeRTOS/src/timers.c ****                 {
 977:FreeRTOS/src/timers.c ****                     if( listIS_CONTAINED_WITHIN( NULL, &( pxTimer->xTimerListItem ) ) == pdFALSE )
 978:FreeRTOS/src/timers.c ****                     {
 979:FreeRTOS/src/timers.c ****                         /* The timer is in a list, remove it. */
 980:FreeRTOS/src/timers.c ****                         ( void ) uxListRemove( &( pxTimer->xTimerListItem ) );
 981:FreeRTOS/src/timers.c ****                     }
 982:FreeRTOS/src/timers.c ****                     else
 983:FreeRTOS/src/timers.c ****                     {
 984:FreeRTOS/src/timers.c ****                         mtCOVERAGE_TEST_MARKER();
 985:FreeRTOS/src/timers.c ****                     }
 986:FreeRTOS/src/timers.c **** 
 987:FreeRTOS/src/timers.c ****                     traceTIMER_COMMAND_RECEIVED( pxTimer, xMessage.xMessageID, xMessage.u.xTimerPar
 988:FreeRTOS/src/timers.c **** 
 989:FreeRTOS/src/timers.c ****                     /* In this case the xTimerListsWereSwitched parameter is not used, but
 990:FreeRTOS/src/timers.c ****                      *  it must be present in the function call.  prvSampleTimeNow() must be
 991:FreeRTOS/src/timers.c ****                      *  called after the message is received from xTimerQueue so there is no
 992:FreeRTOS/src/timers.c ****                      *  possibility of a higher priority task adding a message to the message
 993:FreeRTOS/src/timers.c ****                      *  queue with a time that is ahead of the timer daemon task (because it
 994:FreeRTOS/src/timers.c ****                      *  pre-empted the timer daemon task after the xTimeNow value was set). */
 995:FreeRTOS/src/timers.c ****                     xTimeNow = prvSampleTimeNow( &xTimerListsWereSwitched );
 996:FreeRTOS/src/timers.c **** 
 997:FreeRTOS/src/timers.c ****                     switch( xMessage.xMessageID )
 998:FreeRTOS/src/timers.c ****                     {
 999:FreeRTOS/src/timers.c ****                         case tmrCOMMAND_START:
1000:FreeRTOS/src/timers.c ****                         case tmrCOMMAND_START_FROM_ISR:
1001:FreeRTOS/src/timers.c ****                         case tmrCOMMAND_RESET:
1002:FreeRTOS/src/timers.c ****                         case tmrCOMMAND_RESET_FROM_ISR:
1003:FreeRTOS/src/timers.c ****                             /* Start or restart a timer. */
ARM GAS  C:\Users\user\AppData\Local\Temp\ccbCLowf.s 			page 25


1004:FreeRTOS/src/timers.c ****                             pxTimer->ucStatus |= ( uint8_t ) tmrSTATUS_IS_ACTIVE;
1005:FreeRTOS/src/timers.c **** 
1006:FreeRTOS/src/timers.c ****                             if( prvInsertTimerInActiveList( pxTimer, xMessage.u.xTimerParameters.xM
1007:FreeRTOS/src/timers.c ****                             {
1008:FreeRTOS/src/timers.c ****                                 /* The timer expired before it was added to the active
1009:FreeRTOS/src/timers.c ****                                  * timer list.  Process it now. */
1010:FreeRTOS/src/timers.c ****                                 if( ( pxTimer->ucStatus & tmrSTATUS_IS_AUTORELOAD ) != 0U )
1011:FreeRTOS/src/timers.c ****                                 {
1012:FreeRTOS/src/timers.c ****                                     prvReloadTimer( pxTimer, xMessage.u.xTimerParameters.xMessageVa
1013:FreeRTOS/src/timers.c ****                                 }
1014:FreeRTOS/src/timers.c ****                                 else
1015:FreeRTOS/src/timers.c ****                                 {
1016:FreeRTOS/src/timers.c ****                                     pxTimer->ucStatus &= ( ( uint8_t ) ~tmrSTATUS_IS_ACTIVE );
1017:FreeRTOS/src/timers.c ****                                 }
1018:FreeRTOS/src/timers.c **** 
1019:FreeRTOS/src/timers.c ****                                 /* Call the timer callback. */
1020:FreeRTOS/src/timers.c ****                                 traceTIMER_EXPIRED( pxTimer );
1021:FreeRTOS/src/timers.c ****                                 pxTimer->pxCallbackFunction( ( TimerHandle_t ) pxTimer );
1022:FreeRTOS/src/timers.c ****                             }
1023:FreeRTOS/src/timers.c ****                             else
1024:FreeRTOS/src/timers.c ****                             {
1025:FreeRTOS/src/timers.c ****                                 mtCOVERAGE_TEST_MARKER();
1026:FreeRTOS/src/timers.c ****                             }
1027:FreeRTOS/src/timers.c **** 
1028:FreeRTOS/src/timers.c ****                             break;
1029:FreeRTOS/src/timers.c **** 
1030:FreeRTOS/src/timers.c ****                         case tmrCOMMAND_STOP:
1031:FreeRTOS/src/timers.c ****                         case tmrCOMMAND_STOP_FROM_ISR:
1032:FreeRTOS/src/timers.c ****                             /* The timer has already been removed from the active list. */
1033:FreeRTOS/src/timers.c ****                             pxTimer->ucStatus &= ( ( uint8_t ) ~tmrSTATUS_IS_ACTIVE );
1034:FreeRTOS/src/timers.c ****                             break;
1035:FreeRTOS/src/timers.c **** 
1036:FreeRTOS/src/timers.c ****                         case tmrCOMMAND_CHANGE_PERIOD:
1037:FreeRTOS/src/timers.c ****                         case tmrCOMMAND_CHANGE_PERIOD_FROM_ISR:
1038:FreeRTOS/src/timers.c ****                             pxTimer->ucStatus |= ( uint8_t ) tmrSTATUS_IS_ACTIVE;
1039:FreeRTOS/src/timers.c ****                             pxTimer->xTimerPeriodInTicks = xMessage.u.xTimerParameters.xMessageValu
1040:FreeRTOS/src/timers.c ****                             configASSERT( ( pxTimer->xTimerPeriodInTicks > 0 ) );
1041:FreeRTOS/src/timers.c **** 
1042:FreeRTOS/src/timers.c ****                             /* The new period does not really have a reference, and can
1043:FreeRTOS/src/timers.c ****                              * be longer or shorter than the old one.  The command time is
1044:FreeRTOS/src/timers.c ****                              * therefore set to the current time, and as the period cannot
1045:FreeRTOS/src/timers.c ****                              * be zero the next expiry time can only be in the future,
1046:FreeRTOS/src/timers.c ****                              * meaning (unlike for the xTimerStart() case above) there is
1047:FreeRTOS/src/timers.c ****                              * no fail case that needs to be handled here. */
1048:FreeRTOS/src/timers.c ****                             ( void ) prvInsertTimerInActiveList( pxTimer, ( xTimeNow + pxTimer->xTi
1049:FreeRTOS/src/timers.c ****                             break;
1050:FreeRTOS/src/timers.c **** 
1051:FreeRTOS/src/timers.c ****                         case tmrCOMMAND_DELETE:
1052:FreeRTOS/src/timers.c ****                             #if ( configSUPPORT_DYNAMIC_ALLOCATION == 1 )
1053:FreeRTOS/src/timers.c ****                             {
1054:FreeRTOS/src/timers.c ****                                 /* The timer has already been removed from the active list,
1055:FreeRTOS/src/timers.c ****                                  * just free up the memory if the memory was dynamically
1056:FreeRTOS/src/timers.c ****                                  * allocated. */
1057:FreeRTOS/src/timers.c ****                                 if( ( pxTimer->ucStatus & tmrSTATUS_IS_STATICALLY_ALLOCATED ) == ( 
1058:FreeRTOS/src/timers.c ****                                 {
1059:FreeRTOS/src/timers.c ****                                     vPortFree( pxTimer );
1060:FreeRTOS/src/timers.c ****                                 }
ARM GAS  C:\Users\user\AppData\Local\Temp\ccbCLowf.s 			page 26


1061:FreeRTOS/src/timers.c ****                                 else
1062:FreeRTOS/src/timers.c ****                                 {
1063:FreeRTOS/src/timers.c ****                                     pxTimer->ucStatus &= ( ( uint8_t ) ~tmrSTATUS_IS_ACTIVE );
1064:FreeRTOS/src/timers.c ****                                 }
1065:FreeRTOS/src/timers.c ****                             }
1066:FreeRTOS/src/timers.c ****                             #else /* if ( configSUPPORT_DYNAMIC_ALLOCATION == 1 ) */
1067:FreeRTOS/src/timers.c ****                             {
1068:FreeRTOS/src/timers.c ****                                 /* If dynamic allocation is not enabled, the memory
1069:FreeRTOS/src/timers.c ****                                  * could not have been dynamically allocated. So there is
1070:FreeRTOS/src/timers.c ****                                  * no need to free the memory - just mark the timer as
1071:FreeRTOS/src/timers.c ****                                  * "not active". */
1072:FreeRTOS/src/timers.c ****                                 pxTimer->ucStatus &= ( ( uint8_t ) ~tmrSTATUS_IS_ACTIVE );
1073:FreeRTOS/src/timers.c ****                             }
1074:FreeRTOS/src/timers.c ****                             #endif /* configSUPPORT_DYNAMIC_ALLOCATION */
1075:FreeRTOS/src/timers.c ****                             break;
1076:FreeRTOS/src/timers.c **** 
1077:FreeRTOS/src/timers.c ****                         default:
1078:FreeRTOS/src/timers.c ****                             /* Don't expect to get here. */
1079:FreeRTOS/src/timers.c ****                             break;
1080:FreeRTOS/src/timers.c ****                     }
1081:FreeRTOS/src/timers.c ****                 }
1082:FreeRTOS/src/timers.c ****                 else
1083:FreeRTOS/src/timers.c ****                 {
1084:FreeRTOS/src/timers.c ****                     mtCOVERAGE_TEST_MARKER();
1085:FreeRTOS/src/timers.c ****                 }
1086:FreeRTOS/src/timers.c ****             }
1087:FreeRTOS/src/timers.c ****         }
1088:FreeRTOS/src/timers.c ****     }
1089:FreeRTOS/src/timers.c **** /*-----------------------------------------------------------*/
1090:FreeRTOS/src/timers.c **** 
1091:FreeRTOS/src/timers.c ****     static void prvSwitchTimerLists( void )
1092:FreeRTOS/src/timers.c ****     {
 323              		.loc 1 1092 5 view -0
 324              		.cfi_startproc
 325              		@ args = 0, pretend = 0, frame = 0
 326              		@ frame_needed = 0, uses_anonymous_args = 0
 327 0000 08B5     		push	{r3, lr}
 328              	.LCFI3:
 329              		.cfi_def_cfa_offset 8
 330              		.cfi_offset 3, -8
 331              		.cfi_offset 14, -4
1093:FreeRTOS/src/timers.c ****         TickType_t xNextExpireTime;
 332              		.loc 1 1093 9 view .LVU81
1094:FreeRTOS/src/timers.c ****         List_t * pxTemp;
 333              		.loc 1 1094 9 view .LVU82
1095:FreeRTOS/src/timers.c **** 
1096:FreeRTOS/src/timers.c ****         /* The tick count has overflowed.  The timer lists must be switched.
1097:FreeRTOS/src/timers.c ****          * If there are any timers still referenced from the current timer list
1098:FreeRTOS/src/timers.c ****          * then they must have expired and should be processed before the lists
1099:FreeRTOS/src/timers.c ****          * are switched. */
1100:FreeRTOS/src/timers.c ****         while( listLIST_IS_EMPTY( pxCurrentTimerList ) == pdFALSE )
 334              		.loc 1 1100 9 view .LVU83
 335              		.loc 1 1100 14 is_stmt 0 view .LVU84
 336 0002 05E0     		b	.L30
 337              	.L31:
1101:FreeRTOS/src/timers.c ****         {
1102:FreeRTOS/src/timers.c ****             xNextExpireTime = listGET_ITEM_VALUE_OF_HEAD_ENTRY( pxCurrentTimerList );
ARM GAS  C:\Users\user\AppData\Local\Temp\ccbCLowf.s 			page 27


 338              		.loc 1 1102 13 is_stmt 1 view .LVU85
 339              		.loc 1 1102 31 is_stmt 0 view .LVU86
 340 0004 DB68     		ldr	r3, [r3, #12]
 341              	.LVL32:
1103:FreeRTOS/src/timers.c **** 
1104:FreeRTOS/src/timers.c ****             /* Process the expired timer.  For auto-reload timers, be careful to
1105:FreeRTOS/src/timers.c ****              * process only expirations that occur on the current list.  Further
1106:FreeRTOS/src/timers.c ****              * expirations must wait until after the lists are switched. */
1107:FreeRTOS/src/timers.c ****             prvProcessExpiredTimer( xNextExpireTime, tmrMAX_TIME_BEFORE_OVERFLOW );
 342              		.loc 1 1107 13 is_stmt 1 view .LVU87
 343 0006 4FF0FF31 		mov	r1, #-1
 344 000a 1868     		ldr	r0, [r3]
 345 000c FFF7FEFF 		bl	prvProcessExpiredTimer
 346              	.LVL33:
 347              	.L30:
1100:FreeRTOS/src/timers.c ****         {
 348              		.loc 1 1100 56 view .LVU88
1100:FreeRTOS/src/timers.c ****         {
 349              		.loc 1 1100 16 is_stmt 0 view .LVU89
 350 0010 054B     		ldr	r3, .L33
 351 0012 1B68     		ldr	r3, [r3]
 352 0014 1A68     		ldr	r2, [r3]
1100:FreeRTOS/src/timers.c ****         {
 353              		.loc 1 1100 56 view .LVU90
 354 0016 002A     		cmp	r2, #0
 355 0018 F4D1     		bne	.L31
1108:FreeRTOS/src/timers.c ****         }
1109:FreeRTOS/src/timers.c **** 
1110:FreeRTOS/src/timers.c ****         pxTemp = pxCurrentTimerList;
 356              		.loc 1 1110 9 is_stmt 1 view .LVU91
 357              	.LVL34:
1111:FreeRTOS/src/timers.c ****         pxCurrentTimerList = pxOverflowTimerList;
 358              		.loc 1 1111 9 view .LVU92
 359              		.loc 1 1111 28 is_stmt 0 view .LVU93
 360 001a 044A     		ldr	r2, .L33+4
 361 001c 1068     		ldr	r0, [r2]
 362 001e 0249     		ldr	r1, .L33
 363 0020 0860     		str	r0, [r1]
1112:FreeRTOS/src/timers.c ****         pxOverflowTimerList = pxTemp;
 364              		.loc 1 1112 9 is_stmt 1 view .LVU94
 365              		.loc 1 1112 29 is_stmt 0 view .LVU95
 366 0022 1360     		str	r3, [r2]
1113:FreeRTOS/src/timers.c ****     }
 367              		.loc 1 1113 5 view .LVU96
 368 0024 08BD     		pop	{r3, pc}
 369              	.LVL35:
 370              	.L34:
 371              		.loc 1 1113 5 view .LVU97
 372 0026 00BF     		.align	2
 373              	.L33:
 374 0028 00000000 		.word	pxCurrentTimerList
 375 002c 00000000 		.word	pxOverflowTimerList
 376              		.cfi_endproc
 377              	.LFE158:
 379              		.section	.text.prvSampleTimeNow,"ax",%progbits
 380              		.align	1
 381              		.syntax unified
ARM GAS  C:\Users\user\AppData\Local\Temp\ccbCLowf.s 			page 28


 382              		.thumb
 383              		.thumb_func
 385              	prvSampleTimeNow:
 386              	.LVL36:
 387              	.LFB155:
 870:FreeRTOS/src/timers.c ****         TickType_t xTimeNow;
 388              		.loc 1 870 5 is_stmt 1 view -0
 389              		.cfi_startproc
 390              		@ args = 0, pretend = 0, frame = 0
 391              		@ frame_needed = 0, uses_anonymous_args = 0
 870:FreeRTOS/src/timers.c ****         TickType_t xTimeNow;
 392              		.loc 1 870 5 is_stmt 0 view .LVU99
 393 0000 38B5     		push	{r3, r4, r5, lr}
 394              	.LCFI4:
 395              		.cfi_def_cfa_offset 16
 396              		.cfi_offset 3, -16
 397              		.cfi_offset 4, -12
 398              		.cfi_offset 5, -8
 399              		.cfi_offset 14, -4
 400 0002 0546     		mov	r5, r0
 871:FreeRTOS/src/timers.c ****         PRIVILEGED_DATA static TickType_t xLastTime = ( TickType_t ) 0U;
 401              		.loc 1 871 9 is_stmt 1 view .LVU100
 872:FreeRTOS/src/timers.c **** 
 402              		.loc 1 872 25 view .LVU101
 874:FreeRTOS/src/timers.c **** 
 403              		.loc 1 874 9 view .LVU102
 874:FreeRTOS/src/timers.c **** 
 404              		.loc 1 874 20 is_stmt 0 view .LVU103
 405 0004 FFF7FEFF 		bl	xTaskGetTickCount
 406              	.LVL37:
 874:FreeRTOS/src/timers.c **** 
 407              		.loc 1 874 20 view .LVU104
 408 0008 0446     		mov	r4, r0
 409              	.LVL38:
 876:FreeRTOS/src/timers.c ****         {
 410              		.loc 1 876 9 is_stmt 1 view .LVU105
 876:FreeRTOS/src/timers.c ****         {
 411              		.loc 1 876 22 is_stmt 0 view .LVU106
 412 000a 074B     		ldr	r3, .L40
 413 000c 1B68     		ldr	r3, [r3]
 876:FreeRTOS/src/timers.c ****         {
 414              		.loc 1 876 11 view .LVU107
 415 000e 8342     		cmp	r3, r0
 416 0010 05D8     		bhi	.L39
 883:FreeRTOS/src/timers.c ****         }
 417              		.loc 1 883 13 is_stmt 1 view .LVU108
 883:FreeRTOS/src/timers.c ****         }
 418              		.loc 1 883 39 is_stmt 0 view .LVU109
 419 0012 0023     		movs	r3, #0
 420 0014 2B60     		str	r3, [r5]
 421              	.LVL39:
 422              	.L37:
 886:FreeRTOS/src/timers.c **** 
 423              		.loc 1 886 9 is_stmt 1 view .LVU110
 886:FreeRTOS/src/timers.c **** 
 424              		.loc 1 886 19 is_stmt 0 view .LVU111
 425 0016 044B     		ldr	r3, .L40
ARM GAS  C:\Users\user\AppData\Local\Temp\ccbCLowf.s 			page 29


 426 0018 1C60     		str	r4, [r3]
 888:FreeRTOS/src/timers.c ****     }
 427              		.loc 1 888 9 is_stmt 1 view .LVU112
 889:FreeRTOS/src/timers.c **** /*-----------------------------------------------------------*/
 428              		.loc 1 889 5 is_stmt 0 view .LVU113
 429 001a 2046     		mov	r0, r4
 430 001c 38BD     		pop	{r3, r4, r5, pc}
 431              	.LVL40:
 432              	.L39:
 878:FreeRTOS/src/timers.c ****             *pxTimerListsWereSwitched = pdTRUE;
 433              		.loc 1 878 13 is_stmt 1 view .LVU114
 434 001e FFF7FEFF 		bl	prvSwitchTimerLists
 435              	.LVL41:
 879:FreeRTOS/src/timers.c ****         }
 436              		.loc 1 879 13 view .LVU115
 879:FreeRTOS/src/timers.c ****         }
 437              		.loc 1 879 39 is_stmt 0 view .LVU116
 438 0022 0123     		movs	r3, #1
 439 0024 2B60     		str	r3, [r5]
 440 0026 F6E7     		b	.L37
 441              	.L41:
 442              		.align	2
 443              	.L40:
 444 0028 00000000 		.word	xLastTime.0
 445              		.cfi_endproc
 446              	.LFE155:
 448              		.section	.text.prvProcessTimerOrBlockTask,"ax",%progbits
 449              		.align	1
 450              		.syntax unified
 451              		.thumb
 452              		.thumb_func
 454              	prvProcessTimerOrBlockTask:
 455              	.LVL42:
 456              	.LFB153:
 782:FreeRTOS/src/timers.c ****         TickType_t xTimeNow;
 457              		.loc 1 782 5 is_stmt 1 view -0
 458              		.cfi_startproc
 459              		@ args = 0, pretend = 0, frame = 8
 460              		@ frame_needed = 0, uses_anonymous_args = 0
 782:FreeRTOS/src/timers.c ****         TickType_t xTimeNow;
 461              		.loc 1 782 5 is_stmt 0 view .LVU118
 462 0000 70B5     		push	{r4, r5, r6, lr}
 463              	.LCFI5:
 464              		.cfi_def_cfa_offset 16
 465              		.cfi_offset 4, -16
 466              		.cfi_offset 5, -12
 467              		.cfi_offset 6, -8
 468              		.cfi_offset 14, -4
 469 0002 82B0     		sub	sp, sp, #8
 470              	.LCFI6:
 471              		.cfi_def_cfa_offset 24
 472 0004 0546     		mov	r5, r0
 473 0006 0C46     		mov	r4, r1
 783:FreeRTOS/src/timers.c ****         BaseType_t xTimerListsWereSwitched;
 474              		.loc 1 783 9 is_stmt 1 view .LVU119
 784:FreeRTOS/src/timers.c **** 
 475              		.loc 1 784 9 view .LVU120
ARM GAS  C:\Users\user\AppData\Local\Temp\ccbCLowf.s 			page 30


 786:FreeRTOS/src/timers.c ****         {
 476              		.loc 1 786 9 view .LVU121
 477 0008 FFF7FEFF 		bl	vTaskSuspendAll
 478              	.LVL43:
 793:FreeRTOS/src/timers.c **** 
 479              		.loc 1 793 13 view .LVU122
 793:FreeRTOS/src/timers.c **** 
 480              		.loc 1 793 24 is_stmt 0 view .LVU123
 481 000c 01A8     		add	r0, sp, #4
 482 000e FFF7FEFF 		bl	prvSampleTimeNow
 483              	.LVL44:
 795:FreeRTOS/src/timers.c ****             {
 484              		.loc 1 795 13 is_stmt 1 view .LVU124
 795:FreeRTOS/src/timers.c ****             {
 485              		.loc 1 795 41 is_stmt 0 view .LVU125
 486 0012 019B     		ldr	r3, [sp, #4]
 795:FreeRTOS/src/timers.c ****             {
 487              		.loc 1 795 15 view .LVU126
 488 0014 3BBB     		cbnz	r3, .L43
 489 0016 0646     		mov	r6, r0
 798:FreeRTOS/src/timers.c ****                 {
 490              		.loc 1 798 17 is_stmt 1 view .LVU127
 798:FreeRTOS/src/timers.c ****                 {
 491              		.loc 1 798 19 is_stmt 0 view .LVU128
 492 0018 E4B9     		cbnz	r4, .L44
 798:FreeRTOS/src/timers.c ****                 {
 493              		.loc 1 798 50 discriminator 1 view .LVU129
 494 001a A842     		cmp	r0, r5
 495 001c 13D2     		bcs	.L49
 496              	.LVL45:
 497              	.L45:
 818:FreeRTOS/src/timers.c **** 
 498              		.loc 1 818 21 is_stmt 1 view .LVU130
 499 001e 2246     		mov	r2, r4
 500 0020 A91B     		subs	r1, r5, r6
 501 0022 134B     		ldr	r3, .L50
 502 0024 1868     		ldr	r0, [r3]
 503              	.LVL46:
 818:FreeRTOS/src/timers.c **** 
 504              		.loc 1 818 21 is_stmt 0 view .LVU131
 505 0026 FFF7FEFF 		bl	vQueueWaitForMessageRestricted
 506              	.LVL47:
 820:FreeRTOS/src/timers.c ****                     {
 507              		.loc 1 820 21 is_stmt 1 view .LVU132
 820:FreeRTOS/src/timers.c ****                     {
 508              		.loc 1 820 25 is_stmt 0 view .LVU133
 509 002a FFF7FEFF 		bl	xTaskResumeAll
 510              	.LVL48:
 820:FreeRTOS/src/timers.c ****                     {
 511              		.loc 1 820 23 discriminator 1 view .LVU134
 512 002e E0B9     		cbnz	r0, .L42
 826:FreeRTOS/src/timers.c ****                     }
 513              		.loc 1 826 25 is_stmt 1 view .LVU135
 514 0030 4FF0E023 		mov	r3, #-536813568
 515 0034 4FF08052 		mov	r2, #268435456
 516 0038 C3F8042D 		str	r2, [r3, #3332]
 826:FreeRTOS/src/timers.c ****                     }
ARM GAS  C:\Users\user\AppData\Local\Temp\ccbCLowf.s 			page 31


 517              		.loc 1 826 25 view .LVU136
 518              		.syntax unified
 519              	@ 826 "FreeRTOS/src/timers.c" 1
 520 003c BFF34F8F 		dsb
 521              	@ 0 "" 2
 826:FreeRTOS/src/timers.c ****                     }
 522              		.loc 1 826 25 view .LVU137
 523              	@ 826 "FreeRTOS/src/timers.c" 1
 524 0040 BFF36F8F 		isb
 525              	@ 0 "" 2
 826:FreeRTOS/src/timers.c ****                     }
 526              		.loc 1 826 47 view .LVU138
 527              		.thumb
 528              		.syntax unified
 529 0044 11E0     		b	.L42
 530              	.LVL49:
 531              	.L49:
 800:FreeRTOS/src/timers.c ****                     prvProcessExpiredTimer( xNextExpireTime, xTimeNow );
 532              		.loc 1 800 21 view .LVU139
 800:FreeRTOS/src/timers.c ****                     prvProcessExpiredTimer( xNextExpireTime, xTimeNow );
 533              		.loc 1 800 30 is_stmt 0 view .LVU140
 534 0046 FFF7FEFF 		bl	xTaskResumeAll
 535              	.LVL50:
 801:FreeRTOS/src/timers.c ****                 }
 536              		.loc 1 801 21 is_stmt 1 view .LVU141
 537 004a 3146     		mov	r1, r6
 538 004c 2846     		mov	r0, r5
 539 004e FFF7FEFF 		bl	prvProcessExpiredTimer
 540              	.LVL51:
 541 0052 0AE0     		b	.L42
 542              	.LVL52:
 543              	.L44:
 815:FreeRTOS/src/timers.c ****                     }
 544              		.loc 1 815 25 view .LVU142
 815:FreeRTOS/src/timers.c ****                     }
 545              		.loc 1 815 41 is_stmt 0 view .LVU143
 546 0054 074A     		ldr	r2, .L50+4
 547 0056 1268     		ldr	r2, [r2]
 548 0058 1268     		ldr	r2, [r2]
 549 005a 12B9     		cbnz	r2, .L47
 815:FreeRTOS/src/timers.c ****                     }
 550              		.loc 1 815 39 discriminator 1 view .LVU144
 551 005c 0123     		movs	r3, #1
 552 005e 1C46     		mov	r4, r3
 553              	.LVL53:
 815:FreeRTOS/src/timers.c ****                     }
 554              		.loc 1 815 39 discriminator 1 view .LVU145
 555 0060 DDE7     		b	.L45
 556              	.LVL54:
 557              	.L47:
 815:FreeRTOS/src/timers.c ****                     }
 558              		.loc 1 815 39 discriminator 2 view .LVU146
 559 0062 1C46     		mov	r4, r3
 560              	.LVL55:
 815:FreeRTOS/src/timers.c ****                     }
 561              		.loc 1 815 39 discriminator 2 view .LVU147
 562 0064 DBE7     		b	.L45
ARM GAS  C:\Users\user\AppData\Local\Temp\ccbCLowf.s 			page 32


 563              	.LVL56:
 564              	.L43:
 836:FreeRTOS/src/timers.c ****             }
 565              		.loc 1 836 17 is_stmt 1 view .LVU148
 836:FreeRTOS/src/timers.c ****             }
 566              		.loc 1 836 26 is_stmt 0 view .LVU149
 567 0066 FFF7FEFF 		bl	xTaskResumeAll
 568              	.LVL57:
 569              	.L42:
 839:FreeRTOS/src/timers.c **** /*-----------------------------------------------------------*/
 570              		.loc 1 839 5 view .LVU150
 571 006a 02B0     		add	sp, sp, #8
 572              	.LCFI7:
 573              		.cfi_def_cfa_offset 16
 574              		@ sp needed
 575 006c 70BD     		pop	{r4, r5, r6, pc}
 576              	.LVL58:
 577              	.L51:
 839:FreeRTOS/src/timers.c **** /*-----------------------------------------------------------*/
 578              		.loc 1 839 5 view .LVU151
 579 006e 00BF     		.align	2
 580              	.L50:
 581 0070 00000000 		.word	xTimerQueue
 582 0074 00000000 		.word	pxOverflowTimerList
 583              		.cfi_endproc
 584              	.LFE153:
 586              		.section	.text.prvProcessReceivedCommands,"ax",%progbits
 587              		.align	1
 588              		.syntax unified
 589              		.thumb
 590              		.thumb_func
 592              	prvProcessReceivedCommands:
 593              	.LFB157:
 937:FreeRTOS/src/timers.c ****         DaemonTaskMessage_t xMessage = { 0 };
 594              		.loc 1 937 5 is_stmt 1 view -0
 595              		.cfi_startproc
 596              		@ args = 0, pretend = 0, frame = 16
 597              		@ frame_needed = 0, uses_anonymous_args = 0
 598 0000 30B5     		push	{r4, r5, lr}
 599              	.LCFI8:
 600              		.cfi_def_cfa_offset 12
 601              		.cfi_offset 4, -12
 602              		.cfi_offset 5, -8
 603              		.cfi_offset 14, -4
 604 0002 85B0     		sub	sp, sp, #20
 605              	.LCFI9:
 606              		.cfi_def_cfa_offset 32
 938:FreeRTOS/src/timers.c ****         Timer_t * pxTimer;
 607              		.loc 1 938 9 view .LVU153
 938:FreeRTOS/src/timers.c ****         Timer_t * pxTimer;
 608              		.loc 1 938 29 is_stmt 0 view .LVU154
 609 0004 0023     		movs	r3, #0
 610 0006 0193     		str	r3, [sp, #4]
 611 0008 0293     		str	r3, [sp, #8]
 612 000a 0393     		str	r3, [sp, #12]
 939:FreeRTOS/src/timers.c ****         BaseType_t xTimerListsWereSwitched;
 613              		.loc 1 939 9 is_stmt 1 view .LVU155
ARM GAS  C:\Users\user\AppData\Local\Temp\ccbCLowf.s 			page 33


 940:FreeRTOS/src/timers.c ****         TickType_t xTimeNow;
 614              		.loc 1 940 9 view .LVU156
 941:FreeRTOS/src/timers.c **** 
 615              		.loc 1 941 9 view .LVU157
 943:FreeRTOS/src/timers.c ****         {
 616              		.loc 1 943 9 view .LVU158
 617              	.L53:
1084:FreeRTOS/src/timers.c ****                 }
 618              		.loc 1 1084 45 view .LVU159
 943:FreeRTOS/src/timers.c ****         {
 619              		.loc 1 943 69 view .LVU160
 943:FreeRTOS/src/timers.c ****         {
 620              		.loc 1 943 16 is_stmt 0 view .LVU161
 621 000c 0022     		movs	r2, #0
 622 000e 01A9     		add	r1, sp, #4
 623 0010 3A4B     		ldr	r3, .L73
 624 0012 1868     		ldr	r0, [r3]
 625 0014 FFF7FEFF 		bl	xQueueReceive
 626              	.LVL59:
 943:FreeRTOS/src/timers.c ****         {
 627              		.loc 1 943 69 discriminator 1 view .LVU162
 628 0018 0028     		cmp	r0, #0
 629 001a 6CD0     		beq	.L68
 969:FreeRTOS/src/timers.c ****             {
 630              		.loc 1 969 13 is_stmt 1 view .LVU163
 969:FreeRTOS/src/timers.c ****             {
 631              		.loc 1 969 25 is_stmt 0 view .LVU164
 632 001c 019B     		ldr	r3, [sp, #4]
 969:FreeRTOS/src/timers.c ****             {
 633              		.loc 1 969 15 view .LVU165
 634 001e 002B     		cmp	r3, #0
 635 0020 F4DB     		blt	.L53
 973:FreeRTOS/src/timers.c **** 
 636              		.loc 1 973 17 is_stmt 1 view .LVU166
 973:FreeRTOS/src/timers.c **** 
 637              		.loc 1 973 25 is_stmt 0 view .LVU167
 638 0022 039C     		ldr	r4, [sp, #12]
 639              	.LVL60:
 975:FreeRTOS/src/timers.c ****                 {
 640              		.loc 1 975 17 is_stmt 1 view .LVU168
 975:FreeRTOS/src/timers.c ****                 {
 641              		.loc 1 975 19 is_stmt 0 view .LVU169
 642 0024 002C     		cmp	r4, #0
 643 0026 F1D0     		beq	.L53
 977:FreeRTOS/src/timers.c ****                     {
 644              		.loc 1 977 21 is_stmt 1 view .LVU170
 977:FreeRTOS/src/timers.c ****                     {
 645              		.loc 1 977 25 is_stmt 0 view .LVU171
 646 0028 6369     		ldr	r3, [r4, #20]
 977:FreeRTOS/src/timers.c ****                     {
 647              		.loc 1 977 23 view .LVU172
 648 002a 13B1     		cbz	r3, .L55
 980:FreeRTOS/src/timers.c ****                     }
 649              		.loc 1 980 25 is_stmt 1 view .LVU173
 980:FreeRTOS/src/timers.c ****                     }
 650              		.loc 1 980 34 is_stmt 0 view .LVU174
 651 002c 201D     		adds	r0, r4, #4
ARM GAS  C:\Users\user\AppData\Local\Temp\ccbCLowf.s 			page 34


 652 002e FFF7FEFF 		bl	uxListRemove
 653              	.LVL61:
 654              	.L55:
 984:FreeRTOS/src/timers.c ****                     }
 655              		.loc 1 984 49 is_stmt 1 view .LVU175
 987:FreeRTOS/src/timers.c **** 
 656              		.loc 1 987 123 view .LVU176
 995:FreeRTOS/src/timers.c **** 
 657              		.loc 1 995 21 view .LVU177
 995:FreeRTOS/src/timers.c **** 
 658              		.loc 1 995 32 is_stmt 0 view .LVU178
 659 0032 6846     		mov	r0, sp
 660 0034 FFF7FEFF 		bl	prvSampleTimeNow
 661              	.LVL62:
 662 0038 0546     		mov	r5, r0
 663              	.LVL63:
 997:FreeRTOS/src/timers.c ****                     {
 664              		.loc 1 997 21 is_stmt 1 view .LVU179
 997:FreeRTOS/src/timers.c ****                     {
 665              		.loc 1 997 37 is_stmt 0 view .LVU180
 666 003a 0199     		ldr	r1, [sp, #4]
 997:FreeRTOS/src/timers.c ****                     {
 667              		.loc 1 997 21 view .LVU181
 668 003c 0529     		cmp	r1, #5
 669 003e 4CD0     		beq	.L56
 670 0040 32DC     		bgt	.L57
 671 0042 0329     		cmp	r1, #3
 672 0044 42D0     		beq	.L58
 673 0046 10DD     		ble	.L69
 674 0048 0429     		cmp	r1, #4
 675 004a DFD1     		bne	.L53
 676              	.L61:
1038:FreeRTOS/src/timers.c ****                             pxTimer->xTimerPeriodInTicks = xMessage.u.xTimerParameters.xMessageValu
 677              		.loc 1 1038 29 is_stmt 1 view .LVU182
1038:FreeRTOS/src/timers.c ****                             pxTimer->xTimerPeriodInTicks = xMessage.u.xTimerParameters.xMessageValu
 678              		.loc 1 1038 36 is_stmt 0 view .LVU183
 679 004c 94F82430 		ldrb	r3, [r4, #36]	@ zero_extendqisi2
1038:FreeRTOS/src/timers.c ****                             pxTimer->xTimerPeriodInTicks = xMessage.u.xTimerParameters.xMessageValu
 680              		.loc 1 1038 47 view .LVU184
 681 0050 43F00103 		orr	r3, r3, #1
 682 0054 84F82430 		strb	r3, [r4, #36]
1039:FreeRTOS/src/timers.c ****                             configASSERT( ( pxTimer->xTimerPeriodInTicks > 0 ) );
 683              		.loc 1 1039 29 is_stmt 1 view .LVU185
1039:FreeRTOS/src/timers.c ****                             configASSERT( ( pxTimer->xTimerPeriodInTicks > 0 ) );
 684              		.loc 1 1039 87 is_stmt 0 view .LVU186
 685 0058 0299     		ldr	r1, [sp, #8]
1039:FreeRTOS/src/timers.c ****                             configASSERT( ( pxTimer->xTimerPeriodInTicks > 0 ) );
 686              		.loc 1 1039 58 view .LVU187
 687 005a A161     		str	r1, [r4, #24]
1040:FreeRTOS/src/timers.c **** 
 688              		.loc 1 1040 81 is_stmt 1 view .LVU188
1048:FreeRTOS/src/timers.c ****                             break;
 689              		.loc 1 1048 29 view .LVU189
1048:FreeRTOS/src/timers.c ****                             break;
 690              		.loc 1 1048 38 is_stmt 0 view .LVU190
 691 005c 2B46     		mov	r3, r5
 692 005e 2A46     		mov	r2, r5
ARM GAS  C:\Users\user\AppData\Local\Temp\ccbCLowf.s 			page 35


 693 0060 2944     		add	r1, r1, r5
 694 0062 2046     		mov	r0, r4
 695              	.LVL64:
1048:FreeRTOS/src/timers.c ****                             break;
 696              		.loc 1 1048 38 view .LVU191
 697 0064 FFF7FEFF 		bl	prvInsertTimerInActiveList
 698              	.LVL65:
1049:FreeRTOS/src/timers.c **** 
 699              		.loc 1 1049 29 is_stmt 1 view .LVU192
 700 0068 D0E7     		b	.L53
 701              	.LVL66:
 702              	.L69:
 997:FreeRTOS/src/timers.c ****                     {
 703              		.loc 1 997 21 is_stmt 0 view .LVU193
 704 006a 0139     		subs	r1, r1, #1
 705 006c 0129     		cmp	r1, #1
 706 006e CDD8     		bhi	.L53
 707              	.L60:
1004:FreeRTOS/src/timers.c **** 
 708              		.loc 1 1004 29 is_stmt 1 view .LVU194
1004:FreeRTOS/src/timers.c **** 
 709              		.loc 1 1004 36 is_stmt 0 view .LVU195
 710 0070 94F82430 		ldrb	r3, [r4, #36]	@ zero_extendqisi2
1004:FreeRTOS/src/timers.c **** 
 711              		.loc 1 1004 47 view .LVU196
 712 0074 43F00103 		orr	r3, r3, #1
 713 0078 84F82430 		strb	r3, [r4, #36]
1006:FreeRTOS/src/timers.c ****                             {
 714              		.loc 1 1006 29 is_stmt 1 view .LVU197
1006:FreeRTOS/src/timers.c ****                             {
 715              		.loc 1 1006 97 is_stmt 0 view .LVU198
 716 007c 029B     		ldr	r3, [sp, #8]
1006:FreeRTOS/src/timers.c ****                             {
 717              		.loc 1 1006 121 view .LVU199
 718 007e A169     		ldr	r1, [r4, #24]
1006:FreeRTOS/src/timers.c ****                             {
 719              		.loc 1 1006 33 view .LVU200
 720 0080 2A46     		mov	r2, r5
 721 0082 1944     		add	r1, r1, r3
 722 0084 2046     		mov	r0, r4
 723              	.LVL67:
1006:FreeRTOS/src/timers.c ****                             {
 724              		.loc 1 1006 33 view .LVU201
 725 0086 FFF7FEFF 		bl	prvInsertTimerInActiveList
 726              	.LVL68:
1006:FreeRTOS/src/timers.c ****                             {
 727              		.loc 1 1006 31 discriminator 1 view .LVU202
 728 008a 0028     		cmp	r0, #0
 729 008c BED0     		beq	.L53
1010:FreeRTOS/src/timers.c ****                                 {
 730              		.loc 1 1010 33 is_stmt 1 view .LVU203
1010:FreeRTOS/src/timers.c ****                                 {
 731              		.loc 1 1010 46 is_stmt 0 view .LVU204
 732 008e 94F82430 		ldrb	r3, [r4, #36]	@ zero_extendqisi2
1010:FreeRTOS/src/timers.c ****                                 {
 733              		.loc 1 1010 35 view .LVU205
 734 0092 13F0040F 		tst	r3, #4
ARM GAS  C:\Users\user\AppData\Local\Temp\ccbCLowf.s 			page 36


 735 0096 11D1     		bne	.L70
1016:FreeRTOS/src/timers.c ****                                 }
 736              		.loc 1 1016 37 is_stmt 1 view .LVU206
1016:FreeRTOS/src/timers.c ****                                 }
 737              		.loc 1 1016 55 is_stmt 0 view .LVU207
 738 0098 23F00103 		bic	r3, r3, #1
 739 009c 84F82430 		strb	r3, [r4, #36]
 740              	.L64:
1020:FreeRTOS/src/timers.c ****                                 pxTimer->pxCallbackFunction( ( TimerHandle_t ) pxTimer );
 741              		.loc 1 1020 62 is_stmt 1 view .LVU208
1021:FreeRTOS/src/timers.c ****                             }
 742              		.loc 1 1021 33 view .LVU209
1021:FreeRTOS/src/timers.c ****                             }
 743              		.loc 1 1021 40 is_stmt 0 view .LVU210
 744 00a0 236A     		ldr	r3, [r4, #32]
1021:FreeRTOS/src/timers.c ****                             }
 745              		.loc 1 1021 33 view .LVU211
 746 00a2 2046     		mov	r0, r4
 747 00a4 9847     		blx	r3
 748              	.LVL69:
 749 00a6 B1E7     		b	.L53
 750              	.LVL70:
 751              	.L57:
 997:FreeRTOS/src/timers.c ****                     {
 752              		.loc 1 997 21 view .LVU212
 753 00a8 0829     		cmp	r1, #8
 754 00aa 0FD0     		beq	.L58
 755 00ac 02DD     		ble	.L71
 756 00ae 0929     		cmp	r1, #9
 757 00b0 CCD0     		beq	.L61
 758 00b2 ABE7     		b	.L53
 759              	.L71:
 760 00b4 0639     		subs	r1, r1, #6
 761 00b6 0129     		cmp	r1, #1
 762 00b8 DAD9     		bls	.L60
 763 00ba A7E7     		b	.L53
 764              	.LVL71:
 765              	.L70:
1012:FreeRTOS/src/timers.c ****                                 }
 766              		.loc 1 1012 37 is_stmt 1 view .LVU213
1012:FreeRTOS/src/timers.c ****                                 }
 767              		.loc 1 1012 113 is_stmt 0 view .LVU214
 768 00bc A369     		ldr	r3, [r4, #24]
1012:FreeRTOS/src/timers.c ****                                 }
 769              		.loc 1 1012 37 view .LVU215
 770 00be 2A46     		mov	r2, r5
 771 00c0 0299     		ldr	r1, [sp, #8]
 772 00c2 1944     		add	r1, r1, r3
 773 00c4 2046     		mov	r0, r4
 774 00c6 FFF7FEFF 		bl	prvReloadTimer
 775              	.LVL72:
 776 00ca E9E7     		b	.L64
 777              	.LVL73:
 778              	.L58:
1033:FreeRTOS/src/timers.c ****                             break;
 779              		.loc 1 1033 29 is_stmt 1 view .LVU216
1033:FreeRTOS/src/timers.c ****                             break;
ARM GAS  C:\Users\user\AppData\Local\Temp\ccbCLowf.s 			page 37


 780              		.loc 1 1033 36 is_stmt 0 view .LVU217
 781 00cc 94F82430 		ldrb	r3, [r4, #36]	@ zero_extendqisi2
1033:FreeRTOS/src/timers.c ****                             break;
 782              		.loc 1 1033 47 view .LVU218
 783 00d0 23F00103 		bic	r3, r3, #1
 784 00d4 84F82430 		strb	r3, [r4, #36]
1034:FreeRTOS/src/timers.c **** 
 785              		.loc 1 1034 29 is_stmt 1 view .LVU219
 786 00d8 98E7     		b	.L53
 787              	.L56:
1057:FreeRTOS/src/timers.c ****                                 {
 788              		.loc 1 1057 33 view .LVU220
1057:FreeRTOS/src/timers.c ****                                 {
 789              		.loc 1 1057 46 is_stmt 0 view .LVU221
 790 00da 94F82430 		ldrb	r3, [r4, #36]	@ zero_extendqisi2
1057:FreeRTOS/src/timers.c ****                                 {
 791              		.loc 1 1057 35 view .LVU222
 792 00de 13F0020F 		tst	r3, #2
 793 00e2 04D0     		beq	.L72
1063:FreeRTOS/src/timers.c ****                                 }
 794              		.loc 1 1063 37 is_stmt 1 view .LVU223
1063:FreeRTOS/src/timers.c ****                                 }
 795              		.loc 1 1063 55 is_stmt 0 view .LVU224
 796 00e4 23F00103 		bic	r3, r3, #1
 797 00e8 84F82430 		strb	r3, [r4, #36]
 798 00ec 8EE7     		b	.L53
 799              	.L72:
1059:FreeRTOS/src/timers.c ****                                 }
 800              		.loc 1 1059 37 is_stmt 1 view .LVU225
 801 00ee 2046     		mov	r0, r4
 802              	.LVL74:
1059:FreeRTOS/src/timers.c ****                                 }
 803              		.loc 1 1059 37 is_stmt 0 view .LVU226
 804 00f0 FFF7FEFF 		bl	vPortFree
 805              	.LVL75:
 806 00f4 8AE7     		b	.L53
 807              	.LVL76:
 808              	.L68:
1088:FreeRTOS/src/timers.c **** /*-----------------------------------------------------------*/
 809              		.loc 1 1088 5 view .LVU227
 810 00f6 05B0     		add	sp, sp, #20
 811              	.LCFI10:
 812              		.cfi_def_cfa_offset 12
 813              		@ sp needed
 814 00f8 30BD     		pop	{r4, r5, pc}
 815              	.L74:
 816 00fa 00BF     		.align	2
 817              	.L73:
 818 00fc 00000000 		.word	xTimerQueue
 819              		.cfi_endproc
 820              	.LFE157:
 822              		.section	.text.prvTimerTask,"ax",%progbits
 823              		.align	1
 824              		.syntax unified
 825              		.thumb
 826              		.thumb_func
 828              	prvTimerTask:
ARM GAS  C:\Users\user\AppData\Local\Temp\ccbCLowf.s 			page 38


 829              	.LFB152:
 747:FreeRTOS/src/timers.c ****         TickType_t xNextExpireTime;
 830              		.loc 1 747 5 is_stmt 1 view -0
 831              		.cfi_startproc
 832              		@ args = 0, pretend = 0, frame = 8
 833              		@ frame_needed = 0, uses_anonymous_args = 0
 834              	.LVL77:
 747:FreeRTOS/src/timers.c ****         TickType_t xNextExpireTime;
 835              		.loc 1 747 5 is_stmt 0 view .LVU229
 836 0000 00B5     		push	{lr}
 837              	.LCFI11:
 838              		.cfi_def_cfa_offset 4
 839              		.cfi_offset 14, -4
 840 0002 83B0     		sub	sp, sp, #12
 841              	.LCFI12:
 842              		.cfi_def_cfa_offset 16
 843              	.LVL78:
 844              	.L76:
 748:FreeRTOS/src/timers.c ****         BaseType_t xListWasEmpty;
 845              		.loc 1 748 9 is_stmt 1 view .LVU230
 749:FreeRTOS/src/timers.c **** 
 846              		.loc 1 749 9 view .LVU231
 752:FreeRTOS/src/timers.c **** 
 847              		.loc 1 752 9 view .LVU232
 764:FreeRTOS/src/timers.c ****         {
 848              		.loc 1 764 9 view .LVU233
 768:FreeRTOS/src/timers.c **** 
 849              		.loc 1 768 13 view .LVU234
 768:FreeRTOS/src/timers.c **** 
 850              		.loc 1 768 31 is_stmt 0 view .LVU235
 851 0004 01A8     		add	r0, sp, #4
 852 0006 FFF7FEFF 		bl	prvGetNextExpireTime
 853              	.LVL79:
 772:FreeRTOS/src/timers.c **** 
 854              		.loc 1 772 13 is_stmt 1 view .LVU236
 855 000a 0199     		ldr	r1, [sp, #4]
 856 000c FFF7FEFF 		bl	prvProcessTimerOrBlockTask
 857              	.LVL80:
 775:FreeRTOS/src/timers.c ****         }
 858              		.loc 1 775 13 discriminator 2 view .LVU237
 859 0010 FFF7FEFF 		bl	prvProcessReceivedCommands
 860              	.LVL81:
 764:FreeRTOS/src/timers.c ****         {
 861              		.loc 1 764 9 view .LVU238
 862 0014 F6E7     		b	.L76
 863              		.cfi_endproc
 864              	.LFE152:
 866              		.section	.text.prvCheckForValidListAndQueue,"ax",%progbits
 867              		.align	1
 868              		.syntax unified
 869              		.thumb
 870              		.thumb_func
 872              	prvCheckForValidListAndQueue:
 873              	.LFB159:
1114:FreeRTOS/src/timers.c **** /*-----------------------------------------------------------*/
1115:FreeRTOS/src/timers.c **** 
1116:FreeRTOS/src/timers.c ****     static void prvCheckForValidListAndQueue( void )
ARM GAS  C:\Users\user\AppData\Local\Temp\ccbCLowf.s 			page 39


1117:FreeRTOS/src/timers.c ****     {
 874              		.loc 1 1117 5 view -0
 875              		.cfi_startproc
 876              		@ args = 0, pretend = 0, frame = 0
 877              		@ frame_needed = 0, uses_anonymous_args = 0
 878 0000 08B5     		push	{r3, lr}
 879              	.LCFI13:
 880              		.cfi_def_cfa_offset 8
 881              		.cfi_offset 3, -8
 882              		.cfi_offset 14, -4
1118:FreeRTOS/src/timers.c ****         /* Check that the list from which active timers are referenced, and the
1119:FreeRTOS/src/timers.c ****          * queue used to communicate with the timer service, have been
1120:FreeRTOS/src/timers.c ****          * initialised. */
1121:FreeRTOS/src/timers.c ****         taskENTER_CRITICAL();
 883              		.loc 1 1121 9 view .LVU240
 884 0002 FFF7FEFF 		bl	vPortEnterCritical
 885              	.LVL82:
1122:FreeRTOS/src/timers.c ****         {
1123:FreeRTOS/src/timers.c ****             if( xTimerQueue == NULL )
 886              		.loc 1 1123 13 view .LVU241
 887              		.loc 1 1123 29 is_stmt 0 view .LVU242
 888 0006 0D4B     		ldr	r3, .L82
 889 0008 1B68     		ldr	r3, [r3]
 890              		.loc 1 1123 15 view .LVU243
 891 000a 13B1     		cbz	r3, .L81
 892              	.L79:
1124:FreeRTOS/src/timers.c ****             {
1125:FreeRTOS/src/timers.c ****                 vListInitialise( &xActiveTimerList1 );
1126:FreeRTOS/src/timers.c ****                 vListInitialise( &xActiveTimerList2 );
1127:FreeRTOS/src/timers.c ****                 pxCurrentTimerList = &xActiveTimerList1;
1128:FreeRTOS/src/timers.c ****                 pxOverflowTimerList = &xActiveTimerList2;
1129:FreeRTOS/src/timers.c **** 
1130:FreeRTOS/src/timers.c ****                 #if ( configSUPPORT_STATIC_ALLOCATION == 1 )
1131:FreeRTOS/src/timers.c ****                 {
1132:FreeRTOS/src/timers.c ****                     /* The timer queue is allocated statically in case
1133:FreeRTOS/src/timers.c ****                      * configSUPPORT_DYNAMIC_ALLOCATION is 0. */
1134:FreeRTOS/src/timers.c ****                     PRIVILEGED_DATA static StaticQueue_t xStaticTimerQueue;
1135:FreeRTOS/src/timers.c ****                     PRIVILEGED_DATA static uint8_t ucStaticTimerQueueStorage[ ( size_t ) configTIME
1136:FreeRTOS/src/timers.c **** 
1137:FreeRTOS/src/timers.c ****                     xTimerQueue = xQueueCreateStatic( ( UBaseType_t ) configTIMER_QUEUE_LENGTH, ( U
1138:FreeRTOS/src/timers.c ****                 }
1139:FreeRTOS/src/timers.c ****                 #else
1140:FreeRTOS/src/timers.c ****                 {
1141:FreeRTOS/src/timers.c ****                     xTimerQueue = xQueueCreate( ( UBaseType_t ) configTIMER_QUEUE_LENGTH, ( UBaseTy
1142:FreeRTOS/src/timers.c ****                 }
1143:FreeRTOS/src/timers.c ****                 #endif /* if ( configSUPPORT_STATIC_ALLOCATION == 1 ) */
1144:FreeRTOS/src/timers.c **** 
1145:FreeRTOS/src/timers.c ****                 #if ( configQUEUE_REGISTRY_SIZE > 0 )
1146:FreeRTOS/src/timers.c ****                 {
1147:FreeRTOS/src/timers.c ****                     if( xTimerQueue != NULL )
1148:FreeRTOS/src/timers.c ****                     {
1149:FreeRTOS/src/timers.c ****                         vQueueAddToRegistry( xTimerQueue, "TmrQ" );
1150:FreeRTOS/src/timers.c ****                     }
1151:FreeRTOS/src/timers.c ****                     else
1152:FreeRTOS/src/timers.c ****                     {
1153:FreeRTOS/src/timers.c ****                         mtCOVERAGE_TEST_MARKER();
1154:FreeRTOS/src/timers.c ****                     }
ARM GAS  C:\Users\user\AppData\Local\Temp\ccbCLowf.s 			page 40


1155:FreeRTOS/src/timers.c ****                 }
1156:FreeRTOS/src/timers.c ****                 #endif /* configQUEUE_REGISTRY_SIZE */
1157:FreeRTOS/src/timers.c ****             }
1158:FreeRTOS/src/timers.c ****             else
1159:FreeRTOS/src/timers.c ****             {
1160:FreeRTOS/src/timers.c ****                 mtCOVERAGE_TEST_MARKER();
 893              		.loc 1 1160 41 is_stmt 1 view .LVU244
1161:FreeRTOS/src/timers.c ****             }
1162:FreeRTOS/src/timers.c ****         }
1163:FreeRTOS/src/timers.c ****         taskEXIT_CRITICAL();
 894              		.loc 1 1163 9 view .LVU245
 895 000c FFF7FEFF 		bl	vPortExitCritical
 896              	.LVL83:
1164:FreeRTOS/src/timers.c ****     }
 897              		.loc 1 1164 5 is_stmt 0 view .LVU246
 898 0010 08BD     		pop	{r3, pc}
 899              	.L81:
1125:FreeRTOS/src/timers.c ****                 vListInitialise( &xActiveTimerList2 );
 900              		.loc 1 1125 17 is_stmt 1 view .LVU247
 901 0012 0B48     		ldr	r0, .L82+4
 902 0014 FFF7FEFF 		bl	vListInitialise
 903              	.LVL84:
1126:FreeRTOS/src/timers.c ****                 pxCurrentTimerList = &xActiveTimerList1;
 904              		.loc 1 1126 17 view .LVU248
 905 0018 0A48     		ldr	r0, .L82+8
 906 001a FFF7FEFF 		bl	vListInitialise
 907              	.LVL85:
1127:FreeRTOS/src/timers.c ****                 pxOverflowTimerList = &xActiveTimerList2;
 908              		.loc 1 1127 17 view .LVU249
1127:FreeRTOS/src/timers.c ****                 pxOverflowTimerList = &xActiveTimerList2;
 909              		.loc 1 1127 36 is_stmt 0 view .LVU250
 910 001e 0A4B     		ldr	r3, .L82+12
 911 0020 074A     		ldr	r2, .L82+4
 912 0022 1A60     		str	r2, [r3]
1128:FreeRTOS/src/timers.c **** 
 913              		.loc 1 1128 17 is_stmt 1 view .LVU251
1128:FreeRTOS/src/timers.c **** 
 914              		.loc 1 1128 37 is_stmt 0 view .LVU252
 915 0024 094B     		ldr	r3, .L82+16
 916 0026 074A     		ldr	r2, .L82+8
 917 0028 1A60     		str	r2, [r3]
1141:FreeRTOS/src/timers.c ****                 }
 918              		.loc 1 1141 21 is_stmt 1 view .LVU253
1141:FreeRTOS/src/timers.c ****                 }
 919              		.loc 1 1141 35 is_stmt 0 view .LVU254
 920 002a 0022     		movs	r2, #0
 921 002c 0C21     		movs	r1, #12
 922 002e 0A20     		movs	r0, #10
 923 0030 FFF7FEFF 		bl	xQueueGenericCreate
 924              	.LVL86:
1141:FreeRTOS/src/timers.c ****                 }
 925              		.loc 1 1141 33 discriminator 1 view .LVU255
 926 0034 014B     		ldr	r3, .L82
 927 0036 1860     		str	r0, [r3]
 928 0038 E8E7     		b	.L79
 929              	.L83:
 930 003a 00BF     		.align	2
ARM GAS  C:\Users\user\AppData\Local\Temp\ccbCLowf.s 			page 41


 931              	.L82:
 932 003c 00000000 		.word	xTimerQueue
 933 0040 00000000 		.word	xActiveTimerList1
 934 0044 00000000 		.word	xActiveTimerList2
 935 0048 00000000 		.word	pxCurrentTimerList
 936 004c 00000000 		.word	pxOverflowTimerList
 937              		.cfi_endproc
 938              	.LFE159:
 940              		.section	.text.prvInitialiseNewTimer,"ax",%progbits
 941              		.align	1
 942              		.syntax unified
 943              		.thumb
 944              		.thumb_func
 946              	prvInitialiseNewTimer:
 947              	.LVL87:
 948              	.LFB140:
 423:FreeRTOS/src/timers.c ****         /* 0 is not a valid value for xTimerPeriodInTicks. */
 949              		.loc 1 423 5 is_stmt 1 view -0
 950              		.cfi_startproc
 951              		@ args = 8, pretend = 0, frame = 0
 952              		@ frame_needed = 0, uses_anonymous_args = 0
 423:FreeRTOS/src/timers.c ****         /* 0 is not a valid value for xTimerPeriodInTicks. */
 953              		.loc 1 423 5 is_stmt 0 view .LVU257
 954 0000 2DE9F041 		push	{r4, r5, r6, r7, r8, lr}
 955              	.LCFI14:
 956              		.cfi_def_cfa_offset 24
 957              		.cfi_offset 4, -24
 958              		.cfi_offset 5, -20
 959              		.cfi_offset 6, -16
 960              		.cfi_offset 7, -12
 961              		.cfi_offset 8, -8
 962              		.cfi_offset 14, -4
 963 0004 8046     		mov	r8, r0
 964 0006 0F46     		mov	r7, r1
 965 0008 1646     		mov	r6, r2
 966 000a 1D46     		mov	r5, r3
 967 000c 079C     		ldr	r4, [sp, #28]
 425:FreeRTOS/src/timers.c **** 
 968              		.loc 1 425 52 is_stmt 1 view .LVU258
 429:FreeRTOS/src/timers.c **** 
 969              		.loc 1 429 9 view .LVU259
 970 000e FFF7FEFF 		bl	prvCheckForValidListAndQueue
 971              	.LVL88:
 433:FreeRTOS/src/timers.c ****         pxNewTimer->xTimerPeriodInTicks = xTimerPeriodInTicks;
 972              		.loc 1 433 9 view .LVU260
 433:FreeRTOS/src/timers.c ****         pxNewTimer->xTimerPeriodInTicks = xTimerPeriodInTicks;
 973              		.loc 1 433 33 is_stmt 0 view .LVU261
 974 0012 C4F80080 		str	r8, [r4]
 434:FreeRTOS/src/timers.c ****         pxNewTimer->pvTimerID = pvTimerID;
 975              		.loc 1 434 9 is_stmt 1 view .LVU262
 434:FreeRTOS/src/timers.c ****         pxNewTimer->pvTimerID = pvTimerID;
 976              		.loc 1 434 41 is_stmt 0 view .LVU263
 977 0016 A761     		str	r7, [r4, #24]
 435:FreeRTOS/src/timers.c ****         pxNewTimer->pxCallbackFunction = pxCallbackFunction;
 978              		.loc 1 435 9 is_stmt 1 view .LVU264
 435:FreeRTOS/src/timers.c ****         pxNewTimer->pxCallbackFunction = pxCallbackFunction;
 979              		.loc 1 435 31 is_stmt 0 view .LVU265
ARM GAS  C:\Users\user\AppData\Local\Temp\ccbCLowf.s 			page 42


 980 0018 E561     		str	r5, [r4, #28]
 436:FreeRTOS/src/timers.c ****         vListInitialiseItem( &( pxNewTimer->xTimerListItem ) );
 981              		.loc 1 436 9 is_stmt 1 view .LVU266
 436:FreeRTOS/src/timers.c ****         vListInitialiseItem( &( pxNewTimer->xTimerListItem ) );
 982              		.loc 1 436 40 is_stmt 0 view .LVU267
 983 001a 069B     		ldr	r3, [sp, #24]
 984 001c 2362     		str	r3, [r4, #32]
 437:FreeRTOS/src/timers.c **** 
 985              		.loc 1 437 9 is_stmt 1 view .LVU268
 986 001e 201D     		adds	r0, r4, #4
 987 0020 FFF7FEFF 		bl	vListInitialiseItem
 988              	.LVL89:
 439:FreeRTOS/src/timers.c ****         {
 989              		.loc 1 439 9 view .LVU269
 439:FreeRTOS/src/timers.c ****         {
 990              		.loc 1 439 11 is_stmt 0 view .LVU270
 991 0024 2EB1     		cbz	r6, .L84
 441:FreeRTOS/src/timers.c ****         }
 992              		.loc 1 441 13 is_stmt 1 view .LVU271
 441:FreeRTOS/src/timers.c ****         }
 993              		.loc 1 441 23 is_stmt 0 view .LVU272
 994 0026 94F82430 		ldrb	r3, [r4, #36]	@ zero_extendqisi2
 441:FreeRTOS/src/timers.c ****         }
 995              		.loc 1 441 34 view .LVU273
 996 002a 43F00403 		orr	r3, r3, #4
 997 002e 84F82430 		strb	r3, [r4, #36]
 444:FreeRTOS/src/timers.c ****     }
 998              		.loc 1 444 40 is_stmt 1 view .LVU274
 999              	.L84:
 445:FreeRTOS/src/timers.c **** /*-----------------------------------------------------------*/
 1000              		.loc 1 445 5 is_stmt 0 view .LVU275
 1001 0032 BDE8F081 		pop	{r4, r5, r6, r7, r8, pc}
 445:FreeRTOS/src/timers.c **** /*-----------------------------------------------------------*/
 1002              		.loc 1 445 5 view .LVU276
 1003              		.cfi_endproc
 1004              	.LFE140:
 1006              		.section	.rodata.xTimerCreateTimerTask.str1.4,"aMS",%progbits,1
 1007              		.align	2
 1008              	.LC0:
 1009 0000 546D7220 		.ascii	"Tmr Svc\000"
 1009      53766300 
 1010              		.section	.text.xTimerCreateTimerTask,"ax",%progbits
 1011              		.align	1
 1012              		.global	xTimerCreateTimerTask
 1013              		.syntax unified
 1014              		.thumb
 1015              		.thumb_func
 1017              	xTimerCreateTimerTask:
 1018              	.LFB138:
 238:FreeRTOS/src/timers.c ****         BaseType_t xReturn = pdFAIL;
 1019              		.loc 1 238 5 is_stmt 1 view -0
 1020              		.cfi_startproc
 1021              		@ args = 0, pretend = 0, frame = 0
 1022              		@ frame_needed = 0, uses_anonymous_args = 0
 1023 0000 00B5     		push	{lr}
 1024              	.LCFI15:
 1025              		.cfi_def_cfa_offset 4
ARM GAS  C:\Users\user\AppData\Local\Temp\ccbCLowf.s 			page 43


 1026              		.cfi_offset 14, -4
 1027 0002 83B0     		sub	sp, sp, #12
 1028              	.LCFI16:
 1029              		.cfi_def_cfa_offset 16
 239:FreeRTOS/src/timers.c **** 
 1030              		.loc 1 239 9 view .LVU278
 1031              	.LVL90:
 241:FreeRTOS/src/timers.c **** 
 1032              		.loc 1 241 43 view .LVU279
 247:FreeRTOS/src/timers.c **** 
 1033              		.loc 1 247 9 view .LVU280
 1034 0004 FFF7FEFF 		bl	prvCheckForValidListAndQueue
 1035              	.LVL91:
 249:FreeRTOS/src/timers.c ****         {
 1036              		.loc 1 249 9 view .LVU281
 249:FreeRTOS/src/timers.c ****         {
 1037              		.loc 1 249 25 is_stmt 0 view .LVU282
 1038 0008 084B     		ldr	r3, .L91
 1039 000a 1B68     		ldr	r3, [r3]
 249:FreeRTOS/src/timers.c ****         {
 1040              		.loc 1 249 11 view .LVU283
 1041 000c 5BB1     		cbz	r3, .L89
 310:FreeRTOS/src/timers.c ****                                            configTIMER_SERVICE_TASK_NAME,
 1042              		.loc 1 310 21 is_stmt 1 view .LVU284
 310:FreeRTOS/src/timers.c ****                                            configTIMER_SERVICE_TASK_NAME,
 1043              		.loc 1 310 31 is_stmt 0 view .LVU285
 1044 000e 084B     		ldr	r3, .L91+4
 1045 0010 0193     		str	r3, [sp, #4]
 1046 0012 0323     		movs	r3, #3
 1047 0014 0093     		str	r3, [sp]
 1048 0016 0023     		movs	r3, #0
 1049 0018 8022     		movs	r2, #128
 1050 001a 0649     		ldr	r1, .L91+8
 1051 001c 0648     		ldr	r0, .L91+12
 1052 001e FFF7FEFF 		bl	xTaskCreate
 1053              	.LVL92:
 1054              	.L87:
 331:FreeRTOS/src/timers.c **** /*-----------------------------------------------------------*/
 1055              		.loc 1 331 5 view .LVU286
 1056 0022 03B0     		add	sp, sp, #12
 1057              	.LCFI17:
 1058              		.cfi_remember_state
 1059              		.cfi_def_cfa_offset 4
 1060              		@ sp needed
 1061 0024 00BD     		pop	{pc}
 1062              	.LVL93:
 1063              	.L89:
 1064              	.LCFI18:
 1065              		.cfi_restore_state
 239:FreeRTOS/src/timers.c **** 
 1066              		.loc 1 239 20 view .LVU287
 1067 0026 1846     		mov	r0, r3
 323:FreeRTOS/src/timers.c ****         }
 1068              		.loc 1 323 37 is_stmt 1 view .LVU288
 326:FreeRTOS/src/timers.c **** 
 1069              		.loc 1 326 32 view .LVU289
 328:FreeRTOS/src/timers.c **** 
ARM GAS  C:\Users\user\AppData\Local\Temp\ccbCLowf.s 			page 44


 1070              		.loc 1 328 53 view .LVU290
 330:FreeRTOS/src/timers.c ****     }
 1071              		.loc 1 330 9 view .LVU291
 330:FreeRTOS/src/timers.c ****     }
 1072              		.loc 1 330 16 is_stmt 0 view .LVU292
 1073 0028 FBE7     		b	.L87
 1074              	.L92:
 1075 002a 00BF     		.align	2
 1076              	.L91:
 1077 002c 00000000 		.word	xTimerQueue
 1078 0030 00000000 		.word	xTimerTaskHandle
 1079 0034 00000000 		.word	.LC0
 1080 0038 00000000 		.word	prvTimerTask
 1081              		.cfi_endproc
 1082              	.LFE138:
 1084              		.section	.text.xTimerCreate,"ax",%progbits
 1085              		.align	1
 1086              		.global	xTimerCreate
 1087              		.syntax unified
 1088              		.thumb
 1089              		.thumb_func
 1091              	xTimerCreate:
 1092              	.LVL94:
 1093              	.LFB139:
 341:FreeRTOS/src/timers.c ****             Timer_t * pxNewTimer;
 1094              		.loc 1 341 9 is_stmt 1 view -0
 1095              		.cfi_startproc
 1096              		@ args = 4, pretend = 0, frame = 0
 1097              		@ frame_needed = 0, uses_anonymous_args = 0
 341:FreeRTOS/src/timers.c ****             Timer_t * pxNewTimer;
 1098              		.loc 1 341 9 is_stmt 0 view .LVU294
 1099 0000 2DE9F041 		push	{r4, r5, r6, r7, r8, lr}
 1100              	.LCFI19:
 1101              		.cfi_def_cfa_offset 24
 1102              		.cfi_offset 4, -24
 1103              		.cfi_offset 5, -20
 1104              		.cfi_offset 6, -16
 1105              		.cfi_offset 7, -12
 1106              		.cfi_offset 8, -8
 1107              		.cfi_offset 14, -4
 1108 0004 82B0     		sub	sp, sp, #8
 1109              	.LCFI20:
 1110              		.cfi_def_cfa_offset 32
 1111 0006 8046     		mov	r8, r0
 1112 0008 0F46     		mov	r7, r1
 1113 000a 1646     		mov	r6, r2
 1114 000c 1D46     		mov	r5, r3
 342:FreeRTOS/src/timers.c **** 
 1115              		.loc 1 342 13 is_stmt 1 view .LVU295
 344:FreeRTOS/src/timers.c **** 
 1116              		.loc 1 344 116 view .LVU296
 349:FreeRTOS/src/timers.c **** 
 1117              		.loc 1 349 13 view .LVU297
 349:FreeRTOS/src/timers.c **** 
 1118              		.loc 1 349 40 is_stmt 0 view .LVU298
 1119 000e 2820     		movs	r0, #40
 1120              	.LVL95:
ARM GAS  C:\Users\user\AppData\Local\Temp\ccbCLowf.s 			page 45


 349:FreeRTOS/src/timers.c **** 
 1121              		.loc 1 349 40 view .LVU299
 1122 0010 FFF7FEFF 		bl	pvPortMalloc
 1123              	.LVL96:
 351:FreeRTOS/src/timers.c ****             {
 1124              		.loc 1 351 13 is_stmt 1 view .LVU300
 351:FreeRTOS/src/timers.c ****             {
 1125              		.loc 1 351 15 is_stmt 0 view .LVU301
 1126 0014 0446     		mov	r4, r0
 1127 0016 58B1     		cbz	r0, .L93
 356:FreeRTOS/src/timers.c ****                 prvInitialiseNewTimer( pcTimerName, xTimerPeriodInTicks, xAutoReload, pvTimerID, px
 1128              		.loc 1 356 17 is_stmt 1 view .LVU302
 356:FreeRTOS/src/timers.c ****                 prvInitialiseNewTimer( pcTimerName, xTimerPeriodInTicks, xAutoReload, pvTimerID, px
 1129              		.loc 1 356 38 is_stmt 0 view .LVU303
 1130 0018 0023     		movs	r3, #0
 1131 001a 80F82430 		strb	r3, [r0, #36]
 357:FreeRTOS/src/timers.c ****             }
 1132              		.loc 1 357 17 is_stmt 1 view .LVU304
 1133 001e 0190     		str	r0, [sp, #4]
 1134 0020 089B     		ldr	r3, [sp, #32]
 1135 0022 0093     		str	r3, [sp]
 1136 0024 2B46     		mov	r3, r5
 1137 0026 3246     		mov	r2, r6
 1138 0028 3946     		mov	r1, r7
 1139 002a 4046     		mov	r0, r8
 1140              	.LVL97:
 357:FreeRTOS/src/timers.c ****             }
 1141              		.loc 1 357 17 is_stmt 0 view .LVU305
 1142 002c FFF7FEFF 		bl	prvInitialiseNewTimer
 1143              	.LVL98:
 360:FreeRTOS/src/timers.c **** 
 1144              		.loc 1 360 51 is_stmt 1 view .LVU306
 362:FreeRTOS/src/timers.c ****         }
 1145              		.loc 1 362 13 view .LVU307
 1146              	.L93:
 363:FreeRTOS/src/timers.c **** 
 1147              		.loc 1 363 9 is_stmt 0 view .LVU308
 1148 0030 2046     		mov	r0, r4
 1149 0032 02B0     		add	sp, sp, #8
 1150              	.LCFI21:
 1151              		.cfi_def_cfa_offset 24
 1152              		@ sp needed
 1153 0034 BDE8F081 		pop	{r4, r5, r6, r7, r8, pc}
 363:FreeRTOS/src/timers.c **** 
 1154              		.loc 1 363 9 view .LVU309
 1155              		.cfi_endproc
 1156              	.LFE139:
 1158              		.section	.text.xTimerGenericCommandFromTask,"ax",%progbits
 1159              		.align	1
 1160              		.global	xTimerGenericCommandFromTask
 1161              		.syntax unified
 1162              		.thumb
 1163              		.thumb_func
 1165              	xTimerGenericCommandFromTask:
 1166              	.LVL99:
 1167              	.LFB141:
 453:FreeRTOS/src/timers.c ****         BaseType_t xReturn = pdFAIL;
ARM GAS  C:\Users\user\AppData\Local\Temp\ccbCLowf.s 			page 46


 1168              		.loc 1 453 5 is_stmt 1 view -0
 1169              		.cfi_startproc
 1170              		@ args = 4, pretend = 0, frame = 16
 1171              		@ frame_needed = 0, uses_anonymous_args = 0
 454:FreeRTOS/src/timers.c ****         DaemonTaskMessage_t xMessage;
 1172              		.loc 1 454 9 view .LVU311
 455:FreeRTOS/src/timers.c **** 
 1173              		.loc 1 455 9 view .LVU312
 457:FreeRTOS/src/timers.c **** 
 1174              		.loc 1 457 9 view .LVU313
 459:FreeRTOS/src/timers.c **** 
 1175              		.loc 1 459 127 view .LVU314
 463:FreeRTOS/src/timers.c ****         {
 1176              		.loc 1 463 9 view .LVU315
 463:FreeRTOS/src/timers.c ****         {
 1177              		.loc 1 463 27 is_stmt 0 view .LVU316
 1178 0000 124B     		ldr	r3, .L108
 1179              	.LVL100:
 463:FreeRTOS/src/timers.c ****         {
 1180              		.loc 1 463 27 view .LVU317
 1181 0002 1B68     		ldr	r3, [r3]
 463:FreeRTOS/src/timers.c ****         {
 1182              		.loc 1 463 11 view .LVU318
 1183 0004 F3B1     		cbz	r3, .L99
 463:FreeRTOS/src/timers.c ****         {
 1184              		.loc 1 463 37 discriminator 1 view .LVU319
 1185 0006 F8B1     		cbz	r0, .L103
 453:FreeRTOS/src/timers.c ****         BaseType_t xReturn = pdFAIL;
 1186              		.loc 1 453 5 view .LVU320
 1187 0008 00B5     		push	{lr}
 1188              	.LCFI22:
 1189              		.cfi_def_cfa_offset 4
 1190              		.cfi_offset 14, -4
 1191 000a 85B0     		sub	sp, sp, #20
 1192              	.LCFI23:
 1193              		.cfi_def_cfa_offset 24
 466:FreeRTOS/src/timers.c ****             xMessage.u.xTimerParameters.xMessageValue = xOptionalValue;
 1194              		.loc 1 466 13 is_stmt 1 view .LVU321
 466:FreeRTOS/src/timers.c ****             xMessage.u.xTimerParameters.xMessageValue = xOptionalValue;
 1195              		.loc 1 466 33 is_stmt 0 view .LVU322
 1196 000c 0191     		str	r1, [sp, #4]
 467:FreeRTOS/src/timers.c ****             xMessage.u.xTimerParameters.pxTimer = xTimer;
 1197              		.loc 1 467 13 is_stmt 1 view .LVU323
 467:FreeRTOS/src/timers.c ****             xMessage.u.xTimerParameters.pxTimer = xTimer;
 1198              		.loc 1 467 55 is_stmt 0 view .LVU324
 1199 000e 0292     		str	r2, [sp, #8]
 468:FreeRTOS/src/timers.c **** 
 1200              		.loc 1 468 13 is_stmt 1 view .LVU325
 468:FreeRTOS/src/timers.c **** 
 1201              		.loc 1 468 49 is_stmt 0 view .LVU326
 1202 0010 0390     		str	r0, [sp, #12]
 472:FreeRTOS/src/timers.c **** 
 1203              		.loc 1 472 120 is_stmt 1 view .LVU327
 474:FreeRTOS/src/timers.c ****             {
 1204              		.loc 1 474 13 view .LVU328
 474:FreeRTOS/src/timers.c ****             {
 1205              		.loc 1 474 15 is_stmt 0 view .LVU329
ARM GAS  C:\Users\user\AppData\Local\Temp\ccbCLowf.s 			page 47


 1206 0012 0529     		cmp	r1, #5
 1207 0014 02D9     		bls	.L106
 454:FreeRTOS/src/timers.c ****         DaemonTaskMessage_t xMessage;
 1208              		.loc 1 454 20 view .LVU330
 1209 0016 0020     		movs	r0, #0
 1210              	.LVL101:
 490:FreeRTOS/src/timers.c ****         }
 1211              		.loc 1 490 37 is_stmt 1 view .LVU331
 493:FreeRTOS/src/timers.c **** 
 1212              		.loc 1 493 60 view .LVU332
 495:FreeRTOS/src/timers.c ****     }
 1213              		.loc 1 495 9 view .LVU333
 1214              	.L96:
 496:FreeRTOS/src/timers.c **** /*-----------------------------------------------------------*/
 1215              		.loc 1 496 5 is_stmt 0 view .LVU334
 1216 0018 05B0     		add	sp, sp, #20
 1217              	.LCFI24:
 1218              		.cfi_remember_state
 1219              		.cfi_def_cfa_offset 4
 1220              		@ sp needed
 1221 001a 00BD     		pop	{pc}
 1222              	.LVL102:
 1223              	.L106:
 1224              	.LCFI25:
 1225              		.cfi_restore_state
 476:FreeRTOS/src/timers.c ****                 {
 1226              		.loc 1 476 17 is_stmt 1 view .LVU335
 476:FreeRTOS/src/timers.c ****                 {
 1227              		.loc 1 476 21 is_stmt 0 view .LVU336
 1228 001c FFF7FEFF 		bl	xTaskGetSchedulerState
 1229              	.LVL103:
 476:FreeRTOS/src/timers.c ****                 {
 1230              		.loc 1 476 19 discriminator 1 view .LVU337
 1231 0020 0228     		cmp	r0, #2
 1232 0022 07D0     		beq	.L107
 482:FreeRTOS/src/timers.c ****                 }
 1233              		.loc 1 482 21 is_stmt 1 view .LVU338
 482:FreeRTOS/src/timers.c ****                 }
 1234              		.loc 1 482 31 is_stmt 0 view .LVU339
 1235 0024 0023     		movs	r3, #0
 1236 0026 1A46     		mov	r2, r3
 1237 0028 01A9     		add	r1, sp, #4
 1238 002a 0848     		ldr	r0, .L108
 1239 002c 0068     		ldr	r0, [r0]
 1240 002e FFF7FEFF 		bl	xQueueGenericSend
 1241              	.LVL104:
 482:FreeRTOS/src/timers.c ****                 }
 1242              		.loc 1 482 31 view .LVU340
 1243 0032 F1E7     		b	.L96
 1244              	.LVL105:
 1245              	.L107:
 478:FreeRTOS/src/timers.c ****                 }
 1246              		.loc 1 478 21 is_stmt 1 view .LVU341
 478:FreeRTOS/src/timers.c ****                 }
 1247              		.loc 1 478 31 is_stmt 0 view .LVU342
 1248 0034 0023     		movs	r3, #0
 1249 0036 069A     		ldr	r2, [sp, #24]
ARM GAS  C:\Users\user\AppData\Local\Temp\ccbCLowf.s 			page 48


 1250 0038 01A9     		add	r1, sp, #4
 1251 003a 0448     		ldr	r0, .L108
 1252 003c 0068     		ldr	r0, [r0]
 1253 003e FFF7FEFF 		bl	xQueueGenericSend
 1254              	.LVL106:
 478:FreeRTOS/src/timers.c ****                 }
 1255              		.loc 1 478 31 view .LVU343
 1256 0042 E9E7     		b	.L96
 1257              	.LVL107:
 1258              	.L99:
 1259              	.LCFI26:
 1260              		.cfi_def_cfa_offset 0
 1261              		.cfi_restore 14
 454:FreeRTOS/src/timers.c ****         DaemonTaskMessage_t xMessage;
 1262              		.loc 1 454 20 view .LVU344
 1263 0044 1846     		mov	r0, r3
 1264              	.LVL108:
 454:FreeRTOS/src/timers.c ****         DaemonTaskMessage_t xMessage;
 1265              		.loc 1 454 20 view .LVU345
 1266 0046 7047     		bx	lr
 1267              	.LVL109:
 1268              	.L103:
 496:FreeRTOS/src/timers.c **** /*-----------------------------------------------------------*/
 1269              		.loc 1 496 5 view .LVU346
 1270 0048 7047     		bx	lr
 1271              	.L109:
 1272 004a 00BF     		.align	2
 1273              	.L108:
 1274 004c 00000000 		.word	xTimerQueue
 1275              		.cfi_endproc
 1276              	.LFE141:
 1278              		.section	.text.xTimerGenericCommandFromISR,"ax",%progbits
 1279              		.align	1
 1280              		.global	xTimerGenericCommandFromISR
 1281              		.syntax unified
 1282              		.thumb
 1283              		.thumb_func
 1285              	xTimerGenericCommandFromISR:
 1286              	.LVL110:
 1287              	.LFB142:
 504:FreeRTOS/src/timers.c ****         BaseType_t xReturn = pdFAIL;
 1288              		.loc 1 504 5 is_stmt 1 view -0
 1289              		.cfi_startproc
 1290              		@ args = 4, pretend = 0, frame = 16
 1291              		@ frame_needed = 0, uses_anonymous_args = 0
 504:FreeRTOS/src/timers.c ****         BaseType_t xReturn = pdFAIL;
 1292              		.loc 1 504 5 is_stmt 0 view .LVU348
 1293 0000 00B5     		push	{lr}
 1294              	.LCFI27:
 1295              		.cfi_def_cfa_offset 4
 1296              		.cfi_offset 14, -4
 1297 0002 85B0     		sub	sp, sp, #20
 1298              	.LCFI28:
 1299              		.cfi_def_cfa_offset 24
 1300 0004 9C46     		mov	ip, r3
 505:FreeRTOS/src/timers.c ****         DaemonTaskMessage_t xMessage;
 1301              		.loc 1 505 9 is_stmt 1 view .LVU349
ARM GAS  C:\Users\user\AppData\Local\Temp\ccbCLowf.s 			page 49


 1302              	.LVL111:
 506:FreeRTOS/src/timers.c **** 
 1303              		.loc 1 506 9 view .LVU350
 508:FreeRTOS/src/timers.c **** 
 1304              		.loc 1 508 9 view .LVU351
 510:FreeRTOS/src/timers.c **** 
 1305              		.loc 1 510 126 view .LVU352
 514:FreeRTOS/src/timers.c ****         {
 1306              		.loc 1 514 9 view .LVU353
 514:FreeRTOS/src/timers.c ****         {
 1307              		.loc 1 514 27 is_stmt 0 view .LVU354
 1308 0006 0C4B     		ldr	r3, .L117
 1309              	.LVL112:
 514:FreeRTOS/src/timers.c ****         {
 1310              		.loc 1 514 27 view .LVU355
 1311 0008 D3F800E0 		ldr	lr, [r3]
 514:FreeRTOS/src/timers.c ****         {
 1312              		.loc 1 514 11 view .LVU356
 1313 000c BEF1000F 		cmp	lr, #0
 1314 0010 0FD0     		beq	.L112
 514:FreeRTOS/src/timers.c ****         {
 1315              		.loc 1 514 37 discriminator 1 view .LVU357
 1316 0012 28B1     		cbz	r0, .L110
 517:FreeRTOS/src/timers.c ****             xMessage.u.xTimerParameters.xMessageValue = xOptionalValue;
 1317              		.loc 1 517 13 is_stmt 1 view .LVU358
 517:FreeRTOS/src/timers.c ****             xMessage.u.xTimerParameters.xMessageValue = xOptionalValue;
 1318              		.loc 1 517 33 is_stmt 0 view .LVU359
 1319 0014 0191     		str	r1, [sp, #4]
 518:FreeRTOS/src/timers.c ****             xMessage.u.xTimerParameters.pxTimer = xTimer;
 1320              		.loc 1 518 13 is_stmt 1 view .LVU360
 518:FreeRTOS/src/timers.c ****             xMessage.u.xTimerParameters.pxTimer = xTimer;
 1321              		.loc 1 518 55 is_stmt 0 view .LVU361
 1322 0016 0292     		str	r2, [sp, #8]
 519:FreeRTOS/src/timers.c **** 
 1323              		.loc 1 519 13 is_stmt 1 view .LVU362
 519:FreeRTOS/src/timers.c **** 
 1324              		.loc 1 519 49 is_stmt 0 view .LVU363
 1325 0018 0390     		str	r0, [sp, #12]
 521:FreeRTOS/src/timers.c **** 
 1326              		.loc 1 521 68 is_stmt 1 view .LVU364
 523:FreeRTOS/src/timers.c ****             {
 1327              		.loc 1 523 13 view .LVU365
 523:FreeRTOS/src/timers.c ****             {
 1328              		.loc 1 523 15 is_stmt 0 view .LVU366
 1329 001a 0529     		cmp	r1, #5
 1330 001c 02DC     		bgt	.L116
 505:FreeRTOS/src/timers.c ****         DaemonTaskMessage_t xMessage;
 1331              		.loc 1 505 20 view .LVU367
 1332 001e 0020     		movs	r0, #0
 1333              	.LVL113:
 532:FreeRTOS/src/timers.c ****         }
 1334              		.loc 1 532 37 is_stmt 1 view .LVU368
 535:FreeRTOS/src/timers.c **** 
 1335              		.loc 1 535 59 view .LVU369
 537:FreeRTOS/src/timers.c ****     }
 1336              		.loc 1 537 9 view .LVU370
 1337              	.L110:
ARM GAS  C:\Users\user\AppData\Local\Temp\ccbCLowf.s 			page 50


 538:FreeRTOS/src/timers.c **** /*-----------------------------------------------------------*/
 1338              		.loc 1 538 5 is_stmt 0 view .LVU371
 1339 0020 05B0     		add	sp, sp, #20
 1340              	.LCFI29:
 1341              		.cfi_remember_state
 1342              		.cfi_def_cfa_offset 4
 1343              		@ sp needed
 1344 0022 00BD     		pop	{pc}
 1345              	.LVL114:
 1346              	.L116:
 1347              	.LCFI30:
 1348              		.cfi_restore_state
 525:FreeRTOS/src/timers.c ****             }
 1349              		.loc 1 525 17 is_stmt 1 view .LVU372
 525:FreeRTOS/src/timers.c ****             }
 1350              		.loc 1 525 27 is_stmt 0 view .LVU373
 1351 0024 0023     		movs	r3, #0
 1352 0026 6246     		mov	r2, ip
 1353              	.LVL115:
 525:FreeRTOS/src/timers.c ****             }
 1354              		.loc 1 525 27 view .LVU374
 1355 0028 01A9     		add	r1, sp, #4
 1356              	.LVL116:
 525:FreeRTOS/src/timers.c ****             }
 1357              		.loc 1 525 27 view .LVU375
 1358 002a 7046     		mov	r0, lr
 1359              	.LVL117:
 525:FreeRTOS/src/timers.c ****             }
 1360              		.loc 1 525 27 view .LVU376
 1361 002c FFF7FEFF 		bl	xQueueGenericSendFromISR
 1362              	.LVL118:
 525:FreeRTOS/src/timers.c ****             }
 1363              		.loc 1 525 27 view .LVU377
 1364 0030 F6E7     		b	.L110
 1365              	.LVL119:
 1366              	.L112:
 505:FreeRTOS/src/timers.c ****         DaemonTaskMessage_t xMessage;
 1367              		.loc 1 505 20 view .LVU378
 1368 0032 7046     		mov	r0, lr
 1369              	.LVL120:
 505:FreeRTOS/src/timers.c ****         DaemonTaskMessage_t xMessage;
 1370              		.loc 1 505 20 view .LVU379
 1371 0034 F4E7     		b	.L110
 1372              	.L118:
 1373 0036 00BF     		.align	2
 1374              	.L117:
 1375 0038 00000000 		.word	xTimerQueue
 1376              		.cfi_endproc
 1377              	.LFE142:
 1379              		.section	.text.xTimerGetTimerDaemonTaskHandle,"ax",%progbits
 1380              		.align	1
 1381              		.global	xTimerGetTimerDaemonTaskHandle
 1382              		.syntax unified
 1383              		.thumb
 1384              		.thumb_func
 1386              	xTimerGetTimerDaemonTaskHandle:
 1387              	.LFB143:
ARM GAS  C:\Users\user\AppData\Local\Temp\ccbCLowf.s 			page 51


 542:FreeRTOS/src/timers.c ****         traceENTER_xTimerGetTimerDaemonTaskHandle();
 1388              		.loc 1 542 5 is_stmt 1 view -0
 1389              		.cfi_startproc
 1390              		@ args = 0, pretend = 0, frame = 0
 1391              		@ frame_needed = 0, uses_anonymous_args = 0
 1392              		@ link register save eliminated.
 543:FreeRTOS/src/timers.c **** 
 1393              		.loc 1 543 52 view .LVU381
 547:FreeRTOS/src/timers.c **** 
 1394              		.loc 1 547 53 view .LVU382
 549:FreeRTOS/src/timers.c **** 
 1395              		.loc 1 549 71 view .LVU383
 551:FreeRTOS/src/timers.c ****     }
 1396              		.loc 1 551 9 view .LVU384
 552:FreeRTOS/src/timers.c **** /*-----------------------------------------------------------*/
 1397              		.loc 1 552 5 is_stmt 0 view .LVU385
 1398 0000 014B     		ldr	r3, .L120
 1399 0002 1868     		ldr	r0, [r3]
 1400 0004 7047     		bx	lr
 1401              	.L121:
 1402 0006 00BF     		.align	2
 1403              	.L120:
 1404 0008 00000000 		.word	xTimerTaskHandle
 1405              		.cfi_endproc
 1406              	.LFE143:
 1408              		.section	.text.xTimerGetPeriod,"ax",%progbits
 1409              		.align	1
 1410              		.global	xTimerGetPeriod
 1411              		.syntax unified
 1412              		.thumb
 1413              		.thumb_func
 1415              	xTimerGetPeriod:
 1416              	.LVL121:
 1417              	.LFB144:
 556:FreeRTOS/src/timers.c ****         Timer_t * pxTimer = xTimer;
 1418              		.loc 1 556 5 is_stmt 1 view -0
 1419              		.cfi_startproc
 1420              		@ args = 0, pretend = 0, frame = 0
 1421              		@ frame_needed = 0, uses_anonymous_args = 0
 1422              		@ link register save eliminated.
 557:FreeRTOS/src/timers.c **** 
 1423              		.loc 1 557 9 view .LVU387
 559:FreeRTOS/src/timers.c **** 
 1424              		.loc 1 559 45 view .LVU388
 561:FreeRTOS/src/timers.c **** 
 1425              		.loc 1 561 31 view .LVU389
 563:FreeRTOS/src/timers.c **** 
 1426              		.loc 1 563 68 view .LVU390
 565:FreeRTOS/src/timers.c ****     }
 1427              		.loc 1 565 9 view .LVU391
 566:FreeRTOS/src/timers.c **** /*-----------------------------------------------------------*/
 1428              		.loc 1 566 5 is_stmt 0 view .LVU392
 1429 0000 8069     		ldr	r0, [r0, #24]
 1430              	.LVL122:
 566:FreeRTOS/src/timers.c **** /*-----------------------------------------------------------*/
 1431              		.loc 1 566 5 view .LVU393
 1432 0002 7047     		bx	lr
ARM GAS  C:\Users\user\AppData\Local\Temp\ccbCLowf.s 			page 52


 1433              		.cfi_endproc
 1434              	.LFE144:
 1436              		.section	.text.vTimerSetReloadMode,"ax",%progbits
 1437              		.align	1
 1438              		.global	vTimerSetReloadMode
 1439              		.syntax unified
 1440              		.thumb
 1441              		.thumb_func
 1443              	vTimerSetReloadMode:
 1444              	.LVL123:
 1445              	.LFB145:
 571:FreeRTOS/src/timers.c ****         Timer_t * pxTimer = xTimer;
 1446              		.loc 1 571 5 is_stmt 1 view -0
 1447              		.cfi_startproc
 1448              		@ args = 0, pretend = 0, frame = 0
 1449              		@ frame_needed = 0, uses_anonymous_args = 0
 571:FreeRTOS/src/timers.c ****         Timer_t * pxTimer = xTimer;
 1450              		.loc 1 571 5 is_stmt 0 view .LVU395
 1451 0000 38B5     		push	{r3, r4, r5, lr}
 1452              	.LCFI31:
 1453              		.cfi_def_cfa_offset 16
 1454              		.cfi_offset 3, -16
 1455              		.cfi_offset 4, -12
 1456              		.cfi_offset 5, -8
 1457              		.cfi_offset 14, -4
 1458 0002 0446     		mov	r4, r0
 1459 0004 0D46     		mov	r5, r1
 572:FreeRTOS/src/timers.c **** 
 1460              		.loc 1 572 9 is_stmt 1 view .LVU396
 1461              	.LVL124:
 574:FreeRTOS/src/timers.c **** 
 1462              		.loc 1 574 62 view .LVU397
 576:FreeRTOS/src/timers.c ****         taskENTER_CRITICAL();
 1463              		.loc 1 576 31 view .LVU398
 577:FreeRTOS/src/timers.c ****         {
 1464              		.loc 1 577 9 view .LVU399
 1465 0006 FFF7FEFF 		bl	vPortEnterCritical
 1466              	.LVL125:
 579:FreeRTOS/src/timers.c ****             {
 1467              		.loc 1 579 13 view .LVU400
 579:FreeRTOS/src/timers.c ****             {
 1468              		.loc 1 579 15 is_stmt 0 view .LVU401
 1469 000a 45B1     		cbz	r5, .L124
 581:FreeRTOS/src/timers.c ****             }
 1470              		.loc 1 581 17 is_stmt 1 view .LVU402
 581:FreeRTOS/src/timers.c ****             }
 1471              		.loc 1 581 24 is_stmt 0 view .LVU403
 1472 000c 94F82430 		ldrb	r3, [r4, #36]	@ zero_extendqisi2
 581:FreeRTOS/src/timers.c ****             }
 1473              		.loc 1 581 35 view .LVU404
 1474 0010 43F00403 		orr	r3, r3, #4
 1475 0014 84F82430 		strb	r3, [r4, #36]
 1476              	.L125:
 588:FreeRTOS/src/timers.c **** 
 1477              		.loc 1 588 9 is_stmt 1 view .LVU405
 1478 0018 FFF7FEFF 		bl	vPortExitCritical
 1479              	.LVL126:
ARM GAS  C:\Users\user\AppData\Local\Temp\ccbCLowf.s 			page 53


 590:FreeRTOS/src/timers.c ****     }
 1480              		.loc 1 590 42 view .LVU406
 591:FreeRTOS/src/timers.c **** /*-----------------------------------------------------------*/
 1481              		.loc 1 591 5 is_stmt 0 view .LVU407
 1482 001c 38BD     		pop	{r3, r4, r5, pc}
 1483              	.LVL127:
 1484              	.L124:
 585:FreeRTOS/src/timers.c ****             }
 1485              		.loc 1 585 17 is_stmt 1 view .LVU408
 585:FreeRTOS/src/timers.c ****             }
 1486              		.loc 1 585 24 is_stmt 0 view .LVU409
 1487 001e 94F82430 		ldrb	r3, [r4, #36]	@ zero_extendqisi2
 585:FreeRTOS/src/timers.c ****             }
 1488              		.loc 1 585 35 view .LVU410
 1489 0022 23F00403 		bic	r3, r3, #4
 1490 0026 84F82430 		strb	r3, [r4, #36]
 1491 002a F5E7     		b	.L125
 1492              		.cfi_endproc
 1493              	.LFE145:
 1495              		.section	.text.xTimerGetReloadMode,"ax",%progbits
 1496              		.align	1
 1497              		.global	xTimerGetReloadMode
 1498              		.syntax unified
 1499              		.thumb
 1500              		.thumb_func
 1502              	xTimerGetReloadMode:
 1503              	.LVL128:
 1504              	.LFB146:
 595:FreeRTOS/src/timers.c ****         Timer_t * pxTimer = xTimer;
 1505              		.loc 1 595 5 is_stmt 1 view -0
 1506              		.cfi_startproc
 1507              		@ args = 0, pretend = 0, frame = 0
 1508              		@ frame_needed = 0, uses_anonymous_args = 0
 595:FreeRTOS/src/timers.c ****         Timer_t * pxTimer = xTimer;
 1509              		.loc 1 595 5 is_stmt 0 view .LVU412
 1510 0000 10B5     		push	{r4, lr}
 1511              	.LCFI32:
 1512              		.cfi_def_cfa_offset 8
 1513              		.cfi_offset 4, -8
 1514              		.cfi_offset 14, -4
 1515 0002 0446     		mov	r4, r0
 596:FreeRTOS/src/timers.c ****         BaseType_t xReturn;
 1516              		.loc 1 596 9 is_stmt 1 view .LVU413
 1517              	.LVL129:
 597:FreeRTOS/src/timers.c **** 
 1518              		.loc 1 597 9 view .LVU414
 599:FreeRTOS/src/timers.c **** 
 1519              		.loc 1 599 49 view .LVU415
 601:FreeRTOS/src/timers.c ****         portBASE_TYPE_ENTER_CRITICAL();
 1520              		.loc 1 601 31 view .LVU416
 602:FreeRTOS/src/timers.c ****         {
 1521              		.loc 1 602 9 view .LVU417
 1522 0004 FFF7FEFF 		bl	vPortEnterCritical
 1523              	.LVL130:
 604:FreeRTOS/src/timers.c ****             {
 1524              		.loc 1 604 13 view .LVU418
 604:FreeRTOS/src/timers.c ****             {
ARM GAS  C:\Users\user\AppData\Local\Temp\ccbCLowf.s 			page 54


 1525              		.loc 1 604 26 is_stmt 0 view .LVU419
 1526 0008 94F82430 		ldrb	r3, [r4, #36]	@ zero_extendqisi2
 604:FreeRTOS/src/timers.c ****             {
 1527              		.loc 1 604 15 view .LVU420
 1528 000c 13F0040F 		tst	r3, #4
 1529 0010 05D1     		bne	.L129
 607:FreeRTOS/src/timers.c ****             }
 1530              		.loc 1 607 25 view .LVU421
 1531 0012 0023     		movs	r3, #0
 1532 0014 1C46     		mov	r4, r3
 1533              	.LVL131:
 1534              	.L128:
 615:FreeRTOS/src/timers.c **** 
 1535              		.loc 1 615 9 is_stmt 1 view .LVU422
 1536 0016 FFF7FEFF 		bl	vPortExitCritical
 1537              	.LVL132:
 617:FreeRTOS/src/timers.c **** 
 1538              		.loc 1 617 51 view .LVU423
 619:FreeRTOS/src/timers.c ****     }
 1539              		.loc 1 619 9 view .LVU424
 620:FreeRTOS/src/timers.c **** 
 1540              		.loc 1 620 5 is_stmt 0 view .LVU425
 1541 001a 2046     		mov	r0, r4
 1542 001c 10BD     		pop	{r4, pc}
 1543              	.LVL133:
 1544              	.L129:
 612:FreeRTOS/src/timers.c ****             }
 1545              		.loc 1 612 25 view .LVU426
 1546 001e 0123     		movs	r3, #1
 1547 0020 1C46     		mov	r4, r3
 1548              	.LVL134:
 612:FreeRTOS/src/timers.c ****             }
 1549              		.loc 1 612 25 view .LVU427
 1550 0022 F8E7     		b	.L128
 1551              		.cfi_endproc
 1552              	.LFE146:
 1554              		.section	.text.uxTimerGetReloadMode,"ax",%progbits
 1555              		.align	1
 1556              		.global	uxTimerGetReloadMode
 1557              		.syntax unified
 1558              		.thumb
 1559              		.thumb_func
 1561              	uxTimerGetReloadMode:
 1562              	.LVL135:
 1563              	.LFB147:
 623:FreeRTOS/src/timers.c ****         UBaseType_t uxReturn;
 1564              		.loc 1 623 5 is_stmt 1 view -0
 1565              		.cfi_startproc
 1566              		@ args = 0, pretend = 0, frame = 0
 1567              		@ frame_needed = 0, uses_anonymous_args = 0
 623:FreeRTOS/src/timers.c ****         UBaseType_t uxReturn;
 1568              		.loc 1 623 5 is_stmt 0 view .LVU429
 1569 0000 08B5     		push	{r3, lr}
 1570              	.LCFI33:
 1571              		.cfi_def_cfa_offset 8
 1572              		.cfi_offset 3, -8
 1573              		.cfi_offset 14, -4
ARM GAS  C:\Users\user\AppData\Local\Temp\ccbCLowf.s 			page 55


 624:FreeRTOS/src/timers.c **** 
 1574              		.loc 1 624 9 is_stmt 1 view .LVU430
 626:FreeRTOS/src/timers.c **** 
 1575              		.loc 1 626 50 view .LVU431
 628:FreeRTOS/src/timers.c **** 
 1576              		.loc 1 628 9 view .LVU432
 628:FreeRTOS/src/timers.c **** 
 1577              		.loc 1 628 36 is_stmt 0 view .LVU433
 1578 0002 FFF7FEFF 		bl	xTimerGetReloadMode
 1579              	.LVL136:
 630:FreeRTOS/src/timers.c **** 
 1580              		.loc 1 630 53 is_stmt 1 view .LVU434
 632:FreeRTOS/src/timers.c ****     }
 1581              		.loc 1 632 9 view .LVU435
 633:FreeRTOS/src/timers.c **** /*-----------------------------------------------------------*/
 1582              		.loc 1 633 5 is_stmt 0 view .LVU436
 1583 0006 08BD     		pop	{r3, pc}
 1584              		.cfi_endproc
 1585              	.LFE147:
 1587              		.section	.text.xTimerGetExpiryTime,"ax",%progbits
 1588              		.align	1
 1589              		.global	xTimerGetExpiryTime
 1590              		.syntax unified
 1591              		.thumb
 1592              		.thumb_func
 1594              	xTimerGetExpiryTime:
 1595              	.LVL137:
 1596              	.LFB148:
 637:FreeRTOS/src/timers.c ****         Timer_t * pxTimer = xTimer;
 1597              		.loc 1 637 5 is_stmt 1 view -0
 1598              		.cfi_startproc
 1599              		@ args = 0, pretend = 0, frame = 0
 1600              		@ frame_needed = 0, uses_anonymous_args = 0
 1601              		@ link register save eliminated.
 638:FreeRTOS/src/timers.c ****         TickType_t xReturn;
 1602              		.loc 1 638 9 view .LVU438
 639:FreeRTOS/src/timers.c **** 
 1603              		.loc 1 639 9 view .LVU439
 641:FreeRTOS/src/timers.c **** 
 1604              		.loc 1 641 49 view .LVU440
 643:FreeRTOS/src/timers.c ****         xReturn = listGET_LIST_ITEM_VALUE( &( pxTimer->xTimerListItem ) );
 1605              		.loc 1 643 31 view .LVU441
 644:FreeRTOS/src/timers.c **** 
 1606              		.loc 1 644 9 view .LVU442
 646:FreeRTOS/src/timers.c **** 
 1607              		.loc 1 646 51 view .LVU443
 648:FreeRTOS/src/timers.c ****     }
 1608              		.loc 1 648 9 view .LVU444
 649:FreeRTOS/src/timers.c **** /*-----------------------------------------------------------*/
 1609              		.loc 1 649 5 is_stmt 0 view .LVU445
 1610 0000 4068     		ldr	r0, [r0, #4]
 1611              	.LVL138:
 649:FreeRTOS/src/timers.c **** /*-----------------------------------------------------------*/
 1612              		.loc 1 649 5 view .LVU446
 1613 0002 7047     		bx	lr
 1614              		.cfi_endproc
 1615              	.LFE148:
ARM GAS  C:\Users\user\AppData\Local\Temp\ccbCLowf.s 			page 56


 1617              		.section	.text.pcTimerGetName,"ax",%progbits
 1618              		.align	1
 1619              		.global	pcTimerGetName
 1620              		.syntax unified
 1621              		.thumb
 1622              		.thumb_func
 1624              	pcTimerGetName:
 1625              	.LVL139:
 1626              	.LFB149:
 684:FreeRTOS/src/timers.c ****         Timer_t * pxTimer = xTimer;
 1627              		.loc 1 684 5 is_stmt 1 view -0
 1628              		.cfi_startproc
 1629              		@ args = 0, pretend = 0, frame = 0
 1630              		@ frame_needed = 0, uses_anonymous_args = 0
 1631              		@ link register save eliminated.
 685:FreeRTOS/src/timers.c **** 
 1632              		.loc 1 685 9 view .LVU448
 687:FreeRTOS/src/timers.c **** 
 1633              		.loc 1 687 44 view .LVU449
 689:FreeRTOS/src/timers.c **** 
 1634              		.loc 1 689 31 view .LVU450
 691:FreeRTOS/src/timers.c **** 
 1635              		.loc 1 691 59 view .LVU451
 693:FreeRTOS/src/timers.c ****     }
 1636              		.loc 1 693 9 view .LVU452
 694:FreeRTOS/src/timers.c **** /*-----------------------------------------------------------*/
 1637              		.loc 1 694 5 is_stmt 0 view .LVU453
 1638 0000 0068     		ldr	r0, [r0]
 1639              	.LVL140:
 694:FreeRTOS/src/timers.c **** /*-----------------------------------------------------------*/
 1640              		.loc 1 694 5 view .LVU454
 1641 0002 7047     		bx	lr
 1642              		.cfi_endproc
 1643              	.LFE149:
 1645              		.section	.text.xTimerIsTimerActive,"ax",%progbits
 1646              		.align	1
 1647              		.global	xTimerIsTimerActive
 1648              		.syntax unified
 1649              		.thumb
 1650              		.thumb_func
 1652              	xTimerIsTimerActive:
 1653              	.LVL141:
 1654              	.LFB160:
1165:FreeRTOS/src/timers.c **** /*-----------------------------------------------------------*/
1166:FreeRTOS/src/timers.c **** 
1167:FreeRTOS/src/timers.c ****     BaseType_t xTimerIsTimerActive( TimerHandle_t xTimer )
1168:FreeRTOS/src/timers.c ****     {
 1655              		.loc 1 1168 5 is_stmt 1 view -0
 1656              		.cfi_startproc
 1657              		@ args = 0, pretend = 0, frame = 0
 1658              		@ frame_needed = 0, uses_anonymous_args = 0
 1659              		.loc 1 1168 5 is_stmt 0 view .LVU456
 1660 0000 10B5     		push	{r4, lr}
 1661              	.LCFI34:
 1662              		.cfi_def_cfa_offset 8
 1663              		.cfi_offset 4, -8
 1664              		.cfi_offset 14, -4
ARM GAS  C:\Users\user\AppData\Local\Temp\ccbCLowf.s 			page 57


 1665 0002 0446     		mov	r4, r0
1169:FreeRTOS/src/timers.c ****         BaseType_t xReturn;
 1666              		.loc 1 1169 9 is_stmt 1 view .LVU457
1170:FreeRTOS/src/timers.c ****         Timer_t * pxTimer = xTimer;
 1667              		.loc 1 1170 9 view .LVU458
 1668              	.LVL142:
1171:FreeRTOS/src/timers.c **** 
1172:FreeRTOS/src/timers.c ****         traceENTER_xTimerIsTimerActive( xTimer );
 1669              		.loc 1 1172 49 view .LVU459
1173:FreeRTOS/src/timers.c **** 
1174:FreeRTOS/src/timers.c ****         configASSERT( xTimer );
 1670              		.loc 1 1174 31 view .LVU460
1175:FreeRTOS/src/timers.c **** 
1176:FreeRTOS/src/timers.c ****         /* Is the timer in the list of active timers? */
1177:FreeRTOS/src/timers.c ****         portBASE_TYPE_ENTER_CRITICAL();
 1671              		.loc 1 1177 9 view .LVU461
 1672 0004 FFF7FEFF 		bl	vPortEnterCritical
 1673              	.LVL143:
1178:FreeRTOS/src/timers.c ****         {
1179:FreeRTOS/src/timers.c ****             if( ( pxTimer->ucStatus & tmrSTATUS_IS_ACTIVE ) == 0U )
 1674              		.loc 1 1179 13 view .LVU462
 1675              		.loc 1 1179 26 is_stmt 0 view .LVU463
 1676 0008 94F82430 		ldrb	r3, [r4, #36]	@ zero_extendqisi2
 1677              		.loc 1 1179 15 view .LVU464
 1678 000c 13F0010F 		tst	r3, #1
 1679 0010 05D1     		bne	.L137
1180:FreeRTOS/src/timers.c ****             {
1181:FreeRTOS/src/timers.c ****                 xReturn = pdFALSE;
 1680              		.loc 1 1181 25 view .LVU465
 1681 0012 0023     		movs	r3, #0
 1682 0014 1C46     		mov	r4, r3
 1683              	.LVL144:
 1684              	.L136:
1182:FreeRTOS/src/timers.c ****             }
1183:FreeRTOS/src/timers.c ****             else
1184:FreeRTOS/src/timers.c ****             {
1185:FreeRTOS/src/timers.c ****                 xReturn = pdTRUE;
1186:FreeRTOS/src/timers.c ****             }
1187:FreeRTOS/src/timers.c ****         }
1188:FreeRTOS/src/timers.c ****         portBASE_TYPE_EXIT_CRITICAL();
 1685              		.loc 1 1188 9 is_stmt 1 view .LVU466
 1686 0016 FFF7FEFF 		bl	vPortExitCritical
 1687              	.LVL145:
1189:FreeRTOS/src/timers.c **** 
1190:FreeRTOS/src/timers.c ****         traceRETURN_xTimerIsTimerActive( xReturn );
 1688              		.loc 1 1190 51 view .LVU467
1191:FreeRTOS/src/timers.c **** 
1192:FreeRTOS/src/timers.c ****         return xReturn;
 1689              		.loc 1 1192 9 view .LVU468
1193:FreeRTOS/src/timers.c ****     }
 1690              		.loc 1 1193 5 is_stmt 0 view .LVU469
 1691 001a 2046     		mov	r0, r4
 1692 001c 10BD     		pop	{r4, pc}
 1693              	.LVL146:
 1694              	.L137:
1185:FreeRTOS/src/timers.c ****             }
 1695              		.loc 1 1185 25 view .LVU470
ARM GAS  C:\Users\user\AppData\Local\Temp\ccbCLowf.s 			page 58


 1696 001e 0123     		movs	r3, #1
 1697 0020 1C46     		mov	r4, r3
 1698              	.LVL147:
1185:FreeRTOS/src/timers.c ****             }
 1699              		.loc 1 1185 25 view .LVU471
 1700 0022 F8E7     		b	.L136
 1701              		.cfi_endproc
 1702              	.LFE160:
 1704              		.section	.text.pvTimerGetTimerID,"ax",%progbits
 1705              		.align	1
 1706              		.global	pvTimerGetTimerID
 1707              		.syntax unified
 1708              		.thumb
 1709              		.thumb_func
 1711              	pvTimerGetTimerID:
 1712              	.LVL148:
 1713              	.LFB161:
1194:FreeRTOS/src/timers.c **** /*-----------------------------------------------------------*/
1195:FreeRTOS/src/timers.c **** 
1196:FreeRTOS/src/timers.c ****     void * pvTimerGetTimerID( const TimerHandle_t xTimer )
1197:FreeRTOS/src/timers.c ****     {
 1714              		.loc 1 1197 5 is_stmt 1 view -0
 1715              		.cfi_startproc
 1716              		@ args = 0, pretend = 0, frame = 0
 1717              		@ frame_needed = 0, uses_anonymous_args = 0
 1718              		.loc 1 1197 5 is_stmt 0 view .LVU473
 1719 0000 10B5     		push	{r4, lr}
 1720              	.LCFI35:
 1721              		.cfi_def_cfa_offset 8
 1722              		.cfi_offset 4, -8
 1723              		.cfi_offset 14, -4
 1724 0002 0446     		mov	r4, r0
1198:FreeRTOS/src/timers.c ****         Timer_t * const pxTimer = xTimer;
 1725              		.loc 1 1198 9 is_stmt 1 view .LVU474
 1726              	.LVL149:
1199:FreeRTOS/src/timers.c ****         void * pvReturn;
 1727              		.loc 1 1199 9 view .LVU475
1200:FreeRTOS/src/timers.c **** 
1201:FreeRTOS/src/timers.c ****         traceENTER_pvTimerGetTimerID( xTimer );
 1728              		.loc 1 1201 47 view .LVU476
1202:FreeRTOS/src/timers.c **** 
1203:FreeRTOS/src/timers.c ****         configASSERT( xTimer );
 1729              		.loc 1 1203 31 view .LVU477
1204:FreeRTOS/src/timers.c **** 
1205:FreeRTOS/src/timers.c ****         taskENTER_CRITICAL();
 1730              		.loc 1 1205 9 view .LVU478
 1731 0004 FFF7FEFF 		bl	vPortEnterCritical
 1732              	.LVL150:
1206:FreeRTOS/src/timers.c ****         {
1207:FreeRTOS/src/timers.c ****             pvReturn = pxTimer->pvTimerID;
 1733              		.loc 1 1207 13 view .LVU479
 1734              		.loc 1 1207 22 is_stmt 0 view .LVU480
 1735 0008 E369     		ldr	r3, [r4, #28]
 1736 000a 1C46     		mov	r4, r3
 1737              	.LVL151:
1208:FreeRTOS/src/timers.c ****         }
1209:FreeRTOS/src/timers.c ****         taskEXIT_CRITICAL();
ARM GAS  C:\Users\user\AppData\Local\Temp\ccbCLowf.s 			page 59


 1738              		.loc 1 1209 9 is_stmt 1 view .LVU481
 1739 000c FFF7FEFF 		bl	vPortExitCritical
 1740              	.LVL152:
1210:FreeRTOS/src/timers.c **** 
1211:FreeRTOS/src/timers.c ****         traceRETURN_pvTimerGetTimerID( pvReturn );
 1741              		.loc 1 1211 50 view .LVU482
1212:FreeRTOS/src/timers.c **** 
1213:FreeRTOS/src/timers.c ****         return pvReturn;
 1742              		.loc 1 1213 9 view .LVU483
1214:FreeRTOS/src/timers.c ****     }
 1743              		.loc 1 1214 5 is_stmt 0 view .LVU484
 1744 0010 2046     		mov	r0, r4
 1745 0012 10BD     		pop	{r4, pc}
 1746              		.loc 1 1214 5 view .LVU485
 1747              		.cfi_endproc
 1748              	.LFE161:
 1750              		.section	.text.vTimerSetTimerID,"ax",%progbits
 1751              		.align	1
 1752              		.global	vTimerSetTimerID
 1753              		.syntax unified
 1754              		.thumb
 1755              		.thumb_func
 1757              	vTimerSetTimerID:
 1758              	.LVL153:
 1759              	.LFB162:
1215:FreeRTOS/src/timers.c **** /*-----------------------------------------------------------*/
1216:FreeRTOS/src/timers.c **** 
1217:FreeRTOS/src/timers.c ****     void vTimerSetTimerID( TimerHandle_t xTimer,
1218:FreeRTOS/src/timers.c ****                            void * pvNewID )
1219:FreeRTOS/src/timers.c ****     {
 1760              		.loc 1 1219 5 is_stmt 1 view -0
 1761              		.cfi_startproc
 1762              		@ args = 0, pretend = 0, frame = 0
 1763              		@ frame_needed = 0, uses_anonymous_args = 0
 1764              		.loc 1 1219 5 is_stmt 0 view .LVU487
 1765 0000 38B5     		push	{r3, r4, r5, lr}
 1766              	.LCFI36:
 1767              		.cfi_def_cfa_offset 16
 1768              		.cfi_offset 3, -16
 1769              		.cfi_offset 4, -12
 1770              		.cfi_offset 5, -8
 1771              		.cfi_offset 14, -4
 1772 0002 0546     		mov	r5, r0
 1773 0004 0C46     		mov	r4, r1
1220:FreeRTOS/src/timers.c ****         Timer_t * const pxTimer = xTimer;
 1774              		.loc 1 1220 9 is_stmt 1 view .LVU488
 1775              	.LVL154:
1221:FreeRTOS/src/timers.c **** 
1222:FreeRTOS/src/timers.c ****         traceENTER_vTimerSetTimerID( xTimer, pvNewID );
 1776              		.loc 1 1222 55 view .LVU489
1223:FreeRTOS/src/timers.c **** 
1224:FreeRTOS/src/timers.c ****         configASSERT( xTimer );
 1777              		.loc 1 1224 31 view .LVU490
1225:FreeRTOS/src/timers.c **** 
1226:FreeRTOS/src/timers.c ****         taskENTER_CRITICAL();
 1778              		.loc 1 1226 9 view .LVU491
 1779 0006 FFF7FEFF 		bl	vPortEnterCritical
ARM GAS  C:\Users\user\AppData\Local\Temp\ccbCLowf.s 			page 60


 1780              	.LVL155:
1227:FreeRTOS/src/timers.c ****         {
1228:FreeRTOS/src/timers.c ****             pxTimer->pvTimerID = pvNewID;
 1781              		.loc 1 1228 13 view .LVU492
 1782              		.loc 1 1228 32 is_stmt 0 view .LVU493
 1783 000a EC61     		str	r4, [r5, #28]
1229:FreeRTOS/src/timers.c ****         }
1230:FreeRTOS/src/timers.c ****         taskEXIT_CRITICAL();
 1784              		.loc 1 1230 9 is_stmt 1 view .LVU494
 1785 000c FFF7FEFF 		bl	vPortExitCritical
 1786              	.LVL156:
1231:FreeRTOS/src/timers.c **** 
1232:FreeRTOS/src/timers.c ****         traceRETURN_vTimerSetTimerID();
 1787              		.loc 1 1232 39 view .LVU495
1233:FreeRTOS/src/timers.c ****     }
 1788              		.loc 1 1233 5 is_stmt 0 view .LVU496
 1789 0010 38BD     		pop	{r3, r4, r5, pc}
 1790              		.loc 1 1233 5 view .LVU497
 1791              		.cfi_endproc
 1792              	.LFE162:
 1794              		.section	.text.vTimerResetState,"ax",%progbits
 1795              		.align	1
 1796              		.global	vTimerResetState
 1797              		.syntax unified
 1798              		.thumb
 1799              		.thumb_func
 1801              	vTimerResetState:
 1802              	.LFB163:
1234:FreeRTOS/src/timers.c **** /*-----------------------------------------------------------*/
1235:FreeRTOS/src/timers.c **** 
1236:FreeRTOS/src/timers.c ****     #if ( INCLUDE_xTimerPendFunctionCall == 1 )
1237:FreeRTOS/src/timers.c **** 
1238:FreeRTOS/src/timers.c ****         BaseType_t xTimerPendFunctionCallFromISR( PendedFunction_t xFunctionToPend,
1239:FreeRTOS/src/timers.c ****                                                   void * pvParameter1,
1240:FreeRTOS/src/timers.c ****                                                   uint32_t ulParameter2,
1241:FreeRTOS/src/timers.c ****                                                   BaseType_t * pxHigherPriorityTaskWoken )
1242:FreeRTOS/src/timers.c ****         {
1243:FreeRTOS/src/timers.c ****             DaemonTaskMessage_t xMessage;
1244:FreeRTOS/src/timers.c ****             BaseType_t xReturn;
1245:FreeRTOS/src/timers.c **** 
1246:FreeRTOS/src/timers.c ****             traceENTER_xTimerPendFunctionCallFromISR( xFunctionToPend, pvParameter1, ulParameter2, 
1247:FreeRTOS/src/timers.c **** 
1248:FreeRTOS/src/timers.c ****             /* Complete the message with the function parameters and post it to the
1249:FreeRTOS/src/timers.c ****              * daemon task. */
1250:FreeRTOS/src/timers.c ****             xMessage.xMessageID = tmrCOMMAND_EXECUTE_CALLBACK_FROM_ISR;
1251:FreeRTOS/src/timers.c ****             xMessage.u.xCallbackParameters.pxCallbackFunction = xFunctionToPend;
1252:FreeRTOS/src/timers.c ****             xMessage.u.xCallbackParameters.pvParameter1 = pvParameter1;
1253:FreeRTOS/src/timers.c ****             xMessage.u.xCallbackParameters.ulParameter2 = ulParameter2;
1254:FreeRTOS/src/timers.c **** 
1255:FreeRTOS/src/timers.c ****             xReturn = xQueueSendFromISR( xTimerQueue, &xMessage, pxHigherPriorityTaskWoken );
1256:FreeRTOS/src/timers.c **** 
1257:FreeRTOS/src/timers.c ****             tracePEND_FUNC_CALL_FROM_ISR( xFunctionToPend, pvParameter1, ulParameter2, xReturn );
1258:FreeRTOS/src/timers.c ****             traceRETURN_xTimerPendFunctionCallFromISR( xReturn );
1259:FreeRTOS/src/timers.c **** 
1260:FreeRTOS/src/timers.c ****             return xReturn;
1261:FreeRTOS/src/timers.c ****         }
1262:FreeRTOS/src/timers.c **** 
ARM GAS  C:\Users\user\AppData\Local\Temp\ccbCLowf.s 			page 61


1263:FreeRTOS/src/timers.c ****     #endif /* INCLUDE_xTimerPendFunctionCall */
1264:FreeRTOS/src/timers.c **** /*-----------------------------------------------------------*/
1265:FreeRTOS/src/timers.c **** 
1266:FreeRTOS/src/timers.c ****     #if ( INCLUDE_xTimerPendFunctionCall == 1 )
1267:FreeRTOS/src/timers.c **** 
1268:FreeRTOS/src/timers.c ****         BaseType_t xTimerPendFunctionCall( PendedFunction_t xFunctionToPend,
1269:FreeRTOS/src/timers.c ****                                            void * pvParameter1,
1270:FreeRTOS/src/timers.c ****                                            uint32_t ulParameter2,
1271:FreeRTOS/src/timers.c ****                                            TickType_t xTicksToWait )
1272:FreeRTOS/src/timers.c ****         {
1273:FreeRTOS/src/timers.c ****             DaemonTaskMessage_t xMessage;
1274:FreeRTOS/src/timers.c ****             BaseType_t xReturn;
1275:FreeRTOS/src/timers.c **** 
1276:FreeRTOS/src/timers.c ****             traceENTER_xTimerPendFunctionCall( xFunctionToPend, pvParameter1, ulParameter2, xTicksT
1277:FreeRTOS/src/timers.c **** 
1278:FreeRTOS/src/timers.c ****             /* This function can only be called after a timer has been created or
1279:FreeRTOS/src/timers.c ****              * after the scheduler has been started because, until then, the timer
1280:FreeRTOS/src/timers.c ****              * queue does not exist. */
1281:FreeRTOS/src/timers.c ****             configASSERT( xTimerQueue );
1282:FreeRTOS/src/timers.c **** 
1283:FreeRTOS/src/timers.c ****             /* Complete the message with the function parameters and post it to the
1284:FreeRTOS/src/timers.c ****              * daemon task. */
1285:FreeRTOS/src/timers.c ****             xMessage.xMessageID = tmrCOMMAND_EXECUTE_CALLBACK;
1286:FreeRTOS/src/timers.c ****             xMessage.u.xCallbackParameters.pxCallbackFunction = xFunctionToPend;
1287:FreeRTOS/src/timers.c ****             xMessage.u.xCallbackParameters.pvParameter1 = pvParameter1;
1288:FreeRTOS/src/timers.c ****             xMessage.u.xCallbackParameters.ulParameter2 = ulParameter2;
1289:FreeRTOS/src/timers.c **** 
1290:FreeRTOS/src/timers.c ****             xReturn = xQueueSendToBack( xTimerQueue, &xMessage, xTicksToWait );
1291:FreeRTOS/src/timers.c **** 
1292:FreeRTOS/src/timers.c ****             tracePEND_FUNC_CALL( xFunctionToPend, pvParameter1, ulParameter2, xReturn );
1293:FreeRTOS/src/timers.c ****             traceRETURN_xTimerPendFunctionCall( xReturn );
1294:FreeRTOS/src/timers.c **** 
1295:FreeRTOS/src/timers.c ****             return xReturn;
1296:FreeRTOS/src/timers.c ****         }
1297:FreeRTOS/src/timers.c **** 
1298:FreeRTOS/src/timers.c ****     #endif /* INCLUDE_xTimerPendFunctionCall */
1299:FreeRTOS/src/timers.c **** /*-----------------------------------------------------------*/
1300:FreeRTOS/src/timers.c **** 
1301:FreeRTOS/src/timers.c ****     #if ( configUSE_TRACE_FACILITY == 1 )
1302:FreeRTOS/src/timers.c **** 
1303:FreeRTOS/src/timers.c ****         UBaseType_t uxTimerGetTimerNumber( TimerHandle_t xTimer )
1304:FreeRTOS/src/timers.c ****         {
1305:FreeRTOS/src/timers.c ****             traceENTER_uxTimerGetTimerNumber( xTimer );
1306:FreeRTOS/src/timers.c **** 
1307:FreeRTOS/src/timers.c ****             traceRETURN_uxTimerGetTimerNumber( ( ( Timer_t * ) xTimer )->uxTimerNumber );
1308:FreeRTOS/src/timers.c **** 
1309:FreeRTOS/src/timers.c ****             return ( ( Timer_t * ) xTimer )->uxTimerNumber;
1310:FreeRTOS/src/timers.c ****         }
1311:FreeRTOS/src/timers.c **** 
1312:FreeRTOS/src/timers.c ****     #endif /* configUSE_TRACE_FACILITY */
1313:FreeRTOS/src/timers.c **** /*-----------------------------------------------------------*/
1314:FreeRTOS/src/timers.c **** 
1315:FreeRTOS/src/timers.c ****     #if ( configUSE_TRACE_FACILITY == 1 )
1316:FreeRTOS/src/timers.c **** 
1317:FreeRTOS/src/timers.c ****         void vTimerSetTimerNumber( TimerHandle_t xTimer,
1318:FreeRTOS/src/timers.c ****                                    UBaseType_t uxTimerNumber )
1319:FreeRTOS/src/timers.c ****         {
ARM GAS  C:\Users\user\AppData\Local\Temp\ccbCLowf.s 			page 62


1320:FreeRTOS/src/timers.c ****             traceENTER_vTimerSetTimerNumber( xTimer, uxTimerNumber );
1321:FreeRTOS/src/timers.c **** 
1322:FreeRTOS/src/timers.c ****             ( ( Timer_t * ) xTimer )->uxTimerNumber = uxTimerNumber;
1323:FreeRTOS/src/timers.c **** 
1324:FreeRTOS/src/timers.c ****             traceRETURN_vTimerSetTimerNumber();
1325:FreeRTOS/src/timers.c ****         }
1326:FreeRTOS/src/timers.c **** 
1327:FreeRTOS/src/timers.c ****     #endif /* configUSE_TRACE_FACILITY */
1328:FreeRTOS/src/timers.c **** /*-----------------------------------------------------------*/
1329:FreeRTOS/src/timers.c **** 
1330:FreeRTOS/src/timers.c **** /*
1331:FreeRTOS/src/timers.c ****  * Reset the state in this file. This state is normally initialized at start up.
1332:FreeRTOS/src/timers.c ****  * This function must be called by the application before restarting the
1333:FreeRTOS/src/timers.c ****  * scheduler.
1334:FreeRTOS/src/timers.c ****  */
1335:FreeRTOS/src/timers.c ****     void vTimerResetState( void )
1336:FreeRTOS/src/timers.c ****     {
 1803              		.loc 1 1336 5 is_stmt 1 view -0
 1804              		.cfi_startproc
 1805              		@ args = 0, pretend = 0, frame = 0
 1806              		@ frame_needed = 0, uses_anonymous_args = 0
 1807              		@ link register save eliminated.
1337:FreeRTOS/src/timers.c ****         xTimerQueue = NULL;
 1808              		.loc 1 1337 9 view .LVU499
 1809              		.loc 1 1337 21 is_stmt 0 view .LVU500
 1810 0000 0023     		movs	r3, #0
 1811 0002 024A     		ldr	r2, .L144
 1812 0004 1360     		str	r3, [r2]
1338:FreeRTOS/src/timers.c ****         xTimerTaskHandle = NULL;
 1813              		.loc 1 1338 9 is_stmt 1 view .LVU501
 1814              		.loc 1 1338 26 is_stmt 0 view .LVU502
 1815 0006 024A     		ldr	r2, .L144+4
 1816 0008 1360     		str	r3, [r2]
1339:FreeRTOS/src/timers.c ****     }
 1817              		.loc 1 1339 5 view .LVU503
 1818 000a 7047     		bx	lr
 1819              	.L145:
 1820              		.align	2
 1821              	.L144:
 1822 000c 00000000 		.word	xTimerQueue
 1823 0010 00000000 		.word	xTimerTaskHandle
 1824              		.cfi_endproc
 1825              	.LFE163:
 1827              		.section	.bss.xLastTime.0,"aw",%nobits
 1828              		.align	2
 1831              	xLastTime.0:
 1832 0000 00000000 		.space	4
 1833              		.section	.bss.xTimerTaskHandle,"aw",%nobits
 1834              		.align	2
 1837              	xTimerTaskHandle:
 1838 0000 00000000 		.space	4
 1839              		.section	.bss.xTimerQueue,"aw",%nobits
 1840              		.align	2
 1843              	xTimerQueue:
 1844 0000 00000000 		.space	4
 1845              		.section	.bss.pxOverflowTimerList,"aw",%nobits
 1846              		.align	2
ARM GAS  C:\Users\user\AppData\Local\Temp\ccbCLowf.s 			page 63


 1849              	pxOverflowTimerList:
 1850 0000 00000000 		.space	4
 1851              		.section	.bss.pxCurrentTimerList,"aw",%nobits
 1852              		.align	2
 1855              	pxCurrentTimerList:
 1856 0000 00000000 		.space	4
 1857              		.section	.bss.xActiveTimerList2,"aw",%nobits
 1858              		.align	2
 1861              	xActiveTimerList2:
 1862 0000 00000000 		.space	20
 1862      00000000 
 1862      00000000 
 1862      00000000 
 1862      00000000 
 1863              		.section	.bss.xActiveTimerList1,"aw",%nobits
 1864              		.align	2
 1867              	xActiveTimerList1:
 1868 0000 00000000 		.space	20
 1868      00000000 
 1868      00000000 
 1868      00000000 
 1868      00000000 
 1869              		.text
 1870              	.Letext0:
 1871              		.file 2 "C:/arm-gnu-toolchain-15.3.rel1-mingw-w64-i686-arm-none-eabi/lib/gcc/arm-none-eabi/15.3.1/
 1872              		.file 3 "C:/arm-gnu-toolchain-15.3.rel1-mingw-w64-i686-arm-none-eabi/arm-none-eabi/include/machine
 1873              		.file 4 "C:/arm-gnu-toolchain-15.3.rel1-mingw-w64-i686-arm-none-eabi/arm-none-eabi/include/sys/_st
 1874              		.file 5 "FreeRTOS/inc/projdefs.h"
 1875              		.file 6 "FreeRTOS/portable/GCC/ARM_CM4F/portmacro.h"
 1876              		.file 7 "FreeRTOS/inc/list.h"
 1877              		.file 8 "FreeRTOS/inc/task.h"
 1878              		.file 9 "FreeRTOS/inc/queue.h"
 1879              		.file 10 "FreeRTOS/inc/timers.h"
 1880              		.file 11 "FreeRTOS/inc/portable.h"
ARM GAS  C:\Users\user\AppData\Local\Temp\ccbCLowf.s 			page 64


DEFINED SYMBOLS
                            *ABS*:00000000 timers.c
C:\Users\user\AppData\Local\Temp\ccbCLowf.s:21     .text.prvGetNextExpireTime:00000000 $t
C:\Users\user\AppData\Local\Temp\ccbCLowf.s:26     .text.prvGetNextExpireTime:00000000 prvGetNextExpireTime
C:\Users\user\AppData\Local\Temp\ccbCLowf.s:72     .text.prvGetNextExpireTime:0000001c $d
C:\Users\user\AppData\Local\Temp\ccbCLowf.s:1855   .bss.pxCurrentTimerList:00000000 pxCurrentTimerList
C:\Users\user\AppData\Local\Temp\ccbCLowf.s:77     .text.prvInsertTimerInActiveList:00000000 $t
C:\Users\user\AppData\Local\Temp\ccbCLowf.s:82     .text.prvInsertTimerInActiveList:00000000 prvInsertTimerInActiveList
C:\Users\user\AppData\Local\Temp\ccbCLowf.s:172    .text.prvInsertTimerInActiveList:00000040 $d
C:\Users\user\AppData\Local\Temp\ccbCLowf.s:1849   .bss.pxOverflowTimerList:00000000 pxOverflowTimerList
C:\Users\user\AppData\Local\Temp\ccbCLowf.s:178    .text.prvReloadTimer:00000000 $t
C:\Users\user\AppData\Local\Temp\ccbCLowf.s:183    .text.prvReloadTimer:00000000 prvReloadTimer
C:\Users\user\AppData\Local\Temp\ccbCLowf.s:241    .text.prvProcessExpiredTimer:00000000 $t
C:\Users\user\AppData\Local\Temp\ccbCLowf.s:246    .text.prvProcessExpiredTimer:00000000 prvProcessExpiredTimer
C:\Users\user\AppData\Local\Temp\ccbCLowf.s:311    .text.prvProcessExpiredTimer:0000003c $d
C:\Users\user\AppData\Local\Temp\ccbCLowf.s:316    .text.prvSwitchTimerLists:00000000 $t
C:\Users\user\AppData\Local\Temp\ccbCLowf.s:321    .text.prvSwitchTimerLists:00000000 prvSwitchTimerLists
C:\Users\user\AppData\Local\Temp\ccbCLowf.s:374    .text.prvSwitchTimerLists:00000028 $d
C:\Users\user\AppData\Local\Temp\ccbCLowf.s:380    .text.prvSampleTimeNow:00000000 $t
C:\Users\user\AppData\Local\Temp\ccbCLowf.s:385    .text.prvSampleTimeNow:00000000 prvSampleTimeNow
C:\Users\user\AppData\Local\Temp\ccbCLowf.s:444    .text.prvSampleTimeNow:00000028 $d
C:\Users\user\AppData\Local\Temp\ccbCLowf.s:1831   .bss.xLastTime.0:00000000 xLastTime.0
C:\Users\user\AppData\Local\Temp\ccbCLowf.s:449    .text.prvProcessTimerOrBlockTask:00000000 $t
C:\Users\user\AppData\Local\Temp\ccbCLowf.s:454    .text.prvProcessTimerOrBlockTask:00000000 prvProcessTimerOrBlockTask
C:\Users\user\AppData\Local\Temp\ccbCLowf.s:581    .text.prvProcessTimerOrBlockTask:00000070 $d
C:\Users\user\AppData\Local\Temp\ccbCLowf.s:1843   .bss.xTimerQueue:00000000 xTimerQueue
C:\Users\user\AppData\Local\Temp\ccbCLowf.s:587    .text.prvProcessReceivedCommands:00000000 $t
C:\Users\user\AppData\Local\Temp\ccbCLowf.s:592    .text.prvProcessReceivedCommands:00000000 prvProcessReceivedCommands
C:\Users\user\AppData\Local\Temp\ccbCLowf.s:818    .text.prvProcessReceivedCommands:000000fc $d
C:\Users\user\AppData\Local\Temp\ccbCLowf.s:823    .text.prvTimerTask:00000000 $t
C:\Users\user\AppData\Local\Temp\ccbCLowf.s:828    .text.prvTimerTask:00000000 prvTimerTask
C:\Users\user\AppData\Local\Temp\ccbCLowf.s:867    .text.prvCheckForValidListAndQueue:00000000 $t
C:\Users\user\AppData\Local\Temp\ccbCLowf.s:872    .text.prvCheckForValidListAndQueue:00000000 prvCheckForValidListAndQueue
C:\Users\user\AppData\Local\Temp\ccbCLowf.s:932    .text.prvCheckForValidListAndQueue:0000003c $d
C:\Users\user\AppData\Local\Temp\ccbCLowf.s:1867   .bss.xActiveTimerList1:00000000 xActiveTimerList1
C:\Users\user\AppData\Local\Temp\ccbCLowf.s:1861   .bss.xActiveTimerList2:00000000 xActiveTimerList2
C:\Users\user\AppData\Local\Temp\ccbCLowf.s:941    .text.prvInitialiseNewTimer:00000000 $t
C:\Users\user\AppData\Local\Temp\ccbCLowf.s:946    .text.prvInitialiseNewTimer:00000000 prvInitialiseNewTimer
C:\Users\user\AppData\Local\Temp\ccbCLowf.s:1007   .rodata.xTimerCreateTimerTask.str1.4:00000000 $d
C:\Users\user\AppData\Local\Temp\ccbCLowf.s:1011   .text.xTimerCreateTimerTask:00000000 $t
C:\Users\user\AppData\Local\Temp\ccbCLowf.s:1017   .text.xTimerCreateTimerTask:00000000 xTimerCreateTimerTask
C:\Users\user\AppData\Local\Temp\ccbCLowf.s:1077   .text.xTimerCreateTimerTask:0000002c $d
C:\Users\user\AppData\Local\Temp\ccbCLowf.s:1837   .bss.xTimerTaskHandle:00000000 xTimerTaskHandle
C:\Users\user\AppData\Local\Temp\ccbCLowf.s:1085   .text.xTimerCreate:00000000 $t
C:\Users\user\AppData\Local\Temp\ccbCLowf.s:1091   .text.xTimerCreate:00000000 xTimerCreate
C:\Users\user\AppData\Local\Temp\ccbCLowf.s:1159   .text.xTimerGenericCommandFromTask:00000000 $t
C:\Users\user\AppData\Local\Temp\ccbCLowf.s:1165   .text.xTimerGenericCommandFromTask:00000000 xTimerGenericCommandFromTask
C:\Users\user\AppData\Local\Temp\ccbCLowf.s:1274   .text.xTimerGenericCommandFromTask:0000004c $d
C:\Users\user\AppData\Local\Temp\ccbCLowf.s:1279   .text.xTimerGenericCommandFromISR:00000000 $t
C:\Users\user\AppData\Local\Temp\ccbCLowf.s:1285   .text.xTimerGenericCommandFromISR:00000000 xTimerGenericCommandFromISR
C:\Users\user\AppData\Local\Temp\ccbCLowf.s:1375   .text.xTimerGenericCommandFromISR:00000038 $d
C:\Users\user\AppData\Local\Temp\ccbCLowf.s:1380   .text.xTimerGetTimerDaemonTaskHandle:00000000 $t
C:\Users\user\AppData\Local\Temp\ccbCLowf.s:1386   .text.xTimerGetTimerDaemonTaskHandle:00000000 xTimerGetTimerDaemonTaskHandle
C:\Users\user\AppData\Local\Temp\ccbCLowf.s:1404   .text.xTimerGetTimerDaemonTaskHandle:00000008 $d
C:\Users\user\AppData\Local\Temp\ccbCLowf.s:1409   .text.xTimerGetPeriod:00000000 $t
C:\Users\user\AppData\Local\Temp\ccbCLowf.s:1415   .text.xTimerGetPeriod:00000000 xTimerGetPeriod
C:\Users\user\AppData\Local\Temp\ccbCLowf.s:1437   .text.vTimerSetReloadMode:00000000 $t
ARM GAS  C:\Users\user\AppData\Local\Temp\ccbCLowf.s 			page 65


C:\Users\user\AppData\Local\Temp\ccbCLowf.s:1443   .text.vTimerSetReloadMode:00000000 vTimerSetReloadMode
C:\Users\user\AppData\Local\Temp\ccbCLowf.s:1496   .text.xTimerGetReloadMode:00000000 $t
C:\Users\user\AppData\Local\Temp\ccbCLowf.s:1502   .text.xTimerGetReloadMode:00000000 xTimerGetReloadMode
C:\Users\user\AppData\Local\Temp\ccbCLowf.s:1555   .text.uxTimerGetReloadMode:00000000 $t
C:\Users\user\AppData\Local\Temp\ccbCLowf.s:1561   .text.uxTimerGetReloadMode:00000000 uxTimerGetReloadMode
C:\Users\user\AppData\Local\Temp\ccbCLowf.s:1588   .text.xTimerGetExpiryTime:00000000 $t
C:\Users\user\AppData\Local\Temp\ccbCLowf.s:1594   .text.xTimerGetExpiryTime:00000000 xTimerGetExpiryTime
C:\Users\user\AppData\Local\Temp\ccbCLowf.s:1618   .text.pcTimerGetName:00000000 $t
C:\Users\user\AppData\Local\Temp\ccbCLowf.s:1624   .text.pcTimerGetName:00000000 pcTimerGetName
C:\Users\user\AppData\Local\Temp\ccbCLowf.s:1646   .text.xTimerIsTimerActive:00000000 $t
C:\Users\user\AppData\Local\Temp\ccbCLowf.s:1652   .text.xTimerIsTimerActive:00000000 xTimerIsTimerActive
C:\Users\user\AppData\Local\Temp\ccbCLowf.s:1705   .text.pvTimerGetTimerID:00000000 $t
C:\Users\user\AppData\Local\Temp\ccbCLowf.s:1711   .text.pvTimerGetTimerID:00000000 pvTimerGetTimerID
C:\Users\user\AppData\Local\Temp\ccbCLowf.s:1751   .text.vTimerSetTimerID:00000000 $t
C:\Users\user\AppData\Local\Temp\ccbCLowf.s:1757   .text.vTimerSetTimerID:00000000 vTimerSetTimerID
C:\Users\user\AppData\Local\Temp\ccbCLowf.s:1795   .text.vTimerResetState:00000000 $t
C:\Users\user\AppData\Local\Temp\ccbCLowf.s:1801   .text.vTimerResetState:00000000 vTimerResetState
C:\Users\user\AppData\Local\Temp\ccbCLowf.s:1822   .text.vTimerResetState:0000000c $d
C:\Users\user\AppData\Local\Temp\ccbCLowf.s:1828   .bss.xLastTime.0:00000000 $d
C:\Users\user\AppData\Local\Temp\ccbCLowf.s:1834   .bss.xTimerTaskHandle:00000000 $d
C:\Users\user\AppData\Local\Temp\ccbCLowf.s:1840   .bss.xTimerQueue:00000000 $d
C:\Users\user\AppData\Local\Temp\ccbCLowf.s:1846   .bss.pxOverflowTimerList:00000000 $d
C:\Users\user\AppData\Local\Temp\ccbCLowf.s:1852   .bss.pxCurrentTimerList:00000000 $d
C:\Users\user\AppData\Local\Temp\ccbCLowf.s:1858   .bss.xActiveTimerList2:00000000 $d
C:\Users\user\AppData\Local\Temp\ccbCLowf.s:1864   .bss.xActiveTimerList1:00000000 $d

UNDEFINED SYMBOLS
vListInsert
uxListRemove
xTaskGetTickCount
vTaskSuspendAll
vQueueWaitForMessageRestricted
xTaskResumeAll
xQueueReceive
vPortFree
vPortEnterCritical
vPortExitCritical
vListInitialise
xQueueGenericCreate
vListInitialiseItem
xTaskCreate
pvPortMalloc
xTaskGetSchedulerState
xQueueGenericSend
xQueueGenericSendFromISR
